HAWAII,Unnamed: 1,Unnamed: 2,Unnamed: 3,Unnamed: 4,Unnamed: 5,Unnamed: 6,Unnamed: 7,Unnamed: 8,Unnamed: 9,Unnamed: 10,Unnamed: 11,Unnamed: 12,Unnamed: 13,Unnamed: 14,Unnamed: 15,Unnamed: 16,Unnamed: 17,Unnamed: 18,Unnamed: 19,Unnamed: 20,Unnamed: 21,Unnamed: 22,Unnamed: 23,Unnamed: 24,Unnamed: 25,Unnamed: 26,Unnamed: 27,Unnamed: 28,Unnamed: 29,Unnamed: 30,Unnamed: 31,Unnamed: 32,Unnamed: 33,Unnamed: 34,Unnamed: 35,Unnamed: 36,Unnamed: 37,Unnamed: 38,Unnamed: 39,Unnamed: 40,Unnamed: 41,Unnamed: 42,Unnamed: 43,Unnamed: 44,Unnamed: 45,Unnamed: 46,Unnamed: 47,Unnamed: 48,Unnamed: 49,Unnamed: 50,Unnamed: 51,Unnamed: 52,Unnamed: 53,Unnamed: 54,Unnamed: 55,Unnamed: 56,Unnamed: 57,Unnamed: 58,Unnamed: 59,Unnamed: 60,Unnamed: 61,Unnamed: 62,Unnamed: 63,Unnamed: 64,Unnamed: 65,Unnamed: 66,Unnamed: 67,Unnamed: 68,Unnamed: 69,Unnamed: 70,Unnamed: 71,Unnamed: 72,Unnamed: 73,Unnamed: 74,Unnamed: 75,Unnamed: 76,Unnamed: 77,Unnamed: 78,Unnamed: 79,Unnamed: 80,Unnamed: 81,Unnamed: 82,Unnamed: 83,Unnamed: 84,Unnamed: 85,Unnamed: 86,Unnamed: 87,Unnamed: 88,Unnamed: 89,Unnamed: 90,Unnamed: 91,Unnamed: 92,Unnamed: 93,Unnamed: 94,Unnamed: 95,Unnamed: 96,Unnamed: 97,Unnamed: 98,Unnamed: 99,Unnamed: 100,Unnamed: 101,Unnamed: 102,Unnamed: 103,Unnamed: 104,Unnamed: 105,Unnamed: 106,Unnamed: 107,Unnamed: 108,Unnamed: 109,Unnamed: 110,Unnamed: 111,Unnamed: 112,Unnamed: 113,Unnamed: 114,Unnamed: 115,Unnamed: 116,Unnamed: 117,Unnamed: 118,Unnamed: 119,Unnamed: 120,Unnamed: 121,Unnamed: 122,Unnamed: 123,Unnamed: 124,Unnamed: 125,Unnamed: 126,Unnamed: 127,Unnamed: 128,Unnamed: 129,Unnamed: 130,Unnamed: 131,Unnamed: 132,Unnamed: 133,Unnamed: 134,Unnamed: 135,Unnamed: 136,Unnamed: 137,Unnamed: 138,Unnamed: 139,Unnamed: 140,Unnamed: 141,Unnamed: 142,Unnamed: 143,Unnamed: 144,Unnamed: 145,Unnamed: 146,Unnamed: 147,Unnamed: 148,Unnamed: 149,Unnamed: 150,Unnamed: 151,Unnamed: 152,Unnamed: 153,Unnamed: 154,Unnamed: 155,Unnamed: 156,Unnamed: 157,Unnamed: 158,Unnamed: 159,Unnamed: 160,Unnamed: 161,Unnamed: 162
"Individual Income Tax Returns: 
Selected Income and Tax Items by State, 
ZIP Code, and Size of Adjusted Gross Income, 
Tax Year 2022",,,,,,,,,,,,,,,,,,,,,,,,,,,,,,,,,,,,,,,,,,,,,,,,,,,,,,,,,,,,,,,,,,,,,,,,,,,,,,,,,,,,,,,,,,,,,,,,,,,,,,,,,,,,,,,,,,,,,,,,,,,,,,,,,,,,,,,,,,,,,,,,,,,,,,,,,,,,,,,,,,
[Money amounts are in thousands of dollars],,,,,,,,,,,,,,,,,,,,,,,,,,,,,,,,,,,,,,,,,,,,,,,,,,,,,,,,,,,,,,,,,,,,,,,,,,,,,,,,,,,,,,,,,,,,,,,,,,,,,,,,,,,,,,,,,,,,,,,,,,,,,,,,,,,,,,,,,,,,,,,,,,,,,,,,,,,,,,,,,,
"ZIP
code [1]",Size of adjusted gross income,Number of returns [2],Number of single returns,Number of joint returns,Number of head of household returns,Number of electronically filed returns,Number of computer prepared paper returns,Number with paid preparer's signature,Number of returns with direct deposit,"Number of returns with virtual 
currency indicator","Number of 
individuals [3]",Number of volunteer prepared returns [4],,,,Number of refund anticipation check returns [5],Number of elderly returns [6],Adjusted gross income (AGI) [7],Total income,,Salaries and wages in AGI,,Taxable interest,,Tax-exempt interest [8],,Ordinary dividends,,Qualified dividends [9],,"State and local income tax refunds
",,"Business or profession
net income (less loss)",,Net capital gain (less loss) in AGI,,Taxable individual retirement arrangements distributions,,Taxable pensions and annuities,,"Number of 
farm returns",Unemployment compensation,,Taxable Social Security benefits,,Partnership/S-corp net income (less loss),,"Total rental and royalty 
net income (less loss)",,Total statuory adjustments,,Educator expenses,,Self-employed (Keogh) retirement plans,,Self-employed health insurance deduction,,Individual retirement arrangement payments,,Student loan interest deduction,,Total standard deduction,,Basic standard deduction,,Additional standard deduction,,Total itemized deductions,,,"Total medical and dental 
expenses deduction",,State and local income taxes,,State and local general sales taxes,,Real estate taxes,,Personal property taxes,,Limited state and local taxes paid,,Total taxes paid,,Home mortgage interest paid ,,"Home mortgage interest paid 
to personal seller",,Deductible points,,Investment interest paid,,Total charitable contributions,,"Other non-limited 
miscellaneous deduction",,"Qualified business income deduction
",,Taxable income,,Income tax before credits,,Alternative minimum tax,,"Excess advance 
premium tax credit repayment",,Total tax credits [10],,Foreign tax credit,,Child and dependent care credit,,Nonrefundable education credit,,Retirement savings contributions credit,,"Nonrefundable child and 
other dependent tax credit",,Residential energy tax credit,,Self-employment tax,,Total premium tax credit,,Advance premium tax credit,,Total tax payments,,Earned income credit [11],,"Earned income credit 
with no qualifying children",,"Earned income credit 
with one qualifying children",,"Earned income credit 
with two qualifying children",,"Earned income credit 
with three or more qualifying children",,"Excess earned income credit 
(refundable) [12]",,"Refundable child tax credit or 
additional child tax credit",,Refundable education credit [13],,Net premium tax credit,,Income tax after credits,,Total tax liability [14],,Total additional Medicare tax,,Net investment income tax,,Tax due at time of filing [15],,Total overpayments,,Overpayments refunded [16],,Credited to next year's estimated tax,
,,,,,,,,,,,,Total,Number of volunteer income tax assistance (VITA) prepared returns,Number of tax counseling for the elderly (TCE) prepared returns,"Number of volunteer prepared 
returns with
earned income credit",,,,Number of returns,Amount,Number of returns,Amount,Number of returns,Amount,Number of returns,Amount,Number of returns,Amount,Number of returns,Amount,Number of returns,Amount,Number of returns,Amount,Number of returns,Amount,Number of returns,Amount,Number of returns,Amount,,Number of returns,Amount,Number of returns,Amount,Number of returns,Amount,Number of returns,Amount,Number of returns,Amount,Number of returns,Amount,Number of returns,Amount,Number of returns,Amount,Number of returns,Amount,Number of returns,Amount,Number of returns,Amount,Number of returns,Amount,Number of returns,Amount,Number of returns,Amount,Amount of AGI,Number of returns,Amount,Number of returns,Amount,Number of returns,Amount,Number of returns,Amount,Number of returns,Amount,Number of returns,Amount,Number of returns,Amount,Number of returns,Amount,Number of returns,Amount,Number of returns,Amount,Number of returns,Amount,Number of returns,Amount,Number of returns,Amount,Number of returns,Amount,Number of returns,Amount,Number of returns,Amount,Number of returns,Amount,Number of returns,Amount,Number of returns,Amount,Number of returns,Amount,Number of returns,Amount,Number of returns,Amount,Number of returns,Amount,Number of returns,Amount,Number of returns,Amount,Number of returns,Amount,Number of returns,Amount,Number of returns,Amount,Number of returns,Amount,Number of returns,Amount,Number of returns,Amount,Number of returns,Amount,Number of returns,Amount,Number of returns,Amount,Number of returns,Amount,Number of returns,Amount,Number of returns,Amount,Number of returns,Amount,Number of returns,Amount,Number of returns,Amount,Number of returns,Amount,Number of returns,Amount,Number of returns,Amount,Number of returns,Amount,Number of returns,Amount,Number of returns,Amount
,,-1,-2,-3,-4,-5,-6,-7,-8,-9,-10,-11,-12,-13,-14,-15,-16,-17,-18,-19,-20,-21,-22,-23,-24,-25,-26,-27,-28,-29,-30,-31,-32,-33,-34,-35,-36,-37,-38,-39,-40,-41,-42,-43,-44,-45,-46,-47,-48,-49,-50,-51,-52,-53,-54,-55,-56,-57,-58,-59,-60,-61,-62,-63,-64,-65,-66,-67,-68,-69,-70,-71,-72,-73,-74,-75,-76,-77,-78,-79,-80,-81,-82,-83,-84,-85,-86,-87,-88,-89,-90,-91,-92,-93,-94,-95,-96,-97,-98,-99,-100,-101,-102,-103,-104,-105,-106,-107,-108,-109,-110,-111,-112,-113,-114,-115,-116,-117,-118,-119,-120,-121,-122,-123,-124,-125,-126,-127,-128,-129,-130,-131,-132,-133,-134,-135,-136,-137,-138,-139,-140,-141,-142,-143,-144,-145,-146,-147,-148,-149,-150,-151,-152,-153,-154,-155,-156,-157,-158,-159,-160,-161
0,Total,674660,349070,236930,70490,608860,36190,348620,379860,8790,1217160,9950,5210,4740,770,77240,208370,56502929,674660,57066384,528940,35919476,242240,329211,28810,0,155160,1223232,144540,905763,28130,42726,112380,2211733,136470,3459038,75770,1897889,150740,5208742,4670,30530,193187,121040,2388846,32320,2735421,58310,412741,127610,563455,14350,4170,4760,126865,16540,127781,12000,59860,11450,9969,592940,10808615,592930,10513919,141340,294196,81360,2814445,16384219,13920,339241,69730,1230190,9110,12044,69760,253772,16450,12597,80570,638798,80870,640295,66620,1091273,1300,16002,9430,7751,3140,41336,59180,502318,3950,75717,107720,716733,560300,43023152,557560,7347077,430,5986,6130,10164,243360,576256,48840,48247,18530,10782,26870,28947,46040,9942,154580,351671,12370,74586,85070,343052,12000,84322,13170,92605,630140,8093724,84010,184690,26240,9156,27580,62978,18210,64879,11560,46375,70100,158466,60600,117786,20380,17366,4360,5213,501720,6756536,532840,7287319,17960,26556,24210,119835,181110,974355,463850,1782296,440510,1308420,29830,460199
0,"$1 under $25,000",168230,126860,20870,16550,149630,10050,77550,97340,1350,211430,6780,3340,3440,750,22120,51460,1966974,168230,2005699,108420,1374741,36160,15951,2310,0,18680,36666,16780,23872,960,720,30350,209819,15990,8418,10970,70205,25850,233771,1280,5250,30082,11070,25471,2650,-1784,6850,13105,29020,38725,290,71,20,101,2490,9530,910,3098,1290,1200,164590,2435621,164590,2355010,41180,80529,3420,88409,46342,2270,42923,1260,5014,1490,977,2180,6523,140,82,3200,10704,3240,10804,1840,25896,0,0,150,65,0,0,1600,3591,130,1390,7030,5050,57280,307709,56110,30612,0,0,840,238,18790,5942,1020,54,100,42,3290,1589,8060,1609,5970,2258,20,27,25520,37204,4090,30494,4350,31119,133890,263115,50200,104861,26240,9156,13020,40337,6790,33039,3690,20201,40660,89034,20890,32940,5060,4273,1850,1732,44330,24617,66240,63098,0,0,0,0,20070,19410,121440,219257,119960,213016,1820,4545
0,"$25,000 under $50,000",158030,99630,27890,24670,144490,7140,71480,110240,1810,256580,2290,1450,840,20,27490,34330,5882333,158030,5937518,134670,4830297,33480,17077,2730,0,19140,48224,17580,31682,2300,2512,19770,216409,16640,23393,9530,104562,22520,415526,890,7890,55197,23070,183947,2850,15767,6710,12998,22740,55185,2000,532,190,1786,2320,11021,2920,11151,2870,2706,152290,2521344,152290,2474651,23340,46669,5740,152925,223274,2500,52559,3790,13872,1680,1563,3930,10771,1220,823,5570,23603,5620,24221,3520,49950,170,1993,280,157,0,0,3500,15676,180,2020,17250,28860,155310,3200997,154280,346515,0,0,1850,1098,63800,67796,4920,486,2800,1497,7670,7593,29000,6661,37130,49777,1220,1473,14500,41309,4330,31522,4300,30602,152950,598102,31870,78398,0,0,14560,22641,10870,31525,6790,25277,27880,68288,27210,58454,4540,3632,1970,2570,123660,278721,129540,322184,0,0,0,0,30430,41295,126090,316595,124340,308885,2440,7187
0,"$50,000 under $75,000",110080,60050,31570,14710,99740,5540,54800,68500,1570,194350,770,400,370,0,13980,31540,6769030,110080,6824912,92350,5265088,36230,21827,3590,0,22030,66090,20330,45206,4760,6361,15010,180622,18530,45287,10750,146177,23470,627143,690,5690,38765,22070,368320,3160,29130,7860,14659,19760,55882,3650,1012,520,6043,2090,12359,3030,13323,2970,2594,100670,1824187,100670,1781524,21290,42722,9490,246959,601800,2490,57638,7520,36874,1570,1835,7620,19773,2350,1591,9310,52189,9360,52371,7320,98724,210,2245,780,609,110,481,6170,26765,490,5623,15740,37934,109720,4672897,109440,562961,0,0,1610,2527,41660,84119,6680,904,2700,1528,4830,5609,8980,1672,29220,68222,1720,4468,10400,35186,2130,14246,2280,16140,108030,664940,1940,1431,0,0,0,0,550,315,1080,897,1560,1144,8770,17927,2900,2427,520,872,100160,478798,102230,516999,0,0,0,0,30150,58935,79480,205976,77200,194723,3160,11044
0,"$75,000 under $100,000",71880,29120,33740,7040,64580,3900,40090,38540,900,145730,110,20,90,0,6540,25440,6234026,71880,6282586,58340,4503420,31770,23675,3330,0,19730,73513,18320,51302,5600,8244,11740,167408,16600,55232,10260,184485,20600,719955,360,4280,25202,18620,410460,2920,43533,7820,27639,13620,48560,2040,587,140,1956,1390,9514,1530,8524,1390,1014,60640,1261110,60640,1225447,16840,35470,11100,303113,972922,2000,47582,9480,59945,1200,1538,9390,23710,2400,1673,11070,78182,11100,77857,9040,126301,110,1313,920,676,70,498,7620,35949,180,1634,13740,41845,71700,4629770,71570,620191,0,0,800,2084,29380,76044,6130,951,2280,1394,3300,3999,0,0,21930,59965,1600,6212,8090,31310,1130,6405,1060,7113,70820,660852,0,0,0,0,0,0,0,0,0,0,0,0,2120,4483,2260,1966,20,39,69180,544054,69860,579257,0,0,0,0,25450,68628,46120,149193,43740,136826,2950,11173
0,"$100,000 under $200,000",122110,26770,87030,6580,109980,7190,73030,53580,2080,295960,0,0,0,0,6670,46300,16764948,122110,16902681,99830,11535405,69930,72720,9300,0,47900,271613,45060,196525,12370,19625,23890,497126,41470,324964,23400,675921,42640,2077955,1080,6620,38500,33290,953767,9060,245971,18480,121725,28680,137733,5500,1707,1680,31627,4020,33353,3090,19073,2930,2455,90610,2164344,90610,2098201,29020,66260,31590,1013156,4519916,3810,97799,28850,285323,2460,4371,28320,85133,7300,5836,31440,280616,31540,280706,27730,452791,660,7844,4040,3451,980,3699,23770,144083,1740,25963,32650,145719,121980,13447258,121880,2025656,20,192,960,3795,63460,194581,17090,4802,7550,4515,7780,10157,0,0,46630,132849,5030,33366,16660,86899,320,1655,1110,7190,120780,2009564,0,0,0,0,0,0,0,0,0,0,0,0,1580,3933,5620,5068,0,0,120220,1831205,120710,1928285,1050,258,270,67,53290,245228,68530,321064,61260,264023,9510,57029
0,"$200,000 or more",44330,6640,35830,940,40440,2370,31670,11660,1080,113110,0,0,0,0,440,19300,18885618,44330,19112988,35330,8410525,34670,177961,7550,0,27680,727126,26470,557176,2140,5264,11620,940349,27240,3001744,10860,716539,15660,1134392,370,800,5441,12920,446881,11680,2402804,10590,222615,13790,227370,870,261,2210,85352,4230,52004,520,4691,0,0,24140,602009,24130,579086,9670,22546,20020,1009883,10019965,850,40740,18830,829162,710,1760,18320,107862,3040,2592,19980,193504,20010,194336,17170,337611,150,2607,3260,2793,1980,36658,16520,276254,1230,39087,21310,457325,44310,16764521,44280,3761142,410,5794,70,422,26270,147774,13000,41050,3100,1806,0,0,0,0,13700,38600,2780,29040,9900,111144,0,0,70,441,43670,3897151,0,0,0,0,0,0,0,0,0,0,0,0,30,49,0,0,0,0,44170,3599141,44260,3877496,16910,26298,23940,119768,21720,540859,22190,570211,14010,190947,9950,369221
,,,,,,,,,,,,,,,,,,,,,,,,,,,,,,,,,,,,,,,,,,,,,,,,,,,,,,,,,,,,,,,,,,,,,,,,,,,,,,,,,,,,,,,,,,,,,,,,,,,,,,,,,,,,,,,,,,,,,,,,,,,,,,,,,,,,,,,,,,,,,,,,,,,,,,,,,,,,,,,,,,
96701,,20680,11060,7340,1750,18410,1290,10910,11370,240,35490,210,140,70,30,2080,7410,1793502,20680,1806846,15690,1117943,9290,8866,1270,0,6260,30255,5870,23112,1000,1432,2790,52957,5240,80777,3220,77105,6070,248870,0,720,4691,4810,104626,850,53169,2100,14609,3380,13344,470,130,140,3340,380,2682,310,1434,350,305,18000,329375,18000,318232,5220,11145,2690,87821,439923,480,15080,2250,31866,360,445,2320,7204,450,352,2660,20759,2690,20731,2150,33391,60,761,440,276,90,1140,1970,13631,190,2561,3450,16047,17850,1381988,17770,222338,0,0,130,168,7240,14917,2000,328,630,354,830,876,1230,254,4130,9349,410,2681,2010,8303,240,1492,250,1616,19660,246499,1790,3823,610,210,600,1352,380,1379,210,882,1530,3351,1270,2380,590,500,90,91,16560,207421,17160,219495,550,496,790,2417,5690,24410,14310,51050,13440,39673,1140,11378
96701,"$1 under $25,000",4260,3350,470,350,3720,300,2100,2510,30,4940,110,70,40,30,560,1350,50947,4260,51891,2790,35066,1090,390,80,0,570,944,530,653,50,34,590,3747,460,255,370,2357,780,7628,0,120,726,370,937,60,-145,170,178,580,944,0,0,0,0,60,285,20,57,30,31,4150,59545,4150,57445,1080,2101,110,3425,1574,80,2050,50,186,50,30,70,189,0,0,100,331,110,335,50,871,0,0,0,0,0,0,60,113,0,0,150,90,1510,8386,1460,931,0,0,20,4,510,164,30,1,0,0,100,51,250,51,140,55,0,0,480,685,90,628,90,616,3470,6341,1120,2232,610,210,290,870,160,773,70,379,940,1959,450,679,130,102,40,40,1170,767,1590,1469,0,0,0,0,420,482,3200,5349,3150,5210,60,139
96701,"$25,000 under $50,000",4320,2970,600,580,3920,220,1940,3040,40,6340,70,40,30,0,720,1000,162363,4320,163585,3610,130998,1120,457,90,0,670,960,610,684,60,71,460,4504,530,549,310,3012,740,15624,0,170,1161,690,5612,50,-144,180,483,570,1222,70,16,0,0,40,198,80,225,80,75,4160,66312,4160,64942,700,1370,170,4799,6720,80,2135,90,309,60,76,120,294,30,23,160,635,170,635,90,1294,20,256,0,0,0,0,110,497,30,355,400,580,4260,91542,4230,10044,0,0,40,17,1570,1516,150,8,70,37,230,234,770,163,780,1020,30,30,310,863,80,451,80,445,4200,16025,640,1566,0,0,310,482,220,606,140,503,560,1372,540,1120,130,108,50,51,3610,8528,3720,9485,0,0,0,0,800,1031,3500,7557,3450,7387,70,170
96701,"$50,000 under $75,000",3530,2280,760,370,3180,200,1820,2140,40,5440,30,30,0,0,390,1200,218369,3530,219860,2780,159903,1430,919,180,0,910,2127,830,1474,170,235,400,4121,740,1155,460,6146,970,28944,0,140,959,850,14044,80,272,280,732,530,1491,110,30,30,289,60,338,80,295,90,86,3210,54918,3210,53254,840,1664,320,8284,20301,90,2249,260,1233,50,49,250,819,80,49,320,1779,320,1782,230,2945,0,0,50,28,0,0,210,907,0,0,470,967,3520,154569,3520,19001,0,0,40,69,1100,1940,260,30,80,41,140,153,210,40,680,1526,30,90,250,903,40,263,50,381,3480,22755,30,25,0,0,0,0,0,0,0,0,30,20,180,315,70,60,0,0,3320,17061,3370,18069,0,0,0,0,980,1747,2550,6405,2470,5755,110,650
96701,"$75,000 under $100,000",2410,1170,940,230,2120,150,1320,1270,30,4280,0,0,0,0,180,970,209230,2410,210192,1770,138204,1300,916,170,0,850,2581,800,1873,220,296,280,3714,690,1948,450,8296,880,34393,0,90,534,760,16497,70,850,270,1096,360,962,70,18,0,0,30,171,40,164,40,31,2020,40263,2020,38758,700,1505,390,10087,33980,80,2334,300,2077,80,91,330,737,60,45,390,2603,390,2595,310,3782,0,0,50,16,0,0,250,979,20,189,440,899,2400,158100,2400,21756,0,0,0,0,880,1868,290,21,80,43,100,111,0,0,550,1361,50,239,190,739,30,150,0,0,2380,23498,0,0,0,0,0,0,0,0,0,0,0,0,40,116,70,57,0,0,2350,19888,2360,20706,0,0,0,0,830,2026,1570,4787,1490,4402,130,385
96701,"$100,000 under $200,000",4610,1110,3240,200,4110,290,2700,1990,70,10480,0,0,0,0,210,2110,639849,4610,643111,3510,400442,3050,3289,480,0,2240,10259,2120,7629,430,635,700,10619,1890,11254,1170,32769,2010,109422,0,160,1078,1600,47509,300,5981,800,5328,910,3262,180,55,40,662,90,586,70,452,110,82,3520,84084,3520,80653,1460,3432,1090,35486,158576,120,4450,980,9689,90,140,980,2852,210,164,1090,9588,1090,9529,940,14575,40,505,190,144,30,98,830,5173,80,1188,1270,3456,4610,516695,4610,78637,0,0,30,78,2250,6158,830,159,270,165,260,327,0,0,1460,3959,190,1276,470,1988,0,0,30,174,4590,78746,0,0,0,0,0,0,0,0,0,0,0,0,60,150,190,173,0,0,4560,72479,4570,74786,40,9,20,6,1910,7602,2700,11455,2350,9569,440,1887
96701,"$200,000 or more",1550,180,1330,20,1360,130,1030,420,30,4010,0,0,0,0,20,780,512744,1550,518207,1230,253330,1300,2895,270,0,1020,13384,980,10799,70,161,360,26252,930,65616,460,24525,690,52859,0,40,233,540,20027,290,46355,400,6792,430,5463,40,11,70,2389,100,1104,20,241,0,0,940,24253,940,23180,440,1073,610,25740,218772,30,1862,570,18372,30,59,570,2313,70,71,600,5823,610,5855,530,9924,0,0,150,88,60,1042,510,5962,60,829,720,10055,1550,452696,1550,91969,0,0,0,0,930,3271,440,109,130,68,0,0,0,0,520,1428,110,1046,310,3125,0,0,0,0,1540,99134,0,0,0,0,0,0,0,0,0,0,0,0,0,0,0,0,0,0,1550,88698,1550,94980,510,487,770,2411,750,11522,790,15497,530,7350,330,8147
,,,,,,,,,,,,,,,,,,,,,,,,,,,,,,,,,,,,,,,,,,,,,,,,,,,,,,,,,,,,,,,,,,,,,,,,,,,,,,,,,,,,,,,,,,,,,,,,,,,,,,,,,,,,,,,,,,,,,,,,,,,,,,,,,,,,,,,,,,,,,,,,,,,,,,,,,,,,,,,,,,
96704,,2630,1310,930,290,2360,130,1290,1320,30,4700,50,0,50,0,280,1020,186154,2630,188732,1760,107224,930,1056,100,0,580,3984,510,2790,70,94,630,8987,530,16045,370,8574,640,20398,250,100,716,610,10702,160,7916,260,2795,670,2578,40,11,0,0,110,677,60,319,40,27,2380,44395,2380,42856,760,1539,240,8160,40966,70,976,200,2716,30,35,210,963,60,51,240,1923,240,1919,190,2743,0,0,0,0,0,0,170,1946,0,0,500,2596,2040,136085,2000,22112,0,0,60,100,780,1653,180,46,30,14,40,36,120,25,500,1115,70,299,540,1670,110,821,110,895,2350,26343,440,905,170,60,130,314,80,302,60,226,340,682,290,577,30,19,30,28,1780,20460,2030,22608,50,52,80,262,780,3523,1680,7205,1600,5452,110,1634
96704,"$1 under $25,000",800,550,130,90,700,40,340,390,0,1140,50,0,50,0,80,300,8954,800,9306,390,4652,190,91,0,0,100,250,80,152,0,0,240,1874,90,120,80,525,140,1459,60,20,174,60,151,0,0,50,140,230,352,0,0,0,0,20,76,0,0,0,0,780,12550,780,12051,260,499,0,0,0,0,0,0,0,0,0,0,0,20,10,0,0,0,0,30,375,0,0,0,0,0,0,20,99,0,0,50,30,230,1102,220,109,0,0,30,20,60,18,0,0,0,0,0,0,0,0,30,9,0,0,220,318,40,338,40,336,600,1246,290,531,170,60,70,220,30,163,0,0,210,394,120,165,30,19,30,28,180,91,370,417,0,0,0,0,150,165,500,992,500,966,0,0
96704,"$25,000 under $50,000",680,370,150,120,620,30,280,430,30,1170,0,0,0,0,100,190,25112,680,25481,530,18612,170,118,0,0,80,329,70,222,0,0,120,1496,80,321,50,609,120,2171,50,50,350,150,1134,30,110,50,537,140,369,0,0,0,0,20,55,40,175,40,27,650,11387,650,11102,140,285,40,992,1128,40,436,30,105,0,0,30,106,0,0,40,197,40,199,0,0,0,0,0,0,0,0,0,0,0,0,110,172,660,12936,650,1396,0,0,0,0,240,286,30,3,0,0,40,36,120,25,170,225,30,27,110,275,40,313,50,408,640,2782,150,374,0,0,60,94,50,139,60,226,130,288,130,317,0,0,0,0,500,1111,550,1398,0,0,0,0,140,186,520,1567,510,1533,0,0
96704,"$50,000 under $75,000",350,190,110,40,310,30,180,180,0,620,0,0,0,0,40,140,21061,350,21304,260,14359,120,104,40,0,70,303,60,196,40,43,60,795,50,269,40,481,90,2582,30,0,0,90,1492,30,544,40,125,80,243,40,11,0,0,20,108,0,0,0,0,320,5826,320,5645,90,181,30,734,1733,0,0,20,108,30,35,20,116,0,0,30,183,30,179,20,278,0,0,0,0,0,0,20,70,0,0,70,236,350,14266,340,1686,0,0,30,80,110,229,0,0,30,14,0,0,0,0,90,212,0,0,50,202,30,170,0,0,330,2078,0,0,0,0,0,0,0,0,0,0,0,0,40,95,0,0,0,0,320,1457,330,1686,0,0,0,0,120,265,230,653,210,606,50,158
96704,"$75,000 under $100,000",280,100,150,20,240,0,150,130,0,580,0,0,0,0,30,130,24025,280,24224,210,15085,110,96,0,0,80,500,70,291,0,0,70,1098,60,270,60,1377,90,3132,30,30,192,110,2288,20,86,30,112,70,199,0,0,0,0,0,0,0,0,0,0,240,5260,240,5052,100,208,30,948,2976,0,0,30,160,0,0,30,110,0,0,30,260,30,269,30,356,0,0,0,0,0,0,30,77,0,0,80,288,280,17507,270,2278,0,0,0,0,110,313,30,4,0,0,0,0,0,0,70,246,0,0,60,187,0,0,20,151,270,2685,0,0,0,0,0,0,0,0,0,0,0,0,0,0,0,0,0,0,260,1965,260,2172,0,0,0,0,120,361,160,868,150,698,0,0
96704,"$100,000 under $200,000",380,70,290,20,360,30,240,150,0,900,0,0,0,0,30,180,51705,380,52407,270,28818,230,304,30,0,160,1069,150,815,30,51,100,2118,150,1988,100,3366,150,8213,60,0,0,150,4093,40,1579,60,940,110,702,0,0,0,0,30,193,20,144,0,0,300,7304,300,7035,120,269,90,2734,12433,30,540,70,673,0,0,80,342,40,41,90,763,90,758,70,1033,0,0,0,0,0,0,60,406,0,0,120,718,380,40945,380,5960,0,0,0,0,180,571,70,9,0,0,0,0,0,0,110,352,40,272,70,419,0,0,0,0,380,6120,0,0,0,0,0,0,0,0,0,0,0,0,0,0,0,0,0,0,380,5389,380,5829,0,0,0,0,170,797,210,1073,180,843,30,229
96704,"$200,000 or more",140,30,100,0,130,0,100,40,0,290,0,0,0,0,0,80,55297,140,56010,100,25698,110,343,30,0,90,1533,80,1114,0,0,40,1606,100,13077,40,2216,50,2841,20,0,0,50,1544,40,5597,30,941,40,713,0,0,0,0,20,245,0,0,0,0,90,2068,90,1971,50,97,50,2752,22696,0,0,50,1670,0,0,50,289,0,0,50,520,50,514,40,701,0,0,0,0,0,0,40,1294,0,0,70,1152,140,49329,140,10683,0,0,0,0,80,236,50,30,0,0,0,0,0,0,30,71,0,0,30,269,0,0,0,0,130,11432,0,0,0,0,0,0,0,0,0,0,0,0,0,0,0,0,0,0,140,10447,140,11106,50,52,80,262,80,1749,60,2052,50,806,30,1247
,,,,,,,,,,,,,,,,,,,,,,,,,,,,,,,,,,,,,,,,,,,,,,,,,,,,,,,,,,,,,,,,,,,,,,,,,,,,,,,,,,,,,,,,,,,,,,,,,,,,,,,,,,,,,,,,,,,,,,,,,,,,,,,,,,,,,,,,,,,,,,,,,,,,,,,,,,,,,,,,,,
96706,,36550,16290,14640,4570,33720,1680,18580,23410,440,73950,380,200,180,40,5220,7540,2790178,36550,2804237,32390,2291207,10300,4510,520,0,5240,10033,4860,7196,2750,4491,4860,45395,4760,39906,2090,40101,7550,232436,40,1890,12033,4110,69259,730,34921,1850,91,5560,14059,830,244,80,1334,290,2229,520,2109,880,770,30280,565594,30280,555670,4760,9924,6240,192029,870578,570,9838,5630,53590,450,755,5560,14321,1630,1458,6200,49916,6210,50209,5760,99655,110,1373,540,745,70,42,4480,24304,330,5118,3600,13965,31420,2055824,31370,308138,0,0,180,274,15550,42061,1260,1063,1560,958,2120,2321,3020,639,11680,28695,1000,6415,3100,8850,330,2259,370,2521,35010,320855,4450,10397,1000,351,1570,3369,1110,3778,770,2898,3920,9235,3930,7754,1600,1334,120,105,27690,266078,28900,278955,660,540,590,1148,9440,36524,25990,77896,25740,75020,340,2847
96706,"$1 under $25,000",7790,5870,890,860,7110,400,3380,5250,50,9690,220,110,110,40,1200,1820,94008,7790,95110,5800,75115,1200,363,40,0,430,391,380,279,60,57,1000,5320,380,229,300,1891,1130,10309,0,220,926,380,875,30,-11,130,-325,960,1102,40,10,0,0,30,116,30,79,80,78,7640,110999,7640,107968,1500,3031,140,3183,1999,70,864,60,87,60,52,100,245,0,0,130,392,130,388,100,1504,0,0,30,30,0,0,80,217,20,224,200,127,2830,15423,2810,1545,0,0,20,2,1000,341,20,0,20,8,210,111,500,97,300,121,0,0,790,1098,120,961,120,946,6560,12669,2250,5424,1000,351,660,2056,360,1760,230,1257,1980,4779,1100,1729,290,239,50,37,2170,1203,2900,2349,0,0,0,0,610,509,6190,10823,6180,10771,0,0
96706,"$25,000 under $50,000",8540,5140,1450,1610,8010,290,3820,6530,70,14480,100,60,40,0,1740,1390,318514,8540,320510,7740,281444,1350,365,60,0,610,677,560,430,190,236,780,4636,550,188,300,2979,1100,19615,0,400,2720,920,6767,70,374,190,-462,920,1996,100,29,0,0,50,269,120,311,180,171,8130,135273,8130,133359,920,1914,410,9929,16170,110,1818,290,808,80,91,300,809,120,85,390,1605,400,1692,310,4772,0,0,0,0,0,0,250,1141,0,0,520,770,8390,173485,8380,18905,0,0,40,16,3800,4443,130,8,210,122,470,465,1880,425,2370,3291,70,83,450,1164,100,617,100,579,8370,32711,2020,4848,0,0,910,1313,700,1988,420,1547,1790,4350,1740,3678,290,233,70,68,6480,14463,6750,15763,0,0,0,0,1360,1418,7110,18347,7090,18308,50,62
96706,"$50,000 under $75,000",5900,2730,1910,1000,5460,240,2920,4190,90,11640,60,30,30,0,990,1160,363027,5900,364897,5410,313106,1470,587,70,0,760,858,710,640,400,589,670,3701,670,652,310,3627,1060,25784,0,330,2627,820,12847,90,439,270,-550,880,1870,160,44,0,0,30,293,120,473,170,165,5150,97299,5150,95756,750,1543,750,18111,47136,80,1654,630,2644,70,128,630,1350,200,164,740,4140,740,4155,650,9564,40,506,50,100,0,0,490,2094,30,213,560,1020,5890,247022,5880,29659,0,0,50,63,2630,6032,180,16,200,116,340,401,640,117,2030,4833,130,346,400,945,60,435,70,504,5850,34980,180,125,0,0,0,0,50,30,120,94,150,106,670,1455,210,173,0,0,5180,23627,5300,24765,0,0,0,0,1360,2220,4520,12404,4490,12195,50,209
96706,"$75,000 under $100,000",4280,1310,2320,520,3950,190,2420,2700,60,9870,0,0,0,0,540,1000,372439,4280,374120,3950,312986,1480,626,60,0,760,1174,710,806,550,927,600,4270,690,1049,280,4760,1020,30120,0,330,1998,690,14454,70,1103,310,-470,690,1681,110,31,0,0,40,241,80,358,120,86,3340,73133,3340,71956,560,1177,940,24674,82140,90,1057,840,4924,80,110,840,1869,250,214,940,6751,940,6763,860,13483,20,347,70,82,0,0,640,2569,30,369,510,1252,4280,273339,4270,35841,0,0,40,90,2070,6614,170,36,200,121,300,357,0,0,1790,4997,170,804,350,937,50,246,40,323,4250,36991,0,0,0,0,0,0,0,0,0,0,0,0,200,362,220,186,0,0,4040,29227,4090,30368,0,0,0,0,1340,3151,2930,9727,2910,9613,30,114
96706,"$100,000 under $200,000",8340,1100,6580,530,7650,450,4940,4210,130,23320,0,0,0,0,700,1760,1142535,8340,1147421,7900,959588,3720,1462,190,0,1990,3482,1850,2446,1410,2335,1440,15280,1790,8848,690,16260,2570,98263,40,560,3305,1090,28130,240,5021,730,970,1730,4886,370,114,50,611,80,721,170,888,330,270,5280,130242,5280,128298,880,1944,3050,98187,432635,190,3402,2900,25771,120,269,2790,6967,850,778,3050,27818,3050,27904,2920,51690,50,520,270,399,70,42,2280,11987,170,2341,1310,4331,8330,909974,8330,134791,0,0,30,103,4980,19210,500,138,760,495,800,987,0,0,4370,12992,470,3486,860,3117,0,0,40,169,8300,124957,0,0,0,0,0,0,0,0,0,0,0,0,220,530,590,503,0,0,8130,115582,8170,119745,70,15,0,0,3750,14938,4580,19939,4490,19294,110,645
96706,"$200,000 or more",1700,140,1490,50,1540,110,1100,530,40,4950,0,0,0,0,50,410,499655,1700,502179,1590,348968,1080,1107,100,0,690,3451,650,2595,140,347,370,12188,680,28940,210,10584,670,48345,0,50,457,210,6186,230,27995,220,928,380,2524,50,16,30,723,60,589,0,0,0,0,740,18648,740,18333,150,315,950,37945,290498,30,1043,910,19356,40,105,900,3081,210,217,950,9210,950,9307,920,18642,0,0,120,134,0,0,740,6296,80,1971,500,6465,1700,436581,1700,87397,0,0,0,0,1070,5421,260,865,170,96,0,0,0,0,820,2461,160,1696,250,1589,0,0,0,0,1680,78547,0,0,0,0,0,0,0,0,0,0,0,0,0,0,0,0,0,0,1690,81976,1690,85965,590,525,590,1148,1020,14288,660,6656,580,4839,100,1817
,,,,,,,,,,,,,,,,,,,,,,,,,,,,,,,,,,,,,,,,,,,,,,,,,,,,,,,,,,,,,,,,,,,,,,,,,,,,,,,,,,,,,,,,,,,,,,,,,,,,,,,,,,,,,,,,,,,,,,,,,,,,,,,,,,,,,,,,,,,,,,,,,,,,,,,,,,,,,,,,,,
96707,,20470,9410,8130,2350,18740,940,10040,12620,270,40150,230,110,120,20,2900,4740,1686882,20470,1697718,17620,1286104,6370,4824,400,0,3520,10513,3270,7693,1440,2325,2970,37742,3200,43290,1560,36133,4600,162397,20,1000,6949,2880,55154,610,44730,1250,1629,3440,10836,550,154,60,1359,230,1854,350,1658,510,444,17100,317865,17100,311635,2960,6229,3380,104738,511798,370,6776,3030,33190,280,394,2950,7788,840,748,3350,27034,3360,27079,3060,50570,60,711,330,452,70,215,2500,16216,170,2089,2400,13520,17680,1269857,17630,198621,0,0,110,162,8150,20795,900,234,780,463,1090,1208,1440,289,5850,14627,460,2558,1940,6918,220,1512,240,1608,19630,205222,2220,5011,580,218,750,1699,500,1662,390,1431,1970,4456,1860,3710,830,693,90,114,15870,177826,16530,187512,520,438,470,1159,5630,26928,14270,44217,14010,39964,340,3987
96707,"$1 under $25,000",4270,3270,450,460,3890,210,1740,2850,30,5210,130,60,70,20,720,910,51356,4270,52039,3220,41103,720,263,30,0,310,480,290,349,40,26,560,2333,270,35,200,1467,570,5725,20,130,703,240,483,40,-198,100,-126,540,683,30,6,0,0,20,82,0,0,50,48,4190,59512,4190,58067,730,1445,80,1970,1190,40,754,40,102,40,26,50,151,0,0,70,260,80,259,50,778,0,0,0,0,0,0,50,142,0,0,120,85,1550,8579,1530,858,0,0,0,0,570,187,20,0,0,0,120,60,270,48,180,70,0,0,430,578,60,414,60,409,3620,6885,1220,2706,580,218,340,1068,170,777,130,643,1070,2409,560,864,160,127,30,37,1180,670,1570,1269,0,0,0,0,340,274,3400,5887,3390,5832,0,0
96707,"$25,000 under $50,000",4510,2880,710,730,4150,190,1840,3370,50,7340,70,50,20,0,940,770,168705,4510,170188,3970,144416,810,284,30,0,400,689,370,461,100,131,490,3206,370,265,180,1965,630,12305,0,210,1658,540,4343,60,922,120,-337,610,1483,70,18,0,0,40,236,90,315,110,103,4300,70029,4300,68969,520,1059,210,5067,8620,70,1033,160,533,40,35,150,321,70,49,210,848,210,868,170,2397,0,0,0,0,0,0,130,603,0,0,360,551,4440,93319,4430,10171,0,0,40,19,1830,2132,80,4,110,68,250,250,860,182,1070,1538,40,55,320,892,80,674,90,657,4420,17337,930,2252,0,0,410,631,310,873,210,748,840,1999,800,1737,160,120,40,37,3520,8040,3680,9003,0,0,0,0,760,934,3720,9256,3700,9136,50,144
96707,"$50,000 under $75,000",3260,1650,970,500,3020,110,1520,2290,60,6090,30,0,30,0,560,690,201125,3260,202419,2880,167140,860,368,40,0,490,685,450,443,220,317,400,3579,460,471,210,3103,650,16930,0,160,1312,500,8363,60,174,150,-300,550,1294,120,32,0,0,40,227,80,335,100,81,2860,52443,2860,51529,440,914,410,10069,26010,70,1383,320,1422,60,62,330,653,100,59,400,2068,400,2106,340,4853,30,329,40,87,0,0,270,1297,40,448,360,806,3260,137926,3250,16651,0,0,40,68,1360,3037,140,7,100,48,180,205,310,59,1010,2428,70,179,250,868,40,265,40,272,3210,19694,70,53,0,0,0,0,20,12,50,40,60,48,300,659,110,89,20,40,2940,13614,3000,14600,0,0,0,0,790,1524,2470,6596,2450,6487,20,68
96707,"$75,000 under $100,000",2330,790,1160,320,2110,100,1240,1410,40,5140,0,0,0,0,280,650,202681,2330,203771,2030,161082,850,534,50,0,470,858,430,549,280,475,380,2489,400,1005,210,3576,620,21442,0,150,1080,460,10503,50,1012,190,-188,410,1090,70,20,0,0,20,129,40,194,70,64,1870,40097,1870,39264,380,833,460,12349,40111,60,1042,410,2670,40,56,380,844,120,100,450,3209,450,3219,400,5849,0,0,30,45,0,0,320,1801,0,0,320,822,2330,149380,2320,19797,0,0,0,0,1040,3176,120,9,110,72,140,163,0,0,860,2471,70,273,220,694,40,159,20,118,2310,20978,0,0,0,0,0,0,0,0,0,0,0,0,110,217,90,75,0,0,2200,16621,2240,17463,0,0,0,0,770,1813,1560,5301,1520,4979,40,128
96707,"$100,000 under $200,000",4870,710,3770,300,4430,260,2880,2370,70,12940,0,0,0,0,370,1350,671438,4870,674917,4400,530624,2330,1687,150,0,1300,3370,1210,2558,710,1188,860,9748,1160,5729,570,15765,1620,71556,0,310,1844,920,24337,200,5606,510,893,1050,3479,220,67,40,561,60,552,140,814,180,148,3260,80062,3260,78433,730,1629,1610,51003,230187,130,2564,1510,14045,80,146,1480,3873,410,392,1610,14672,1610,14663,1530,25760,30,382,170,214,30,47,1220,7207,80,945,850,3396,4870,536938,4870,80187,0,0,30,75,2640,9265,330,43,340,201,400,530,0,0,2210,6603,220,1425,530,2100,0,0,30,152,4850,75252,0,0,0,0,0,0,0,0,0,0,0,0,90,233,310,282,0,0,4800,70922,4810,73534,60,12,0,0,2200,9453,2660,11024,2580,10352,120,672
96707,"$200,000 or more",1230,110,1070,40,1140,70,820,330,20,3430,0,0,0,0,30,370,391577,1230,394384,1120,241739,800,1688,100,0,550,4431,520,3333,90,188,280,16387,540,35785,190,10257,510,34439,0,40,352,220,7125,200,37214,180,1687,280,2807,40,11,20,798,50,628,0,0,0,0,620,15722,620,15373,160,349,610,24280,205680,0,0,590,14418,20,69,560,1946,140,148,610,5977,610,5964,570,10933,0,0,90,106,40,168,510,5166,50,696,390,7860,1230,343715,1230,70957,0,0,0,0,710,2998,210,171,120,74,0,0,0,0,520,1517,60,626,190,1786,0,0,0,0,1220,65076,0,0,0,0,0,0,0,0,0,0,0,0,0,0,0,0,0,0,1230,67959,1230,71643,460,426,470,1159,770,12930,460,6153,370,3178,110,2975
,,,,,,,,,,,,,,,,,,,,,,,,,,,,,,,,,,,,,,,,,,,,,,,,,,,,,,,,,,,,,,,,,,,,,,,,,,,,,,,,,,,,,,,,,,,,,,,,,,,,,,,,,,,,,,,,,,,,,,,,,,,,,,,,,,,,,,,,,,,,,,,,,,,,,,,,,,,,,,,,,,
96708,,4290,2370,1350,490,3950,180,2450,2110,90,7400,40,0,40,0,370,1310,379460,4290,386547,2870,188369,1490,3566,240,0,1000,13039,910,9963,160,235,1330,31601,970,38395,400,9958,730,21280,190,220,1581,710,12128,450,47328,620,7659,1350,7087,110,32,40,1070,300,2097,100,559,60,53,3780,67000,3780,65178,890,1823,510,18602,133293,110,1516,420,10685,60,79,460,1524,100,65,510,3970,510,4034,430,7553,0,0,40,7,30,267,390,4065,0,0,1130,10304,3270,291610,3250,55888,0,0,100,238,1370,3835,350,208,110,63,100,111,140,29,840,1971,120,748,1110,4588,220,1713,240,1862,3790,64838,730,1291,350,121,230,596,110,419,40,143,500,881,390,676,90,77,100,172,2910,52051,3410,58561,120,286,190,1467,1390,8330,2680,14451,2490,8561,250,5885
96708,"$1 under $25,000",1420,1070,150,170,1280,60,700,680,0,1820,40,0,40,0,130,430,15883,1420,16494,710,8127,300,161,30,0,170,473,150,314,0,0,530,4023,160,140,80,487,170,1612,40,60,464,90,192,40,222,130,760,490,611,0,0,0,0,50,175,0,0,30,30,1390,20867,1390,20207,350,660,30,768,415,30,342,20,65,0,0,20,48,0,0,30,87,30,87,20,338,0,0,0,0,0,0,0,0,0,0,130,106,430,2101,420,207,0,0,0,0,110,32,0,0,0,0,0,0,40,7,40,13,0,0,460,672,70,528,70,545,1080,2124,560,905,350,121,140,430,50,259,0,0,370,618,170,273,30,22,30,38,350,174,730,852,0,0,0,0,330,323,880,1590,860,1544,0,0
96708,"$25,000 under $50,000",910,580,170,130,840,30,450,530,50,1380,0,0,0,0,110,220,33112,910,33784,670,22722,220,154,20,0,150,725,140,467,0,0,240,4009,130,263,60,722,120,2219,30,60,484,140,1044,50,501,90,823,230,672,30,9,0,0,50,173,30,145,0,0,880,14538,880,14244,140,294,30,925,1101,0,0,0,0,40,34,30,56,0,0,30,129,30,126,30,508,0,0,0,0,0,0,40,82,0,0,230,495,880,17315,870,1845,0,0,30,15,310,323,60,9,0,0,50,42,80,18,180,234,0,0,200,660,80,715,80,632,830,3218,170,386,0,0,90,166,60,160,40,143,130,263,140,255,30,24,70,134,700,1522,780,2204,0,0,0,0,270,577,630,1582,620,1453,70,250
96708,"$50,000 under $75,000",600,320,170,90,560,30,340,340,0,1050,0,0,0,0,60,170,36939,600,37659,460,25380,190,181,20,0,110,525,90,281,50,70,140,2931,100,522,50,857,120,3223,30,50,292,130,2166,60,1056,70,604,150,720,20,6,0,0,40,231,30,140,30,23,540,9839,540,9597,120,243,60,1614,3775,20,340,50,343,0,0,50,103,40,17,60,325,60,329,40,556,0,0,0,0,0,0,50,227,0,0,160,642,600,24845,600,2961,0,0,20,34,220,469,30,7,40,22,30,38,20,4,160,368,40,125,110,520,30,230,30,258,570,3567,0,0,0,0,0,0,0,0,0,0,0,0,50,75,0,0,0,0,540,2492,560,3021,0,0,0,0,200,559,400,1096,380,1016,0,0
96708,"$75,000 under $100,000",400,150,200,50,370,20,250,210,0,850,0,0,0,0,30,130,34908,400,35496,300,21918,190,169,30,0,120,810,110,586,30,45,130,2964,120,813,50,918,90,2796,20,0,0,110,2319,50,1042,80,1397,140,588,20,6,0,0,30,189,0,0,0,0,330,6978,330,6783,90,195,70,1947,6405,20,305,60,502,0,0,70,146,0,0,70,526,70,542,60,786,0,0,0,0,0,0,50,164,0,0,140,800,400,25184,400,3303,0,0,20,65,200,518,50,7,0,0,0,0,0,0,140,375,0,0,100,478,40,240,30,200,390,3707,0,0,0,0,0,0,0,0,0,0,0,0,30,73,30,31,0,0,380,2784,390,3290,0,0,0,0,140,600,260,1007,230,885,30,122
96708,"$100,000 under $200,000",650,170,440,50,600,40,440,270,40,1560,0,0,0,0,40,240,89213,650,91259,490,51806,350,927,70,0,260,3179,240,2216,80,120,200,6538,250,3561,100,3029,170,7694,40,50,341,160,4498,120,5221,160,2789,220,2046,40,11,40,1070,70,566,40,274,0,0,490,11281,490,10961,140,320,160,5428,23288,40,529,150,1743,20,45,150,392,40,31,160,1400,160,1446,150,2681,0,0,40,7,0,0,120,601,0,0,290,2391,650,70050,650,10427,0,0,30,124,370,1247,120,75,70,41,20,31,0,0,250,764,50,293,160,1080,0,0,30,227,620,10732,0,0,0,0,0,0,0,0,0,0,0,0,0,0,0,0,0,0,630,9180,640,10348,0,0,0,0,290,2022,360,2370,310,1645,70,725
96708,"$200,000 or more",310,80,220,0,300,0,270,80,0,740,0,0,0,0,0,120,169405,310,171855,240,58416,240,1974,70,0,190,7327,180,6099,0,0,90,11136,210,33096,60,3945,60,3736,30,0,0,80,1909,130,39286,90,1286,120,2450,0,0,0,0,60,763,0,0,0,0,150,3497,150,3386,50,111,160,7920,98309,0,0,140,8032,0,0,140,779,20,17,160,1503,160,1504,130,2684,0,0,0,0,30,267,130,2991,0,0,180,5870,310,152115,310,37145,0,0,0,0,160,1246,90,110,0,0,0,0,0,0,70,217,30,330,80,1178,0,0,0,0,300,41490,0,0,0,0,0,0,0,0,0,0,0,0,0,0,0,0,0,0,310,35899,310,38846,120,286,190,1467,160,4249,150,6806,90,2018,80,4788
,,,,,,,,,,,,,,,,,,,,,,,,,,,,,,,,,,,,,,,,,,,,,,,,,,,,,,,,,,,,,,,,,,,,,,,,,,,,,,,,,,,,,,,,,,,,,,,,,,,,,,,,,,,,,,,,,,,,,,,,,,,,,,,,,,,,,,,,,,,,,,,,,,,,,,,,,,,,,,,,,,
96712,,3370,1810,1190,300,3040,150,1860,1640,70,6040,0,0,0,0,300,940,316900,3370,322280,2430,175039,1190,1714,140,0,860,8263,790,6639,90,154,960,25410,780,21864,330,8071,620,22601,50,180,1696,550,10203,380,39048,540,6344,1050,5380,100,25,50,1283,180,1348,70,414,70,68,2950,53400,2950,52051,640,1349,420,15987,106238,50,898,340,10411,50,74,370,1868,70,42,400,3461,400,3419,350,7153,0,0,40,16,20,122,280,3414,0,0,870,7793,2730,244861,2710,45895,0,0,50,132,1070,3018,250,292,60,41,90,98,120,31,680,1748,70,306,800,3921,120,811,140,930,3060,48344,470,877,220,82,130,333,80,309,40,146,340,601,290,544,90,70,60,49,2480,42877,2800,48129,140,218,170,826,1110,9137,2110,9208,1950,6319,210,2618
96712,"$1 under $25,000",930,700,120,100,820,50,440,470,30,1190,0,0,0,0,90,230,10959,930,11388,520,6069,180,152,30,0,130,289,110,162,0,0,330,2433,120,17,40,246,120,988,30,40,319,50,94,40,191,80,564,310,429,0,0,0,0,30,115,0,0,0,0,900,13641,900,13273,190,368,30,637,366,30,362,30,116,0,0,40,146,0,0,20,107,20,107,30,476,0,0,0,0,0,0,0,0,0,0,90,80,300,1550,300,157,0,0,0,0,60,18,0,0,0,0,0,0,0,0,20,6,0,0,290,443,50,294,50,295,730,1516,340,556,220,82,70,225,30,165,0,0,240,382,110,161,30,22,30,20,260,139,490,590,0,0,0,0,210,235,600,1158,580,1046,0,0
96712,"$25,000 under $50,000",710,470,140,90,650,20,340,430,0,1090,0,0,0,0,100,150,26139,710,26775,550,18975,160,81,0,0,110,329,100,209,0,0,170,2816,90,177,50,655,90,1589,0,50,476,100,825,60,850,60,339,190,636,0,0,0,0,50,329,0,0,40,43,680,11230,680,11036,100,194,30,839,921,0,0,0,0,30,22,0,0,0,0,20,145,20,141,0,0,0,0,0,0,0,0,0,0,0,0,160,343,700,13917,690,1507,0,0,30,34,240,235,30,3,20,10,40,33,90,26,130,167,30,74,140,473,40,315,60,449,660,2758,130,321,0,0,60,108,50,144,40,146,100,219,110,227,30,22,30,29,570,1272,630,1764,0,0,0,0,180,374,520,1362,500,1147,40,93
96712,"$50,000 under $75,000",490,250,150,60,450,40,250,270,20,890,0,0,0,0,50,130,29729,490,30258,380,21343,150,83,20,0,110,378,110,270,30,38,110,2063,100,155,40,658,100,3043,0,50,569,90,1374,30,705,70,-77,150,529,60,14,0,0,0,0,50,283,0,0,450,8245,450,8059,90,186,40,958,2135,0,0,20,104,0,0,30,121,30,15,40,218,40,208,30,467,0,0,0,0,0,0,40,223,0,0,120,399,490,20130,480,2405,0,0,0,0,180,377,40,4,0,0,30,37,30,5,120,330,0,0,90,391,30,202,0,0,470,2968,0,0,0,0,0,0,0,0,0,0,0,0,40,89,0,0,0,0,440,2028,460,2449,0,0,0,0,160,381,320,894,310,819,30,96
96712,"$75,000 under $100,000",350,150,170,20,310,0,190,170,0,680,0,0,0,0,30,120,30334,350,30828,270,20461,150,52,0,0,100,263,90,116,0,0,80,1985,80,330,50,1151,90,3484,0,0,0,90,1797,40,746,60,378,90,494,0,0,0,0,20,125,0,0,30,25,310,6215,310,6029,80,187,40,1213,3796,0,0,40,233,0,0,40,150,0,0,40,342,40,326,40,622,0,0,0,0,0,0,30,111,0,0,100,539,350,22366,350,3041,0,0,20,98,130,352,30,2,0,0,0,0,0,0,90,250,0,0,60,341,0,0,30,186,330,3308,0,0,0,0,0,0,0,0,0,0,0,0,30,67,30,26,0,0,330,2689,340,3067,0,0,0,0,140,529,210,761,200,703,0,0
96712,"$100,000 under $200,000",590,170,390,30,520,40,390,230,20,1410,0,0,0,0,30,210,81645,590,83226,470,50832,330,380,50,0,240,1385,220,1090,60,116,180,5555,220,2157,100,3177,150,7859,20,40,332,150,3894,90,5393,180,2724,200,1581,40,11,30,674,40,340,20,131,0,0,440,9945,440,9645,130,300,150,5115,21592,20,536,130,1576,20,52,140,631,40,27,150,1351,150,1348,140,2601,0,0,40,16,20,122,110,572,0,0,230,1987,590,64599,590,9871,0,0,0,0,290,969,80,57,20,15,20,28,0,0,220,682,40,232,140,1072,0,0,0,0,570,10019,0,0,0,0,0,0,0,0,0,0,0,0,0,0,0,0,0,0,580,8902,580,10000,0,0,0,0,270,1904,310,1885,270,1379,60,506
96712,"$200,000 or more",300,70,220,0,290,0,250,70,0,780,0,0,0,0,0,100,138094,300,139805,240,57359,220,966,40,0,170,5619,160,4792,0,0,90,10558,170,19028,50,2184,70,5638,0,0,0,70,2219,120,31163,90,2416,110,1711,0,0,20,609,40,439,0,0,0,0,170,4124,170,4009,50,114,130,7225,77428,0,0,120,8382,0,0,120,820,0,0,130,1298,130,1289,110,2987,0,0,0,0,0,0,100,2508,0,0,170,4445,300,122299,300,28914,0,0,0,0,170,1067,70,226,20,16,0,0,0,0,100,313,0,0,80,1201,0,0,0,0,300,27775,0,0,0,0,0,0,0,0,0,0,0,0,0,0,0,0,0,0,300,27847,300,30259,140,218,170,826,150,5714,150,3148,90,1225,80,1923
,,,,,,,,,,,,,,,,,,,,,,,,,,,,,,,,,,,,,,,,,,,,,,,,,,,,,,,,,,,,,,,,,,,,,,,,,,,,,,,,,,,,,,,,,,,,,,,,,,,,,,,,,,,,,,,,,,,,,,,,,,,,,,,,,,,,,,,,,,,,,,,,,,,,,,,,,,,,,,,,,,
96713,,810,400,250,140,740,40,360,450,0,1570,0,0,0,0,130,240,45582,810,46218,570,27284,190,144,0,0,100,333,80,178,0,0,200,3285,100,785,40,677,160,3599,50,0,0,140,2356,30,1526,50,1847,220,636,20,6,0,0,40,184,0,0,0,0,780,14146,780,13761,200,384,40,903,4016,0,0,20,177,0,0,20,44,0,0,30,204,30,202,20,347,0,0,0,0,0,0,0,0,0,0,150,835,620,30294,620,4048,0,0,0,0,270,609,0,0,0,0,0,0,40,9,210,471,0,0,190,600,0,0,20,77,720,4807,200,403,70,20,50,110,50,162,30,103,150,316,130,300,0,0,0,0,510,3436,600,4160,0,0,0,0,210,957,540,1572,530,1488,0,0
96713,"$1 under $25,000",260,190,40,40,240,0,110,150,0,380,0,0,0,0,40,70,3020,260,3127,150,1867,40,6,0,0,0,0,0,0,0,0,80,743,30,55,0,0,30,218,20,0,0,0,0,0,0,0,0,80,107,0,0,0,0,0,0,0,0,0,0,260,4027,260,3920,60,106,0,0,0,0,0,0,0,0,0,20,44,0,0,0,0,0,0,20,347,0,0,0,0,0,0,0,0,0,0,0,0,80,406,80,40,0,0,0,0,20,5,0,0,0,0,0,0,0,0,0,0,0,0,80,125,0,0,20,77,220,458,120,228,70,20,50,110,0,0,0,0,80,179,50,69,0,0,0,0,70,34,130,166,0,0,0,0,50,63,180,355,180,350,0,0
96713,"$25,000 under $50,000",240,120,50,60,220,40,80,150,0,470,0,0,0,0,60,50,8976,240,9132,190,6941,40,89,0,0,40,157,40,67,0,0,50,884,30,25,0,0,30,389,0,0,0,40,247,30,1526,30,302,50,156,0,0,0,0,40,184,0,0,0,0,230,4007,230,3929,40,78,0,0,0,0,0,20,177,0,0,0,0,0,0,0,0,0,0,0,0,0,0,0,0,0,0,0,0,0,0,60,121,230,4681,230,503,0,0,0,0,110,159,0,0,0,0,0,0,40,9,90,138,0,0,40,157,0,0,0,0,220,1027,80,175,0,0,0,0,50,162,30,103,70,137,80,231,0,0,0,0,160,344,180,503,0,0,0,0,50,91,180,613,180,584,0,0
96713,"$50,000 under $75,000",130,50,50,40,120,0,60,70,0,290,0,0,0,0,30,50,7944,130,8118,100,5352,30,7,0,0,30,68,20,34,0,0,40,738,20,30,40,677,40,733,30,0,0,40,639,0,0,0,0,50,174,20,6,0,0,0,0,0,0,0,0,130,2519,130,2443,40,76,40,903,4016,0,0,0,0,0,0,0,0,0,0,0,0,0,0,0,0,0,0,0,0,0,0,0,0,0,0,50,222,130,5157,130,601,0,0,0,0,60,142,0,0,0,0,0,0,0,0,50,131,0,0,40,148,0,0,0,0,120,728,0,0,0,0,0,0,0,0,0,0,0,0,0,0,0,0,0,0,110,459,120,589,0,0,0,0,40,159,90,296,80,280,0,0
96713,"$75,000 under $100,000",80,20,40,0,70,0,40,40,0,170,0,0,0,0,0,30,6532,80,6532,50,3804,30,18,0,0,0,0,0,0,0,0,0,0,0,0,0,0,30,1230,0,0,0,30,675,0,0,20,1545,0,0,0,0,0,0,0,0,0,0,0,0,70,1564,70,1501,30,63,0,0,0,0,0,0,0,0,0,0,0,0,0,30,204,30,202,0,0,0,0,0,0,0,0,0,0,0,0,0,0,80,4739,80,604,0,0,0,0,30,112,0,0,0,0,0,0,0,0,30,85,0,0,0,0,0,0,0,0,70,646,0,0,0,0,0,0,0,0,0,0,0,0,0,0,0,0,0,0,70,492,70,530,0,0,0,0,20,55,50,169,50,162,0,0
96713,"$100,000 under $200,000",80,20,70,0,90,0,50,40,0,210,0,0,0,0,0,40,10284,80,10483,80,9320,50,24,0,0,30,108,20,77,0,0,30,920,20,675,0,0,30,1029,0,0,0,30,795,0,0,0,0,40,199,0,0,0,0,0,0,0,0,0,0,90,2029,90,1968,30,61,0,0,0,0,0,0,0,0,0,0,0,0,0,0,0,0,0,0,0,0,0,0,0,0,0,0,0,0,0,40,492,80,8092,80,1173,0,0,0,0,50,191,0,0,0,0,0,0,0,0,40,117,0,0,30,170,0,0,0,0,70,1063,0,0,0,0,0,0,0,0,0,0,0,0,0,0,0,0,0,0,80,1041,80,1214,0,0,0,0,50,589,40,139,40,112,0,0
96713,"$200,000 or more",20,0,0,0,0,0,20,0,0,50,0,0,0,0,0,0,8826,20,8826,0,0,0,0,0,0,0,0,0,0,0,0,0,0,0,0,0,0,0,0,0,0,0,0,0,0,0,0,0,0,0,0,0,0,0,0,0,0,0,0,0,0,0,0,0,0,0,0,0,0,0,0,0,0,0,0,0,0,0,0,0,0,0,0,0,0,0,0,0,0,0,0,0,0,0,0,0,0,20,7219,20,1127,0,0,0,0,0,0,0,0,0,0,0,0,0,0,0,0,0,0,0,0,0,0,0,0,20,885,0,0,0,0,0,0,0,0,0,0,0,0,0,0,0,0,0,0,20,1066,20,1158,0,0,0,0,0,0,0,0,0,0,0,0
,,,,,,,,,,,,,,,,,,,,,,,,,,,,,,,,,,,,,,,,,,,,,,,,,,,,,,,,,,,,,,,,,,,,,,,,,,,,,,,,,,,,,,,,,,,,,,,,,,,,,,,,,,,,,,,,,,,,,,,,,,,,,,,,,,,,,,,,,,,,,,,,,,,,,,,,,,,,,,,,,,
96717,,1860,850,720,250,1660,80,780,1200,30,4050,0,0,0,0,310,390,122742,1860,123677,1570,93123,370,156,20,0,190,775,180,524,90,169,300,2983,190,2292,100,2196,340,9408,0,110,948,220,4234,60,4834,130,584,370,935,90,27,0,0,20,153,0,0,30,22,1610,29438,1610,28954,240,485,250,9078,37961,30,364,220,2330,0,0,210,583,70,63,250,2044,250,2035,220,3683,0,0,0,0,0,0,220,2648,0,0,210,1455,1500,85384,1500,12527,0,0,0,0,740,1864,40,6,0,0,80,66,150,31,560,1492,20,113,230,718,30,156,30,189,1760,14053,370,891,100,38,120,264,70,258,70,329,320,759,300,653,70,44,0,0,1270,10661,1390,11560,20,26,20,45,420,1888,1360,4357,1350,4083,20,126
96717,"$1 under $25,000",530,360,80,80,470,20,170,360,0,800,0,0,0,0,110,100,6551,530,6637,390,4778,60,5,0,0,30,20,30,20,0,0,100,771,30,-10,30,172,70,700,0,20,138,20,44,0,0,0,0,100,86,0,0,0,0,0,0,0,0,0,0,520,8052,520,7919,70,132,20,542,785,0,0,0,0,0,0,0,0,0,0,20,78,20,79,0,0,0,0,0,0,0,0,0,0,0,0,0,0,190,963,190,96,0,0,0,0,80,20,0,0,0,0,0,0,40,7,30,8,0,0,90,131,0,0,0,0,460,1090,220,505,100,38,60,177,30,151,20,139,190,421,100,152,40,29,0,0,140,76,220,211,0,0,0,0,40,41,430,920,430,912,0,0
96717,"$25,000 under $50,000",450,240,110,90,400,30,160,330,30,880,0,0,0,0,90,80,16206,450,16341,390,13548,50,9,0,0,40,55,40,35,0,0,50,470,40,41,0,0,60,1091,0,30,301,50,358,0,0,50,21,60,135,30,9,0,0,20,153,0,0,30,22,430,7592,430,7487,50,105,0,0,0,0,0,0,0,0,0,0,0,0,0,0,0,0,0,0,0,0,0,0,0,0,0,0,0,0,0,50,72,430,8151,430,880,0,0,0,0,210,234,0,0,0,0,40,22,80,19,150,190,0,0,60,164,30,156,30,189,430,1814,150,386,0,0,60,87,40,107,50,190,130,338,120,283,0,0,0,0,310,646,340,781,0,0,0,0,80,109,360,1140,360,1139,0,0
96717,"$50,000 under $75,000",290,140,100,60,270,0,130,190,0,610,0,0,0,0,70,60,17825,290,17900,270,15160,50,8,20,0,0,0,0,0,30,48,30,30,0,0,30,569,50,1294,0,40,345,40,710,20,487,0,0,40,75,0,0,0,0,0,0,0,0,0,0,270,4964,270,4896,40,68,30,641,1676,0,0,30,134,0,0,40,77,0,0,30,144,30,143,40,578,0,0,0,0,0,0,40,219,0,0,30,59,290,12162,290,1454,0,0,0,0,120,279,0,0,0,0,20,26,30,5,100,258,0,0,0,0,0,0,0,0,290,1701,0,0,0,0,0,0,0,0,0,0,0,0,40,94,30,15,0,0,260,1175,260,1221,0,0,0,0,70,108,220,587,220,582,0,0
96717,"$75,000 under $100,000",180,50,110,0,160,30,90,100,0,490,0,0,0,0,0,50,15406,180,15563,160,11681,40,22,0,0,30,36,30,22,0,0,30,279,30,6,0,0,50,1617,0,0,0,40,983,0,0,20,-5,50,157,20,6,0,0,0,0,0,0,0,0,150,3233,150,3165,30,68,30,969,2940,30,364,30,177,0,0,30,71,0,0,30,236,30,236,30,457,0,0,0,0,0,0,30,190,0,0,20,90,180,11114,180,1435,0,0,0,0,80,299,0,0,0,0,0,0,0,0,70,262,0,0,20,69,0,0,0,0,170,1475,0,0,0,0,0,0,0,0,0,0,0,0,40,124,0,0,0,0,160,1136,170,1207,0,0,0,0,70,181,110,446,110,392,20,126
96717,"$100,000 under $200,000",340,60,260,20,300,0,180,190,0,1040,0,0,0,0,40,100,45812,340,46017,300,36621,130,65,0,0,90,664,80,447,60,121,70,442,60,295,40,1455,90,3805,0,20,164,70,2139,40,4347,60,568,90,205,40,12,0,0,0,0,0,0,0,0,210,4925,210,4834,50,112,130,4680,18781,0,0,120,1186,0,0,110,304,70,63,130,1180,130,1171,110,1926,0,0,0,0,0,0,110,1258,0,0,80,427,340,35778,340,5298,0,0,0,0,200,772,40,6,0,0,20,18,0,0,180,657,20,113,40,177,0,0,0,0,340,4928,0,0,0,0,0,0,0,0,0,0,0,0,0,0,0,0,0,0,330,4525,330,4745,0,0,0,0,130,667,200,842,200,788,0,0
96717,"$200,000 or more",70,0,60,0,60,0,50,30,0,230,0,0,0,0,0,0,20942,70,21219,60,11335,40,47,0,0,0,0,0,0,0,0,20,991,30,1960,0,0,20,901,0,0,0,0,0,0,0,0,0,30,277,0,0,0,0,0,0,0,0,0,0,30,672,30,653,0,0,40,2246,13779,0,0,40,833,0,0,30,131,0,0,40,406,40,406,40,722,0,0,0,0,0,0,40,981,0,0,30,807,70,17216,70,3364,0,0,0,0,50,260,0,0,0,0,0,0,0,0,30,117,0,0,20,177,0,0,0,0,70,3045,0,0,0,0,0,0,0,0,0,0,0,0,0,0,0,0,0,0,70,3103,70,3395,20,26,20,45,30,782,40,422,30,270,0,0
,,,,,,,,,,,,,,,,,,,,,,,,,,,,,,,,,,,,,,,,,,,,,,,,,,,,,,,,,,,,,,,,,,,,,,,,,,,,,,,,,,,,,,,,,,,,,,,,,,,,,,,,,,,,,,,,,,,,,,,,,,,,,,,,,,,,,,,,,,,,,,,,,,,,,,,,,,,,,,,,,,
96720,,23910,12510,7770,3140,21560,1000,9790,13880,190,43610,890,310,580,70,3270,7960,1635690,23910,1652551,17910,1048609,8390,7493,970,0,4740,24477,4410,18704,710,990,3760,65493,4070,73537,2760,54205,5900,209001,310,870,5471,4900,93694,850,46206,1710,14333,4350,16861,720,212,170,3817,510,3680,390,1948,480,405,22180,406462,22180,394091,5920,12371,1750,54076,262184,350,8698,1490,18527,200,215,1490,4663,390,213,1720,13041,1730,13389,1390,18046,0,0,150,199,60,302,1210,10407,110,2158,3040,16054,19000,1200067,18890,187804,0,0,190,349,8270,16916,1390,254,610,291,950,988,1470,303,5700,12295,420,2040,2780,10586,390,2739,410,2974,22100,212406,3860,9238,1040,349,1280,2925,950,3488,590,2477,3380,8145,2800,5283,730,611,140,153,16550,170887,17680,184587,390,515,560,1677,5540,26733,17010,54197,16250,46025,1020,8147
96720,"$1 under $25,000",7080,5280,840,850,6380,290,2270,4220,30,9770,630,190,440,50,1030,2220,80272,7080,81749,4490,55775,1450,567,100,0,670,1344,580,881,40,25,1050,7139,510,421,430,2496,1180,11004,50,210,1271,480,1030,70,84,220,503,1020,1477,30,7,0,0,70,298,30,117,70,52,7000,105805,7000,102247,1840,3558,80,2460,1039,70,1519,30,103,40,23,40,104,0,0,70,211,70,262,40,535,0,0,0,0,0,0,40,91,0,0,210,144,2270,12155,2230,1201,0,0,20,5,790,263,50,1,0,0,150,66,260,50,350,134,0,0,880,1308,130,939,140,912,5580,11880,2310,5436,1040,349,620,1899,430,2016,220,1173,2000,4739,1120,1761,210,172,60,50,1680,937,2480,2293,0,0,0,0,640,565,5170,10147,5120,9983,70,138
96720,"$25,000 under $50,000",5920,3570,930,1250,5390,200,2040,4260,40,10190,170,100,70,20,1230,1370,218190,5920,220004,4950,175031,1310,641,110,0,630,1445,590,1083,70,84,650,6257,540,995,370,3692,1000,20519,40,250,1578,1010,7807,80,488,210,634,740,1814,80,21,0,0,80,390,90,388,110,96,5770,96504,5770,94534,980,1970,160,3909,6197,70,1609,100,342,40,30,110,284,50,37,150,630,150,769,90,997,0,0,30,18,0,0,90,369,20,293,540,856,5830,117430,5790,12652,0,0,50,31,2520,2968,180,18,130,58,260,244,960,207,1730,2383,60,64,460,1297,140,1085,130,1091,5760,23012,1470,3750,0,0,660,1026,490,1456,320,1268,1310,3360,1240,2651,150,119,50,51,4450,9684,4660,11053,0,0,0,0,990,1194,4890,13140,4830,12926,90,214
96720,"$50,000 under $75,000",3650,1910,1110,530,3270,160,1530,2230,60,6630,60,20,40,0,510,1250,223757,3650,225825,2870,160529,1330,636,140,0,750,2132,690,1551,140,167,540,5747,590,1475,460,5415,990,30100,60,140,925,990,16798,80,571,230,696,710,2068,180,51,50,397,70,342,100,451,110,92,3400,63159,3400,61270,930,1889,250,5768,15761,60,1363,200,1044,40,36,210,400,60,23,250,1394,250,1395,190,2063,0,0,0,0,0,0,150,560,0,0,470,1176,3640,153763,3630,18393,0,0,50,60,1430,2986,220,32,80,39,170,189,250,46,1060,2469,80,170,360,1199,70,501,70,529,3580,21585,80,52,0,0,0,0,30,16,50,36,70,46,310,577,90,78,30,52,3300,15407,3380,16683,0,0,0,0,980,1890,2650,6766,2560,6382,130,385
96720,"$75,000 under $100,000",2310,880,1120,260,2050,110,1120,1180,0,4790,30,0,30,0,240,920,200716,2310,202239,1780,136637,1120,767,130,0,620,2381,590,1705,160,196,400,5127,530,2379,390,6258,780,29017,30,110,740,730,16523,100,1381,210,563,500,1523,110,33,0,0,60,393,50,290,60,52,2030,43021,2030,41611,670,1410,280,6900,24418,40,825,250,1580,20,35,250,706,70,36,280,2038,280,2050,240,2686,0,0,30,57,0,0,190,934,20,200,420,1314,2310,149520,2300,19799,0,0,30,38,950,2558,200,27,100,42,100,123,0,0,730,2111,50,183,290,1083,30,119,30,133,2280,21434,0,0,0,0,0,0,0,0,0,0,0,0,70,158,70,55,0,0,2240,17242,2250,18474,0,0,0,0,810,2123,1490,5054,1410,4731,110,322
96720,"$100,000 under $200,000",3870,720,2880,220,3470,190,2060,1700,40,9530,0,0,0,0,240,1670,527379,3870,531499,2990,336193,2330,1834,310,0,1460,6917,1370,5505,260,429,800,14527,1270,12711,820,20696,1540,86488,80,140,833,1320,38616,250,5370,540,4392,1000,4120,270,85,50,830,120,966,100,519,130,113,3200,78221,3200,75471,1170,2750,680,21283,92900,110,3382,620,5965,60,91,610,1773,170,88,670,5856,680,5987,580,7716,0,0,50,79,40,94,500,3941,50,885,930,3963,3870,423957,3860,62890,0,0,40,215,1980,6016,470,78,240,115,270,366,0,0,1510,4281,160,939,520,2569,20,95,40,309,3830,63012,0,0,0,0,0,0,0,0,0,0,0,0,60,136,210,187,0,0,3810,56873,3830,59809,30,5,0,0,1610,7146,2250,10242,1980,8302,360,1941
96720,"$200,000 or more",1080,150,890,30,1000,50,770,290,20,2700,0,0,0,0,20,530,385376,1080,391235,830,184444,850,3048,180,0,610,10258,590,7979,40,89,320,26696,630,55556,290,15648,410,31873,50,20,124,370,12920,270,38312,300,7545,380,5859,50,15,70,2590,110,1291,20,183,0,0,780,19752,780,18958,330,794,300,13756,121869,0,0,290,9493,0,0,270,1396,40,29,300,2912,300,2926,250,4049,0,0,40,45,20,208,240,4512,20,780,470,8601,1080,343242,1080,72869,0,0,0,0,600,2125,270,98,60,37,0,0,0,0,320,917,70,684,270,3130,0,0,0,0,1070,71483,0,0,0,0,0,0,0,0,0,0,0,0,0,0,0,0,0,0,1070,70744,1080,76275,360,510,560,1677,510,13815,560,8848,350,3701,260,5147
,,,,,,,,,,,,,,,,,,,,,,,,,,,,,,,,,,,,,,,,,,,,,,,,,,,,,,,,,,,,,,,,,,,,,,,,,,,,,,,,,,,,,,,,,,,,,,,,,,,,,,,,,,,,,,,,,,,,,,,,,,,,,,,,,,,,,,,,,,,,,,,,,,,,,,,,,,,,,,,,,,
96722,,980,480,420,60,890,40,620,360,30,1640,0,0,0,0,60,450,135555,980,139069,550,42510,540,2728,130,0,430,6973,420,5147,30,77,350,15115,440,22155,220,9443,240,9980,0,50,242,330,7103,140,18149,200,3464,330,3514,0,0,30,1019,100,805,30,274,0,0,750,14049,750,13417,290,632,230,8872,65685,60,1086,180,5156,30,40,200,1190,60,24,230,1935,230,1925,170,3150,0,0,0,0,20,402,180,1890,0,0,360,4287,790,109872,770,21582,0,0,0,0,340,845,180,244,0,0,0,0,20,5,130,316,20,107,280,1847,50,397,60,453,840,23316,100,134,60,19,0,0,0,0,0,0,60,89,40,71,0,0,0,0,720,20735,800,23419,60,170,120,609,390,4420,540,4242,460,1986,120,2203
96722,"$1 under $25,000",260,200,40,0,240,0,140,110,0,280,0,0,0,0,40,90,2811,260,2928,130,1570,80,74,0,0,70,312,60,198,0,0,100,545,60,30,40,405,50,567,0,0,0,30,52,0,0,30,-82,80,117,0,0,0,0,0,0,0,0,0,0,240,3573,240,3440,70,133,0,0,0,0,0,0,0,0,0,0,0,0,0,0,0,0,0,0,0,0,0,0,0,0,0,0,0,0,0,20,21,80,419,70,33,0,0,0,0,0,0,0,0,0,0,0,0,20,5,20,27,0,0,80,110,30,286,30,274,190,350,100,134,60,19,0,0,0,0,0,0,60,89,0,0,0,0,0,0,60,28,120,140,0,0,0,0,60,62,150,271,150,214,0,0
96722,"$25,000 under $50,000",150,90,40,40,140,0,80,70,0,240,0,0,0,0,0,60,5577,150,5720,100,3227,60,115,40,0,40,318,40,164,0,0,60,915,50,155,0,0,0,0,0,50,242,40,354,0,0,20,216,50,143,0,0,0,0,0,0,0,0,0,0,140,2453,140,2365,40,88,50,1201,1761,30,336,0,0,0,0,30,131,20,7,50,266,50,256,0,0,0,0,0,0,0,0,0,0,0,0,50,90,150,2641,140,264,0,0,0,0,70,41,0,0,0,0,0,0,0,0,0,0,0,0,50,146,0,0,0,0,120,500,0,0,0,0,0,0,0,0,0,0,0,0,40,71,0,0,0,0,110,227,130,376,0,0,0,0,60,117,90,239,90,205,0,0
96722,"$50,000 under $75,000",120,70,40,0,100,40,70,50,0,180,0,0,0,0,20,60,6915,120,7037,70,3503,60,93,0,0,50,450,50,260,0,0,30,660,50,28,30,491,30,624,0,0,0,50,765,30,295,40,638,40,122,0,0,0,0,40,191,0,0,0,0,100,1853,100,1756,40,97,0,0,0,0,0,40,367,0,0,0,0,0,0,0,0,0,0,40,657,0,0,0,0,0,0,50,170,0,0,50,144,110,4426,110,500,0,0,0,0,40,46,50,5,0,0,0,0,0,0,30,60,0,0,30,113,20,111,30,179,110,645,0,0,0,0,0,0,0,0,0,0,0,0,0,0,0,0,0,0,110,454,110,573,0,0,0,0,50,126,70,196,60,155,40,139
96722,"$75,000 under $100,000",80,40,30,20,70,0,50,30,30,130,0,0,0,0,0,50,7220,80,7512,40,2736,60,90,0,0,40,458,40,350,0,0,30,805,40,99,20,282,40,1719,0,0,0,40,917,0,0,0,0,20,292,0,0,0,0,0,0,0,0,0,0,60,1192,60,1126,30,66,20,651,2027,0,0,0,0,30,40,20,73,0,0,20,157,20,157,0,0,0,0,0,0,0,0,0,0,0,0,40,164,80,5212,80,685,0,0,0,0,20,34,0,0,0,0,0,0,0,0,0,0,0,0,20,123,0,0,0,0,80,832,0,0,0,0,0,0,0,0,0,0,0,0,0,0,0,0,0,0,80,650,80,784,0,0,0,0,30,155,50,200,40,140,0,0
96722,"$100,000 under $200,000",180,40,130,0,170,0,130,60,0,390,0,0,0,0,0,100,25145,180,25829,100,8234,130,529,40,0,100,1490,100,1078,30,77,60,2222,100,1179,70,3212,70,3951,0,0,0,90,2540,40,1126,50,1067,60,684,0,0,30,1019,20,247,30,274,0,0,120,2919,120,2763,70,156,60,2230,8999,30,750,50,610,0,0,60,264,40,17,60,550,60,560,50,904,0,0,0,0,20,402,50,332,0,0,90,608,180,19418,180,2796,0,0,0,0,100,236,50,11,0,0,0,0,0,0,40,125,20,107,40,340,0,0,0,0,170,2891,0,0,0,0,0,0,0,0,0,0,0,0,0,0,0,0,0,0,170,2560,170,2923,0,0,0,0,90,616,90,572,70,393,30,179
96722,"$200,000 or more",190,40,140,0,170,0,150,40,0,420,0,0,0,0,0,90,87887,190,90043,110,23240,150,1827,50,0,130,3945,130,3097,0,0,70,9968,140,20664,60,5053,50,3119,0,0,0,80,2475,70,16728,60,1625,80,2156,0,0,0,0,40,367,0,0,0,0,90,2059,90,1967,40,92,100,4790,52898,0,0,90,4179,0,0,90,722,0,0,100,962,100,952,80,1589,0,0,0,0,0,0,80,1388,0,0,110,3260,190,77756,190,17304,0,0,0,0,110,488,80,228,0,0,0,0,0,0,40,104,0,0,60,1015,0,0,0,0,170,18098,0,0,0,0,0,0,0,0,0,0,0,0,0,0,0,0,0,0,190,16816,190,18623,60,170,120,609,100,3344,90,2764,50,879,50,1885
,,,,,,,,,,,,,,,,,,,,,,,,,,,,,,,,,,,,,,,,,,,,,,,,,,,,,,,,,,,,,,,,,,,,,,,,,,,,,,,,,,,,,,,,,,,,,,,,,,,,,,,,,,,,,,,,,,,,,,,,,,,,,,,,,,,,,,,,,,,,,,,,,,,,,,,,,,,,,,,,,,
96725,,1610,800,600,180,1480,70,930,770,30,2980,30,0,30,0,140,570,139643,1610,142689,1110,69793,610,1266,90,0,410,4145,370,3619,40,43,450,9590,380,18721,240,6110,300,9356,130,70,441,330,6101,170,13516,220,2248,470,3046,40,13,0,0,80,515,40,222,20,7,1460,27043,1460,26197,400,846,170,5599,38409,40,425,140,3660,0,0,150,722,0,0,160,1318,160,1327,120,2105,0,0,0,0,0,0,110,668,0,0,380,2878,1270,106866,1270,18443,0,0,20,17,530,1288,130,27,0,0,30,32,60,14,340,813,30,145,380,1514,50,325,50,359,1450,21469,210,515,70,25,60,159,60,201,30,123,150,358,150,296,30,24,0,0,1140,17155,1290,19452,40,48,80,668,520,3000,1020,4968,960,2880,100,1425
96725,"$1 under $25,000",450,310,80,60,400,30,240,230,0,660,30,0,30,0,50,160,5084,450,5303,220,2484,110,40,20,0,60,194,50,101,0,0,160,1432,60,154,50,326,50,340,30,0,0,40,121,30,290,60,278,150,219,0,0,0,0,20,62,0,0,20,7,440,6914,440,6656,130,258,30,563,717,0,0,0,0,0,0,0,0,0,0,30,102,30,102,0,0,0,0,0,0,0,0,0,0,0,0,40,37,120,599,120,59,0,0,20,17,40,13,20,1,0,0,0,0,0,0,0,0,0,0,140,233,0,0,20,177,340,819,150,364,70,25,40,122,30,124,30,123,110,251,70,121,30,24,0,0,90,47,210,287,0,0,0,0,80,106,300,637,290,598,0,0
96725,"$25,000 under $50,000",380,240,80,50,350,20,180,210,30,610,0,0,0,0,40,100,14312,380,14489,300,10770,90,49,0,0,60,146,50,95,0,0,80,1066,40,42,30,393,50,941,20,50,319,70,581,0,0,0,0,80,177,0,0,0,0,20,87,0,0,0,0,370,6299,370,6153,70,147,0,0,0,0,0,0,0,0,0,0,0,0,0,0,0,0,0,0,0,0,0,0,0,0,0,30,30,0,0,70,157,370,7569,370,822,0,0,0,0,120,130,0,0,0,0,0,0,60,14,100,107,0,0,60,194,50,325,30,182,360,1348,60,151,0,0,20,37,30,77,0,0,40,107,50,118,0,0,0,0,310,692,330,895,0,0,0,0,110,210,270,659,270,640,40,101
96725,"$50,000 under $75,000",270,140,80,50,250,0,140,150,0,490,0,0,0,0,30,90,16495,270,16677,210,11925,100,86,20,0,60,228,50,184,0,0,50,691,50,197,40,517,60,1306,30,0,0,60,1067,30,415,50,477,60,182,40,13,0,0,0,0,0,0,0,0,250,4541,250,4420,60,121,40,909,2609,40,425,40,182,0,0,50,216,0,0,30,242,30,254,40,518,0,0,0,0,0,0,0,0,0,0,50,180,270,11245,270,1337,0,0,0,0,110,217,30,3,0,0,30,32,0,0,70,191,0,0,40,136,0,0,0,0,250,1530,0,0,0,0,0,0,0,0,0,0,0,0,30,57,0,0,0,0,240,1120,250,1267,0,0,0,0,90,213,180,473,170,420,0,0
96725,"$75,000 under $100,000",140,40,80,0,130,20,90,80,0,300,0,0,0,0,20,50,12053,140,12210,110,8256,60,32,0,0,40,231,40,138,40,43,30,1012,40,169,20,421,30,1005,0,20,122,40,749,0,0,0,0,40,157,0,0,0,0,0,0,40,222,0,0,130,2687,130,2620,30,67,0,0,0,0,0,0,0,0,0,0,0,0,0,0,0,0,0,0,0,0,0,0,0,0,0,0,0,0,0,40,195,140,8793,140,1137,0,0,0,0,60,181,0,0,0,0,0,0,0,0,50,139,30,145,30,167,0,0,0,0,140,1177,0,0,0,0,0,0,0,0,0,0,0,0,0,0,0,0,0,0,130,955,130,1124,0,0,0,0,50,229,90,278,90,251,0,0
96725,"$100,000 under $200,000",240,50,180,20,230,0,170,80,0,600,0,0,0,0,0,110,32283,240,32816,180,19213,140,243,20,0,110,825,100,679,0,0,80,2031,100,1153,60,1622,80,3829,30,0,0,70,1997,50,1090,60,880,90,533,0,0,0,0,40,366,0,0,0,0,190,4582,190,4427,70,155,50,1806,7146,0,0,50,410,0,0,50,207,0,0,50,467,50,467,40,759,0,0,0,0,0,0,40,243,0,0,100,607,240,25287,240,3630,0,0,0,0,130,362,40,2,0,0,0,0,0,0,90,267,0,0,70,312,0,0,0,0,230,3692,0,0,0,0,0,0,0,0,0,0,0,0,0,0,0,0,0,0,240,3268,240,3612,0,0,0,0,120,592,120,663,100,523,30,139
96725,"$200,000 or more",130,20,100,0,120,0,110,20,0,320,0,0,0,0,0,60,59416,130,61194,90,17145,110,816,30,0,80,2521,80,2422,0,0,50,3358,90,17006,40,2831,30,1935,20,0,0,50,1586,60,11721,50,613,50,1778,0,0,0,0,0,0,0,0,0,0,80,2020,80,1921,40,98,50,2321,27937,0,0,50,3068,0,0,50,299,0,0,50,507,50,504,40,828,0,0,0,0,0,0,40,395,0,0,80,1702,130,53373,130,11458,0,0,0,0,70,385,40,21,0,0,0,0,0,0,30,109,0,0,40,472,0,0,0,0,130,12903,0,0,0,0,0,0,0,0,0,0,0,0,0,0,0,0,0,0,130,11073,130,12267,40,48,80,668,70,1650,60,2258,40,448,30,1185
,,,,,,,,,,,,,,,,,,,,,,,,,,,,,,,,,,,,,,,,,,,,,,,,,,,,,,,,,,,,,,,,,,,,,,,,,,,,,,,,,,,,,,,,,,,,,,,,,,,,,,,,,,,,,,,,,,,,,,,,,,,,,,,,,,,,,,,,,,,,,,,,,,,,,,,,,,,,,,,,,,
96727,,2420,1180,870,320,2230,90,1200,1300,20,4470,110,0,110,0,270,820,157526,2420,159282,1850,104588,760,609,70,0,380,2676,320,1977,80,104,440,6553,330,11936,250,5185,550,12857,90,160,841,440,7584,100,4002,170,617,460,1756,40,14,0,0,70,489,40,218,30,19,2220,41565,2220,40336,600,1230,180,5507,27736,30,399,140,1407,30,31,150,521,30,16,180,1377,180,1372,150,2074,0,0,0,0,0,0,120,665,0,0,330,1494,1940,113218,1920,16687,0,0,0,0,820,1785,100,31,40,21,70,76,140,29,620,1412,30,144,320,1202,50,459,50,460,2180,18733,350,750,90,35,130,244,60,217,60,241,280,645,250,482,50,45,20,22,1720,14902,1850,16406,20,19,40,164,640,2542,1610,4840,1540,4177,80,542
96727,"$1 under $25,000",650,460,120,60,580,50,250,320,0,880,80,0,80,0,70,290,7198,650,7340,360,4703,170,57,0,0,60,136,50,93,0,0,140,803,50,31,60,366,150,1171,30,30,133,50,123,20,60,30,53,120,142,0,0,0,0,0,0,0,0,0,0,640,10230,640,9753,240,477,0,0,0,0,0,0,0,0,0,20,45,0,0,0,0,0,0,0,0,0,0,0,0,0,0,0,0,0,0,20,17,190,1061,190,108,0,0,0,0,50,19,0,0,0,0,0,0,30,6,20,10,0,0,100,137,0,0,30,318,460,944,180,404,90,35,50,137,20,100,0,0,140,347,80,131,0,0,20,22,160,88,240,228,0,0,0,0,90,75,410,791,410,776,0,0
96727,"$25,000 under $50,000",630,370,120,120,580,0,270,410,20,1060,30,0,30,0,100,140,23354,630,23540,530,18910,120,44,30,0,60,365,50,269,0,0,80,849,40,172,40,457,100,1641,0,40,278,100,713,0,0,20,82,90,186,0,0,0,0,0,0,0,0,30,19,600,10154,600,9953,100,201,30,646,966,0,0,30,86,30,31,0,0,0,0,30,82,30,82,40,493,0,0,0,0,0,0,30,52,0,0,70,104,620,12569,600,1343,0,0,0,0,240,311,0,0,20,10,40,42,90,20,180,262,0,0,60,163,30,335,0,0,600,2318,170,346,0,0,80,107,40,117,60,241,140,298,130,256,30,24,0,0,470,1033,500,1203,0,0,0,0,130,157,480,1270,470,1246,30,53
96727,"$50,000 under $75,000",430,200,140,80,400,20,210,260,0,800,0,0,0,0,60,130,26171,430,26425,360,19743,120,105,0,0,60,276,50,182,40,50,70,1329,60,167,40,484,100,2043,30,30,180,90,1687,20,503,30,83,80,254,0,0,0,0,40,176,0,0,0,0,400,7587,400,7391,90,196,20,629,1469,30,399,0,0,0,0,20,61,0,0,20,135,20,134,0,0,0,0,0,0,0,0,0,0,0,0,70,210,420,17776,420,2106,0,0,0,0,160,331,40,3,0,0,0,0,20,3,130,301,0,0,60,221,20,124,20,142,420,2609,0,0,0,0,0,0,0,0,0,0,0,0,40,95,0,0,0,0,390,1775,400,2006,0,0,0,0,120,256,310,856,300,811,0,0
96727,"$75,000 under $100,000",270,80,150,40,260,0,170,150,0,620,0,0,0,0,40,90,23621,270,23832,240,18236,110,73,0,0,60,156,50,97,0,0,40,698,40,124,30,548,70,1865,0,30,112,70,1613,0,0,30,-61,50,211,40,14,0,0,0,0,40,218,0,0,240,5178,240,5054,60,125,30,824,2997,0,0,30,181,0,0,30,107,0,0,30,280,30,280,30,382,0,0,0,0,0,0,20,61,0,0,40,134,270,17484,270,2270,0,0,0,0,130,352,0,0,20,11,0,0,0,0,110,331,30,144,30,147,0,0,0,0,270,2312,0,0,0,0,0,0,0,0,0,0,0,0,0,0,0,0,0,0,270,1918,270,2068,0,0,0,0,100,268,180,507,170,488,0,0
96727,"$100,000 under $200,000",360,70,280,20,330,20,230,160,0,910,0,0,0,0,0,130,47351,360,47923,300,32421,180,203,40,0,90,597,80,413,40,54,80,1916,90,1476,60,2053,110,4806,30,30,138,110,2771,30,864,60,460,90,572,0,0,0,0,30,313,0,0,0,0,290,7156,290,6968,110,231,70,2088,9395,0,0,60,597,0,0,60,191,30,16,70,609,70,604,80,1199,0,0,0,0,0,0,50,292,0,0,90,511,360,37595,360,5390,0,0,0,0,190,557,60,28,0,0,30,34,0,0,150,428,0,0,70,534,0,0,0,0,350,5480,0,0,0,0,0,0,0,0,0,0,0,0,0,0,20,21,0,0,350,4833,360,5175,0,0,0,0,160,640,190,935,190,856,50,489
96727,"$200,000 or more",80,0,60,0,80,0,70,0,0,200,0,0,0,0,0,40,29831,80,30222,60,10575,60,127,0,0,50,1146,40,923,0,0,30,958,50,9966,20,1277,20,1331,0,0,0,20,677,30,2575,0,0,30,391,0,0,0,0,0,0,0,0,0,0,50,1260,50,1217,0,0,30,1320,12909,0,0,20,543,0,0,20,117,0,0,30,271,30,272,0,0,0,0,0,0,0,0,20,260,0,0,40,518,80,26733,80,5470,0,0,0,0,50,215,0,0,0,0,0,0,0,0,30,80,0,0,0,0,0,0,0,0,80,5070,0,0,0,0,0,0,0,0,0,0,0,0,0,0,0,0,0,0,80,5255,80,5726,20,19,40,164,40,1146,40,481,0,0,0,0
,,,,,,,,,,,,,,,,,,,,,,,,,,,,,,,,,,,,,,,,,,,,,,,,,,,,,,,,,,,,,,,,,,,,,,,,,,,,,,,,,,,,,,,,,,,,,,,,,,,,,,,,,,,,,,,,,,,,,,,,,,,,,,,,,,,,,,,,,,,,,,,,,,,,,,,,,,,,,,,,,,
96730,,740,360,280,60,670,30,330,400,0,1390,0,0,0,0,70,210,64536,740,65087,580,43992,260,150,0,0,140,1384,140,1196,30,26,150,1711,140,2439,70,2411,180,6622,0,40,310,130,2307,40,1424,70,-187,140,551,20,6,0,0,0,0,0,0,0,0,620,11110,620,10833,130,277,120,3677,21806,0,0,110,1532,0,0,110,419,30,26,120,1040,120,1041,100,1833,0,0,0,0,0,0,80,408,0,0,120,456,620,50076,620,7966,0,0,0,0,270,691,40,6,0,0,30,28,30,7,170,522,0,0,100,332,0,0,0,0,680,8416,80,118,40,12,0,0,0,0,0,0,70,94,50,95,20,15,0,0,560,7276,590,7850,30,26,30,61,210,1178,490,1557,450,1382,0,0
96730,"$1 under $25,000",170,130,20,0,150,30,70,100,0,190,0,0,0,0,20,50,2027,170,2072,110,1287,40,13,0,0,40,95,40,55,0,0,30,81,40,63,0,0,30,318,0,0,0,0,0,0,0,0,0,20,45,0,0,0,0,0,0,0,0,0,0,170,2414,170,2342,40,72,0,0,0,0,0,0,0,0,0,0,0,0,0,0,0,0,0,0,0,0,0,0,0,0,0,0,0,0,0,0,0,60,336,60,35,0,0,0,0,0,0,0,0,0,0,0,0,0,0,0,0,0,0,0,0,0,0,0,0,140,195,50,40,40,12,0,0,0,0,0,0,40,29,0,0,20,15,0,0,50,30,70,59,0,0,0,0,20,10,130,156,120,152,0,0
96730,"$25,000 under $50,000",150,90,30,30,140,0,50,100,0,230,0,0,0,0,20,40,5388,150,5441,110,3882,40,13,0,0,0,0,0,0,0,0,30,376,0,0,40,520,30,678,0,40,310,40,306,0,0,40,-82,30,53,0,0,0,0,0,0,0,0,0,0,140,2298,140,2251,20,47,0,0,0,0,0,20,113,0,0,0,0,0,0,0,0,0,0,0,0,0,0,0,0,0,0,0,0,0,0,30,52,140,2904,140,315,0,0,0,0,70,59,0,0,0,0,30,28,30,7,30,37,0,0,60,128,0,0,0,0,140,571,30,78,0,0,0,0,0,0,0,0,30,65,50,95,0,0,0,0,110,262,120,329,0,0,0,0,30,55,110,296,110,291,0,0
96730,"$50,000 under $75,000",120,70,30,30,110,0,50,70,0,200,0,0,0,0,30,30,7260,120,7341,100,5684,30,4,0,0,20,69,20,49,0,0,30,98,20,77,0,0,50,1655,0,0,0,20,266,0,0,0,0,40,81,20,6,0,0,0,0,0,0,0,0,110,1909,110,1875,30,71,30,742,1966,0,0,0,0,0,0,30,70,0,0,30,200,30,200,20,311,0,0,0,0,0,0,0,0,0,0,30,54,120,5081,120,618,0,0,0,0,40,82,0,0,0,0,0,0,0,0,30,64,0,0,0,0,0,0,0,0,110,729,0,0,0,0,0,0,0,0,0,0,0,0,0,0,0,0,0,0,110,536,110,570,0,0,0,0,30,58,80,217,80,215,0,0
96730,"$75,000 under $100,000",70,30,30,0,70,0,40,40,0,150,0,0,0,0,0,20,5880,70,5880,60,4128,30,3,0,0,0,0,0,0,30,26,0,0,0,0,0,0,0,0,0,0,0,20,452,0,0,0,0,0,0,0,0,0,0,0,0,0,0,0,0,60,1182,60,1145,0,0,0,0,0,0,0,0,0,0,0,0,0,0,0,0,0,0,0,0,0,0,0,0,0,0,0,0,0,0,0,0,0,70,4378,70,583,0,0,0,0,30,83,0,0,0,0,0,0,0,0,20,76,0,0,0,0,0,0,0,0,70,633,0,0,0,0,0,0,0,0,0,0,0,0,0,0,0,0,0,0,60,500,60,532,0,0,0,0,20,60,50,160,40,158,0,0
96730,"$100,000 under $200,000",160,40,110,0,140,0,80,90,0,400,0,0,0,0,0,70,21686,160,21759,130,15829,70,54,0,0,50,165,50,117,0,0,40,190,40,663,30,1891,50,2521,0,0,0,50,1283,40,1424,30,-105,30,73,0,0,0,0,0,0,0,0,0,0,100,2441,100,2367,40,87,50,1683,7619,0,0,50,435,0,0,50,175,30,26,50,490,50,493,50,864,0,0,0,0,0,0,50,238,0,0,30,110,160,17441,160,2636,0,0,0,0,80,258,40,6,0,0,0,0,0,0,60,215,0,0,40,204,0,0,0,0,150,2548,0,0,0,0,0,0,0,0,0,0,0,0,0,0,0,0,0,0,160,2378,160,2476,0,0,0,0,70,346,90,414,100,566,0,0
96730,"$200,000 or more",70,0,60,0,60,0,40,0,0,220,0,0,0,0,0,0,22295,70,22594,70,13182,50,63,0,0,30,1055,30,975,0,0,20,966,40,1636,0,0,20,1450,0,0,0,0,0,0,0,0,0,20,299,0,0,0,0,0,0,0,0,0,0,40,866,40,853,0,0,40,1252,12221,0,0,40,984,0,0,30,174,0,0,40,350,40,348,30,658,0,0,0,0,0,0,30,170,0,0,30,240,70,19936,70,3779,0,0,0,0,50,209,0,0,0,0,0,0,0,0,30,130,0,0,0,0,0,0,0,0,70,3740,0,0,0,0,0,0,0,0,0,0,0,0,0,0,0,0,0,0,70,3570,70,3884,30,26,30,61,40,649,30,314,0,0,0,0
,,,,,,,,,,,,,,,,,,,,,,,,,,,,,,,,,,,,,,,,,,,,,,,,,,,,,,,,,,,,,,,,,,,,,,,,,,,,,,,,,,,,,,,,,,,,,,,,,,,,,,,,,,,,,,,,,,,,,,,,,,,,,,,,,,,,,,,,,,,,,,,,,,,,,,,,,,,,,,,,,,
96731,,1280,590,520,130,1150,50,620,750,0,2740,30,0,30,0,180,340,89654,1280,90333,1050,59205,320,134,0,0,140,956,110,392,60,89,230,3109,140,7834,70,1228,260,7172,30,70,547,180,2906,40,1397,90,477,290,679,40,13,0,0,0,0,0,0,0,0,1100,20549,1100,20094,210,455,160,5765,28430,20,124,150,1575,0,0,140,495,50,42,160,1349,160,1379,140,2476,0,0,0,0,0,0,140,1513,0,0,180,862,1020,63385,1010,9687,0,0,0,0,460,1181,20,2,0,0,50,53,80,17,360,984,0,0,200,644,0,0,0,0,1190,10336,230,570,70,24,60,158,40,143,50,245,180,462,190,414,30,26,0,0,860,8506,950,9472,0,0,0,0,360,1596,860,2714,840,2489,0,0
96731,"$1 under $25,000",370,260,70,30,340,30,160,220,0,540,30,0,30,0,50,100,4342,370,4425,250,3174,70,17,0,0,50,78,40,37,0,0,60,440,30,15,0,0,70,602,30,0,0,20,32,0,0,0,0,70,83,0,0,0,0,0,0,0,0,0,0,360,5636,360,5465,90,171,0,0,0,20,124,0,0,0,0,20,68,0,0,0,0,0,0,0,0,0,0,0,0,0,0,0,0,0,0,0,0,110,541,110,55,0,0,0,0,30,9,0,0,0,0,0,0,0,0,0,0,0,0,60,94,0,0,0,0,310,644,130,290,70,24,30,101,0,0,0,0,100,246,60,92,0,0,0,0,90,45,140,153,0,0,0,0,50,61,270,550,260,546,0,0
96731,"$25,000 under $50,000",330,180,90,50,300,0,140,240,0,670,0,0,0,0,60,50,12373,330,12503,280,10179,50,7,0,0,0,0,0,0,20,30,60,709,30,-19,40,367,40,743,0,50,311,40,302,0,0,50,82,60,130,20,6,0,0,0,0,0,0,0,0,310,5488,310,5416,30,72,40,1070,1960,0,0,30,87,0,0,0,0,0,0,40,233,40,229,0,0,0,0,0,0,0,0,0,0,0,0,60,86,330,6408,320,698,0,0,0,0,140,179,20,2,0,0,30,28,50,14,120,150,0,0,50,156,0,0,0,0,320,1450,100,280,0,0,30,57,40,143,50,245,80,216,90,214,30,26,0,0,240,519,270,686,0,0,0,0,60,115,270,877,270,811,0,0
96731,"$50,000 under $75,000",200,90,70,30,180,20,100,140,0,420,0,0,0,0,40,50,12197,200,12300,180,10355,50,8,0,0,30,14,20,10,0,0,30,280,20,13,0,0,40,771,0,0,0,30,515,0,0,0,0,50,103,0,0,0,0,0,0,0,0,0,0,180,3389,180,3343,20,46,0,0,0,0,0,0,0,0,0,30,100,0,0,0,0,0,0,50,778,0,0,0,0,0,0,50,309,0,0,30,62,200,8290,200,996,0,0,0,0,100,221,0,0,0,0,0,0,30,3,70,198,0,0,20,71,0,0,0,0,190,1117,0,0,0,0,0,0,0,0,0,0,0,0,40,108,0,0,0,0,170,775,180,857,0,0,0,0,50,127,150,385,150,379,0,0
96731,"$75,000 under $100,000",130,30,80,20,110,0,70,60,0,310,0,0,0,0,30,50,10979,130,11071,110,8080,50,20,0,0,0,0,0,0,0,0,30,392,0,0,0,0,30,1072,0,0,0,30,740,0,0,0,0,40,92,0,0,0,0,0,0,0,0,0,0,110,2451,110,2375,30,76,20,610,1752,0,0,20,119,0,0,0,0,0,0,20,149,20,149,0,0,0,0,0,0,0,0,0,0,0,0,30,114,130,7804,130,982,0,0,0,0,50,176,0,0,0,0,20,25,0,0,50,136,0,0,30,100,0,0,0,0,120,956,0,0,0,0,0,0,0,0,0,0,0,0,0,0,0,0,0,0,120,807,120,922,0,0,0,0,60,193,70,225,60,217,0,0
96731,"$100,000 under $200,000",210,30,180,0,180,0,120,90,0,660,0,0,0,0,0,90,28408,210,28679,190,21000,80,33,0,0,60,864,50,345,40,59,50,1288,40,145,30,861,80,3984,0,20,236,60,1317,40,1397,40,395,70,271,20,7,0,0,0,0,0,0,0,0,120,3108,120,3030,40,90,80,3044,11912,0,0,80,679,0,0,90,327,50,42,80,748,80,759,90,1698,0,0,0,0,0,0,90,1204,0,0,40,173,210,22021,210,3176,0,0,0,0,120,476,0,0,0,0,0,0,0,0,120,500,0,0,40,223,0,0,0,0,210,2735,0,0,0,0,0,0,0,0,0,0,0,0,0,0,0,0,0,0,200,2700,200,2807,0,0,0,0,120,488,100,677,100,536,0,0
96731,"$200,000 or more",40,0,30,0,40,0,30,0,0,140,0,0,0,0,0,0,21355,40,21355,40,6417,20,49,0,0,0,0,0,0,0,0,0,0,20,7680,0,0,0,0,0,0,0,0,0,0,0,0,0,0,0,0,0,0,0,0,0,0,0,0,0,20,477,20,465,0,0,20,1041,12806,0,0,20,690,0,0,0,0,0,0,20,219,20,242,0,0,0,0,0,0,0,0,0,0,0,0,20,427,40,18321,40,3780,0,0,0,0,20,120,0,0,0,0,0,0,0,0,0,0,0,0,0,0,0,0,0,0,40,3434,0,0,0,0,0,0,0,0,0,0,0,0,0,0,0,0,0,0,40,3660,40,4047,0,0,0,0,20,612,0,0,0,0,0,0
,,,,,,,,,,,,,,,,,,,,,,,,,,,,,,,,,,,,,,,,,,,,,,,,,,,,,,,,,,,,,,,,,,,,,,,,,,,,,,,,,,,,,,,,,,,,,,,,,,,,,,,,,,,,,,,,,,,,,,,,,,,,,,,,,,,,,,,,,,,,,,,,,,,,,,,,,,,,,,,,,,
96732,,12930,6610,4040,1870,11660,880,7330,7770,100,23360,270,120,150,0,1590,3360,847965,12930,853105,10920,632846,3380,2132,220,0,1480,6869,1350,5158,530,812,1670,22109,1230,25566,850,14909,2520,59358,30,730,2747,1740,28321,350,19982,1000,2553,1700,5140,180,49,30,685,170,1272,140,642,130,132,11800,211006,11800,206216,2390,4790,1130,35426,205291,190,3673,1020,19402,100,121,930,1646,310,201,1120,7825,1120,7855,940,16526,20,229,80,166,20,187,850,5398,50,791,1410,6549,10680,605699,10650,96525,0,0,60,120,4660,10028,370,109,230,115,450,503,960,192,3540,7720,200,942,1210,3695,150,1070,160,1116,12060,107594,1760,3927,420,151,690,1466,410,1384,250,924,1500,3483,1320,2540,380,311,60,77,9430,86498,9920,91473,140,148,160,494,3300,10928,9010,26840,8830,22030,230,3114
96732,"$1 under $25,000",3410,2620,370,350,3020,260,1710,2020,0,4060,180,60,120,0,480,1140,40605,3410,41052,2250,29444,700,167,30,0,240,404,220,269,0,0,440,2672,200,77,200,1138,660,5503,30,90,374,250,590,30,120,160,333,400,447,0,0,0,0,30,90,0,0,0,0,3350,49063,3350,47170,970,1893,60,1500,777,40,605,30,55,40,22,30,43,0,0,60,122,60,124,30,503,0,0,0,0,0,0,30,59,0,0,120,92,1220,6636,1200,655,0,0,0,0,360,118,0,0,0,0,60,29,140,26,150,57,0,0,350,496,60,537,60,490,2670,5147,880,1974,420,151,270,843,140,684,60,295,760,1760,410,635,80,70,30,49,950,537,1250,1055,0,0,0,0,330,285,2480,4372,2470,4312,30,48
96732,"$25,000 under $50,000",3650,2140,520,820,3340,220,1920,2660,40,6070,60,30,30,0,620,630,137451,3650,138122,3360,123077,530,232,20,0,190,305,170,203,80,84,340,3307,160,103,110,1018,400,5676,0,190,1025,370,2760,40,148,140,-8,350,671,30,8,0,0,30,93,50,176,50,58,3520,58126,3520,57283,420,844,130,2858,5002,50,678,110,332,0,0,80,110,50,30,120,441,120,483,80,1183,20,229,0,0,0,0,90,443,0,0,280,490,3600,76122,3590,8312,0,0,30,9,1530,1861,50,2,50,22,140,142,630,131,1090,1535,30,28,240,631,60,379,60,364,3580,13503,840,1923,0,0,420,623,270,700,160,606,710,1700,680,1443,100,75,30,28,2860,6451,2990,7131,0,0,0,0,670,737,2950,7099,2940,7081,0,0
96732,"$50,000 under $75,000",2360,1170,660,420,2140,150,1370,1510,30,4250,30,30,0,0,270,530,143150,2360,143871,2160,123015,570,219,30,0,250,467,240,312,90,127,270,3146,210,379,130,1697,390,7480,0,160,542,370,5976,40,384,160,-165,310,721,40,11,0,0,40,248,40,155,30,26,2200,39949,2200,39248,360,702,160,4135,9663,50,903,140,590,30,36,130,166,50,34,160,784,160,781,130,2157,0,0,0,0,0,0,110,447,0,0,270,673,2350,98627,2350,11797,0,0,30,111,910,1870,60,5,20,10,60,75,190,35,720,1663,30,75,200,566,30,154,40,262,2320,13267,40,30,0,0,0,0,0,0,30,23,30,23,170,338,40,31,0,0,2170,9927,2210,10546,0,0,0,0,670,1173,1680,3876,1660,3782,30,48
96732,"$75,000 under $100,000",1370,400,790,150,1210,110,880,690,0,3090,0,0,0,0,110,410,118679,1370,119279,1240,96866,470,241,30,0,210,488,180,336,110,165,180,2533,160,576,130,1667,350,9061,0,120,414,280,5995,30,524,160,344,200,600,30,7,0,0,0,0,20,93,20,19,1200,26268,1200,25728,270,539,170,4567,15158,0,0,160,910,0,0,150,238,50,24,170,1117,170,1106,150,2443,0,0,0,0,20,187,130,620,0,0,200,592,1370,87259,1370,11287,0,0,0,0,600,1660,60,3,30,15,50,70,0,0,530,1415,40,137,130,442,0,0,0,0,1360,11132,0,0,0,0,0,0,0,0,0,0,0,0,40,66,50,41,0,0,1330,9627,1340,10143,0,0,0,0,580,1361,800,2329,770,2201,30,82
96732,"$100,000 under $200,000",1810,240,1430,130,1640,140,1200,790,30,4980,0,0,0,0,110,520,240681,1810,241918,1620,186510,870,457,70,0,420,1474,380,1057,250,436,350,4439,340,2692,220,5714,610,23805,0,170,392,380,10443,120,3550,300,566,350,1237,80,23,30,685,40,430,30,218,30,29,1350,33145,1350,32472,310,672,460,15444,64063,50,1487,440,3994,30,63,400,657,130,94,460,3927,460,3946,410,7289,0,0,80,166,0,0,360,2219,50,791,380,1764,1810,190329,1810,27684,0,0,0,0,1060,3476,120,20,100,53,140,187,0,0,920,2669,80,486,230,972,0,0,0,0,1800,25725,0,0,0,0,0,0,0,0,0,0,0,0,20,58,110,94,0,0,1790,24209,1800,25373,0,0,0,0,870,3527,940,3823,880,3520,80,303
96732,"$200,000 or more",330,40,270,0,310,0,250,100,0,910,0,0,0,0,0,130,167399,330,168863,290,73934,240,816,40,0,170,3731,160,2981,0,0,90,6012,160,21739,60,3675,110,7833,0,0,0,90,2557,90,15256,80,1483,90,1464,0,0,0,0,30,411,0,0,0,0,180,4455,180,4315,60,140,150,6922,110628,0,0,140,13521,0,0,140,432,30,19,150,1434,150,1415,140,2951,0,0,0,0,0,0,130,1610,0,0,160,2938,330,146726,330,36790,0,0,0,0,200,1043,80,79,30,15,0,0,0,0,130,381,20,216,60,588,0,0,0,0,330,38820,0,0,0,0,0,0,0,0,0,0,0,0,0,0,0,0,0,0,330,35747,330,37225,140,148,160,494,180,3845,160,5341,110,1134,60,2633
,,,,,,,,,,,,,,,,,,,,,,,,,,,,,,,,,,,,,,,,,,,,,,,,,,,,,,,,,,,,,,,,,,,,,,,,,,,,,,,,,,,,,,,,,,,,,,,,,,,,,,,,,,,,,,,,,,,,,,,,,,,,,,,,,,,,,,,,,,,,,,,,,,,,,,,,,,,,,,,,,,
96734,,22220,10510,9730,1390,20190,1020,11220,11760,420,42070,280,110,170,0,1890,7330,2676904,22220,2709440,16940,1595187,10180,18047,1680,0,7990,65071,7560,48322,960,1615,4070,104832,7010,208532,3630,113507,5710,247397,60,600,4524,4710,111222,1750,205520,2920,22476,4950,32536,560,164,350,10769,830,7297,420,2041,520,469,18140,341918,18140,331642,4760,10277,4070,151697,1068799,630,15205,3390,77303,610,866,3650,19015,760,597,4040,34856,4060,34958,3460,63497,70,1137,650,513,230,2901,3150,25374,150,4926,5290,40230,19430,2164024,19270,410907,50,1019,190,446,9370,28050,2970,3703,990,642,1000,1058,1720,452,5200,13746,680,4637,3150,16427,330,2121,360,2396,20970,426990,1630,3108,550,184,520,1099,330,1059,230,766,1330,2616,1430,2790,640,532,150,245,17810,382857,18560,409546,1460,2440,1850,6764,6400,61563,15020,78079,13730,51224,1680,26657
96734,"$1 under $25,000",4160,3450,370,250,3630,270,1830,2200,50,4220,160,60,100,0,350,1230,47260,4160,48371,2600,32182,1080,533,110,0,770,1686,710,1135,30,44,750,4536,650,592,370,2323,660,6393,0,80,556,340,809,110,-265,210,117,730,1111,20,6,20,101,80,365,30,110,40,53,4000,53526,4000,51679,960,1848,160,4298,1942,120,1878,50,414,90,51,120,554,0,0,160,753,160,750,100,1435,0,0,30,4,0,0,90,191,0,0,220,130,1490,8097,1400,798,0,0,0,0,430,122,70,3,0,0,90,43,210,45,70,21,0,0,630,896,90,673,90,640,3230,5552,890,1506,550,184,190,565,80,404,70,353,670,1195,300,488,120,100,60,63,1200,676,1720,1623,0,0,0,0,520,481,2930,4404,2860,4077,90,327
96734,"$25,000 under $50,000",4140,2650,940,350,3800,160,1670,2880,70,6410,90,50,40,0,620,920,153596,4140,155366,3380,121628,1060,504,100,0,750,2043,700,1382,50,57,540,4819,650,1038,350,3949,640,12734,30,120,920,680,5868,130,1265,240,434,690,1770,60,16,0,0,90,397,90,322,110,95,3960,66579,3960,65241,660,1338,180,4711,6669,80,1732,110,563,60,49,120,462,40,18,170,868,180,872,110,1588,20,237,0,0,0,0,110,354,0,0,570,917,4050,82316,4010,8838,0,0,50,24,1770,1592,220,22,90,44,250,244,1020,306,720,940,40,35,380,1085,100,614,90,524,4000,15569,650,1529,0,0,330,534,220,636,100,359,580,1355,610,1254,140,102,50,122,3270,7246,3390,8372,0,0,0,0,800,1013,3310,8196,3220,7691,110,308
96734,"$50,000 under $75,000",3320,1780,1160,260,3050,110,1480,2100,60,6160,30,0,30,0,430,930,204633,3320,207014,2660,154422,1200,783,160,0,910,3069,860,2118,90,121,490,6069,760,2309,410,5642,710,20561,0,100,887,680,11995,130,1019,330,-187,740,2381,110,31,30,364,80,533,100,375,140,121,3030,56003,3030,54749,620,1254,290,8198,18717,100,2228,200,1008,80,80,250,1031,60,42,290,1864,290,1859,230,3123,0,0,30,9,30,28,200,739,30,381,600,1278,3310,139550,3290,16659,0,0,40,48,1400,2831,290,35,120,72,200,215,490,101,870,2211,60,161,360,1222,60,395,60,414,3260,20898,90,73,0,0,0,0,30,19,60,54,80,66,360,721,100,81,40,60,2910,13828,2980,15100,0,0,0,0,810,1601,2490,7371,2380,6732,150,638
96734,"$75,000 under $100,000",2320,1030,1050,180,2130,90,1240,1310,40,4500,0,0,0,0,190,900,200766,2320,203598,1730,133692,1160,1192,170,0,870,3529,810,2314,170,236,400,6996,710,1842,460,9094,730,27565,0,90,776,680,15624,130,919,370,1501,510,2832,70,20,30,402,80,644,40,250,80,61,1890,38714,1890,37475,580,1240,420,12432,37177,100,2177,330,2357,90,96,380,1542,90,60,420,3208,420,3171,350,5300,0,0,60,27,0,0,330,1379,0,0,570,1589,2310,148225,2300,19998,0,0,30,82,950,2365,290,49,110,75,120,139,0,0,620,1840,60,209,290,1259,40,257,40,347,2280,22961,0,0,0,0,0,0,0,0,0,0,0,0,60,103,70,60,0,0,2240,17633,2260,18976,0,0,0,0,720,2051,1590,6001,1470,5169,160,832
96734,"$100,000 under $200,000",5130,1200,3570,270,4690,230,2910,2340,110,12100,0,0,0,0,240,2150,718692,5130,725742,3980,457756,3180,3763,540,0,2570,15259,2440,10956,450,776,1040,23474,2200,13756,1280,37014,1880,100848,0,160,1066,1570,48714,470,11988,1020,7158,1310,7050,210,66,90,1703,210,1634,130,731,150,139,3740,88798,3740,85614,1350,3184,1390,46228,202966,170,4133,1190,12213,180,272,1270,5572,280,219,1380,12358,1390,12321,1210,21498,20,346,230,155,50,467,1050,6284,40,546,1710,7046,5120,577252,5120,87954,0,0,50,159,2740,8101,1010,228,340,244,340,417,0,0,1800,5364,260,1548,780,4100,40,182,60,321,5080,91123,0,0,0,0,0,0,0,0,0,0,0,0,70,175,210,189,0,0,5050,79853,5070,84248,50,13,20,5,2050,9317,3060,16035,2700,13298,480,2737
96734,"$200,000 or more",3150,400,2640,80,2890,160,2090,930,90,8680,0,0,0,0,60,1200,1351957,3150,1369349,2590,695507,2500,11272,600,0,2120,39485,2040,30417,170,381,850,58938,2040,188995,760,55485,1090,79296,30,50,319,760,28212,780,190594,750,13453,970,17392,90,25,180,8199,290,3724,30,253,0,0,1520,38298,1520,36884,590,1413,1630,75830,801328,60,3057,1510,60748,110,318,1510,9854,290,258,1620,15805,1620,15985,1460,30553,30,554,300,318,150,2406,1370,16427,80,3999,1620,29270,3150,1208584,3150,276660,50,1019,20,133,2080,13039,1090,3366,330,207,0,0,0,0,1120,3370,260,2684,710,7865,0,0,20,150,3120,270887,0,0,0,0,0,0,0,0,0,0,0,0,30,49,0,0,0,0,3140,263621,3140,281227,1410,2427,1830,6759,1500,47100,1640,36072,1100,14257,690,21815
,,,,,,,,,,,,,,,,,,,,,,,,,,,,,,,,,,,,,,,,,,,,,,,,,,,,,,,,,,,,,,,,,,,,,,,,,,,,,,,,,,,,,,,,,,,,,,,,,,,,,,,,,,,,,,,,,,,,,,,,,,,,,,,,,,,,,,,,,,,,,,,,,,,,,,,,,,,,,,,,,,
96738,,3630,1690,1490,370,3370,140,1970,1920,60,6780,40,0,40,0,410,1320,322283,3630,326510,2700,195838,1310,2408,190,0,920,6823,840,4356,150,217,780,15227,840,25924,500,13103,870,30356,0,210,1325,800,16618,250,15625,290,-126,780,4227,50,17,30,940,150,1057,100,643,60,52,3110,59728,3110,57950,850,1780,520,15464,81327,130,1852,440,5499,70,87,470,1734,150,129,520,4026,520,4009,460,6609,0,0,40,80,0,0,360,1957,0,0,750,4794,3090,247001,3070,40150,0,0,90,144,1250,3217,280,244,70,36,90,101,170,36,800,1847,110,455,570,2470,140,1146,160,1239,3330,40877,390,956,100,33,120,271,90,316,80,335,330,817,320,690,80,70,50,48,2780,36934,2960,40336,100,112,130,720,1180,7648,2280,8059,2180,6920,140,1129
96738,"$1 under $25,000",780,560,110,90,710,30,390,460,0,1040,40,0,40,0,110,270,9095,780,9444,460,5911,200,100,0,0,130,415,120,258,0,0,170,1056,110,75,70,510,120,946,0,40,257,70,155,20,142,40,93,140,349,0,0,0,0,40,217,30,149,0,0,750,11330,750,10942,200,388,30,913,499,20,217,0,0,0,0,30,76,0,0,30,135,30,127,30,303,0,0,0,0,0,0,0,0,0,0,40,37,260,1275,250,122,0,0,0,0,70,22,0,0,0,0,0,0,40,8,30,9,0,0,130,203,40,342,40,336,600,1361,220,513,100,33,60,182,40,188,0,0,180,444,110,188,30,27,0,0,200,100,310,310,0,0,0,0,100,99,550,1140,540,1126,20,36
96738,"$25,000 under $50,000",740,460,160,100,700,20,350,480,30,1280,0,0,0,0,150,210,27894,740,28208,580,20770,170,147,50,0,130,501,120,322,0,0,140,1744,110,289,70,879,120,1848,0,50,440,140,1312,20,143,40,-10,140,314,0,0,0,0,0,0,0,0,0,0,700,11950,700,11667,140,283,40,861,1522,40,397,40,149,40,32,30,84,0,0,40,210,40,210,30,321,0,0,0,0,0,0,40,139,0,0,120,197,720,14910,710,1588,0,0,40,42,270,299,40,2,0,0,30,21,90,20,170,236,0,0,100,294,40,335,40,319,690,2805,170,443,0,0,60,89,50,128,80,335,150,373,140,320,0,0,50,48,560,1289,600,1587,0,0,0,0,170,287,550,1498,540,1467,0,0
96738,"$50,000 under $75,000",610,320,180,90,580,40,320,370,0,1090,0,0,0,0,60,210,37832,610,38312,500,28292,190,273,0,0,130,432,120,271,40,55,100,1204,110,146,70,1245,140,3361,0,40,235,140,2384,30,448,30,15,120,480,30,10,0,0,40,211,30,248,40,36,540,10065,540,9787,140,279,70,1537,4334,0,0,60,250,0,0,60,195,40,72,70,426,70,419,60,646,0,0,0,0,0,0,40,172,0,0,110,259,610,26044,610,3156,0,0,0,0,230,462,40,4,30,13,30,37,40,8,160,374,40,76,80,255,20,219,30,241,590,3606,0,0,0,0,0,0,0,0,0,0,0,0,70,182,20,19,0,0,560,2694,570,2965,0,0,0,0,190,487,410,1120,410,1100,20,54
96738,"$75,000 under $100,000",420,160,210,40,380,0,210,200,0,810,0,0,0,0,40,170,36321,420,36732,330,25151,160,180,20,0,110,571,100,382,40,73,90,1642,110,439,70,1679,120,3384,0,20,112,120,2744,30,507,30,35,90,411,0,0,0,0,0,0,0,0,0,0,340,7218,340,7010,100,208,80,2240,6987,20,318,70,535,0,0,70,179,30,12,80,550,80,546,70,902,0,0,0,0,0,0,50,231,0,0,110,401,420,26552,420,3538,0,0,20,41,160,389,40,3,0,0,0,0,0,0,110,276,0,0,60,277,20,128,20,169,400,3611,0,0,0,0,0,0,0,0,0,0,0,0,0,0,0,0,0,0,400,3149,410,3437,0,0,0,0,180,593,240,756,230,721,0,0
96738,"$100,000 under $200,000",820,160,620,50,760,50,500,340,30,1910,0,0,0,0,50,350,112419,820,113905,630,70535,410,789,80,0,290,2227,270,1519,70,89,200,5377,260,2760,170,5282,290,15306,0,60,281,250,7466,80,2720,100,63,210,1486,20,7,30,940,40,318,40,246,20,16,630,15455,630,14963,210,492,190,6058,27382,50,920,170,1725,30,55,180,587,50,27,190,1674,190,1678,170,2641,0,0,40,80,0,0,140,802,0,0,250,1450,820,89514,820,13212,0,0,30,61,390,1088,110,18,40,23,30,43,0,0,260,717,50,220,140,833,20,122,30,174,800,12982,0,0,0,0,0,0,0,0,0,0,0,0,0,0,30,24,0,0,810,12125,810,13004,0,0,0,0,390,2008,420,1955,380,1588,60,367
96738,"$200,000 or more",260,30,210,0,240,0,200,70,0,650,0,0,0,0,0,110,98722,260,99909,200,45179,180,919,40,0,130,2677,110,1604,0,0,80,4204,140,22215,50,3508,80,5511,0,0,0,80,2557,70,11665,50,-322,80,1187,0,0,0,0,30,311,0,0,0,0,150,3710,150,3581,60,130,110,3855,40603,0,0,100,2840,0,0,100,613,30,18,110,1031,110,1029,100,1796,0,0,0,0,0,0,90,613,0,0,120,2450,260,88706,260,18534,0,0,0,0,130,957,50,217,0,0,0,0,0,0,70,235,20,159,60,608,0,0,0,0,250,16512,0,0,0,0,0,0,0,0,0,0,0,0,0,0,0,0,0,0,250,17577,260,19033,100,112,130,720,150,4174,110,1590,80,918,40,672
,,,,,,,,,,,,,,,,,,,,,,,,,,,,,,,,,,,,,,,,,,,,,,,,,,,,,,,,,,,,,,,,,,,,,,,,,,,,,,,,,,,,,,,,,,,,,,,,,,,,,,,,,,,,,,,,,,,,,,,,,,,,,,,,,,,,,,,,,,,,,,,,,,,,,,,,,,,,,,,,,,
96740,,15550,7850,5690,1590,14420,590,8010,8170,220,27940,310,60,250,30,1990,5120,1356150,15550,1375260,11470,727839,5380,12186,790,0,3620,51943,3410,38595,570,838,3630,83321,3480,141796,2050,65152,3210,118543,140,630,4358,3160,63434,1270,80397,1540,10963,3880,19110,280,81,170,3943,720,5063,430,2387,240,225,13440,249352,13440,242249,3350,7101,2110,76208,420326,580,10040,1720,30221,310,441,1860,10393,530,312,2100,16350,2100,16395,1720,27216,50,493,170,96,110,1747,1440,16121,100,2261,3320,23392,12780,1030833,12700,174649,30,448,280,603,5070,12687,1180,1099,240,130,350,388,840,184,3100,6947,350,1911,2920,12219,570,4410,620,4850,14230,188344,2210,5036,670,229,710,1667,500,1837,330,1303,1760,4062,1590,3284,270,234,220,329,11330,161959,12460,179499,450,601,710,4101,4860,34175,9980,42494,9380,32112,780,10360
96740,"$1 under $25,000",4030,2870,610,450,3680,180,1800,2270,40,5540,180,30,150,30,600,1200,48576,4030,50090,2440,31097,850,489,70,0,520,1529,480,974,30,20,1090,8495,440,263,280,1880,530,4908,0,130,896,300,764,130,-172,190,205,1010,1514,0,0,0,0,120,449,40,161,40,40,3890,60488,3890,58634,930,1854,140,3475,1667,100,1611,50,282,60,50,100,331,30,12,130,477,130,489,90,1107,0,0,0,0,0,0,70,179,0,0,250,219,1340,7241,1330,714,0,0,30,7,410,144,20,1,0,0,40,25,150,28,200,82,0,0,930,1422,190,1593,200,1547,3150,7024,1370,3044,670,229,380,1172,210,1035,110,608,1060,2481,630,1011,70,60,80,91,1030,569,1810,2010,0,0,0,0,640,724,2770,5727,2730,5528,60,177
96740,"$25,000 under $50,000",3670,2230,720,600,3440,110,1630,2390,60,6190,70,30,40,0,740,780,137006,3670,139231,3040,107557,700,518,80,0,450,1705,420,1049,70,70,720,10972,440,492,250,3143,420,6995,40,180,1378,550,4483,140,1187,230,915,740,2225,50,12,0,0,110,512,100,439,60,68,3500,58995,3500,57920,530,1074,170,4172,6730,80,846,120,478,40,37,130,454,40,13,170,828,170,859,120,1606,20,196,0,0,0,0,90,338,20,474,640,1347,3600,72717,3560,7828,0,0,70,41,1360,1546,120,24,40,15,110,105,530,125,870,1223,50,45,570,1867,180,1382,180,1378,3470,13920,780,1951,0,0,330,495,270,790,180,666,650,1550,690,1609,60,47,90,110,2800,6281,3020,8204,0,0,0,0,900,1556,2720,7246,2670,6814,70,432
96740,"$50,000 under $75,000",2480,1380,720,280,2320,90,1170,1430,50,4360,30,0,30,0,380,720,152467,2480,154275,2050,114587,730,733,90,0,470,2513,450,1624,110,140,460,7600,440,1684,270,4251,470,10629,30,110,592,520,9090,120,1444,200,675,590,1808,90,26,50,424,80,382,90,429,90,74,2220,40090,2220,39135,470,954,260,6760,16561,90,1303,220,1165,30,38,220,710,70,35,260,1572,260,1587,200,2621,0,0,50,9,0,0,170,871,20,495,490,1483,2470,104316,2460,12465,0,0,60,101,850,1701,140,12,30,17,70,75,160,31,600,1457,40,93,360,1392,100,831,100,875,2400,14535,60,41,0,0,0,0,20,12,40,29,50,31,200,479,40,38,30,89,2240,10764,2320,12220,0,0,0,0,800,1981,1660,4263,1610,4011,80,252
96740,"$75,000 under $100,000",1500,570,760,130,1380,60,840,700,0,2950,30,0,30,0,130,610,129876,1500,131610,1130,82635,630,744,80,0,430,2590,410,1804,120,173,350,6947,370,2007,290,5951,440,15443,0,80,580,460,10640,110,2296,180,930,370,1734,40,12,0,0,70,481,60,352,0,0,1220,26196,1220,25345,390,851,280,8121,23956,100,1662,230,1343,40,49,250,810,70,31,280,1965,280,1958,220,3166,0,0,0,0,0,0,180,995,0,0,400,1599,1500,94261,1490,12315,0,0,40,61,550,1307,150,34,30,18,40,53,0,0,380,1065,40,108,260,1186,50,329,50,375,1450,13609,0,0,0,0,0,0,0,0,0,0,0,0,30,85,30,24,20,39,1450,11007,1470,12250,0,0,0,0,640,2000,850,3325,790,2972,80,353
96740,"$100,000 under $200,000",2650,580,1920,100,2450,100,1630,1050,30,6060,0,0,0,0,140,1210,362127,2650,367231,1930,206308,1520,2643,260,0,1030,10877,970,7645,190,290,680,17797,1000,12294,650,22275,940,50313,40,130,912,890,25126,340,12426,440,4094,740,5104,80,24,50,1157,180,1365,100,665,50,43,1950,47339,1950,45659,730,1680,700,22808,98906,160,3492,580,5826,100,182,640,2960,180,96,700,6058,700,6065,610,9453,30,297,60,50,50,145,480,2960,20,372,920,5691,2650,286371,2640,42204,0,0,60,239,1260,3714,420,180,90,49,90,130,0,0,780,2323,130,776,520,3084,50,275,70,507,2570,42609,0,0,0,0,0,0,0,0,0,0,0,0,40,100,70,65,0,0,2590,38490,2620,41744,40,11,0,0,1240,6805,1400,7552,1210,5989,240,1563
96740,"$200,000 or more",1220,220,960,30,1150,50,940,330,40,2840,0,0,0,0,0,600,526098,1220,532823,880,185655,950,7059,210,0,720,32729,680,25499,50,145,330,31510,790,125056,310,27652,410,30255,30,0,0,440,13331,430,63216,300,4144,430,6725,20,7,70,2362,160,1874,40,341,0,0,660,16244,660,15556,300,688,560,30872,272506,50,1126,520,21127,40,85,520,5128,140,125,560,5450,560,5437,480,9263,0,0,60,37,60,1602,450,10778,40,920,620,13053,1220,465927,1220,99123,30,448,20,154,640,4275,330,848,50,31,0,0,0,0,270,797,90,889,280,3268,0,0,20,168,1190,96647,0,0,0,0,0,0,0,0,0,0,0,0,0,0,0,0,0,0,1220,94848,1220,103071,410,590,710,4101,640,21109,580,14381,370,6798,250,7583
,,,,,,,,,,,,,,,,,,,,,,,,,,,,,,,,,,,,,,,,,,,,,,,,,,,,,,,,,,,,,,,,,,,,,,,,,,,,,,,,,,,,,,,,,,,,,,,,,,,,,,,,,,,,,,,,,,,,,,,,,,,,,,,,,,,,,,,,,,,,,,,,,,,,,,,,,,,,,,,,,,
96741,,2710,1380,1070,230,2500,120,1440,1390,30,4930,50,0,50,0,240,980,261255,2710,264312,2030,153538,1220,1334,150,0,710,6171,660,4122,110,194,510,9560,650,14677,400,10101,690,24890,40,110,468,620,12816,190,26828,320,1478,570,3057,70,18,30,687,100,844,50,327,40,26,2330,43541,2330,42062,710,1481,380,12477,76390,70,754,330,5541,30,41,350,1337,100,55,380,3144,380,3140,330,5523,0,0,30,8,0,0,290,2418,0,0,550,5659,2290,202854,2280,35949,0,0,30,63,950,2608,220,81,60,29,90,107,110,23,590,1574,60,467,380,1746,60,452,70,495,2520,36263,230,436,80,31,70,130,60,180,0,0,190,372,170,327,60,57,30,29,2100,33339,2220,35733,100,152,140,361,840,5843,1760,6257,1640,5016,130,1163
96741,"$1 under $25,000",620,500,80,40,560,50,280,320,0,680,50,0,50,0,70,230,6875,620,6988,380,4669,190,97,0,0,90,375,80,175,0,0,110,571,70,55,50,291,110,929,20,0,0,50,105,30,441,40,-56,100,113,0,0,0,0,30,87,0,0,20,16,600,8645,600,8291,180,354,0,0,0,0,0,30,129,0,0,30,86,0,0,0,0,0,0,30,368,0,0,0,0,0,0,0,0,0,0,30,13,210,1048,200,102,0,0,0,0,60,16,30,1,20,8,0,0,20,5,0,0,0,0,80,111,20,200,40,335,470,1097,140,241,80,31,30,84,0,0,0,0,110,202,50,67,0,0,30,29,170,85,240,199,0,0,0,0,70,57,430,955,420,931,20,34
96741,"$25,000 under $50,000",560,380,90,70,540,0,260,370,0,830,0,0,0,0,70,150,20855,560,21129,450,16241,160,104,40,0,70,210,70,130,30,39,70,703,60,162,50,620,110,1692,0,40,209,100,833,0,0,30,98,90,274,0,0,0,0,0,0,30,130,0,0,540,8808,540,8593,110,215,40,857,1090,0,0,0,0,0,0,0,0,0,0,40,192,40,197,0,0,0,0,0,0,0,0,0,0,0,0,60,120,550,11513,550,1241,0,0,0,0,180,188,0,0,0,0,30,29,90,18,110,148,0,0,50,145,40,252,0,0,550,2042,90,195,0,0,40,46,60,180,0,0,80,170,70,143,40,32,0,0,470,1053,490,1206,0,0,0,0,120,129,440,963,430,929,0,0
96741,"$50,000 under $75,000",400,230,100,60,360,20,200,230,0,690,0,0,0,0,40,130,24649,400,24856,320,17941,160,94,0,0,80,281,70,188,0,0,70,811,70,264,60,844,90,2281,0,20,103,100,1823,30,309,40,16,70,207,40,11,0,0,20,159,0,0,0,0,360,6443,360,6244,100,199,40,1099,2620,40,486,30,139,0,0,40,138,30,14,40,273,40,281,40,477,0,0,0,0,0,0,50,152,0,0,70,170,400,16958,400,2031,0,0,30,63,140,295,30,2,0,0,30,29,0,0,100,253,0,0,50,156,0,0,30,160,390,2344,0,0,0,0,0,0,0,0,0,0,0,0,30,55,0,0,0,0,360,1735,380,1897,0,0,0,0,130,255,270,698,260,668,0,0
96741,"$75,000 under $100,000",300,110,160,30,270,20,170,160,30,640,0,0,0,0,30,120,25795,300,26035,220,16836,160,164,20,0,90,459,80,309,20,44,60,1110,80,280,60,1027,100,3282,0,20,83,100,2253,0,0,50,300,60,240,0,0,0,0,0,0,0,0,20,10,250,5406,250,5211,90,195,50,1302,4226,0,0,40,268,0,0,40,116,0,0,50,337,50,333,40,602,0,0,0,0,0,0,30,169,0,0,80,223,300,18856,300,2474,0,0,0,0,130,340,20,2,0,0,0,0,0,0,100,275,0,0,40,184,0,0,0,0,290,2614,0,0,0,0,0,0,0,0,0,0,0,0,20,62,0,0,0,0,280,2133,290,2334,0,0,0,0,100,357,200,631,180,573,20,35
96741,"$100,000 under $200,000",580,120,440,30,540,30,350,240,0,1450,0,0,0,0,30,240,80968,580,81942,460,52287,350,405,50,0,230,1988,210,1542,40,57,120,2961,210,2342,130,3546,200,9936,20,30,73,190,5465,60,1461,110,865,160,974,30,7,30,687,30,311,20,197,0,0,450,10878,450,10487,170,392,130,4220,19495,30,268,120,1289,30,41,130,439,40,23,130,1211,130,1203,120,2023,0,0,30,8,0,0,110,650,0,0,170,805,580,65055,580,9631,0,0,0,0,300,993,80,16,40,21,30,49,0,0,210,684,60,467,90,528,0,0,0,0,570,9352,0,0,0,0,0,0,0,0,0,0,0,0,0,0,20,25,0,0,570,8638,570,9204,0,0,0,0,280,1300,300,1428,270,1164,40,264
96741,"$200,000 or more",250,40,200,0,230,0,180,70,0,640,0,0,0,0,0,110,102113,250,103362,200,45564,200,470,40,0,150,2858,150,1778,20,54,80,3404,160,11574,50,3773,80,6770,0,0,0,80,2337,70,24617,50,255,90,1249,0,0,0,0,20,287,0,0,0,0,130,3361,130,3236,60,126,120,4999,48959,0,0,110,3716,0,0,110,558,30,18,120,1131,120,1126,100,2053,0,0,0,0,0,0,100,1447,0,0,140,4328,250,89424,250,20470,0,0,0,0,140,776,60,60,0,0,0,0,0,0,70,214,0,0,70,622,0,0,0,0,250,18814,0,0,0,0,0,0,0,0,0,0,0,0,0,0,0,0,0,0,250,19695,250,20893,100,152,140,361,140,3745,120,1582,80,751,50,830
,,,,,,,,,,,,,,,,,,,,,,,,,,,,,,,,,,,,,,,,,,,,,,,,,,,,,,,,,,,,,,,,,,,,,,,,,,,,,,,,,,,,,,,,,,,,,,,,,,,,,,,,,,,,,,,,,,,,,,,,,,,,,,,,,,,,,,,,,,,,,,,,,,,,,,,,,,,,,,,,,,
96743,,6280,3000,2370,760,5680,340,3410,3210,70,11610,170,0,170,0,640,2140,728097,6280,740127,4680,355496,2240,7589,430,0,1600,33538,1490,26111,270,359,1400,44606,1460,119716,780,27472,1330,47592,160,280,1904,1270,27404,570,60041,640,8118,1500,12030,180,52,100,4375,320,2694,170,942,100,88,5370,100002,5370,97129,1360,2873,920,33813,299346,250,4034,770,24718,130,205,820,5491,190,99,910,7537,920,7608,730,11807,0,0,100,56,90,1545,690,6723,40,297,1330,13759,5210,589183,5150,114146,20,237,90,221,2260,7045,580,1055,150,80,150,185,290,60,1470,3442,140,940,1100,5970,140,969,160,1130,5800,124061,720,1608,210,70,240,535,160,539,110,463,580,1337,540,1043,120,110,60,92,4690,107099,5040,117488,240,576,390,3633,1810,15089,4160,26957,3790,13131,480,13670
96743,"$1 under $25,000",1520,1110,200,170,1350,90,670,850,20,1950,100,0,100,0,170,530,17110,1520,17676,900,10851,320,140,50,0,200,750,190,511,0,0,330,2789,190,322,90,700,260,2124,30,30,250,120,298,40,-263,90,7,320,566,0,0,0,0,50,198,0,0,30,29,1470,22005,1470,21189,410,816,50,1155,519,40,384,0,0,30,19,40,160,0,0,40,219,50,221,30,322,0,0,0,0,0,0,30,20,0,0,70,58,480,2370,460,230,0,0,30,12,130,37,0,0,20,11,0,0,50,10,50,15,0,0,290,472,50,377,50,349,1170,2674,440,989,210,70,120,365,60,277,50,277,350,815,190,310,20,23,30,45,370,192,630,667,0,0,0,0,200,198,1060,2201,1040,2089,30,43
96743,"$25,000 under $50,000",1280,790,210,240,1170,60,580,820,0,2080,30,0,30,0,210,290,48150,1280,48766,1040,38001,260,195,30,0,180,864,160,513,40,26,210,2685,160,444,80,906,170,2946,20,70,621,210,1742,40,216,50,226,220,616,0,0,0,0,30,168,50,230,0,0,1210,20011,1210,19622,190,389,70,1681,2606,40,462,60,296,20,14,50,219,0,0,70,370,70,372,50,647,0,0,20,4,0,0,50,181,0,0,180,319,1250,26284,1230,2814,0,0,0,0,470,588,50,4,0,0,50,47,180,39,320,480,0,0,160,462,40,225,40,202,1210,4970,280,619,0,0,120,170,100,262,60,186,230,522,230,451,20,15,30,47,980,2226,1030,2704,0,0,0,0,280,407,970,2667,940,2505,30,162
96743,"$50,000 under $75,000",1020,530,290,170,930,40,530,610,30,1850,40,0,40,0,130,290,62916,1020,63759,850,49058,270,311,30,0,180,1015,170,742,60,77,190,2329,140,558,100,1540,180,4625,40,50,372,200,3285,50,765,70,-3,210,843,60,16,0,0,60,381,50,169,20,13,920,16604,920,16239,180,365,110,2942,6838,40,687,90,429,30,41,90,324,40,21,110,664,110,672,80,1183,0,0,0,0,0,0,60,329,0,0,180,533,1020,42867,1010,5092,0,0,30,62,390,791,60,7,40,20,30,43,60,11,290,677,40,79,130,555,20,141,20,176,1000,6380,0,0,0,0,0,0,0,0,0,0,0,0,80,190,40,35,0,0,930,4301,950,4884,0,0,0,0,260,598,760,2084,730,1885,40,112
96743,"$75,000 under $100,000",660,250,300,90,600,30,360,330,0,1340,0,0,0,0,70,230,56955,660,57400,530,40536,240,292,30,0,160,716,150,521,50,70,150,2326,140,598,90,2225,170,5048,0,30,241,170,3800,40,664,70,652,160,445,40,10,0,0,0,0,0,0,20,17,550,11402,550,11091,150,311,110,2758,9558,30,281,100,647,0,0,100,275,30,10,110,809,110,798,90,1103,0,0,0,0,0,0,80,308,0,0,160,576,660,42248,650,5642,0,0,0,0,260,686,50,8,0,0,20,24,0,0,210,586,0,0,110,423,30,226,20,156,640,5815,0,0,0,0,0,0,0,0,0,0,0,0,40,92,0,0,0,0,630,4955,640,5406,0,0,0,0,260,881,390,1276,370,1194,30,82
96743,"$100,000 under $200,000",1160,210,870,90,1040,80,740,470,20,2860,0,0,0,0,60,460,160916,1160,163372,910,103655,630,816,110,0,440,4102,410,2908,90,114,300,7519,390,3872,240,8199,350,17073,40,100,420,340,10410,150,4258,170,1088,330,2456,80,26,40,753,70,635,50,352,30,29,890,21577,890,20915,290,662,270,9088,39431,70,1382,240,2912,30,84,250,1237,60,25,270,2497,270,2487,230,3569,0,0,30,8,30,63,210,1273,40,297,370,2255,1160,127982,1160,18989,0,0,30,147,630,1898,180,88,70,34,50,71,0,0,460,1310,50,335,210,1388,0,0,30,247,1150,19806,0,0,0,0,0,0,0,0,0,0,0,0,0,0,40,37,0,0,1140,17091,1150,18549,0,0,0,0,510,2551,640,3758,550,2779,130,980
96743,"$200,000 or more",640,110,500,0,590,40,530,130,0,1530,0,0,0,0,0,340,382050,640,389154,450,113395,520,5835,180,0,440,26091,410,20916,30,72,220,26958,440,113922,180,13902,200,15776,30,0,0,230,7869,250,54401,190,6148,260,7104,0,0,60,3622,110,1312,20,191,0,0,330,8403,330,8073,140,330,310,16189,240394,30,838,280,20434,20,47,290,3276,60,43,310,2978,310,3058,250,4983,0,0,50,44,60,1482,260,4612,0,0,370,10018,640,347432,640,81379,20,237,0,0,380,3045,240,948,20,15,0,0,0,0,140,374,50,526,200,2670,0,0,0,0,630,84416,0,0,0,0,0,0,0,0,0,0,0,0,0,0,0,0,0,0,640,78334,640,85278,240,576,390,3633,300,10454,340,14971,160,2679,220,12291
,,,,,,,,,,,,,,,,,,,,,,,,,,,,,,,,,,,,,,,,,,,,,,,,,,,,,,,,,,,,,,,,,,,,,,,,,,,,,,,,,,,,,,,,,,,,,,,,,,,,,,,,,,,,,,,,,,,,,,,,,,,,,,,,,,,,,,,,,,,,,,,,,,,,,,,,,,,,,,,,,,
96744,,26750,13660,10010,2410,24050,1410,13620,14310,310,47850,400,290,110,50,2590,9570,2515887,26750,2537204,20340,1603491,11680,11144,1620,0,8140,42903,7580,30492,1490,2335,3960,78143,6770,99355,4250,105746,7730,307569,90,990,7075,6170,132292,1240,107189,2410,14382,4740,21317,750,220,230,5225,630,5100,390,1945,490,411,22370,409971,22370,396234,6420,13742,4380,148406,795671,660,18989,3710,52213,560,702,3860,12972,810,690,4340,35136,4350,35165,3730,63118,80,1022,650,616,110,750,3270,21993,220,4510,4700,29325,23040,1956269,22910,330382,20,192,150,259,9740,23261,2570,914,960,549,1120,1175,1300,273,5960,14486,650,4130,2930,12391,280,1865,310,2073,25330,351955,2200,4555,730,244,680,1431,480,1634,320,1247,1880,3993,1630,3178,820,679,130,144,21310,307121,22130,325188,1000,1102,1190,3275,7560,39985,18220,66124,17130,49675,1470,16326
96744,"$1 under $25,000",5520,4460,460,490,4900,320,2350,3170,30,6180,230,170,60,50,660,1660,63673,5520,64903,3610,43975,1350,619,130,0,810,1375,730,899,50,51,770,4477,660,313,480,3202,950,9006,0,140,864,460,1109,80,-373,180,171,750,1230,20,5,0,0,90,377,30,123,50,39,5370,74177,5370,71633,1320,2545,150,3963,2139,110,2326,60,200,70,40,100,349,0,0,140,466,140,465,70,875,0,0,0,0,0,0,90,189,0,0,230,155,1980,10742,1900,1047,0,0,0,0,630,193,50,3,0,0,130,62,270,58,170,57,0,0,630,863,90,664,90,637,4410,8025,1350,2670,730,244,320,950,200,905,110,572,1150,2340,530,846,170,139,50,58,1520,853,2070,1830,0,0,0,0,550,491,4100,6679,4050,6393,80,163
96744,"$25,000 under $50,000",5300,3690,760,690,4810,220,2210,3560,60,7880,90,70,20,0,820,1400,198941,5300,200617,4240,152636,1410,824,150,0,890,2294,810,1599,80,97,570,4766,720,1001,480,5193,1090,22106,50,210,1581,1040,8878,100,611,230,226,710,1676,80,23,0,0,80,370,80,327,130,145,5040,80700,5040,78705,1000,1996,260,7266,9997,130,3090,140,593,100,79,180,556,60,43,250,1034,250,1077,160,2174,0,0,30,12,0,0,160,645,30,269,570,734,5180,111489,5140,12043,0,0,60,31,1840,1952,220,16,100,54,280,268,790,166,970,1392,60,59,380,1051,100,664,100,656,5140,19614,800,1838,0,0,360,481,280,729,170,638,690,1613,690,1440,170,134,50,56,4350,10092,4500,11217,0,0,0,0,1040,1227,4220,9606,4140,9237,120,369
96744,"$50,000 under $75,000",4090,2450,960,520,3670,200,1990,2530,50,6650,60,30,30,0,510,1410,252857,4090,254676,3190,181259,1600,836,190,0,1050,3047,980,2083,220,293,490,4827,840,1821,590,7793,1140,34263,0,180,1486,1030,17733,100,146,300,532,690,1819,150,42,40,312,60,413,100,419,100,77,3670,64107,3670,62144,970,1964,420,11483,26617,100,3431,300,1348,100,96,350,1090,70,52,410,2301,410,2313,330,4416,0,0,50,51,0,0,270,996,0,0,570,1108,4060,177093,4050,21516,0,0,30,42,1440,2629,340,24,90,44,190,223,240,49,920,2076,60,160,330,1065,50,275,50,298,4020,25664,50,47,0,0,0,0,0,0,40,37,40,40,240,504,110,90,30,30,3790,18887,3850,20057,0,0,0,0,1010,1999,3060,7576,2950,7259,140,317
96744,"$75,000 under $100,000",3110,1420,1280,320,2770,190,1690,1640,30,5810,20,20,0,0,230,1350,270576,3110,272132,2310,174954,1600,1101,210,0,1100,4118,1010,2906,280,393,440,4979,840,2847,640,11972,1120,43314,0,150,1102,1020,23113,110,1496,360,1844,490,1556,100,28,0,0,60,433,50,260,60,28,2580,52452,2580,50421,930,2032,530,14558,46666,90,2504,430,2624,80,92,450,1237,110,80,530,3649,530,3675,430,6300,40,424,60,42,0,0,360,1539,20,267,610,1445,3100,202335,3100,27497,0,0,20,59,1180,2720,340,65,100,60,130,150,0,0,780,2121,70,247,300,1031,20,139,30,198,3080,29458,0,0,0,0,0,0,0,0,0,0,0,0,70,150,90,75,0,0,3020,24777,3040,25941,0,0,0,0,1060,2552,2050,6027,1940,5613,150,414
96744,"$100,000 under $200,000",6340,1380,4500,340,5700,350,3740,2740,90,15080,0,0,0,0,310,2750,887746,6340,893172,4980,590073,3900,3602,580,0,2830,12921,2650,9241,740,1166,1140,19478,2340,12441,1480,41867,2500,132665,40,250,1629,1980,59134,390,8028,890,4795,1440,5426,330,100,70,1079,160,1233,110,595,150,122,4450,106384,4450,102359,1700,4026,1890,61826,275668,180,5475,1710,16117,160,253,1720,5329,390,342,1880,16708,1890,16656,1690,28533,40,598,280,239,40,78,1440,8587,100,1776,1730,5567,6330,714307,6330,109023,20,192,40,127,3240,9593,1010,226,460,274,390,472,0,0,2280,6523,260,1725,800,3450,20,123,40,284,6310,109019,0,0,0,0,0,0,0,0,0,0,0,0,100,238,280,241,0,0,6250,99430,6280,103349,70,17,30,5,2690,10804,3620,16306,3230,13585,530,2721
96744,"$200,000 or more",2390,260,2050,50,2200,130,1640,670,50,6250,0,0,0,0,60,1000,842094,2390,851704,2010,460594,1820,4162,360,0,1460,19148,1400,13764,120,335,550,39616,1370,80932,580,35719,930,66215,0,60,413,640,22325,460,97281,450,6814,660,9610,70,22,120,3834,180,2274,20,221,0,0,1260,32151,1260,30972,500,1179,1130,49310,434584,50,2163,1070,31331,50,142,1060,4411,180,173,1130,10978,1130,10979,1050,20820,0,0,230,272,70,672,950,10037,70,2198,990,20316,2390,740303,2390,159256,0,0,0,0,1410,6174,610,580,210,117,0,0,0,0,840,2317,200,1939,490,4931,0,0,0,0,2370,160175,0,0,0,0,0,0,0,0,0,0,0,0,0,0,0,0,0,0,2380,153082,2390,162794,930,1085,1160,3270,1210,22912,1170,19930,820,7588,450,12342
,,,,,,,,,,,,,,,,,,,,,,,,,,,,,,,,,,,,,,,,,,,,,,,,,,,,,,,,,,,,,,,,,,,,,,,,,,,,,,,,,,,,,,,,,,,,,,,,,,,,,,,,,,,,,,,,,,,,,,,,,,,,,,,,,,,,,,,,,,,,,,,,,,,,,,,,,,,,,,,,,,
96746,,8970,4700,3000,1050,8140,420,4970,4740,110,15830,100,60,40,0,870,2900,659788,8970,668128,6750,404626,3360,2942,350,0,1700,11054,1560,7801,310,532,2020,40199,1520,39435,1020,22415,1910,61090,120,520,3227,1710,31990,570,39636,1040,7949,2080,8340,200,56,60,934,350,2452,180,981,150,132,8000,145304,8000,141166,2000,4138,970,30711,155815,190,4033,820,10644,120,211,830,2615,200,138,960,7347,960,7315,800,13249,20,250,90,86,30,62,650,4833,40,521,1710,12279,7350,484680,7330,75878,0,0,100,182,2880,6780,460,141,150,77,260,283,420,80,1990,4618,190,1040,1570,6359,200,1457,210,1560,8280,81313,1170,2482,400,128,370,869,270,910,130,575,900,1899,820,1590,190,165,80,110,6580,69102,7170,76820,150,195,270,814,2610,15425,5970,19693,5680,16227,410,3442
96746,"$1 under $25,000",2380,1790,280,260,2130,110,1170,1290,30,2940,80,40,40,0,270,790,27934,2380,28709,1420,17836,610,333,40,0,230,558,200,325,0,0,580,4156,210,-39,190,1011,370,3245,20,100,619,150,341,60,-11,180,677,520,775,0,0,0,0,60,171,0,0,20,26,2320,34750,2320,33522,630,1229,60,1312,755,30,483,20,30,40,35,40,85,20,17,60,153,60,154,40,586,0,0,20,3,0,0,40,47,0,0,160,136,810,4290,810,442,0,0,0,0,210,67,0,0,0,0,40,17,70,14,90,29,20,27,470,781,60,509,60,472,1900,3801,730,1442,400,128,190,587,100,471,40,255,550,1130,300,479,40,30,30,44,650,375,1020,1169,0,0,0,0,330,417,1690,3044,1670,2983,20,37
96746,"$25,000 under $50,000",2120,1340,380,340,1920,110,1010,1340,0,3420,20,20,0,0,270,490,79608,2120,80553,1740,61663,540,288,40,0,240,719,220,499,40,34,390,5710,200,517,140,1805,300,5277,20,150,1019,340,2638,70,231,130,371,400,945,50,12,20,213,50,213,50,182,40,34,2040,33861,2040,33194,330,667,80,2184,3160,40,798,60,155,0,0,70,162,0,0,80,354,80,358,60,769,20,250,0,0,0,0,40,191,0,0,320,628,2080,43287,2060,4672,0,0,30,14,760,885,60,2,30,11,60,57,270,53,510,732,0,0,310,979,70,554,70,513,2030,7923,420,1023,0,0,180,282,170,439,90,320,350,769,350,728,40,27,50,66,1680,3792,1810,4788,0,0,0,0,490,791,1620,3915,1580,3737,50,178
96746,"$50,000 under $75,000",1550,850,410,240,1400,70,850,880,40,2670,0,0,0,0,170,480,94719,1550,95786,1260,69920,540,375,50,0,290,1021,270,713,50,63,320,5177,230,948,150,1909,320,8561,30,90,473,350,5680,60,839,150,712,350,1067,60,15,0,0,50,261,40,213,40,28,1420,25536,1420,24881,330,654,130,3220,7771,30,634,100,508,40,55,100,272,30,21,120,718,120,714,100,1465,0,0,0,0,0,0,80,327,0,0,300,948,1540,65134,1540,7798,0,0,50,70,540,1114,80,23,20,9,50,55,80,13,400,949,30,40,230,889,40,294,40,324,1490,9218,20,17,0,0,0,0,0,0,0,0,0,0,110,217,30,28,0,0,1410,6684,1460,7632,0,0,0,0,490,1138,1050,2707,1020,2510,60,197
96746,"$75,000 under $100,000",990,350,500,110,900,50,610,520,0,2080,0,0,0,0,80,330,85957,990,86874,800,60109,440,231,40,0,220,1014,190,729,60,85,230,4449,190,870,130,2328,260,9018,0,80,470,270,5841,50,993,150,1003,230,917,30,8,0,0,40,185,30,144,20,16,860,18308,860,17829,230,479,130,3481,11119,20,621,110,594,0,0,100,280,30,23,130,845,130,840,110,1607,0,0,0,0,0,0,70,343,0,0,220,977,990,63234,990,8344,0,0,0,0,420,1152,60,4,20,13,50,62,0,0,330,888,40,171,170,805,30,100,20,97,960,8687,0,0,0,0,0,0,0,0,0,0,0,0,30,66,30,33,0,0,940,7191,960,8045,0,0,0,0,380,1395,610,2018,590,1895,40,123
96746,"$100,000 under $200,000",1440,280,1050,100,1330,80,940,610,20,3550,0,0,0,0,80,590,194180,1440,196351,1160,125011,860,966,110,0,480,3723,450,2661,120,204,370,9703,410,4006,280,7364,510,23475,50,100,646,440,12391,160,5930,270,2100,410,2171,60,21,40,721,80,703,60,442,30,28,1090,26347,1090,25494,370,853,350,11478,48717,70,1497,320,3220,40,121,310,939,80,58,350,3142,350,3111,300,5117,0,0,30,41,30,62,250,1662,40,521,460,2864,1440,153608,1440,22612,0,0,20,98,710,2299,160,65,80,44,60,92,0,0,540,1630,60,368,270,1634,0,0,20,154,1420,22678,0,0,0,0,0,0,0,0,0,0,0,0,30,100,50,47,0,0,1410,20313,1430,22082,0,0,0,0,640,3309,790,3856,690,3048,140,808
96746,"$200,000 or more",490,90,380,0,460,0,390,100,20,1170,0,0,0,0,0,220,177390,490,179855,370,70087,370,749,70,0,240,4019,230,2874,40,146,130,11004,280,33133,130,7998,150,11514,0,0,0,160,5099,170,31654,160,3086,170,2465,0,0,0,0,70,919,0,0,0,0,270,6502,270,6246,110,256,220,9036,84293,0,0,210,6137,0,0,210,877,40,19,220,2135,220,2138,190,3705,0,0,40,42,0,0,170,2263,0,0,250,6726,490,155127,490,32010,0,0,0,0,240,1263,100,47,0,0,0,0,0,0,120,390,40,434,120,1271,0,0,0,0,480,29006,0,0,0,0,0,0,0,0,0,0,0,0,0,0,0,0,0,0,490,30747,490,33104,150,195,270,814,280,8375,210,4153,130,2054,100,2099
,,,,,,,,,,,,,,,,,,,,,,,,,,,,,,,,,,,,,,,,,,,,,,,,,,,,,,,,,,,,,,,,,,,,,,,,,,,,,,,,,,,,,,,,,,,,,,,,,,,,,,,,,,,,,,,,,,,,,,,,,,,,,,,,,,,,,,,,,,,,,,,,,,,,,,,,,,,,,,,,,,
96748,,1830,840,650,310,1690,60,860,1080,0,3670,30,30,0,0,260,680,106059,1830,106883,1360,64514,450,441,60,0,250,1505,230,1053,30,35,340,2707,230,6298,190,3774,440,15230,60,70,547,390,6872,70,2846,170,1256,350,824,50,13,0,0,20,156,30,108,30,13,1730,32821,1730,31730,520,1093,90,3263,13754,30,396,80,864,0,0,80,187,20,16,90,653,90,652,70,777,0,0,0,0,0,0,70,940,0,0,230,1048,1360,72908,1340,10571,0,0,0,0,680,1261,70,12,0,0,50,54,160,39,470,994,30,67,250,604,0,0,0,0,1650,13263,400,1086,80,28,120,267,120,429,80,361,350,992,330,651,30,25,0,0,1100,9309,1230,10142,0,0,40,132,420,1775,1290,4618,1250,4181,50,412
96748,"$1 under $25,000",640,410,100,110,580,40,260,390,0,1040,30,30,0,0,100,220,7212,640,7304,410,5174,110,62,30,0,50,110,40,64,0,0,120,553,40,-16,40,216,100,974,30,20,83,40,80,0,0,30,135,110,92,0,0,0,0,0,0,0,0,0,0,630,10152,630,9770,190,382,0,0,0,0,0,0,0,0,0,0,0,0,0,0,0,0,0,0,0,0,0,0,0,0,0,0,0,0,0,0,0,180,964,180,97,0,0,0,0,70,21,0,0,0,0,0,0,30,6,30,11,0,0,90,103,0,0,0,0,500,1269,230,660,80,28,50,155,60,252,40,225,200,604,140,223,0,0,0,0,130,75,220,183,0,0,0,0,60,45,470,1131,470,1116,0,0
96748,"$25,000 under $50,000",470,230,120,110,440,0,200,340,0,930,0,0,0,0,100,130,16907,470,16997,390,13245,70,84,0,0,40,174,40,83,0,0,60,295,40,121,30,348,80,1644,0,30,214,90,665,30,118,20,38,60,90,0,0,0,0,20,156,0,0,0,0,460,8284,460,8100,90,185,0,0,0,30,396,0,0,0,0,30,62,0,0,0,0,0,0,0,0,0,0,0,0,0,0,0,0,0,0,70,62,460,8358,450,884,0,0,0,0,240,274,30,2,0,0,30,27,100,27,170,227,0,0,50,71,0,0,0,0,450,1898,170,426,0,0,70,112,60,177,40,136,150,388,140,312,0,0,0,0,300,610,330,684,0,0,0,0,80,85,380,1298,370,1292,30,100
96748,"$50,000 under $75,000",260,90,120,50,240,0,120,150,0,590,0,0,0,0,30,100,16016,260,16123,220,12023,60,35,0,0,30,277,30,188,30,35,50,70,30,18,30,346,70,1826,0,20,250,80,1204,0,0,30,102,60,107,50,13,0,0,0,0,30,108,30,13,250,5105,250,4952,80,153,40,1195,2566,0,0,30,167,0,0,0,0,20,16,40,234,40,230,30,306,0,0,0,0,0,0,30,73,0,0,40,51,260,10500,260,1204,0,0,0,0,140,311,0,0,0,0,0,0,30,6,110,272,0,0,30,59,0,0,0,0,250,1523,0,0,0,0,0,0,0,0,0,0,0,0,50,116,30,25,0,0,220,893,230,973,0,0,0,0,80,143,170,692,170,589,0,0
96748,"$75,000 under $100,000",180,60,90,40,160,20,100,90,0,380,0,0,0,0,30,80,15305,180,15372,130,9907,70,33,0,0,30,91,30,66,0,0,40,232,30,131,30,690,70,2536,30,0,0,70,1568,0,0,30,71,40,67,0,0,0,0,0,0,0,0,0,0,160,3465,160,3331,60,134,0,0,0,0,0,0,0,0,0,0,0,0,0,0,0,0,0,0,0,0,0,0,0,0,0,0,0,0,0,30,80,180,11210,170,1473,0,0,0,0,80,192,0,0,0,0,20,27,0,0,60,157,30,67,30,52,0,0,0,0,170,1522,0,0,0,0,0,0,0,0,0,0,0,0,0,0,0,0,0,0,170,1281,170,1337,0,0,0,0,70,183,110,365,100,340,0,0
96748,"$100,000 under $200,000",220,50,170,0,210,0,130,110,0,590,0,0,0,0,0,110,29576,220,30044,170,16787,100,143,30,0,70,613,60,452,0,0,70,1557,60,821,60,2174,100,5655,0,0,0,80,2441,20,657,60,910,80,468,0,0,0,0,0,0,0,0,0,0,190,4739,190,4556,80,183,50,2068,11188,0,0,50,697,0,0,50,125,0,0,50,419,50,422,40,471,0,0,0,0,0,0,40,867,0,0,70,331,220,23210,220,3318,0,0,0,0,120,363,40,10,0,0,0,0,0,0,100,327,0,0,50,319,0,0,0,0,220,3463,0,0,0,0,0,0,0,0,0,0,0,0,0,0,0,0,0,0,220,2955,220,3209,0,0,0,0,100,422,130,670,140,844,20,312
96748,"$200,000 or more",60,0,50,0,60,0,50,0,0,140,0,0,0,0,0,40,21043,60,21043,40,7378,40,84,0,0,30,240,30,200,0,0,0,0,30,5223,0,0,20,2595,0,0,0,30,914,20,2071,0,0,0,0,0,0,0,0,0,0,0,0,0,0,40,1076,40,1021,20,56,0,0,0,0,0,0,0,0,0,0,0,0,0,0,0,0,0,0,0,0,0,0,0,0,0,0,0,0,0,20,524,60,18666,60,3595,0,0,0,0,30,100,0,0,0,0,0,0,0,0,0,0,0,0,0,0,0,0,0,0,60,3588,0,0,0,0,0,0,0,0,0,0,0,0,0,0,0,0,0,0,60,3495,60,3756,0,0,40,132,30,897,30,462,0,0,0,0
,,,,,,,,,,,,,,,,,,,,,,,,,,,,,,,,,,,,,,,,,,,,,,,,,,,,,,,,,,,,,,,,,,,,,,,,,,,,,,,,,,,,,,,,,,,,,,,,,,,,,,,,,,,,,,,,,,,,,,,,,,,,,,,,,,,,,,,,,,,,,,,,,,,,,,,,,,,,,,,,,,
96749,,7040,3350,2600,970,6200,280,2850,4100,60,13590,170,70,100,0,990,2380,386539,7040,390242,5160,256193,2030,1363,130,0,950,3258,870,2240,150,196,1330,16820,880,17911,610,11268,1540,44112,170,350,2500,1300,19913,180,5830,430,3051,1440,3703,180,54,0,0,130,781,110,426,90,86,6600,125604,6600,122035,1730,3569,420,11019,48697,110,1945,340,2890,50,60,350,910,110,49,410,2839,410,2885,350,4036,0,0,30,39,0,0,290,1587,0,0,840,4165,5300,260946,5260,37099,0,0,80,166,2350,4450,200,28,100,54,230,230,500,101,1740,3464,160,461,1080,3293,160,1378,180,1463,6380,43673,1460,3615,390,128,500,1197,350,1356,220,934,1210,3061,1050,2018,180,144,60,98,4460,32647,5030,36498,40,32,80,245,1770,7737,4810,14809,4730,13179,120,1072
96749,"$1 under $25,000",2390,1550,480,310,2090,100,830,1390,0,3710,120,50,70,0,370,840,28299,2390,28816,1410,18865,490,235,40,0,240,413,220,267,30,26,500,3209,200,167,160,1068,400,3730,40,70,312,160,349,30,98,110,301,470,517,0,0,0,0,30,116,0,0,0,0,2360,38915,2360,37552,680,1363,30,515,417,0,0,0,0,0,0,0,0,0,0,30,60,30,64,0,0,0,0,0,0,0,0,0,0,0,0,80,49,710,3860,700,383,0,0,0,0,250,83,0,0,0,0,30,13,90,16,120,48,0,0,440,594,50,445,50,414,1860,4399,890,2193,390,128,270,835,140,698,100,532,730,1850,450,709,50,39,20,20,530,299,940,911,0,0,0,0,310,241,1660,3727,1660,3697,0,0
96749,"$25,000 under $50,000",1900,1030,470,360,1680,70,700,1290,40,3530,50,20,30,0,360,500,68724,1900,69330,1550,54060,380,124,0,0,150,363,140,223,0,0,270,2748,140,574,90,1028,320,6145,50,110,688,360,2636,30,82,90,340,300,606,30,9,0,0,30,96,40,110,40,35,1840,32720,1840,32005,360,715,50,1196,2100,40,412,50,125,30,29,60,150,0,0,50,223,50,230,60,663,0,0,0,0,0,0,40,175,0,0,210,372,1860,34461,1840,3696,0,0,30,15,840,944,40,3,20,12,60,55,320,69,600,760,40,37,220,603,60,550,60,512,1830,7201,530,1397,0,0,230,362,210,658,100,386,450,1194,440,949,40,30,40,78,1350,2751,1470,3391,0,0,0,0,380,533,1490,4335,1480,4271,40,95
96749,"$50,000 under $75,000",1100,430,460,170,940,70,450,660,0,2270,0,0,0,0,140,410,67655,1100,68191,870,48455,370,228,40,0,160,447,150,308,30,36,180,2528,150,1214,110,1660,270,7918,50,70,565,290,4724,40,-108,60,283,230,536,60,17,0,0,30,197,40,143,30,34,1010,20462,1010,19892,270,570,80,2118,5251,40,947,70,439,0,0,70,130,60,24,80,482,80,478,60,642,0,0,0,0,0,0,60,214,0,0,160,459,1090,44759,1080,5226,0,0,20,29,470,1013,40,2,40,23,50,55,90,16,370,851,40,60,140,491,30,259,30,280,1060,5971,40,25,0,0,0,0,0,0,20,16,30,17,120,260,30,25,0,0,970,4214,1000,4744,0,0,0,0,350,747,740,1963,730,1921,30,113
96749,"$75,000 under $100,000",660,180,410,70,590,0,310,350,0,1550,0,0,0,0,60,250,56810,660,57233,530,40214,260,234,0,0,120,371,110,221,40,48,130,1615,110,803,80,1484,190,6917,0,60,564,200,4457,0,0,50,236,130,423,30,10,0,0,0,0,0,0,0,0,580,13333,580,12955,170,378,80,1820,6451,0,0,70,425,0,0,70,163,0,0,70,539,70,533,70,690,0,0,30,39,0,0,50,269,0,0,120,379,650,41275,650,5264,0,0,30,122,290,851,40,13,0,0,30,41,0,0,250,678,30,87,90,348,20,124,40,257,650,5402,0,0,0,0,0,0,0,0,0,0,0,0,40,100,20,18,0,0,620,4413,630,4792,0,0,0,0,240,666,420,1267,410,1196,0,0
96749,"$100,000 under $200,000",830,140,640,60,750,40,440,380,20,2120,0,0,0,0,60,300,111007,830,112025,680,74295,420,357,50,0,210,1028,190,744,50,86,200,4552,200,2621,140,4286,300,14277,30,40,371,240,6277,50,2378,70,538,260,1018,60,18,0,0,40,372,30,173,20,17,690,17126,690,16685,200,442,140,4006,19132,30,586,120,1086,20,31,120,319,50,25,140,1172,140,1214,120,1517,0,0,0,0,0,0,110,582,0,0,200,1338,830,88528,830,12895,0,0,0,0,430,1309,80,10,40,19,60,66,0,0,350,986,50,277,150,903,0,0,0,0,820,12332,0,0,0,0,0,0,0,0,0,0,0,0,0,0,40,32,0,0,830,11586,830,12624,0,0,0,0,390,2130,440,1810,410,1603,30,206
96749,"$200,000 or more",160,20,140,0,150,0,120,30,0,410,0,0,0,0,0,80,54044,160,54647,120,20304,110,185,0,0,70,636,60,477,0,0,50,2168,80,12532,30,1742,60,5125,0,0,0,50,1470,30,3380,50,1353,50,603,0,0,0,0,0,0,0,0,0,0,120,3048,120,2946,50,101,40,1364,15346,0,0,30,815,0,0,30,148,0,0,40,363,40,366,40,524,0,0,0,0,0,0,30,347,0,0,70,1568,160,48063,160,9635,0,0,0,0,70,250,0,0,0,0,0,0,0,0,50,141,0,0,40,354,0,0,0,0,160,8368,0,0,0,0,0,0,0,0,0,0,0,0,0,0,0,0,0,0,160,9384,160,10036,40,32,80,245,100,3420,60,1707,40,491,20,658
,,,,,,,,,,,,,,,,,,,,,,,,,,,,,,,,,,,,,,,,,,,,,,,,,,,,,,,,,,,,,,,,,,,,,,,,,,,,,,,,,,,,,,,,,,,,,,,,,,,,,,,,,,,,,,,,,,,,,,,,,,,,,,,,,,,,,,,,,,,,,,,,,,,,,,,,,,,,,,,,,,
96750,,2780,1390,910,400,2530,120,1530,1520,30,5160,50,0,50,0,360,900,181865,2780,183826,2120,113758,780,731,80,0,470,2406,420,1818,60,64,610,10660,400,7759,320,6890,540,18042,180,110,749,510,9506,140,4868,200,1384,630,1961,60,18,0,0,100,535,40,160,30,18,2580,47591,2580,46323,590,1268,180,5808,24648,50,662,160,1616,30,24,160,674,20,8,180,1300,180,1290,140,1984,0,0,0,0,0,0,100,784,0,0,460,2294,2270,129953,2250,19797,0,0,30,16,920,1761,130,18,40,21,60,56,180,33,670,1466,30,108,510,1743,80,481,80,474,2590,22978,480,1208,120,43,160,386,120,484,70,288,400,974,380,740,30,24,30,18,1950,17978,2160,20070,20,48,50,183,740,3293,1940,5807,1850,5256,100,408
96750,"$1 under $25,000",800,550,120,110,730,30,430,460,0,1170,50,0,50,0,130,250,10148,800,10362,510,6849,150,66,0,0,70,117,70,82,0,0,210,1637,60,-8,60,296,100,1004,40,30,218,60,118,30,154,30,276,200,214,0,0,0,0,30,132,0,0,0,0,790,12334,790,11957,190,377,0,0,0,20,356,0,0,0,0,20,48,0,0,0,0,0,0,0,0,0,0,0,0,0,0,0,0,0,0,50,35,300,1559,290,156,0,0,30,16,100,28,0,0,0,0,0,0,40,10,60,15,0,0,180,275,40,228,40,218,670,1763,290,737,120,43,90,274,60,308,0,0,240,584,150,245,0,0,30,18,220,129,380,423,0,0,0,0,110,114,600,1452,590,1355,0,0
96750,"$25,000 under $50,000",720,410,130,150,660,30,360,480,30,1290,0,0,0,0,130,160,26673,720,26903,610,21961,100,25,0,0,60,126,50,87,0,0,120,1521,60,114,40,411,80,1358,20,40,267,100,690,0,0,30,233,110,230,0,0,0,0,0,0,0,0,0,0,690,11737,690,11545,90,193,30,805,1062,0,0,0,0,30,24,0,0,20,8,30,110,30,110,0,0,0,0,0,0,0,0,0,0,0,0,100,167,710,14230,700,1540,0,0,0,0,280,343,0,0,20,11,30,26,110,18,210,311,0,0,90,258,20,140,20,132,690,2777,190,471,0,0,70,112,60,176,70,288,160,390,160,367,0,0,0,0,540,1197,570,1469,0,0,0,0,140,191,570,1496,560,1484,0,0
96750,"$50,000 under $75,000",490,240,160,80,450,30,250,290,0,950,0,0,0,0,60,140,29880,490,30207,400,22588,130,50,40,0,80,327,60,258,40,41,90,1642,60,142,50,638,100,2622,30,20,164,100,1591,20,297,20,191,100,327,40,11,0,0,30,152,40,160,30,18,450,8514,450,8316,90,198,30,790,2170,0,0,50,183,0,0,30,91,0,0,30,218,30,218,40,530,0,0,0,0,0,0,50,271,0,0,80,246,490,20348,490,2406,0,0,0,0,200,467,60,6,0,0,0,0,30,5,160,415,0,0,70,275,20,113,20,124,480,2775,0,0,0,0,0,0,0,0,0,0,0,0,70,128,30,24,0,0,430,1939,450,2226,0,0,0,0,130,317,360,861,340,804,50,85
96750,"$75,000 under $100,000",300,110,150,30,270,0,180,140,0,640,0,0,0,0,40,110,25620,300,25799,240,18012,120,57,0,0,60,265,60,201,0,0,70,1023,50,263,50,820,80,2788,30,20,100,80,1928,20,230,30,144,80,179,0,0,0,0,0,0,0,0,0,0,260,5570,260,5416,70,154,40,898,3058,30,306,30,186,0,0,30,79,0,0,40,233,40,235,30,316,0,0,0,0,0,0,0,0,0,0,70,240,300,18909,300,2470,0,0,0,0,120,321,0,0,0,0,30,30,0,0,90,271,30,108,60,169,0,0,0,0,290,2569,0,0,0,0,0,0,0,0,0,0,0,0,0,0,0,0,0,0,290,2149,290,2330,0,0,0,0,120,371,180,605,160,543,0,0
96750,"$100,000 under $200,000",380,80,280,30,340,30,240,130,0,920,0,0,0,0,0,180,51563,380,52227,290,31429,210,199,40,0,140,811,120,664,20,23,90,3048,120,1188,90,2179,140,7690,60,0,0,130,3807,40,1219,70,214,110,664,20,7,0,0,40,251,0,0,0,0,330,8009,330,7732,120,277,50,1718,7544,0,0,50,446,0,0,50,184,0,0,50,448,50,445,40,659,0,0,0,0,0,0,30,287,0,0,120,715,380,41165,380,6037,0,0,0,0,180,517,50,7,20,10,0,0,0,0,150,454,0,0,80,498,0,0,0,0,370,5955,0,0,0,0,0,0,0,0,0,0,0,0,0,0,0,0,0,0,380,5519,380,6062,0,0,0,0,190,998,190,875,170,727,50,323
96750,"$200,000 or more",90,0,70,0,80,0,70,20,0,190,0,0,0,0,0,60,37981,90,38328,70,12919,70,334,0,0,60,760,60,526,0,0,30,1789,50,6060,30,2546,40,2580,0,0,0,40,1372,30,2968,20,326,30,347,0,0,0,0,0,0,0,0,0,0,60,1427,60,1357,30,69,30,1597,10814,0,0,30,801,0,0,30,272,0,0,30,291,30,282,30,479,0,0,0,0,0,0,20,226,0,0,40,891,90,33742,90,7188,0,0,0,0,40,85,20,5,0,0,0,0,0,0,0,0,0,0,30,268,0,0,0,0,90,7139,0,0,0,0,0,0,0,0,0,0,0,0,0,0,0,0,0,0,90,7045,90,7560,20,48,50,183,50,1302,40,518,30,343,0,0
,,,,,,,,,,,,,,,,,,,,,,,,,,,,,,,,,,,,,,,,,,,,,,,,,,,,,,,,,,,,,,,,,,,,,,,,,,,,,,,,,,,,,,,,,,,,,,,,,,,,,,,,,,,,,,,,,,,,,,,,,,,,,,,,,,,,,,,,,,,,,,,,,,,,,,,,,,,,,,,,,,
96753,,13480,7380,4390,1330,12290,640,7350,6870,240,22280,140,30,110,0,1220,4400,1298821,13480,1316800,9930,673817,4720,10996,720,0,3290,47274,3050,34429,560,845,3300,86504,3220,226160,1540,49543,2610,84967,40,860,5079,2520,49079,1140,50761,1690,14186,3450,17979,300,85,150,3886,640,4988,360,2022,210,200,11610,207372,11610,201780,2750,5591,1880,67067,463389,470,7850,1600,37691,230,384,1600,6845,530,345,1860,14303,1880,14255,1520,25114,30,297,140,50,120,1617,1470,15303,70,996,3010,25583,11210,1017652,11130,184989,40,345,280,569,4110,9075,1090,564,210,122,350,376,590,118,2370,5066,330,1667,2560,11583,490,3666,540,4053,12210,200768,1540,2957,640,221,470,1102,260,952,160,683,1110,2296,940,1779,300,237,180,232,10280,175914,11140,194012,370,813,690,5036,4460,34705,8370,40981,7830,24584,680,16397
96753,"$1 under $25,000",3310,2520,400,320,2920,190,1670,1670,40,4050,100,30,70,0,330,1110,38607,3310,39814,1800,22966,800,635,60,0,490,1346,440,856,40,37,1040,7606,480,419,230,1511,450,3591,0,160,996,240,577,110,-92,260,1150,930,1207,0,0,0,0,90,299,30,109,30,32,3180,47714,3180,46101,840,1614,130,3267,1662,90,1022,60,204,60,35,100,246,30,15,120,432,130,437,90,1186,0,0,0,0,0,0,90,189,0,0,270,212,1110,5525,1080,545,0,0,30,10,290,75,30,1,0,0,40,18,100,17,110,36,0,0,860,1289,170,1259,170,1228,2470,5023,1040,1821,640,221,240,745,100,497,60,359,710,1369,350,566,70,53,80,84,890,469,1580,1785,0,0,0,0,660,687,2090,3913,2030,3632,70,281
96753,"$25,000 under $50,000",3100,2020,500,460,2810,150,1490,1980,30,4670,40,0,40,0,420,740,116394,3100,118176,2540,90582,650,609,90,0,420,1812,380,1041,50,57,600,8556,420,774,210,2483,400,6353,0,220,1688,480,3860,120,825,210,752,630,1782,50,13,40,365,90,451,80,343,50,50,2930,47612,2930,46717,450,895,170,4222,6476,80,1022,120,786,40,58,130,252,50,31,160,757,170,759,120,1681,0,0,0,0,0,0,130,620,0,0,530,1048,3040,63763,3010,6899,0,0,70,56,1030,1066,130,6,60,24,100,93,370,81,610,826,40,33,460,1461,150,1189,150,1182,2890,11080,470,1117,0,0,230,357,160,455,100,324,380,911,420,885,70,51,60,89,2540,5833,2670,7346,0,0,0,0,790,1514,2260,5224,2220,5014,50,210
96753,"$50,000 under $75,000",2310,1390,530,300,2130,100,1140,1350,40,3600,0,0,0,0,240,630,141692,2310,143461,1900,108129,700,636,90,0,460,2122,420,1301,100,142,430,7965,420,1071,200,3136,390,9161,0,160,886,440,7391,110,1684,220,413,510,1769,80,22,0,0,80,402,80,419,50,50,2090,35900,2090,35130,390,769,220,5648,13761,70,794,190,1293,30,35,170,357,80,54,220,1227,220,1218,170,2634,0,0,40,6,0,0,160,804,0,0,470,1561,2300,98846,2290,12000,0,0,60,99,730,1260,150,15,30,14,70,80,120,20,460,1005,50,108,320,1301,90,701,90,781,2220,13799,30,19,0,0,0,0,0,0,0,0,20,16,120,237,50,39,40,59,2160,10740,2180,12089,0,0,0,0,770,2032,1520,3708,1480,3467,60,242
96753,"$75,000 under $100,000",1480,650,660,120,1360,70,810,730,30,2760,0,0,0,0,120,520,128345,1480,129757,1230,93918,550,732,70,0,390,2565,360,1856,110,166,310,4781,350,1801,180,3896,360,10696,40,130,603,340,7690,100,1413,210,1575,330,1412,60,16,0,0,60,463,50,303,30,17,1250,25328,1250,24705,310,623,230,6175,20445,60,826,200,1379,20,49,190,400,90,51,230,1601,230,1584,190,2693,0,0,0,0,0,0,180,957,40,235,330,1364,1480,95466,1470,12859,0,0,40,85,510,1265,130,19,20,17,40,55,0,0,360,971,40,128,210,862,40,241,50,287,1450,13849,0,0,0,0,0,0,0,0,0,0,0,0,30,56,30,27,0,0,1430,11595,1450,12562,0,0,0,0,610,1680,860,2940,810,2526,70,414
96753,"$100,000 under $200,000",2190,570,1490,100,2030,100,1370,880,50,4770,0,0,0,0,110,870,301269,2190,305302,1710,185301,1170,1829,180,0,840,8694,800,5899,200,337,590,16093,810,10994,430,16578,690,32127,0,160,755,640,17450,290,10295,440,3479,650,4033,90,29,40,612,160,1251,70,445,50,51,1590,37365,1590,36243,510,1121,600,19521,85820,120,2629,540,5676,50,112,530,1420,170,116,600,5194,600,5200,500,8198,30,297,40,20,50,117,460,2842,0,0,790,5238,2190,239388,2190,35968,0,0,60,184,970,2533,310,110,70,44,100,130,0,0,620,1646,100,428,440,2720,40,276,60,452,2130,35740,0,0,0,0,0,0,0,0,0,0,0,0,20,35,80,67,0,0,2170,33435,2170,36307,20,5,0,0,1060,6482,1120,5805,980,4467,180,1337
96753,"$200,000 or more",1090,230,810,30,1040,30,870,260,50,2430,0,0,0,0,0,530,572514,1090,580290,750,172921,850,6555,230,0,690,30735,650,23476,60,106,330,41503,740,211101,290,21939,320,23039,0,30,151,380,12111,410,36636,350,6817,400,7776,20,5,70,2909,160,2122,50,403,0,0,570,13453,570,12884,250,569,530,28234,335225,50,1557,490,28353,30,95,480,4170,110,78,530,5092,530,5057,450,8722,0,0,60,24,70,1500,450,9891,30,761,620,16160,1090,514664,1090,116718,40,345,20,135,580,2876,340,413,30,23,0,0,0,0,210,582,100,970,270,3950,0,0,20,123,1050,121277,0,0,0,0,0,0,0,0,0,0,0,0,0,0,0,0,0,0,1090,113842,1090,123923,350,808,690,5036,570,22310,520,19391,310,5478,250,13913
,,,,,,,,,,,,,,,,,,,,,,,,,,,,,,,,,,,,,,,,,,,,,,,,,,,,,,,,,,,,,,,,,,,,,,,,,,,,,,,,,,,,,,,,,,,,,,,,,,,,,,,,,,,,,,,,,,,,,,,,,,,,,,,,,,,,,,,,,,,,,,,,,,,,,,,,,,,,,,,,,,
96754,,2050,1120,690,200,1890,90,1260,950,30,3540,0,0,0,0,140,650,205263,2050,208407,1430,93225,850,1909,110,0,470,8190,440,5956,40,60,630,14415,470,29258,210,6168,310,8655,80,130,871,350,6982,260,28283,250,1673,650,3144,30,10,0,0,120,990,50,316,30,15,1780,31913,1780,31041,420,869,290,10601,71126,60,865,220,10124,50,77,230,1436,60,28,290,2186,290,2191,210,3823,0,0,0,0,20,200,180,1533,0,0,560,6412,1610,159761,1580,31248,0,0,40,65,630,1858,150,138,30,12,60,66,60,13,400,911,40,398,540,2260,80,579,90,649,1840,34801,290,523,140,44,90,223,40,162,20,87,210,370,180,300,40,36,30,30,1450,29390,1640,33007,50,132,120,1163,680,6328,1280,8028,1190,4520,140,3395
96754,"$1 under $25,000",620,480,70,60,570,30,340,310,0,780,0,0,0,0,50,170,7164,620,7398,340,4182,170,82,0,0,80,307,80,215,0,0,200,1519,80,48,40,293,60,518,20,30,238,30,55,30,57,40,43,190,234,0,0,0,0,0,0,0,0,0,0,600,8934,600,8659,140,274,30,474,296,0,0,30,129,20,12,0,0,0,0,30,92,30,94,30,395,0,0,0,0,0,0,30,103,0,0,60,47,200,1045,190,99,0,0,0,0,50,15,20,1,0,0,0,0,0,0,0,0,0,0,180,268,20,160,20,151,480,928,220,374,140,44,50,163,20,100,20,87,160,278,80,119,20,16,0,0,160,85,300,366,0,0,0,0,130,155,410,715,400,689,20,26
96754,"$25,000 under $50,000",430,290,70,70,400,40,230,240,30,640,0,0,0,0,50,90,16223,430,16509,340,12212,130,112,40,0,70,367,60,249,20,22,120,1776,70,92,20,254,40,700,0,40,310,50,305,20,258,30,70,120,286,0,0,0,0,50,219,30,121,0,0,410,6564,410,6472,50,92,30,754,1042,40,442,0,0,0,0,40,135,0,0,30,155,30,160,0,0,0,0,0,0,0,0,0,0,0,0,100,219,420,8762,410,938,0,0,0,0,130,130,0,0,0,0,40,34,60,13,100,105,0,0,100,303,30,238,50,358,400,1580,70,149,0,0,40,60,20,62,0,0,50,92,60,104,0,0,30,30,350,808,380,1117,0,0,0,0,120,259,300,718,300,639,0,0
96754,"$50,000 under $75,000",320,180,90,50,290,0,190,160,0,540,0,0,0,0,20,90,19384,320,19653,260,14342,120,100,0,0,70,498,60,369,0,0,90,1502,60,422,30,591,50,910,20,30,157,60,966,30,438,40,-374,90,269,30,10,0,0,0,0,0,0,30,15,280,5073,280,4963,50,109,40,968,2257,0,0,40,322,30,65,50,278,0,0,40,254,40,255,40,765,0,0,0,0,20,200,30,122,0,0,80,289,310,13073,310,1560,0,0,40,65,110,216,30,2,30,12,0,0,0,0,80,176,20,110,70,259,30,181,0,0,310,1959,0,0,0,0,0,0,0,0,0,0,0,0,40,77,0,0,0,0,290,1344,300,1604,0,0,0,0,110,281,210,631,200,554,30,87
96754,"$75,000 under $100,000",200,70,110,0,180,0,130,90,0,430,0,0,0,0,20,70,16928,200,17244,150,10865,90,45,0,0,40,388,40,278,0,0,60,1868,30,270,20,552,40,1287,0,0,0,50,1068,30,542,20,95,70,316,0,0,0,0,0,0,0,0,0,0,180,3743,180,3641,50,101,20,674,1822,0,0,0,0,0,0,0,0,0,0,20,159,20,159,0,0,0,0,0,0,0,0,0,0,0,0,70,371,200,12142,190,1561,0,0,0,0,90,251,0,0,0,0,0,0,0,0,70,185,0,0,60,285,0,0,20,140,190,1709,0,0,0,0,0,0,0,0,0,0,0,0,0,0,20,20,0,0,180,1310,190,1602,0,0,0,0,80,295,120,399,110,356,0,0
96754,"$100,000 under $200,000",310,70,220,20,290,20,220,110,0,750,0,0,0,0,0,140,42619,310,43342,230,24523,190,679,30,0,100,1721,100,1264,20,38,100,3144,110,2378,60,1643,80,3025,40,30,166,100,2616,60,2385,60,872,110,723,0,0,0,0,30,258,20,195,0,0,220,5286,220,5100,80,186,90,3042,12601,20,423,70,1262,0,0,70,443,60,28,90,767,90,769,80,1494,0,0,0,0,0,0,50,236,0,0,130,1080,310,33209,310,4861,0,0,0,0,150,509,40,12,0,0,20,32,0,0,110,340,0,0,80,523,0,0,0,0,290,4998,0,0,0,0,0,0,0,0,0,0,0,0,0,0,0,0,0,0,300,4351,300,4901,0,0,0,0,160,1200,150,1277,130,1011,30,266
96754,"$200,000 or more",170,30,130,0,160,0,150,40,0,400,0,0,0,0,0,90,102945,170,104261,110,27101,150,891,40,0,110,4909,100,3581,0,0,60,4606,120,26048,40,2835,40,2215,0,0,0,60,1972,90,24603,60,967,70,1316,0,0,0,0,40,513,0,0,0,0,90,2313,90,2206,50,107,80,4689,53108,0,0,80,8411,0,0,70,580,0,0,80,759,80,754,60,1169,0,0,0,0,0,0,70,1072,0,0,120,4406,170,91530,170,22229,0,0,0,0,100,737,60,123,0,0,0,0,0,0,40,105,20,288,50,622,0,0,0,0,170,23627,0,0,0,0,0,0,0,0,0,0,0,0,0,0,0,0,0,0,170,21492,170,23417,50,132,120,1163,80,4138,90,4288,50,1271,60,3016
,,,,,,,,,,,,,,,,,,,,,,,,,,,,,,,,,,,,,,,,,,,,,,,,,,,,,,,,,,,,,,,,,,,,,,,,,,,,,,,,,,,,,,,,,,,,,,,,,,,,,,,,,,,,,,,,,,,,,,,,,,,,,,,,,,,,,,,,,,,,,,,,,,,,,,,,,,,,,,,,,,
96756,,2810,1450,940,360,2570,130,1540,1430,40,5030,30,0,30,0,290,970,314205,2810,318006,2080,140282,1090,2698,140,0,670,11235,620,8093,80,123,590,21129,610,32846,360,10960,560,17093,30,190,1212,580,11498,260,28090,330,3316,640,3801,50,12,30,732,130,1070,50,324,40,31,2480,45028,2480,43586,690,1442,330,13397,125849,70,1066,280,11244,40,52,290,1871,90,50,330,2694,330,2677,270,4535,0,0,20,5,30,316,250,3767,0,0,610,6888,2310,253085,2290,48817,0,0,20,35,990,3274,270,503,60,33,70,77,120,20,640,1469,60,474,490,2470,60,383,60,414,2560,48904,370,811,100,40,130,294,90,324,40,150,300,670,280,492,70,55,20,27,2070,45543,2230,50898,90,221,150,1603,830,6392,1830,9716,1680,5127,160,3968
96756,"$1 under $25,000",730,550,90,80,640,40,340,390,0,930,30,0,30,0,90,250,8248,730,8438,440,5620,180,119,20,0,80,149,70,81,0,0,150,1055,70,54,50,326,120,969,0,30,166,50,89,40,56,40,-9,140,190,0,0,0,0,30,74,0,0,0,0,710,10505,710,10109,200,396,0,0,0,0,0,20,67,0,0,30,100,0,0,0,0,0,0,30,350,0,0,0,0,0,0,0,0,0,0,40,27,250,1253,250,124,0,0,0,0,70,18,30,1,0,0,0,0,20,3,30,12,0,0,130,187,0,0,0,0,550,1123,210,467,100,40,60,198,30,148,0,0,170,387,100,169,0,0,20,27,200,106,310,301,0,0,0,0,110,104,490,924,480,913,0,0
96756,"$25,000 under $50,000",610,370,100,120,560,30,290,400,0,1010,0,0,0,0,110,150,22612,610,22862,500,17954,140,92,0,0,80,491,70,322,0,0,100,1576,80,88,40,464,70,1170,0,40,365,90,702,0,0,40,146,100,250,30,7,0,0,0,0,30,121,0,0,590,9785,590,9577,100,208,40,1124,1086,40,566,0,0,0,0,0,0,20,11,40,197,40,197,0,0,0,0,0,0,0,0,40,201,0,0,90,162,590,12098,580,1292,0,0,20,35,220,270,0,0,30,14,0,0,80,14,160,235,0,0,80,259,60,383,60,414,580,2335,160,344,0,0,70,96,60,176,40,150,130,283,130,242,40,29,0,0,450,1022,490,1285,0,0,0,0,120,204,480,1251,470,1218,0,0
96756,"$50,000 under $75,000",480,260,120,90,450,30,250,290,0,840,0,0,0,0,50,130,29355,480,29628,420,23102,170,88,20,0,90,336,80,227,30,43,90,1318,60,73,50,583,70,1593,30,40,209,100,1638,30,295,40,327,110,273,0,0,0,0,20,141,0,0,40,31,450,8146,450,7941,100,205,30,677,1787,0,0,20,95,0,0,20,47,0,0,30,159,30,159,20,314,0,0,0,0,0,0,0,0,0,0,80,256,480,20276,480,2412,0,0,0,0,180,381,30,2,0,0,40,44,20,3,140,327,30,114,70,215,0,0,0,0,470,2814,0,0,0,0,0,0,0,0,0,0,0,0,50,81,0,0,0,0,440,2031,450,2259,0,0,0,0,140,277,340,826,330,801,40,102
96756,"$75,000 under $100,000",270,120,100,40,240,0,160,130,40,510,0,0,0,0,20,100,22721,270,22990,210,15638,120,85,0,0,70,301,70,233,0,0,50,915,60,490,40,979,70,1969,0,20,80,90,1927,0,0,30,260,60,269,0,0,0,0,0,0,0,0,0,0,230,4658,230,4488,80,170,30,834,2721,0,0,30,157,40,52,30,71,0,0,30,207,30,207,30,335,0,0,0,0,0,0,20,64,0,0,60,219,270,17010,260,2290,0,0,0,0,110,266,20,2,0,0,0,0,0,0,80,214,0,0,40,149,0,0,0,0,260,2421,0,0,0,0,0,0,0,0,0,0,0,0,0,0,30,26,0,0,260,2024,260,2175,0,0,0,0,100,298,160,538,150,495,0,0
96756,"$100,000 under $200,000",460,100,330,30,430,30,290,160,0,1090,0,0,0,0,20,200,63188,460,64128,340,36453,280,330,40,0,180,1489,170,1088,50,80,120,3296,170,2546,110,3428,150,7257,0,60,392,160,3938,70,3420,90,935,130,940,20,5,0,0,40,343,20,203,0,0,360,8595,360,8312,130,283,100,3314,15012,30,500,90,882,0,0,90,338,30,18,100,898,100,884,90,1342,0,0,20,5,0,0,80,421,0,0,170,1286,460,50093,460,7407,0,0,0,0,240,674,80,13,30,19,30,33,0,0,160,488,0,0,90,589,0,0,0,0,450,7133,0,0,0,0,0,0,0,0,0,0,0,0,0,0,0,0,0,0,460,6733,460,7365,0,0,0,0,230,1373,230,1123,190,821,50,301
96756,"$200,000 or more",260,50,200,0,250,0,210,60,0,650,0,0,0,0,0,140,168081,260,169960,170,41515,200,1984,60,0,170,8469,160,6142,0,0,80,12969,170,29595,70,5180,80,4135,0,0,0,90,3204,120,24319,90,1657,100,1879,0,0,30,732,40,512,0,0,0,0,140,3339,140,3159,80,180,130,7448,105243,0,0,120,10043,0,0,120,1315,40,21,130,1233,130,1230,100,2194,0,0,0,0,30,316,110,3081,0,0,170,4938,260,152355,260,35292,0,0,0,0,170,1665,110,485,0,0,0,0,0,0,70,193,30,360,80,1071,0,0,0,0,250,33078,0,0,0,0,0,0,0,0,0,0,0,0,0,0,0,0,0,0,260,33627,260,37513,90,221,150,1603,130,4136,130,5054,60,879,70,3565
,,,,,,,,,,,,,,,,,,,,,,,,,,,,,,,,,,,,,,,,,,,,,,,,,,,,,,,,,,,,,,,,,,,,,,,,,,,,,,,,,,,,,,,,,,,,,,,,,,,,,,,,,,,,,,,,,,,,,,,,,,,,,,,,,,,,,,,,,,,,,,,,,,,,,,,,,,,,,,,,,,
96760,,1450,670,550,210,1290,70,580,830,0,2810,30,30,0,0,200,520,75524,1450,76320,1030,46987,440,272,30,0,220,1087,210,756,20,34,280,2787,200,4803,130,1660,350,10582,70,70,449,300,4584,20,286,110,380,320,796,50,16,0,0,20,152,30,59,0,0,1390,26592,1390,25796,390,797,70,1740,6304,0,0,50,335,0,0,50,110,0,0,70,419,60,406,50,523,0,0,0,0,0,0,40,255,0,0,160,463,1050,49862,1040,6886,0,0,0,0,450,856,50,4,20,11,40,36,100,24,300,626,40,78,220,546,30,226,30,225,1310,8306,340,790,120,46,100,253,70,264,50,225,270,668,210,384,30,22,0,0,880,6030,1000,6742,0,0,0,0,350,1169,1020,2719,1000,2596,20,63
96760,"$1 under $25,000",540,340,110,90,470,50,190,300,0,870,30,30,0,0,80,190,6134,540,6244,310,3736,120,81,0,0,50,94,40,64,0,0,120,617,60,195,30,205,90,908,20,40,155,40,78,20,286,30,172,130,110,20,6,0,0,0,0,0,0,0,0,540,9031,540,8752,140,279,0,0,0,0,0,0,0,0,0,0,0,0,0,0,0,0,0,0,0,0,0,0,0,0,0,0,0,0,0,20,11,150,722,140,68,0,0,0,0,40,13,0,0,0,0,0,0,0,0,0,0,0,0,110,141,30,226,30,225,430,904,230,501,120,46,50,171,30,146,30,138,180,416,100,139,30,22,0,0,120,55,210,198,0,0,0,0,80,59,380,765,380,759,0,0
96760,"$25,000 under $50,000",380,180,120,70,350,0,140,270,0,720,0,0,0,0,70,110,13881,380,14036,310,10540,90,74,30,0,50,159,50,107,0,0,50,416,40,131,30,319,70,1570,30,0,0,80,655,0,0,20,26,60,155,0,0,0,0,20,152,30,59,0,0,370,6943,370,6777,80,166,0,0,0,0,0,0,0,0,0,0,0,0,0,0,0,0,0,0,0,0,0,0,0,0,0,0,0,0,0,40,44,370,6742,370,716,0,0,0,0,170,178,20,2,0,0,40,36,100,24,120,141,0,0,30,92,0,0,0,0,370,1440,110,289,0,0,50,82,40,118,20,87,90,252,80,188,0,0,0,0,270,538,290,634,0,0,0,0,70,73,310,878,310,875,0,0
96760,"$50,000 under $75,000",230,100,90,50,200,20,100,130,0,470,0,0,0,0,30,80,14217,230,14385,180,9843,80,45,0,0,40,236,40,136,20,34,30,438,30,301,40,400,70,2201,0,30,294,70,1011,0,0,30,65,40,168,30,10,0,0,0,0,0,0,0,0,220,4215,220,4085,70,130,40,787,2283,0,0,30,132,0,0,30,45,0,0,40,209,30,196,30,261,0,0,0,0,0,0,0,0,0,0,30,74,230,9582,230,1126,0,0,0,0,100,216,0,0,20,11,0,0,0,0,80,178,40,78,40,151,0,0,0,0,220,1284,0,0,0,0,0,0,0,0,0,0,0,0,30,57,0,0,0,0,200,910,210,1000,0,0,0,0,70,124,160,407,160,391,20,63
96760,"$75,000 under $100,000",110,30,70,0,100,0,50,50,0,250,0,0,0,0,20,50,9414,110,9463,80,5735,50,21,0,0,30,79,30,56,0,0,20,410,20,139,0,0,40,1540,20,0,0,40,1003,0,0,0,0,20,49,0,0,0,0,0,0,0,0,0,0,100,2286,100,2203,40,84,0,0,0,0,0,0,0,0,0,0,0,0,0,0,0,0,0,0,0,0,0,0,0,0,0,40,255,0,0,20,93,110,6771,110,840,0,0,0,0,40,151,30,2,0,0,0,0,0,0,30,112,0,0,0,0,0,0,0,0,110,881,0,0,0,0,0,0,0,0,0,0,0,0,0,0,0,0,0,0,100,689,100,758,0,0,0,0,40,92,70,213,60,207,0,0
96760,"$100,000 under $200,000",160,20,140,0,150,0,100,80,0,440,0,0,0,0,0,90,22009,160,22323,150,17133,100,51,0,0,50,519,50,393,0,0,60,906,50,4037,30,736,80,4363,0,0,0,70,1837,0,0,30,117,70,314,0,0,0,0,0,0,0,0,0,0,160,4117,160,3979,60,138,30,953,4021,0,0,20,203,0,0,20,65,0,0,30,210,30,210,20,262,0,0,0,0,0,0,0,0,0,0,50,241,160,17395,160,2477,0,0,0,0,100,298,0,0,0,0,0,0,0,0,70,195,0,0,40,162,0,0,0,0,160,2460,0,0,0,0,0,0,0,0,0,0,0,0,0,0,0,0,0,0,160,2223,160,2386,0,0,0,0,90,821,100,456,90,364,0,0
96760,"$200,000 or more",30,0,20,0,20,0,0,0,0,60,0,0,0,0,0,0,9869,30,9869,0,0,0,0,0,0,0,0,0,0,0,0,0,0,0,0,0,0,0,0,0,0,0,0,0,0,0,0,0,0,0,0,0,0,0,0,0,0,0,0,0,0,0,0,0,0,0,0,0,0,0,0,0,0,0,0,0,0,0,0,0,0,0,0,0,0,0,0,0,0,0,0,0,0,0,0,0,0,30,8650,30,1659,0,0,0,0,0,0,0,0,0,0,0,0,0,0,0,0,0,0,0,0,0,0,0,0,20,1337,0,0,0,0,0,0,0,0,0,0,0,0,0,0,0,0,0,0,30,1615,30,1766,0,0,0,0,0,0,0,0,0,0,0,0
,,,,,,,,,,,,,,,,,,,,,,,,,,,,,,,,,,,,,,,,,,,,,,,,,,,,,,,,,,,,,,,,,,,,,,,,,,,,,,,,,,,,,,,,,,,,,,,,,,,,,,,,,,,,,,,,,,,,,,,,,,,,,,,,,,,,,,,,,,,,,,,,,,,,,,,,,,,,,,,,,,
96761,,10610,5730,3220,1330,9340,890,5740,5590,170,18170,60,0,60,0,1040,2890,994171,10610,1008483,8670,582751,2960,7235,340,0,1870,25485,1740,16893,440,693,2170,59693,1830,106664,810,28255,1690,44084,40,790,4640,1470,28021,750,98163,950,6555,2400,14312,130,39,80,3251,410,3193,440,2191,150,130,9320,164135,9320,160614,1740,3521,1310,47422,341621,280,4776,1140,27356,130,168,1050,4213,400,306,1300,9857,1310,9827,990,18405,30,499,100,67,90,1593,980,9874,40,711,1940,21199,9060,773237,9040,147236,20,443,190,431,3470,9445,600,698,150,90,300,335,520,112,2370,5384,180,1274,1720,8532,300,2272,350,2663,9850,143339,1160,2216,420,139,380,821,230,778,130,477,870,1764,840,1584,230,210,120,180,8300,134356,8820,147753,290,521,420,3959,3490,33880,6720,28976,6440,19767,370,9138
96761,"$1 under $25,000",2390,1860,240,230,2060,210,1220,1310,20,2780,60,0,60,0,240,710,28791,2390,29528,1500,19676,430,215,40,0,240,501,220,313,20,13,560,4462,210,80,140,967,340,2511,20,120,868,140,361,60,-37,130,254,530,737,0,0,0,0,60,184,30,103,20,20,2330,33782,2330,32734,540,1048,60,1135,766,30,307,20,50,30,15,40,65,0,0,60,138,60,129,30,508,0,0,0,0,0,0,30,60,20,120,180,131,890,4614,890,463,0,0,20,7,240,79,0,0,0,0,40,22,90,22,90,33,0,0,470,752,80,683,90,695,1890,3467,700,1224,420,139,160,488,80,391,40,205,500,976,260,432,50,47,50,58,730,383,1080,1144,0,0,0,0,380,446,1670,2763,1640,2649,40,114
96761,"$25,000 under $50,000",2550,1680,320,440,2250,200,1230,1620,40,3840,0,0,0,0,370,490,96688,2550,97921,2230,80309,420,246,20,0,240,856,230,563,50,64,440,6888,250,562,120,1324,250,2746,0,210,1759,270,2130,80,750,110,111,480,1233,0,0,20,215,60,226,90,340,30,32,2420,38566,2420,38006,280,559,120,3069,4855,50,680,100,348,20,21,80,307,50,39,120,531,120,533,70,1197,0,0,0,0,0,0,90,559,0,0,370,832,2500,54554,2490,5957,0,0,60,39,850,996,80,6,0,0,90,89,320,68,560,800,0,0,360,1146,120,879,120,888,2430,9352,440,983,0,0,220,333,150,387,90,272,370,788,390,803,50,45,70,122,2090,4961,2210,6138,0,0,0,0,660,1200,1860,4394,1840,4303,30,91
96761,"$50,000 under $75,000",2130,1190,460,390,1860,200,990,1280,20,3510,0,0,0,0,250,470,130589,2130,132031,1950,112421,470,349,40,0,270,1201,250,784,90,118,320,4859,240,782,90,1097,260,4341,0,160,743,270,4525,80,1245,110,-50,420,1442,60,14,0,0,40,276,130,556,70,52,1970,33872,1970,33322,280,550,170,4513,10458,50,762,150,786,20,29,120,273,70,48,170,889,170,886,110,1758,0,0,0,0,0,0,120,955,0,0,280,921,2130,91458,2120,11099,0,0,40,69,720,1503,90,24,60,34,60,73,110,22,550,1278,40,95,230,867,60,441,60,499,2070,12290,20,9,0,0,0,0,0,0,0,0,0,0,130,197,50,36,0,0,1990,9597,2030,10499,0,0,0,0,680,1498,1440,3264,1420,3072,30,123
96761,"$75,000 under $100,000",1190,500,510,150,1050,110,660,590,20,2360,0,0,0,0,90,340,102928,1190,104122,1070,83016,370,328,40,0,210,1150,190,769,70,120,220,4678,200,669,80,1503,240,5329,0,100,392,230,4835,60,1785,120,428,250,1194,20,6,0,0,40,303,60,323,0,0,1010,20263,1010,19835,210,428,190,5628,16118,50,900,170,1069,0,0,140,281,70,49,190,1267,190,1269,130,2392,0,0,0,0,0,0,130,763,0,0,230,1040,1190,76436,1190,10307,0,0,30,87,450,1104,80,13,0,0,30,38,0,0,370,971,20,42,170,760,40,269,40,260,1170,10249,0,0,0,0,0,0,0,0,0,0,0,0,30,66,20,22,0,0,1170,9203,1180,10005,0,0,0,0,520,1655,670,1871,650,1783,30,88
96761,"$100,000 under $200,000",1670,350,1200,100,1490,130,1070,630,40,4120,0,0,0,0,90,560,224713,1670,227623,1420,161178,750,1259,90,0,490,4354,460,2739,170,294,410,12566,480,5566,220,7617,420,15721,20,160,584,360,9765,190,7187,270,1900,460,2910,50,19,20,461,90,671,100,554,30,26,1270,30072,1270,29412,300,660,410,12912,56694,80,1044,370,4071,30,43,350,947,140,101,400,3550,410,3542,340,5950,30,499,50,16,30,89,310,2042,0,0,490,3600,1670,178116,1670,26430,0,0,40,229,850,2730,170,45,60,42,80,113,0,0,660,1904,70,462,300,2026,0,0,40,321,1630,24680,0,0,0,0,0,0,0,0,0,0,0,0,30,86,60,60,0,0,1640,23700,1640,25859,30,13,0,0,880,5113,780,3861,700,3264,100,596
96761,"$200,000 or more",680,150,490,20,630,40,570,160,30,1560,0,0,0,0,0,320,410462,680,417258,500,126151,520,4838,110,0,420,17423,390,11725,40,84,220,26240,450,99005,160,15747,180,13436,0,40,294,200,6405,280,87233,210,3912,260,6796,0,0,40,2575,120,1533,30,315,0,0,320,7580,320,7305,130,276,360,20165,252730,20,1083,330,21032,30,60,320,2340,70,69,360,3482,360,3468,310,6600,0,0,50,51,60,1504,300,5495,20,591,390,14675,680,368059,680,92980,20,443,0,0,360,3033,180,610,30,14,0,0,0,0,140,398,50,675,190,2981,0,0,0,0,660,83301,0,0,0,0,0,0,0,0,0,0,0,0,0,0,0,0,0,0,680,86512,680,94108,260,508,420,3959,370,23968,300,12823,190,4696,140,8126
,,,,,,,,,,,,,,,,,,,,,,,,,,,,,,,,,,,,,,,,,,,,,,,,,,,,,,,,,,,,,,,,,,,,,,,,,,,,,,,,,,,,,,,,,,,,,,,,,,,,,,,,,,,,,,,,,,,,,,,,,,,,,,,,,,,,,,,,,,,,,,,,,,,,,,,,,,,,,,,,,,
96762,,2500,1450,860,110,2360,70,600,1970,20,4750,0,0,0,0,780,280,130476,2500,131081,2310,93130,370,186,0,0,150,1270,140,1062,90,133,300,2786,150,2248,50,1747,230,7770,20,40,326,170,3794,60,3837,130,1014,300,605,70,21,0,0,0,0,0,0,0,0,2210,37146,2210,36839,140,306,280,10184,56689,20,179,240,3771,0,0,180,735,70,46,270,2255,270,2233,180,2784,0,0,0,0,0,0,260,4649,0,0,180,1010,1290,87743,1280,15378,0,0,0,0,700,2070,30,32,0,0,210,165,130,32,470,1541,0,0,220,584,0,0,20,84,2410,19546,600,923,380,155,100,259,70,279,60,230,570,828,290,715,490,467,0,0,990,13307,1110,14538,30,24,40,266,350,1540,2060,6525,2050,4996,0,0
96762,"$1 under $25,000",1450,1170,180,40,1390,50,220,1260,20,1710,0,0,0,0,560,50,14771,1450,14835,1360,13651,60,8,0,0,30,9,30,4,0,0,90,333,40,-36,0,0,40,492,20,0,0,0,0,0,0,0,0,80,64,0,0,0,0,0,0,0,0,0,0,1430,20254,1430,20168,40,86,30,500,657,20,179,0,0,0,0,0,0,0,0,30,80,30,79,0,0,0,0,0,0,0,0,0,0,0,0,0,0,250,1011,240,103,0,0,0,0,110,34,0,0,0,0,80,27,30,5,0,0,0,0,70,82,0,0,20,84,1360,2195,500,633,380,155,60,190,40,193,20,94,480,581,120,169,400,387,0,0,150,66,230,152,0,0,0,0,50,27,1320,2073,1320,2072,0,0
96762,"$25,000 under $50,000",330,140,140,40,310,0,80,280,0,720,0,0,0,0,100,30,12008,330,12066,310,10801,40,5,0,0,0,0,0,0,0,0,50,165,0,0,20,190,30,666,0,0,0,40,216,0,0,0,0,50,58,30,9,0,0,0,0,0,0,0,0,320,6210,320,6167,20,43,0,0,0,0,0,30,95,0,0,0,0,0,0,0,0,0,0,0,0,0,0,0,0,0,0,40,364,0,0,60,71,320,5428,320,583,0,0,0,0,160,180,0,0,0,0,50,41,60,20,100,120,0,0,40,73,0,0,0,0,330,1334,100,290,0,0,40,69,30,86,40,136,90,247,90,234,60,54,0,0,210,403,230,480,0,0,0,0,50,47,290,901,290,900,0,0
96762,"$50,000 under $75,000",180,70,90,30,170,0,70,140,0,480,0,0,0,0,40,40,10867,180,10903,160,9354,40,9,0,0,30,25,30,11,0,0,30,-14,30,68,0,0,30,936,0,0,0,20,404,0,0,40,246,30,36,0,0,0,0,0,0,0,0,0,0,160,3245,160,3207,30,66,20,486,1339,0,0,0,0,0,0,40,156,0,0,20,115,20,116,40,574,0,0,0,0,0,0,0,0,0,0,0,0,180,7107,180,836,0,0,0,0,100,265,0,0,0,0,30,35,40,7,80,231,0,0,40,89,0,0,0,0,180,1037,0,0,0,0,0,0,0,0,0,0,0,0,40,154,0,0,0,0,140,571,150,611,0,0,0,0,40,78,140,503,140,503,0,0
96762,"$75,000 under $100,000",140,30,100,0,120,20,60,90,0,480,0,0,0,0,30,30,12008,140,12055,120,9456,40,6,0,0,0,0,0,0,0,0,30,168,0,0,0,0,30,1190,0,40,326,30,565,40,503,0,0,30,47,0,0,0,0,0,0,0,0,0,0,110,2521,110,2492,0,0,30,883,2727,0,0,20,141,0,0,0,0,0,0,30,202,30,191,0,0,0,0,0,0,0,0,30,412,0,0,20,67,140,8535,140,1076,0,0,0,0,70,317,0,0,0,0,0,0,0,0,70,287,0,0,0,0,0,0,0,0,140,1118,0,0,0,0,0,0,0,0,0,0,0,0,40,158,0,0,0,0,110,760,120,827,0,0,0,0,40,125,90,416,90,394,0,0
96762,"$100,000 under $200,000",320,40,280,0,300,0,130,180,0,1120,0,0,0,0,50,90,44525,320,44811,290,36313,140,38,0,0,60,99,50,46,90,133,100,2134,50,168,30,1557,70,3303,0,0,0,50,1732,0,0,60,472,90,286,40,12,0,0,0,0,0,0,0,0,170,4373,170,4288,50,111,150,5356,21548,0,0,140,1246,0,0,100,335,70,46,140,1322,140,1316,100,1517,0,0,0,0,0,0,140,2305,0,0,70,448,320,34348,320,5003,0,0,0,0,210,979,30,32,0,0,50,62,0,0,190,795,0,0,70,340,0,0,0,0,320,4662,0,0,0,0,0,0,0,0,0,0,0,0,0,0,30,26,0,0,310,4024,310,4296,0,0,0,0,130,498,190,857,190,822,0,0
96762,"$200,000 or more",80,0,70,0,70,0,40,20,0,240,0,0,0,0,0,40,36297,80,36411,70,13555,50,120,0,0,30,1137,30,1001,0,0,0,0,30,2048,0,0,30,1183,0,0,0,30,877,20,3334,30,296,20,114,0,0,0,0,0,0,0,0,0,0,20,543,20,517,0,0,50,2959,30418,0,0,50,2289,0,0,40,244,0,0,50,536,50,531,40,693,0,0,0,0,0,0,50,1568,0,0,30,424,80,31314,80,7777,0,0,0,0,50,295,0,0,0,0,0,0,0,0,30,108,0,0,0,0,0,0,0,0,80,9200,0,0,0,0,0,0,0,0,0,0,0,0,0,0,0,0,0,0,70,7483,70,8172,30,24,40,266,40,765,30,1775,20,305,0,0
,,,,,,,,,,,,,,,,,,,,,,,,,,,,,,,,,,,,,,,,,,,,,,,,,,,,,,,,,,,,,,,,,,,,,,,,,,,,,,,,,,,,,,,,,,,,,,,,,,,,,,,,,,,,,,,,,,,,,,,,,,,,,,,,,,,,,,,,,,,,,,,,,,,,,,,,,,,,,,,,,,
96766,,9220,4840,2920,1250,8310,550,5430,5080,80,16210,160,90,70,30,910,2880,694717,9220,700462,7510,467763,3200,3244,300,0,1630,9603,1540,7040,310,470,1430,24170,1450,28761,900,16699,2090,58223,60,480,2639,1670,30472,410,45225,750,5359,1540,5745,150,46,50,1155,200,1418,140,645,120,96,8320,149444,8320,145288,2020,4157,930,29689,172614,130,2613,810,13645,110,325,780,2371,220,190,910,7191,920,7180,790,12909,0,0,80,101,40,262,630,4267,70,1588,1280,12601,7670,515152,7640,84039,0,0,40,56,3120,6681,450,69,190,88,270,335,590,114,2260,4925,110,772,1070,3920,100,603,110,631,8640,92209,1180,2470,350,126,430,953,240,747,160,643,970,2154,820,1532,220,196,40,31,6900,77359,7250,82794,170,198,230,929,2510,11908,6310,21139,6050,16963,330,4141
96766,"$1 under $25,000",2300,1750,240,260,2060,130,1210,1320,30,2710,120,50,70,30,250,760,26403,2300,26806,1490,19371,550,177,30,0,210,387,190,250,0,0,350,1900,170,-44,140,773,440,3605,30,60,426,160,294,0,0,110,135,320,403,20,5,0,0,30,105,0,0,0,0,2260,32936,2260,31693,630,1243,40,1158,644,30,372,0,0,30,24,30,77,0,0,40,141,40,140,30,472,0,0,0,0,0,0,0,0,20,224,90,61,790,4052,780,427,0,0,0,0,230,69,0,0,0,0,30,17,90,20,90,30,0,0,280,387,30,179,30,170,1830,3479,670,1368,350,126,200,631,70,318,50,293,540,1178,260,419,50,41,0,0,630,358,870,752,0,0,0,0,230,210,1700,2935,1680,2866,20,35
96766,"$25,000 under $50,000",2300,1470,320,460,2080,140,1240,1570,0,3710,40,40,0,0,330,490,87250,2300,87740,2030,73679,480,197,30,0,210,551,200,360,50,45,240,2650,190,131,130,1276,320,4954,0,130,911,340,2644,50,111,100,293,270,490,0,0,0,0,30,113,40,88,30,32,2230,36425,2230,35763,330,662,80,1822,2868,20,494,80,192,0,0,50,123,30,42,70,330,70,333,60,796,0,0,20,4,0,0,70,179,0,0,230,385,2270,48776,2250,5309,0,0,20,14,890,1085,60,2,50,19,60,63,400,78,620,911,30,75,190,495,40,265,40,278,2240,8677,480,1085,0,0,230,322,170,429,110,350,410,961,400,813,40,33,40,31,1830,4224,1900,4753,0,0,0,0,420,525,1870,4442,1850,4394,30,47
96766,"$50,000 under $75,000",1660,910,380,300,1490,100,950,990,20,2840,0,0,0,0,180,460,101857,1660,102522,1460,82654,540,220,30,0,240,631,230,455,40,59,220,2329,210,437,140,1804,360,7437,0,100,503,340,5696,30,148,100,324,270,665,40,12,20,350,20,143,40,202,50,34,1520,26812,1520,26175,320,638,140,3757,8945,20,574,120,611,40,107,110,214,50,51,140,814,140,808,120,1780,0,0,0,0,0,0,80,312,0,0,190,472,1650,71045,1650,8598,0,0,20,42,590,1259,60,4,50,21,50,64,100,16,470,1088,0,0,150,459,30,159,40,183,1630,9892,30,17,0,0,0,0,0,0,0,0,20,15,110,198,30,25,0,0,1540,7340,1560,7857,0,0,0,0,500,889,1150,2913,1130,2840,30,73
96766,"$75,000 under $100,000",980,370,470,120,880,60,610,480,0,2010,0,0,0,0,80,370,85116,980,85552,840,63956,410,443,30,0,220,736,210,546,60,76,150,1802,190,537,140,2236,290,8568,0,70,332,270,5970,40,531,100,-6,160,436,20,7,0,0,20,143,0,0,0,0,860,18074,860,17534,260,540,130,3455,10885,20,396,110,631,0,0,110,231,30,25,120,897,130,897,110,1680,0,0,0,0,0,0,70,329,0,0,160,412,980,63210,980,8425,0,0,0,0,390,997,70,5,0,0,30,40,0,0,310,823,20,98,110,319,0,0,0,0,980,8662,0,0,0,0,0,0,0,0,0,0,0,0,50,102,20,19,0,0,940,7428,950,7804,0,0,0,0,390,997,590,1841,560,1685,40,156
96766,"$100,000 under $200,000",1530,270,1150,90,1390,90,1070,620,30,3810,0,0,0,0,70,590,209594,1530,211031,1320,150260,880,624,110,0,510,2765,480,2108,130,207,320,5489,440,3514,240,6744,520,23006,30,120,467,410,11128,140,4221,230,1497,360,1437,70,22,0,0,50,365,60,355,40,30,1200,28987,1200,28163,370,824,340,10856,48883,40,777,310,3290,40,194,300,778,70,49,340,3011,340,3021,300,5014,0,0,30,28,0,0,250,1609,30,382,380,1913,1530,167781,1530,24944,0,0,0,0,790,2400,160,13,70,35,100,151,0,0,640,1712,60,599,220,963,0,0,0,0,1510,23913,0,0,0,0,0,0,0,0,0,0,0,0,0,0,80,78,0,0,1510,22544,1520,23623,0,0,0,0,740,3393,780,3635,710,3023,100,612
96766,"$200,000 or more",450,70,360,20,410,30,350,100,0,1130,0,0,0,0,0,210,184497,450,186811,370,77843,340,1583,70,0,240,4533,230,3321,30,83,150,10000,250,24186,110,3866,160,10653,0,0,0,150,4740,150,40214,110,3116,160,2314,0,0,30,805,50,549,0,0,0,0,250,6210,250,5960,110,250,200,8641,100389,0,0,190,8921,0,0,180,948,40,23,200,1998,200,1981,170,3167,0,0,30,69,40,262,160,1838,20,982,230,9358,450,160288,450,36336,0,0,0,0,230,871,100,45,20,13,0,0,0,0,130,361,0,0,120,1297,0,0,0,0,450,37586,0,0,0,0,0,0,0,0,0,0,0,0,0,0,0,0,0,0,450,35465,450,38005,170,198,230,929,230,5894,220,5373,120,2155,110,3218
,,,,,,,,,,,,,,,,,,,,,,,,,,,,,,,,,,,,,,,,,,,,,,,,,,,,,,,,,,,,,,,,,,,,,,,,,,,,,,,,,,,,,,,,,,,,,,,,,,,,,,,,,,,,,,,,,,,,,,,,,,,,,,,,,,,,,,,,,,,,,,,,,,,,,,,,,,,,,,,,,,
96768,,8570,4540,2810,1020,7740,500,4480,4520,130,15040,110,40,70,0,940,2690,686672,8570,694706,6440,415053,3000,4431,360,0,1810,14201,1670,10678,350,580,2020,32663,1630,45195,910,18800,1780,52912,180,460,2805,1570,29548,620,39621,1040,9052,2080,8034,250,73,60,1198,390,2481,200,940,170,141,7620,137687,7620,133773,1890,3915,960,34772,193252,190,3193,810,14692,120,114,790,1895,200,123,950,6918,950,6965,760,12758,0,0,90,39,40,854,710,6596,50,1177,1740,10538,7000,516534,6950,90191,0,0,130,228,2860,7189,590,546,240,130,280,310,390,77,1940,4437,210,1218,1520,5274,240,1719,260,1811,7820,95238,1090,2122,390,135,360,797,220,719,120,470,820,1644,730,1398,210,179,100,163,6320,83001,6910,91192,160,220,250,2376,2520,17189,5610,21061,5330,15491,380,5483
96768,"$1 under $25,000",2290,1770,250,220,1990,150,1050,1200,40,2780,90,20,70,0,260,780,25796,2290,26541,1260,15457,560,310,50,0,300,785,270,477,0,0,620,4577,280,64,170,911,380,3142,40,90,460,170,384,70,1,170,618,570,745,0,0,0,0,70,234,30,76,30,25,2220,32813,2220,31569,630,1244,70,1499,921,40,703,30,84,30,17,40,49,0,0,60,141,60,132,30,478,0,0,0,0,0,0,30,49,0,0,160,120,740,3859,720,380,0,0,0,0,200,61,30,2,0,0,30,14,80,15,70,27,0,0,530,758,80,599,80,552,1730,3437,690,1213,390,135,190,558,70,309,40,210,500,918,260,389,40,32,50,56,600,318,1020,1089,0,0,0,0,380,406,1500,2748,1470,2658,40,74
96768,"$25,000 under $50,000",2010,1310,290,350,1840,110,910,1290,0,3160,20,20,0,0,330,450,74991,2010,75910,1630,57433,460,253,30,0,250,838,230,484,50,73,370,5198,220,502,150,1724,300,5325,20,110,887,340,2858,50,391,140,805,380,919,50,13,0,0,70,268,30,118,40,37,1940,31587,1940,30945,320,642,80,1789,3033,30,434,50,158,30,24,60,92,0,0,80,260,80,258,50,762,0,0,0,0,0,0,60,213,0,0,330,681,1990,40996,1970,4434,0,0,40,22,700,815,80,7,50,22,60,61,240,50,460,645,30,34,280,844,70,485,70,458,1920,7477,400,909,0,0,170,239,150,410,80,260,320,726,330,706,40,28,30,54,1630,3620,1730,4490,0,0,0,0,480,756,1520,3731,1490,3660,40,71
96768,"$50,000 under $75,000",1400,770,340,240,1280,80,700,830,40,2360,0,0,0,0,170,400,85618,1400,86685,1180,64726,440,362,50,0,250,818,220,552,60,90,260,3948,200,567,130,1565,280,7032,30,90,639,300,5073,60,1310,160,711,310,1067,60,16,0,0,60,301,50,238,60,43,1280,22830,1280,22263,280,567,120,2886,7278,30,285,100,544,30,27,90,155,50,23,120,617,120,628,90,1259,0,0,30,6,0,0,80,424,0,0,260,814,1400,59250,1390,7153,0,0,30,50,510,1063,80,5,30,19,50,60,70,12,380,873,30,75,180,721,50,369,50,389,1360,8449,0,0,0,0,0,0,0,0,0,0,0,0,90,173,30,24,20,53,1300,6089,1330,6845,0,0,0,0,410,974,990,2562,960,2368,40,123
96768,"$75,000 under $100,000",890,340,430,100,810,50,520,450,0,1800,0,0,0,0,80,330,76951,890,77818,720,54505,390,214,50,0,250,1151,230,877,60,95,210,2956,200,747,120,2019,240,7936,0,50,188,230,5338,70,1440,150,904,220,867,40,11,40,526,40,294,30,148,0,0,760,16014,760,15558,210,456,130,3889,11285,30,869,110,832,0,0,110,212,30,16,130,882,130,887,100,1483,0,0,0,0,0,0,90,464,0,0,230,929,890,56271,890,7457,0,0,30,58,380,962,80,7,40,26,40,45,0,0,280,747,30,101,140,547,40,266,30,221,880,8026,0,0,0,0,0,0,0,0,0,0,0,0,20,56,30,27,0,0,850,6496,870,7062,0,0,0,0,330,921,560,1872,530,1748,40,124
96768,"$100,000 under $200,000",1500,280,1120,90,1370,110,920,630,50,3690,0,0,0,0,100,530,204441,1500,206489,1270,142574,790,755,90,0,500,2822,470,1879,150,243,400,8793,440,2771,250,7094,430,19816,50,100,491,390,11589,190,5906,290,2541,420,2048,100,33,0,0,80,597,60,360,40,36,1160,27912,1160,27161,340,751,340,10768,47960,60,902,310,3415,30,46,300,551,90,62,340,2918,340,2935,300,5171,0,0,30,24,0,0,260,1493,30,215,500,2989,1500,162762,1500,24227,0,0,30,98,790,2595,190,59,90,48,100,130,0,0,590,1707,80,505,260,1382,0,0,30,191,1470,23917,0,0,0,0,0,0,0,0,0,0,0,0,30,74,70,68,0,0,1470,21631,1480,23135,0,0,0,0,670,3202,820,3931,740,3237,120,694
96768,"$200,000 or more",480,70,380,20,450,0,380,120,0,1250,0,0,0,0,0,200,218875,480,221263,380,80358,360,2537,90,0,260,7787,250,6409,30,79,160,7191,290,40544,90,5487,150,9661,40,20,140,140,4306,180,30573,130,3473,180,2388,0,0,20,672,70,787,0,0,0,0,260,6531,260,6277,110,255,220,13941,122775,0,0,210,9659,0,0,190,836,30,22,220,2100,220,2125,190,3605,0,0,30,9,40,854,190,3953,20,962,260,5005,480,193396,480,46540,0,0,0,0,280,1693,130,466,30,15,0,0,0,0,160,438,40,503,130,1022,0,0,0,0,460,43932,0,0,0,0,0,0,0,0,0,0,0,0,0,0,0,0,0,0,470,44847,480,48571,160,220,250,2376,250,10930,220,6217,140,1820,100,4397
,,,,,,,,,,,,,,,,,,,,,,,,,,,,,,,,,,,,,,,,,,,,,,,,,,,,,,,,,,,,,,,,,,,,,,,,,,,,,,,,,,,,,,,,,,,,,,,,,,,,,,,,,,,,,,,,,,,,,,,,,,,,,,,,,,,,,,,,,,,,,,,,,,,,,,,,,,,,,,,,,,
96771,,1830,870,640,280,1650,90,660,1130,30,3610,30,0,30,0,330,590,87201,1830,87898,1310,60124,410,199,30,0,190,792,170,540,20,19,360,3020,190,4289,130,2196,390,10155,60,90,782,320,4237,40,601,100,286,360,697,50,13,0,0,0,0,0,0,30,17,1760,33031,1760,32163,440,868,70,1734,6882,0,0,60,351,0,0,50,115,20,7,60,446,60,463,50,646,0,0,0,0,0,0,40,239,0,0,170,454,1250,56766,1250,7723,0,0,0,0,580,1061,30,3,0,0,40,41,120,22,410,806,50,147,260,673,40,298,40,333,1630,9821,460,1163,120,41,140,370,110,415,80,335,410,1008,320,599,30,20,0,0,1050,6660,1210,7539,0,0,0,0,400,1461,1290,3665,1280,3545,20,59
96771,"$1 under $25,000",760,470,150,130,680,30,260,470,30,1300,30,0,30,0,150,270,8765,760,8900,440,5331,110,41,0,0,50,149,50,114,20,19,160,1267,50,66,40,323,130,1291,0,20,113,60,109,0,0,30,98,150,135,0,0,0,0,0,0,0,0,0,0,760,12692,760,12312,200,380,0,0,0,0,0,0,0,0,0,0,0,20,7,0,0,0,0,0,0,0,0,0,0,0,0,0,0,0,0,20,14,200,985,200,98,0,0,0,0,70,22,0,0,0,0,0,0,30,4,40,14,0,0,140,210,0,0,0,0,590,1453,320,822,120,41,90,296,60,249,50,236,280,698,170,245,30,20,0,0,150,75,290,291,0,0,0,0,90,89,540,1250,540,1249,20,59
96771,"$25,000 under $50,000",460,230,110,90,420,30,140,330,0,880,0,0,0,0,100,120,16591,460,16686,360,12515,80,14,0,0,40,126,30,83,0,0,70,557,30,24,20,275,90,2022,40,50,519,90,672,0,0,40,92,60,95,0,0,0,0,0,0,0,0,30,17,440,7895,440,7721,90,174,0,0,0,0,0,0,0,0,0,0,0,0,0,0,0,0,0,0,0,0,0,0,0,0,0,0,0,0,0,50,83,440,8356,440,896,0,0,0,0,210,240,0,0,0,0,0,0,90,18,150,198,0,0,40,114,40,298,40,333,440,1735,140,341,0,0,50,74,50,166,30,99,130,310,110,248,0,0,0,0,330,655,340,775,0,0,0,0,90,129,360,1088,360,1086,0,0
96771,"$50,000 under $75,000",270,100,120,40,240,0,110,160,0,580,0,0,0,0,50,90,16555,270,16674,220,12317,80,22,30,0,50,208,40,103,0,0,50,509,30,77,40,551,70,2007,0,0,0,70,1072,40,601,0,0,50,119,0,0,0,0,0,0,0,0,0,0,250,5153,250,5011,70,141,50,1068,2719,0,0,40,167,0,0,30,59,0,0,40,248,40,265,30,395,0,0,0,0,0,0,0,0,0,0,40,117,270,10824,270,1263,0,0,0,0,120,266,30,3,0,0,40,41,0,0,90,219,0,0,50,172,0,0,0,0,260,1494,0,0,0,0,0,0,0,0,0,0,0,0,40,106,0,0,0,0,240,997,250,1124,0,0,0,0,90,171,180,540,180,528,0,0
96771,"$75,000 under $100,000",140,40,90,20,120,30,50,80,0,340,0,0,0,0,30,40,12189,140,12269,120,8936,50,43,0,0,0,0,0,0,0,0,30,196,20,182,0,0,40,1587,20,20,150,40,721,0,0,30,96,40,80,50,13,0,0,0,0,0,0,0,0,130,2875,130,2814,30,62,0,0,0,0,0,0,0,0,0,0,0,0,0,0,0,0,0,0,0,0,0,0,0,0,0,40,239,0,0,20,89,140,8910,140,1137,0,0,0,0,80,225,0,0,0,0,0,0,0,0,50,162,50,147,0,0,0,0,0,0,140,1234,0,0,0,0,0,0,0,0,0,0,0,0,0,0,0,0,0,0,130,912,130,990,0,0,0,0,40,122,100,365,100,330,0,0
96771,"$100,000 under $200,000",170,30,140,0,160,0,80,90,0,440,0,0,0,0,0,70,23200,170,23468,150,17247,70,58,0,0,50,309,50,240,0,0,50,491,40,794,30,1047,60,3248,0,0,0,60,1663,0,0,0,0,60,268,0,0,0,0,0,0,0,0,0,0,150,3715,150,3632,50,111,20,666,4163,0,0,20,184,0,0,20,56,0,0,20,198,20,198,20,251,0,0,0,0,0,0,0,0,0,0,40,151,170,18738,170,2715,0,0,0,0,100,308,0,0,0,0,0,0,0,0,80,213,0,0,30,177,0,0,0,0,170,2587,0,0,0,0,0,0,0,0,0,0,0,0,0,0,0,0,0,0,170,2442,170,2604,0,0,0,0,90,950,110,422,100,352,0,0
96771,"$200,000 or more",30,0,30,0,30,0,20,0,0,70,0,0,0,0,0,0,9901,30,9901,20,3778,20,21,0,0,0,0,0,0,0,0,0,0,20,3146,0,0,0,0,0,0,0,0,0,0,0,0,0,0,0,0,0,0,0,0,0,0,0,0,0,30,701,30,673,0,0,0,0,0,0,0,0,0,0,0,0,0,0,0,0,0,0,0,0,0,0,0,0,0,0,0,0,0,0,0,0,0,30,8953,30,1614,0,0,0,0,0,0,0,0,0,0,0,0,0,0,0,0,0,0,0,0,0,0,0,0,30,1318,0,0,0,0,0,0,0,0,0,0,0,0,0,0,0,0,0,0,30,1579,30,1755,0,0,0,0,0,0,0,0,0,0,0,0
,,,,,,,,,,,,,,,,,,,,,,,,,,,,,,,,,,,,,,,,,,,,,,,,,,,,,,,,,,,,,,,,,,,,,,,,,,,,,,,,,,,,,,,,,,,,,,,,,,,,,,,,,,,,,,,,,,,,,,,,,,,,,,,,,,,,,,,,,,,,,,,,,,,,,,,,,,,,,,,,,,
96778,,6040,2990,1940,980,5460,200,2240,3600,70,11560,140,60,80,0,980,1960,276014,6040,279176,4100,172586,1410,1516,150,0,740,3746,670,2617,90,85,1300,15587,820,15765,520,11065,1190,30232,130,300,2399,1000,13917,190,6189,400,2847,1380,3162,140,41,0,0,130,628,70,376,80,63,5780,107263,5780,104438,1410,2826,250,6777,26111,80,1215,190,1384,30,39,200,577,70,33,250,1582,250,1594,190,2278,0,0,0,0,0,0,160,1025,0,0,660,2440,4020,178378,3990,25344,0,0,140,224,1760,3368,160,33,40,20,130,154,400,82,1230,2286,140,479,1060,2680,200,1579,220,1793,5260,33381,1680,4140,520,181,510,1203,380,1456,290,1300,1440,3437,1090,2064,130,101,60,58,3240,21974,3920,25208,20,33,60,255,1400,5435,4140,12810,4060,12182,100,628
96778,"$1 under $25,000",2650,1620,510,460,2360,90,850,1580,20,4440,120,40,80,0,440,860,29246,2650,30017,1440,16964,500,342,60,0,230,502,200,324,30,16,700,5314,240,269,140,1059,390,3493,50,90,678,160,354,60,261,150,481,670,771,0,0,0,0,40,133,30,104,30,19,2620,43819,2620,42525,660,1294,20,448,248,0,0,0,0,0,0,0,0,0,0,20,55,20,55,0,0,0,0,0,0,0,0,0,0,0,0,100,60,670,3391,670,341,0,0,30,14,230,76,0,0,20,9,20,13,80,18,110,40,0,0,630,888,60,527,70,563,2040,5156,1180,2821,520,181,320,920,200,938,150,782,990,2288,580,853,40,30,20,21,490,264,1070,1171,0,0,0,0,350,309,1830,4291,1810,4227,20,64
96778,"$25,000 under $50,000",1550,760,410,340,1420,40,530,1070,30,3090,20,20,0,0,320,390,56190,1550,56762,1240,42235,260,320,0,0,120,513,110,327,0,0,230,3010,150,930,110,1587,240,4829,50,100,809,300,2226,20,-165,60,275,240,572,40,12,0,0,30,125,0,0,0,0,1510,27548,1510,27001,270,547,40,857,1416,50,709,30,133,30,39,40,112,0,0,40,192,40,205,40,297,0,0,0,0,0,0,30,130,0,0,180,367,1510,27476,1490,2913,0,0,40,26,730,818,40,1,0,0,40,41,250,53,530,679,40,30,170,526,70,540,70,561,1460,6072,470,1300,0,0,190,283,180,518,120,506,420,1133,400,950,30,22,40,37,1050,2096,1120,2658,0,0,0,0,310,485,1210,3892,1190,3855,30,64
96778,"$50,000 under $75,000",770,340,310,100,690,30,310,440,0,1590,0,0,0,0,120,280,46994,770,47450,590,31775,210,219,30,0,120,565,110,358,40,43,150,2002,140,1217,80,1098,200,5995,0,60,505,200,3087,30,358,60,326,180,456,40,12,0,0,30,139,20,115,30,20,720,14219,720,13868,180,351,50,1337,3153,0,0,50,221,0,0,40,88,50,21,50,305,50,310,40,369,0,0,0,0,0,0,30,123,0,0,130,396,770,31240,760,3626,0,0,50,79,330,760,40,3,20,11,20,26,70,11,250,618,30,63,100,365,40,313,60,487,730,4243,30,19,0,0,0,0,0,0,20,12,30,16,90,198,30,25,0,0,660,2866,680,3262,0,0,0,0,270,597,500,1571,490,1544,0,0
96778,"$75,000 under $100,000",450,130,270,40,410,40,210,240,20,980,0,0,0,0,40,160,38768,450,39125,360,26060,160,167,20,0,90,224,80,147,0,0,80,1546,80,558,60,980,150,5368,30,30,228,130,2851,20,713,50,198,110,357,30,8,0,0,0,0,20,157,0,0,400,9022,400,8778,110,244,50,1454,4227,30,506,40,203,0,0,40,103,0,0,50,304,50,300,40,667,0,0,0,0,0,0,40,238,0,0,80,397,450,28022,450,3625,0,0,0,0,180,507,20,2,0,0,20,32,0,0,140,366,20,94,60,275,30,199,0,0,440,3748,0,0,0,0,0,0,0,0,0,0,0,0,20,63,0,0,0,0,430,3117,440,3429,0,0,0,0,180,547,270,858,260,836,30,110
96778,"$100,000 under $200,000",510,110,360,40,470,0,250,250,0,1220,0,0,0,0,60,210,66423,510,66952,400,42563,200,247,40,0,120,842,120,613,20,26,110,2241,140,3879,100,3493,170,7912,0,20,179,170,4176,30,719,60,265,140,529,30,9,0,0,30,231,0,0,20,24,440,10524,440,10221,150,304,70,1809,9163,0,0,70,827,0,0,80,274,20,12,70,531,70,529,70,945,0,0,0,0,0,0,60,534,0,0,120,640,510,53440,510,7766,0,0,20,105,240,861,60,27,0,0,30,42,0,0,200,583,50,292,80,355,0,0,20,182,490,7398,0,0,0,0,0,0,0,0,0,0,0,0,0,0,30,24,0,0,500,6904,500,7387,0,0,0,0,220,1370,290,1364,280,1276,0,0
96778,"$200,000 or more",110,30,80,0,110,0,90,20,0,240,0,0,0,0,0,60,38393,110,38870,70,12989,80,221,0,0,60,1100,50,848,0,0,30,1474,70,8912,30,2848,40,2635,0,0,0,40,1223,30,4303,20,1302,40,477,0,0,0,0,0,0,0,0,0,0,90,2131,90,2045,40,86,20,872,7904,0,0,0,0,0,0,0,0,0,0,20,195,20,195,0,0,0,0,0,0,0,0,0,0,0,0,50,580,110,34809,110,7073,0,0,0,0,50,346,0,0,0,0,0,0,0,0,0,0,0,0,20,271,0,0,0,0,100,6764,0,0,0,0,0,0,0,0,0,0,0,0,0,0,0,0,0,0,110,6727,110,7301,20,33,60,255,70,2127,40,834,30,444,20,390
,,,,,,,,,,,,,,,,,,,,,,,,,,,,,,,,,,,,,,,,,,,,,,,,,,,,,,,,,,,,,,,,,,,,,,,,,,,,,,,,,,,,,,,,,,,,,,,,,,,,,,,,,,,,,,,,,,,,,,,,,,,,,,,,,,,,,,,,,,,,,,,,,,,,,,,,,,,,,,,,,,
96779,,1820,1080,520,190,1640,100,1020,860,30,2990,0,0,0,0,160,530,223895,1820,227357,1230,87303,670,2711,100,0,450,7453,410,4938,60,87,570,12485,430,15887,160,4285,270,8000,30,110,789,290,4800,210,31741,270,26305,600,3462,30,9,20,581,150,1181,40,268,20,6,1590,27208,1590,26529,350,680,230,11125,82626,50,821,200,9516,20,31,190,776,30,21,230,1840,230,1871,170,3083,0,0,0,0,20,670,160,1691,0,0,510,6421,1440,182021,1430,39971,0,0,40,80,570,1740,180,207,40,24,30,24,70,19,320,708,50,145,480,2041,90,576,100,626,1620,43173,260,439,120,42,70,178,30,111,20,100,170,302,150,251,20,16,40,58,1300,37687,1480,41368,60,171,110,1396,600,4384,1110,9606,1010,3688,120,4973
96779,"$1 under $25,000",530,430,40,50,470,30,270,240,0,630,0,0,0,0,40,160,5892,530,6195,240,2880,140,78,0,0,90,223,80,111,0,0,220,1904,80,18,30,195,60,503,0,30,197,30,47,0,0,40,184,200,303,0,0,0,0,30,118,0,0,0,0,520,7403,520,7174,130,230,30,795,802,0,0,0,0,0,0,0,0,0,0,30,136,30,136,20,259,0,0,0,0,0,0,0,0,0,0,70,47,180,878,170,83,0,0,0,0,50,11,0,0,0,0,0,0,0,0,0,0,0,0,190,305,30,193,30,169,390,731,180,245,120,42,40,121,0,0,20,100,110,166,60,74,20,16,0,0,140,72,280,384,0,0,0,0,130,180,310,525,300,462,30,98
96779,"$25,000 under $50,000",420,270,80,50,380,40,200,250,0,650,0,0,0,0,60,90,15215,420,15561,330,11033,100,65,30,0,60,276,60,176,0,0,100,1736,60,33,20,379,40,817,30,30,311,50,377,40,384,30,180,110,346,0,0,0,0,20,87,20,92,20,6,400,6514,400,6387,60,127,0,0,0,0,0,40,209,20,31,40,99,0,0,0,0,0,0,0,0,0,0,0,0,0,0,0,0,0,0,100,218,400,8077,400,870,0,0,0,0,150,132,50,5,0,0,30,24,70,19,90,99,20,47,90,288,40,273,40,265,390,1533,80,194,0,0,30,57,30,111,0,0,60,136,70,135,0,0,40,58,330,738,360,1035,0,0,0,0,110,223,300,716,290,681,0,0
96779,"$50,000 under $75,000",290,170,70,60,260,0,140,150,30,460,0,0,0,0,40,80,17543,290,17884,220,12448,80,28,0,0,60,323,50,173,30,40,70,1226,50,216,40,981,60,1470,0,20,152,60,954,30,603,30,131,80,341,30,9,20,581,30,187,0,0,0,0,260,4574,260,4470,60,104,20,643,1542,30,364,0,0,0,0,0,0,0,0,20,141,20,141,30,482,0,0,0,0,0,0,50,166,0,0,80,278,280,12057,280,1459,0,0,40,80,100,192,30,6,0,0,0,0,0,0,70,139,0,0,60,233,20,110,30,192,270,1770,0,0,0,0,0,0,0,0,0,0,0,0,20,42,0,0,0,0,270,1267,270,1518,0,0,0,0,100,282,180,527,170,470,20,172
96779,"$75,000 under $100,000",170,90,60,0,150,30,90,90,0,320,0,0,0,0,20,50,14869,170,15148,130,10068,70,101,30,0,40,289,40,202,0,0,40,857,40,154,0,0,30,1159,0,30,129,50,843,0,0,30,364,50,279,0,0,0,0,0,0,20,176,0,0,150,2742,150,2677,30,65,30,773,2363,0,0,20,137,0,0,20,45,0,0,30,174,30,174,0,0,0,0,0,0,0,0,0,0,0,0,50,219,170,11048,170,1510,0,0,0,0,60,178,0,0,40,24,0,0,0,0,50,142,0,0,30,150,0,0,0,0,170,1612,0,0,0,0,0,0,0,0,0,0,0,0,0,0,0,0,0,0,160,1332,170,1487,0,0,0,0,70,237,100,358,100,216,0,0
96779,"$100,000 under $200,000",250,80,150,30,220,0,180,100,0,550,0,0,0,0,0,80,34406,250,35030,200,21553,140,80,0,0,90,1021,80,743,30,47,70,1547,90,1522,40,906,50,2584,0,0,0,60,1460,50,2761,60,1243,80,624,0,0,0,0,20,194,0,0,0,0,190,4241,190,4145,50,96,60,2238,8149,20,457,60,673,0,0,50,154,30,21,60,499,60,499,50,977,0,0,0,0,0,0,40,267,0,0,100,888,250,27040,250,4143,0,0,0,0,120,377,40,19,0,0,0,0,0,0,80,233,30,98,50,322,0,0,0,0,240,4146,0,0,0,0,0,0,0,0,0,0,0,0,0,0,0,0,0,0,240,3766,240,4122,0,0,0,0,120,896,130,901,110,680,20,222
96779,"$200,000 or more",160,40,120,0,160,0,140,30,0,380,0,0,0,0,0,70,135970,160,137539,110,29321,140,2359,40,0,110,5321,100,3533,0,0,70,5215,110,13944,30,1824,30,1467,0,0,0,40,1119,90,27993,80,24203,80,1569,0,0,0,0,50,595,0,0,0,0,70,1734,70,1676,20,58,90,6676,69770,0,0,80,8497,0,0,80,478,0,0,90,890,90,921,70,1365,0,0,0,0,20,670,70,1258,0,0,110,4771,160,122921,160,31906,0,0,0,0,90,850,60,177,0,0,0,0,0,0,30,95,0,0,60,743,0,0,0,0,160,33381,0,0,0,0,0,0,0,0,0,0,0,0,0,0,0,0,0,0,160,30512,160,32822,60,171,110,1396,70,2566,90,6579,40,1179,50,4481
,,,,,,,,,,,,,,,,,,,,,,,,,,,,,,,,,,,,,,,,,,,,,,,,,,,,,,,,,,,,,,,,,,,,,,,,,,,,,,,,,,,,,,,,,,,,,,,,,,,,,,,,,,,,,,,,,,,,,,,,,,,,,,,,,,,,,,,,,,,,,,,,,,,,,,,,,,,,,,,,,,
96781,,780,420,240,110,710,50,330,440,0,1340,20,0,20,0,100,260,48603,780,49129,580,30837,280,224,0,0,150,823,120,637,0,0,130,2131,120,3053,80,1125,190,4512,30,0,0,140,2165,30,1050,60,285,140,526,0,0,0,0,20,109,0,0,0,0,730,13227,730,12840,180,389,60,1475,8760,0,0,50,568,0,0,50,172,0,0,60,421,60,433,40,532,0,0,0,0,0,0,30,156,0,0,130,533,620,34418,620,5041,0,0,0,0,220,434,30,3,0,0,0,0,40,10,150,307,0,0,100,458,0,0,0,0,730,5841,130,283,40,14,40,92,30,117,0,0,110,249,80,140,0,0,0,0,570,4606,610,5178,0,0,20,63,190,920,550,1492,530,1302,20,142
96781,"$1 under $25,000",230,160,40,30,210,0,90,130,0,340,20,0,20,0,30,100,2815,230,2877,140,1826,60,12,0,0,20,44,0,0,0,0,40,327,40,49,30,182,50,396,0,0,0,0,0,0,0,0,0,40,62,0,0,0,0,20,109,0,0,0,0,230,3809,230,3642,80,168,0,0,0,0,0,20,93,0,0,0,0,0,0,0,0,0,0,0,0,0,0,0,0,0,0,0,0,0,0,0,0,80,422,80,42,0,0,0,0,20,8,0,0,0,0,0,0,0,0,0,0,0,0,40,71,0,0,0,0,190,405,80,182,40,14,0,0,30,117,0,0,70,158,40,56,0,0,0,0,70,34,100,107,0,0,0,0,30,44,170,342,170,334,0,0
96781,"$25,000 under $50,000",230,140,30,50,200,50,80,150,0,350,0,0,0,0,40,50,8456,230,8502,190,6970,70,36,0,0,30,18,40,37,0,0,30,266,0,0,0,0,40,715,30,0,0,60,360,0,0,0,0,30,46,0,0,0,0,0,0,0,0,0,0,220,3550,220,3481,30,69,30,628,1609,0,0,0,0,0,0,0,0,0,0,30,159,30,159,0,0,0,0,0,0,0,0,0,0,0,0,50,67,220,4605,220,498,0,0,0,0,80,103,0,0,0,0,0,0,40,10,70,84,0,0,20,59,0,0,0,0,220,861,50,101,0,0,40,92,0,0,0,0,40,91,40,84,0,0,0,0,180,394,190,456,0,0,0,0,50,50,180,454,170,444,0,0
96781,"$50,000 under $75,000",130,70,40,30,120,0,50,80,0,220,0,0,0,0,30,40,8262,130,8379,110,6259,50,34,0,0,40,89,30,63,0,0,30,278,30,-10,30,445,30,740,0,0,0,30,446,0,0,40,20,40,117,0,0,0,0,0,0,0,0,0,0,120,2246,120,2198,40,82,0,0,0,0,0,0,0,0,0,0,0,0,0,0,0,0,0,0,0,0,0,0,0,0,0,0,0,0,0,40,122,130,5753,130,709,0,0,0,0,40,95,0,0,0,0,0,0,0,0,30,79,0,0,20,107,0,0,0,0,130,834,0,0,0,0,0,0,0,0,0,0,0,0,0,0,0,0,0,0,130,614,130,671,0,0,0,0,30,71,100,232,100,227,0,0
96781,"$75,000 under $100,000",70,20,50,0,70,0,40,40,0,160,0,0,0,0,0,20,6406,70,6406,60,4521,30,7,0,0,0,0,0,0,0,0,0,0,0,0,0,0,30,640,0,0,0,20,440,30,1050,0,0,0,0,0,0,0,0,0,0,0,0,0,0,70,1521,70,1488,0,0,0,0,0,0,0,0,0,0,0,0,0,0,0,0,0,0,0,0,0,0,0,0,0,0,0,0,0,0,0,0,0,70,4692,70,600,0,0,0,0,30,57,30,3,0,0,0,0,0,0,20,43,0,0,0,0,0,0,0,0,70,613,0,0,0,0,0,0,0,0,0,0,0,0,0,0,0,0,0,0,70,543,70,593,0,0,0,0,30,84,40,103,40,93,20,142
96781,"$100,000 under $200,000",90,30,80,0,80,0,50,40,0,200,0,0,0,0,0,50,11830,90,12131,80,11261,50,57,0,0,60,672,50,537,0,0,30,1260,30,629,20,498,40,2021,0,0,0,30,919,0,0,20,265,30,301,0,0,0,0,0,0,0,0,0,0,90,2101,90,2031,30,70,30,847,7151,0,0,30,475,0,0,50,172,0,0,30,262,30,274,40,532,0,0,0,0,0,0,30,156,0,0,40,344,90,9472,90,1382,0,0,0,0,50,171,0,0,0,0,0,0,0,0,30,101,0,0,20,221,0,0,0,0,90,1452,0,0,0,0,0,0,0,0,0,0,0,0,0,0,0,0,0,0,90,1280,90,1396,0,0,0,0,50,671,60,361,50,204,0,0
96781,"$200,000 or more",30,0,0,0,30,0,20,0,0,70,0,0,0,0,0,0,10834,30,10834,0,0,20,78,0,0,0,0,0,0,0,0,0,0,20,2385,0,0,0,0,0,0,0,0,0,0,0,0,0,0,0,0,0,0,0,0,0,0,0,0,0,0,0,0,0,0,0,0,0,0,0,0,0,0,0,0,0,0,0,0,0,0,0,0,0,0,0,0,0,0,0,0,0,0,0,0,0,0,30,9474,30,1810,0,0,0,0,0,0,0,0,0,0,0,0,0,0,0,0,0,0,0,0,0,0,0,0,30,1676,0,0,0,0,0,0,0,0,0,0,0,0,0,0,0,0,0,0,30,1741,30,1955,0,0,20,63,0,0,0,0,0,0,0,0
,,,,,,,,,,,,,,,,,,,,,,,,,,,,,,,,,,,,,,,,,,,,,,,,,,,,,,,,,,,,,,,,,,,,,,,,,,,,,,,,,,,,,,,,,,,,,,,,,,,,,,,,,,,,,,,,,,,,,,,,,,,,,,,,,,,,,,,,,,,,,,,,,,,,,,,,,,,,,,,,,,
96782,,18260,9520,6530,1720,16180,1150,9690,10590,210,32320,240,200,40,30,1900,6630,1314266,18260,1321554,13590,869983,7410,5621,840,0,4570,15491,4240,11331,890,1330,2190,29500,3660,35300,2900,55029,5440,197559,20,690,4590,4240,79214,430,14266,1360,6354,2680,7288,430,125,50,1086,210,1483,270,1155,310,288,16170,299041,16170,288626,4850,10416,2080,66468,267666,390,13206,1730,15807,300,338,1770,4669,390,328,2060,15477,2070,15487,1680,25802,50,501,280,210,30,66,1490,8136,140,2408,2410,7185,15610,963733,15560,141045,0,0,90,87,6410,13565,1240,162,600,358,760,856,1300,273,4090,9400,350,2013,1550,4854,160,1162,190,1244,17340,152506,1720,3808,490,177,570,1248,400,1399,240,984,1480,3345,1330,2555,600,519,60,52,14270,127479,14830,134121,230,131,280,689,4540,16631,13020,34778,12530,31510,680,3259
96782,"$1 under $25,000",3990,3110,470,330,3480,290,1900,2340,30,4710,170,130,40,30,460,1430,48329,3990,48833,2490,31952,980,334,50,0,480,634,430,396,30,19,520,3145,390,326,370,2131,860,8746,20,110,599,360,770,40,-98,140,133,480,504,0,0,0,0,30,77,0,0,30,30,3920,57616,3920,55308,1190,2308,70,2252,945,50,1214,20,71,40,24,40,96,0,0,70,190,70,191,40,562,0,0,0,0,0,0,30,69,0,0,140,68,1460,8038,1430,792,0,0,0,0,440,145,20,0,0,0,100,47,210,44,130,48,0,0,410,570,60,395,70,409,3210,5656,940,2025,490,177,240,756,140,711,70,380,800,1758,410,649,110,99,30,21,1180,647,1540,1264,0,0,0,0,370,330,2990,4718,2970,4665,20,44
96782,"$25,000 under $50,000",4430,2890,760,590,4020,220,2050,3140,40,6870,70,70,0,0,750,1220,166131,4430,167187,3530,128153,1150,440,100,0,640,1074,580,751,70,81,390,3938,480,308,410,4013,940,20393,0,160,1001,890,6869,40,334,160,237,510,1056,50,14,0,0,30,145,90,274,70,77,4250,69969,4250,68151,900,1818,180,5418,6868,90,2741,110,374,60,42,110,300,30,23,170,658,170,654,100,1460,20,218,0,0,0,0,100,352,0,0,370,523,4340,91479,4320,9925,0,0,60,41,1630,1722,130,13,100,54,200,207,830,179,870,1204,40,53,280,706,50,415,60,408,4340,16473,730,1756,0,0,330,492,240,677,150,588,640,1562,620,1327,140,112,30,31,3610,8204,3740,8983,0,0,0,0,740,822,3660,8300,3610,8082,70,218
96782,"$50,000 under $75,000",3230,1830,910,390,2860,190,1730,2040,40,5400,0,0,0,0,360,1150,199173,3230,200180,2520,143247,1290,742,130,0,750,1826,690,1295,160,234,320,2541,590,901,470,5745,950,29260,0,120,954,830,13746,50,390,200,208,490,1007,90,25,0,0,30,206,70,289,90,81,2930,53107,2930,51427,820,1680,300,8709,18745,90,3299,220,960,70,59,230,545,60,52,290,1525,300,1582,210,2744,0,0,50,30,0,0,190,806,40,510,390,616,3210,137612,3210,16623,0,0,0,0,1110,2105,210,13,70,40,130,152,260,50,720,1636,50,157,210,531,30,223,30,247,3210,19541,50,27,0,0,0,0,20,11,20,16,40,25,200,368,100,79,0,0,2990,14517,3030,15148,0,0,0,0,820,1298,2400,5674,2340,5505,80,169
96782,"$75,000 under $100,000",2180,880,1030,200,1900,150,1230,1180,20,4300,0,0,0,0,160,960,188808,2180,189746,1590,120391,1120,748,130,0,680,2016,630,1408,160,213,270,3061,520,1442,500,8280,860,34394,0,120,902,760,16694,50,236,210,460,320,938,50,15,0,0,30,254,40,167,40,27,1850,39065,1850,37513,690,1552,320,9117,28256,60,2065,260,1594,50,86,270,663,70,51,320,2156,320,2156,260,3374,0,0,40,23,0,0,240,1113,0,0,380,723,2170,140213,2170,18752,0,0,30,46,850,2054,210,16,70,45,110,141,0,0,620,1616,50,180,180,566,20,129,30,180,2160,19947,0,0,0,0,0,0,0,0,0,0,0,0,50,90,80,70,0,0,2110,16698,2130,17370,0,0,0,0,720,1735,1450,4289,1380,4068,100,221
96782,"$100,000 under $200,000",3710,730,2740,210,3270,250,2270,1690,80,9060,0,0,0,0,170,1560,503914,3710,506064,2870,334005,2310,2289,340,0,1610,6626,1510,4774,420,685,560,8682,1280,6624,940,23841,1510,80324,0,180,1134,1190,34033,150,3062,500,3097,720,2150,210,64,50,1086,60,453,70,425,80,73,2780,67890,2780,65251,1080,2640,930,29085,130907,100,3887,860,7959,80,127,860,2228,190,156,930,8340,930,8281,820,13251,30,283,140,139,30,66,710,3781,70,767,850,2434,3710,404610,3710,60284,0,0,0,0,1940,5929,520,88,300,179,220,309,0,0,1430,4023,160,1101,370,1567,0,0,0,0,3700,58695,0,0,0,0,0,0,0,0,0,0,0,0,50,121,170,159,0,0,3660,54355,3670,56277,30,6,0,0,1520,6049,2180,8385,1980,7331,280,1054
96782,"$200,000 or more",720,80,620,0,650,50,510,200,0,1980,0,0,0,0,0,310,207911,720,209544,590,112235,560,1068,90,0,410,3315,400,2707,50,98,130,8133,400,25699,210,11019,320,24442,0,0,0,210,7102,100,10342,150,2219,160,1633,30,7,0,0,30,348,0,0,0,0,440,11394,440,10976,170,418,280,11887,81945,0,0,260,4849,0,0,260,837,40,46,280,2608,280,2623,250,4411,0,0,50,18,0,0,220,2015,30,1131,280,2821,720,181781,720,34669,0,0,0,0,440,1610,150,32,60,40,0,0,0,0,320,873,50,522,100,914,0,0,0,0,720,32194,0,0,0,0,0,0,0,0,0,0,0,0,0,0,0,0,0,0,720,33058,720,35079,200,125,280,689,370,6397,340,3412,250,1859,130,1553
,,,,,,,,,,,,,,,,,,,,,,,,,,,,,,,,,,,,,,,,,,,,,,,,,,,,,,,,,,,,,,,,,,,,,,,,,,,,,,,,,,,,,,,,,,,,,,,,,,,,,,,,,,,,,,,,,,,,,,,,,,,,,,,,,,,,,,,,,,,,,,,,,,,,,,,,,,,,,,,,,,
96783,,1030,470,350,180,910,50,470,660,0,2010,20,0,20,0,170,350,61792,1030,62192,760,40476,340,267,30,0,150,1395,130,900,0,0,150,1195,130,1575,110,2140,260,7244,60,40,219,200,3324,30,394,50,494,150,400,0,0,0,0,0,0,0,0,0,0,960,18041,960,17490,260,553,70,2135,11646,0,0,60,597,0,0,60,226,0,0,70,508,70,508,50,756,0,0,0,0,0,0,40,340,0,0,130,381,790,43415,790,6615,0,0,0,0,390,735,40,6,20,9,30,33,70,15,290,523,30,87,120,288,0,0,0,0,950,8398,220,617,40,14,90,216,50,210,40,169,200,551,180,351,30,22,0,0,630,5856,700,6384,0,0,20,59,190,809,770,2812,750,2546,30,247
96783,"$1 under $25,000",350,220,60,60,300,30,130,200,0,550,20,0,20,0,60,130,4188,350,4242,200,2778,90,32,0,0,20,10,0,0,0,0,50,301,0,0,20,131,90,726,30,0,0,30,45,0,0,20,65,50,54,0,0,0,0,0,0,0,0,0,0,340,5673,340,5448,110,226,0,0,0,0,0,0,0,0,0,0,0,0,0,0,0,0,0,0,0,0,0,0,0,0,0,0,0,0,0,0,0,110,615,110,62,0,0,0,0,50,19,0,0,0,0,0,0,0,0,30,10,0,0,50,89,0,0,0,0,280,728,120,363,40,14,40,139,20,119,0,0,110,321,80,129,0,0,0,0,70,43,120,134,0,0,0,0,30,39,250,635,250,631,0,0
96783,"$25,000 under $50,000",290,140,70,70,270,0,140,220,0,560,0,0,0,0,60,60,10836,290,10874,250,8920,70,40,30,0,30,50,40,50,0,0,30,218,40,2,40,449,40,661,0,40,219,50,404,0,0,0,0,30,38,0,0,0,0,0,0,0,0,0,0,280,5022,280,4934,40,88,0,0,0,0,0,0,0,0,0,30,56,0,0,0,0,0,0,20,287,0,0,0,0,0,0,0,0,0,0,40,53,290,5568,290,598,0,0,0,0,150,174,0,0,20,9,30,33,70,15,110,130,30,87,40,112,0,0,0,0,280,1165,100,254,0,0,50,77,30,91,40,169,90,230,80,165,30,22,0,0,200,425,210,486,0,0,0,0,40,62,250,740,250,740,0,0
96783,"$50,000 under $75,000",140,60,50,30,120,20,60,90,0,280,0,0,0,0,30,40,8504,140,8564,120,6934,50,20,0,0,30,56,20,35,0,0,30,206,30,118,0,0,30,557,30,0,0,30,382,0,0,0,0,30,60,0,0,0,0,0,0,0,0,0,0,130,2445,130,2386,30,59,40,850,2094,0,0,30,128,0,0,0,0,0,0,40,207,40,207,0,0,0,0,0,0,0,0,0,0,0,0,30,100,140,5707,140,669,0,0,0,0,60,135,0,0,0,0,0,0,0,0,50,111,0,0,0,0,0,0,0,0,140,904,0,0,0,0,0,0,0,0,0,0,0,0,20,57,0,0,0,0,120,534,130,586,0,0,0,0,60,101,100,387,100,371,0,0
96783,"$75,000 under $100,000",80,20,50,20,70,0,40,60,0,190,0,0,0,0,20,30,6862,80,6862,70,5310,20,5,0,0,0,0,0,0,0,0,0,0,0,0,0,0,30,847,0,0,0,20,473,0,0,0,0,0,0,0,0,0,0,0,0,0,0,0,0,70,1566,70,1520,20,46,0,0,0,0,0,0,0,0,0,0,0,0,0,0,0,0,0,0,0,0,0,0,0,0,0,0,0,0,0,0,0,80,5019,80,644,0,0,0,0,30,107,0,0,0,0,0,0,0,0,30,89,0,0,0,0,0,0,0,0,80,750,0,0,0,0,0,0,0,0,0,0,0,0,0,0,0,0,0,0,70,538,70,566,0,0,0,0,0,0,60,216,60,208,0,0
96783,"$100,000 under $200,000",140,30,100,0,120,0,100,90,0,350,0,0,0,0,0,90,18860,140,19108,120,16534,80,136,0,0,70,1279,70,815,0,0,40,470,60,1455,50,1560,70,4453,0,0,0,70,2020,30,394,30,429,40,248,0,0,0,0,0,0,0,0,0,0,140,3335,140,3202,60,134,30,1285,9552,0,0,30,469,0,0,30,170,0,0,30,301,30,301,30,469,0,0,0,0,0,0,40,340,0,0,60,228,140,15067,140,2228,0,0,0,0,100,300,40,6,0,0,0,0,0,0,70,183,0,0,30,87,0,0,0,0,140,2336,0,0,0,0,0,0,0,0,0,0,0,0,0,0,0,0,0,0,140,1978,140,2048,0,0,0,0,60,607,110,834,90,596,30,247
96783,"$200,000 or more",30,0,20,0,30,0,0,0,0,80,0,0,0,0,0,0,12542,30,12542,0,0,30,34,0,0,0,0,0,0,0,0,0,0,0,0,0,0,0,0,0,0,0,0,0,0,0,0,0,0,0,0,0,0,0,0,0,0,0,0,0,0,0,0,0,0,0,0,0,0,0,0,0,0,0,0,0,0,0,0,0,0,0,0,0,0,0,0,0,0,0,0,0,0,0,0,0,0,30,11439,30,2414,0,0,0,0,0,0,0,0,0,0,0,0,0,0,0,0,0,0,0,0,0,0,0,0,30,2515,0,0,0,0,0,0,0,0,0,0,0,0,0,0,0,0,0,0,30,2338,30,2564,0,0,20,59,0,0,0,0,0,0,0,0
,,,,,,,,,,,,,,,,,,,,,,,,,,,,,,,,,,,,,,,,,,,,,,,,,,,,,,,,,,,,,,,,,,,,,,,,,,,,,,,,,,,,,,,,,,,,,,,,,,,,,,,,,,,,,,,,,,,,,,,,,,,,,,,,,,,,,,,,,,,,,,,,,,,,,,,,,,,,,,,,,,
96786,,16450,7170,6650,1810,15300,720,7410,12020,210,34230,170,120,50,0,3270,3200,919522,16450,925467,14520,755734,3360,1714,250,0,1920,4663,1780,3437,450,645,1700,13791,1690,11444,930,16799,2610,76239,20,550,3467,1780,28493,220,5491,830,3846,2480,5945,270,75,0,0,100,656,330,948,380,346,15510,294164,15510,289534,2260,4630,950,28903,115359,170,3282,820,6960,90,117,780,1966,200,163,940,7062,940,7095,780,12712,0,0,110,88,0,0,700,4112,50,599,1300,3932,14240,609212,14220,82072,0,0,50,40,8120,15243,560,74,800,527,960,978,3510,854,5180,11780,160,784,1120,2787,110,692,120,754,15820,104158,3170,7874,480,168,1150,2456,920,3059,620,2190,2950,7449,3040,6613,740,565,50,44,11240,66830,11760,70477,90,47,100,202,2880,8037,13090,41591,12890,40003,260,1589
96786,"$1 under $25,000",3680,2640,410,450,3370,190,1550,2620,30,4880,130,80,50,0,650,890,48093,3680,48794,2780,40258,480,163,0,0,180,208,170,156,0,0,430,1760,160,82,140,783,500,4506,20,80,396,170,380,0,0,90,163,440,701,0,0,0,0,30,94,30,61,30,28,3640,54036,3640,52606,730,1430,40,934,606,30,464,0,0,0,0,20,55,0,0,40,100,40,98,20,265,0,0,0,0,0,0,20,73,0,0,80,63,1510,9200,1510,927,0,0,30,11,700,188,0,0,0,0,50,25,460,83,190,72,0,0,320,432,50,326,50,343,3150,6777,1120,2779,480,168,350,1086,180,901,110,624,1010,2560,590,959,80,61,50,44,1180,739,1470,1187,0,0,0,0,270,227,2980,5814,2970,5782,0,0
96786,"$25,000 under $50,000",5980,2820,1920,770,5680,180,2320,4990,80,11880,40,40,0,0,1550,640,219063,5980,220526,5630,203736,650,225,50,0,360,299,320,208,50,42,450,1074,350,88,130,1305,510,9516,0,130,888,430,3283,40,50,120,78,700,1463,50,12,0,0,0,0,130,290,100,94,5890,106721,5890,105820,460,901,90,2409,3591,40,790,70,189,40,40,70,134,20,16,90,356,90,367,60,868,0,0,0,0,0,0,60,336,0,0,320,317,5940,109833,5930,11821,0,0,0,0,3560,3505,110,17,210,123,340,301,2310,637,1870,2387,30,28,270,427,30,183,30,199,5910,25615,1880,4949,0,0,800,1370,670,2117,400,1462,1780,4759,1740,4076,260,189,0,0,3990,8317,4140,8794,0,0,0,0,690,690,5260,17497,5240,17457,50,72
96786,"$50,000 under $75,000",3090,1020,1600,370,2890,120,1400,2360,60,7400,0,0,0,0,660,570,189159,3090,190420,2830,165662,650,282,40,0,400,528,380,402,110,134,270,1300,340,723,170,1987,480,12398,0,130,862,400,6115,30,153,170,170,550,1261,60,17,0,0,30,182,90,266,130,131,2950,61447,2950,60697,380,750,140,3770,8761,40,743,110,440,30,48,110,272,40,28,140,760,140,751,110,1761,0,0,40,9,0,0,90,408,0,0,260,404,3090,123714,3080,14385,0,0,20,29,1790,4196,130,14,220,146,240,258,740,134,1350,3529,30,68,170,336,30,183,40,212,3070,18007,170,146,0,0,0,0,70,41,110,104,160,130,590,1291,170,133,0,0,2490,10188,2550,10610,0,0,0,0,570,833,2520,8219,2480,8174,40,45
96786,"$75,000 under $100,000",1520,380,980,120,1390,90,850,980,0,3900,0,0,0,0,230,410,131469,1520,132239,1350,106821,500,272,40,0,290,749,270,548,90,127,200,1694,240,395,140,2012,370,11777,0,90,587,310,6309,30,295,140,424,310,770,50,14,0,0,0,0,40,171,60,49,1370,30986,1370,30375,280,611,160,4409,13621,20,407,140,819,0,0,130,303,40,38,150,1122,150,1105,130,2096,0,0,0,0,0,0,120,587,0,0,190,485,1520,95771,1520,12206,0,0,0,0,800,2637,80,5,150,103,140,163,0,0,700,2245,20,75,130,329,0,0,0,0,1520,12559,0,0,0,0,0,0,0,0,0,0,0,0,80,176,90,71,0,0,1440,9570,1450,9979,0,0,0,0,450,1055,1070,3618,1040,3481,40,137
96786,"$100,000 under $200,000",1910,280,1510,100,1720,140,1100,990,40,5440,0,0,0,0,180,580,256296,1910,257462,1700,195351,890,481,90,0,550,2059,510,1507,200,342,290,4016,470,3182,290,7526,630,29410,0,120,734,400,10443,80,850,250,2002,410,1166,110,32,0,0,40,380,40,160,60,44,1500,36792,1500,35972,360,820,420,13079,58953,40,878,400,3669,20,29,360,896,80,66,420,3746,420,3792,370,6224,0,0,70,79,0,0,320,1879,50,599,360,1295,1910,205124,1910,30083,0,0,0,0,1110,4226,190,29,190,136,190,231,0,0,950,3195,80,613,190,798,0,0,0,0,1910,28797,0,0,0,0,0,0,0,0,0,0,0,0,40,111,140,111,0,0,1870,25857,1880,26874,0,0,0,0,770,3154,1130,5029,1060,4436,90,594
96786,"$200,000 or more",270,30,230,0,250,0,190,80,0,730,0,0,0,0,0,110,75442,270,76026,230,43906,190,291,30,0,140,820,130,616,0,0,60,3947,130,6974,60,3186,120,8632,0,0,0,70,1963,40,4143,60,1009,70,584,0,0,0,0,0,0,0,0,0,0,160,4182,160,4064,50,118,100,4302,29827,0,0,100,1843,0,0,90,306,20,15,100,978,100,982,90,1498,0,0,0,0,0,0,90,829,0,0,90,1368,270,65570,270,12650,0,0,0,0,160,491,50,9,30,19,0,0,0,0,120,352,0,0,40,465,0,0,0,0,260,12403,0,0,0,0,0,0,0,0,0,0,0,0,0,0,0,0,0,0,270,12159,270,13033,90,47,100,202,130,2078,130,1414,100,673,40,741
,,,,,,,,,,,,,,,,,,,,,,,,,,,,,,,,,,,,,,,,,,,,,,,,,,,,,,,,,,,,,,,,,,,,,,,,,,,,,,,,,,,,,,,,,,,,,,,,,,,,,,,,,,,,,,,,,,,,,,,,,,,,,,,,,,,,,,,,,,,,,,,,,,,,,,,,,,,,,,,,,,
96789,,26590,12510,11230,2210,23920,1520,13240,14660,320,49810,190,140,50,0,2330,8670,2456036,26590,2472283,20880,1656694,12420,9793,1250,0,7920,28277,7390,21142,1580,2409,3390,61040,6480,74621,3870,89159,7960,346333,40,960,6002,5650,122236,930,53165,2190,8584,4490,16247,980,291,160,3510,410,3612,430,1851,530,413,22310,421018,22310,408025,5970,12992,4300,137967,693915,540,14484,3750,44174,450,598,3840,11383,770,687,4270,34809,4290,34899,3760,60034,80,663,730,551,80,252,3310,21027,250,5723,4120,19158,23260,1900418,23170,300497,0,0,140,227,10440,26518,2290,585,1010,577,1460,1673,1380,295,6900,16955,750,4932,2380,9675,230,1606,250,1775,25400,311042,1850,3703,590,204,640,1369,400,1341,220,790,1590,3243,1480,2847,1040,914,110,127,21630,273979,22300,287630,830,737,940,1852,7840,33129,17910,56043,17030,47001,1210,9018
96789,"$1 under $25,000",5070,4220,400,340,4490,330,2120,2960,30,4930,110,80,30,0,470,1350,57595,5070,58301,3500,41872,1280,387,50,0,680,744,610,466,50,34,580,2776,500,267,390,2513,870,8458,0,100,571,390,953,40,-347,120,455,570,706,0,0,0,0,40,110,30,85,40,39,4950,65108,4950,62960,1110,2148,120,3602,1534,90,2199,50,284,50,32,60,186,0,0,110,360,110,376,50,736,0,0,0,0,0,0,60,106,0,0,140,74,1850,9762,1790,972,0,0,0,0,570,180,50,1,0,0,150,71,250,54,120,48,0,0,460,546,70,558,70,540,4080,6255,1060,2009,590,204,270,822,130,624,70,359,900,1756,400,627,160,132,40,38,1440,791,1880,1364,0,0,0,0,500,330,3790,5217,3740,5135,60,59
96789,"$25,000 under $50,000",4830,3320,750,570,4400,220,1970,3440,70,7110,50,30,20,0,720,1130,181931,4830,183157,3960,145159,1390,667,100,0,790,1092,720,745,70,99,440,2726,630,734,410,4525,930,19792,0,170,1234,830,7132,80,181,160,8,630,1226,100,26,0,0,40,232,90,270,110,84,4630,74453,4630,72764,830,1689,200,5488,7861,80,1955,110,371,60,61,140,353,30,23,200,757,200,759,130,1936,0,0,30,33,0,0,120,631,30,220,440,551,4750,102179,4730,11121,0,0,50,41,1800,1816,180,30,110,58,310,316,850,190,870,1157,50,49,300,704,80,560,80,548,4730,17882,740,1662,0,0,370,547,250,704,120,412,650,1461,630,1249,170,141,40,60,3980,9305,4120,10072,0,0,0,0,870,873,3930,8670,3890,8534,60,136
96789,"$50,000 under $75,000",4090,2360,1040,540,3720,190,1970,2620,50,6790,30,30,0,0,450,1210,253832,4090,255421,3270,188393,1690,843,160,0,1020,2018,960,1302,240,314,450,3892,850,1335,490,6009,1110,34980,0,170,1249,890,14965,90,558,270,492,710,1589,170,47,0,0,50,322,110,397,140,113,3630,64807,3630,63074,840,1733,460,11727,29676,110,3348,360,1605,90,90,390,893,100,61,460,2499,460,2486,370,4381,30,280,50,34,0,0,310,1216,0,0,530,890,4070,177003,4060,21495,0,0,60,93,1480,2897,280,23,120,69,220,262,280,51,980,2239,60,171,290,866,50,272,50,359,4050,25155,50,32,0,0,0,0,20,13,30,19,40,26,240,486,140,122,30,29,3800,18599,3860,19599,0,0,0,0,1050,1762,3030,7294,2960,7025,110,269
96789,"$75,000 under $100,000",3200,1300,1480,330,2900,170,1730,1810,30,6340,0,0,0,0,300,1250,279393,3200,280939,2450,187644,1730,1159,160,0,1020,2251,950,1536,270,409,400,4487,820,1498,530,8966,1160,49775,0,150,827,960,21128,100,1479,310,136,520,1546,100,28,0,0,50,350,60,289,70,53,2650,55588,2650,53671,870,1917,560,13944,48550,80,1932,480,3046,70,70,490,1178,110,90,560,3979,560,3939,480,6127,0,0,90,20,0,0,410,1669,20,131,530,1112,3200,208901,3200,28136,0,0,0,0,1210,3120,290,20,120,71,150,188,0,0,900,2469,60,268,270,902,30,216,20,137,3180,30093,0,0,0,0,0,0,0,0,0,0,0,0,90,177,110,94,0,0,3100,25015,3120,26063,0,0,0,0,1060,2483,2140,6477,2060,6056,120,421
96789,"$100,000 under $200,000",7230,1170,5580,390,6470,440,4090,3200,100,18480,0,0,0,0,350,2860,1017110,7230,1022603,5840,696747,4640,3997,510,0,3120,11022,2910,8257,790,1195,1110,19762,2480,12635,1530,38473,2970,165070,40,320,1770,2030,59345,320,5828,930,3375,1540,5493,490,155,80,1243,130,1221,140,810,170,124,5220,129122,5220,124707,1860,4414,2010,63632,293299,150,4082,1850,17488,140,240,1870,5341,380,371,2000,18122,2010,18197,1860,30339,50,383,360,278,40,52,1600,8670,120,1603,1660,5063,7220,819426,7220,123325,0,0,30,93,4000,12834,990,123,500,285,630,836,0,0,3070,8456,390,2611,750,3429,0,0,30,191,7200,119000,0,0,0,0,0,0,0,0,0,0,0,0,120,308,460,425,0,0,7140,110492,7150,114439,50,14,20,2,3190,12621,4030,16990,3650,14515,520,2474
96789,"$200,000 or more",2170,140,1980,40,1940,170,1360,630,40,6160,0,0,0,0,40,870,666175,2170,671862,1860,396879,1690,2740,270,0,1290,11150,1240,8836,160,358,410,27397,1200,58152,520,28673,920,68258,0,50,351,550,18713,300,45466,400,4118,520,5687,120,35,80,2267,100,1377,0,0,0,0,1230,31940,1230,30849,460,1091,950,39574,312995,30,968,900,21380,40,105,890,3432,150,142,940,9092,950,9142,870,16515,0,0,200,186,40,200,810,8735,80,3769,820,11468,2170,583147,2170,115448,0,0,0,0,1380,5671,500,388,160,94,0,0,0,0,960,2586,190,1833,310,3228,0,0,0,0,2160,112657,0,0,0,0,0,0,0,0,0,0,0,0,0,0,0,0,0,0,2170,109777,2170,116093,780,723,920,1850,1170,15060,990,11395,730,5736,340,5659
,,,,,,,,,,,,,,,,,,,,,,,,,,,,,,,,,,,,,,,,,,,,,,,,,,,,,,,,,,,,,,,,,,,,,,,,,,,,,,,,,,,,,,,,,,,,,,,,,,,,,,,,,,,,,,,,,,,,,,,,,,,,,,,,,,,,,,,,,,,,,,,,,,,,,,,,,,,,,,,,,,
96790,,4060,2020,1590,390,3680,220,2270,1880,70,7290,30,0,30,0,370,1620,439698,4060,446022,2790,205185,1690,4325,310,0,1270,22782,1190,16605,190,293,1090,23805,1190,50765,630,18933,970,37783,270,170,1046,990,21518,490,44764,640,5624,1180,6324,120,34,40,1080,290,2059,100,609,70,62,3490,65260,3490,63007,1070,2253,590,21615,148257,140,2434,500,10869,70,90,490,1478,110,88,590,4448,590,4436,460,8285,0,0,70,23,50,507,470,4164,30,522,1120,10419,3320,348312,3290,63874,0,0,60,107,1470,3837,500,458,100,56,120,115,150,30,820,1989,110,628,890,3902,120,1050,140,1081,3680,73112,460,843,180,58,140,327,80,288,50,163,330,606,300,567,80,68,60,85,3020,60037,3310,66783,150,224,270,2316,1290,10080,2550,16225,2260,8492,360,7736
96790,"$1 under $25,000",1040,790,140,90,920,60,510,490,0,1260,30,0,30,0,100,390,11827,1040,12362,530,6669,280,204,30,0,190,651,180,432,30,34,310,2458,180,13,90,539,150,1262,60,30,222,80,172,50,252,100,585,290,535,0,0,0,0,50,218,20,86,0,0,1010,15000,1010,14418,300,582,30,755,338,40,653,30,114,0,0,20,40,0,0,30,93,30,91,0,0,0,0,0,0,0,0,0,0,0,0,80,66,330,1673,310,160,0,0,0,0,80,25,0,0,0,0,0,0,30,7,20,7,0,0,260,394,30,316,30,290,760,1483,300,501,180,58,70,213,30,161,0,0,210,365,110,163,20,18,20,16,260,135,470,532,0,0,0,0,180,189,660,1136,630,1070,30,67
96790,"$25,000 under $50,000",770,490,150,120,700,40,360,460,40,1230,0,0,0,0,110,220,28829,770,29356,590,20836,200,124,30,0,140,500,130,331,0,0,180,2421,110,213,60,708,110,2044,30,50,397,150,1222,40,637,60,577,190,527,40,10,0,0,40,174,0,0,30,29,740,12269,740,11976,150,293,40,944,1481,0,0,0,0,30,27,30,47,0,0,40,155,40,157,40,593,0,0,0,0,0,0,50,165,0,0,170,360,750,15333,740,1636,0,0,0,0,270,285,50,3,0,0,50,37,80,16,170,225,0,0,150,469,70,578,50,377,730,2775,160,342,0,0,70,114,50,127,50,163,120,241,130,259,30,24,40,69,590,1351,650,1825,0,0,0,0,200,356,560,1300,540,1238,20,63
96790,"$50,000 under $75,000",560,310,150,80,500,40,280,300,0,950,0,0,0,0,70,190,34268,560,34699,430,23449,190,304,30,0,140,1090,120,750,30,40,110,1831,130,270,70,1099,120,2890,30,30,150,130,2236,40,741,70,818,120,431,0,0,0,0,20,137,30,164,20,16,510,9111,510,8868,120,243,50,1415,2980,30,406,40,149,0,0,30,61,30,19,50,210,50,209,30,561,0,0,0,0,0,0,30,106,0,0,130,483,550,23444,550,2777,0,0,40,53,230,439,60,21,40,21,30,33,40,7,140,336,30,53,80,356,0,0,30,277,530,3152,0,0,0,0,0,0,0,0,0,0,0,0,40,90,0,0,0,0,510,2338,520,2700,0,0,0,0,190,513,360,956,340,865,30,92
96790,"$75,000 under $100,000",400,150,210,50,370,20,230,210,0,820,0,0,0,0,40,180,34926,400,35384,310,22646,170,127,30,0,130,869,120,559,30,64,110,1048,120,647,70,1417,120,4343,30,20,132,130,3027,30,341,70,520,110,458,20,6,20,384,30,191,0,0,0,0,340,7318,340,7054,120,264,60,1834,5380,0,0,60,458,0,0,50,109,0,0,60,428,60,428,50,853,0,0,0,0,0,0,50,281,0,0,120,352,400,25407,400,3285,0,0,0,0,180,407,60,7,0,0,0,0,0,0,120,316,0,0,70,218,20,156,0,0,400,3768,0,0,0,0,0,0,0,0,0,0,0,0,20,55,0,0,0,0,380,2877,390,3110,0,0,0,0,140,423,260,1074,240,984,30,90
96790,"$100,000 under $200,000",850,210,580,50,780,60,540,320,30,1920,0,0,0,0,50,420,119550,850,121446,610,64386,500,986,90,0,380,3838,360,2702,70,103,240,7537,350,3999,210,6906,320,15610,70,40,145,320,9171,140,5385,200,2218,290,1896,60,18,0,0,80,522,50,359,20,17,640,15178,640,14588,260,590,220,7480,31135,70,1375,190,2118,40,63,190,471,50,43,220,1784,220,1767,180,3040,0,0,40,12,0,0,170,1090,30,522,370,2528,850,94359,850,14110,0,0,20,54,440,1251,170,42,60,35,40,45,0,0,260,771,40,297,200,1278,0,0,30,137,830,15123,0,0,0,0,0,0,0,0,0,0,0,0,0,0,30,26,0,0,840,12859,840,14269,0,0,0,0,380,2439,470,3252,380,2015,120,1237
96790,"$200,000 or more",440,70,360,0,410,0,350,100,0,1110,0,0,0,0,0,220,210298,440,212775,320,67199,350,2580,100,0,290,15834,280,11831,30,52,140,8510,300,45623,130,8264,150,11634,50,0,0,180,5690,190,37408,140,906,180,2477,0,0,20,696,70,817,0,0,0,0,250,6384,250,6103,120,281,190,9187,106943,0,0,180,8030,0,0,170,750,30,26,190,1778,190,1784,160,3238,0,0,30,11,50,507,170,2522,0,0,250,6630,440,188096,440,41906,0,0,0,0,270,1430,160,385,0,0,0,0,0,0,110,334,40,278,130,1187,0,0,0,0,430,46811,0,0,0,0,0,0,0,0,0,0,0,0,0,0,0,0,0,0,440,40477,440,44347,150,224,270,2316,200,6160,240,8507,130,2320,130,6187
,,,,,,,,,,,,,,,,,,,,,,,,,,,,,,,,,,,,,,,,,,,,,,,,,,,,,,,,,,,,,,,,,,,,,,,,,,,,,,,,,,,,,,,,,,,,,,,,,,,,,,,,,,,,,,,,,,,,,,,,,,,,,,,,,,,,,,,,,,,,,,,,,,,,,,,,,,,,,,,,,,
96791,,3640,2010,1180,370,3200,290,1800,2000,60,6390,20,20,0,0,420,1030,277230,3640,280108,2790,180364,1290,1181,90,0,680,3534,600,2837,150,269,730,10669,580,9706,380,8101,790,25145,70,210,1683,560,9566,190,15232,330,1198,800,2878,90,25,0,0,100,655,50,201,70,62,3250,57764,3250,56302,700,1463,400,13324,78378,50,602,350,4926,40,36,350,1122,80,51,400,3111,400,3099,330,5626,0,0,40,13,0,0,270,2740,0,0,580,3975,2950,207483,2950,34421,0,0,40,55,1210,2829,200,28,70,38,150,156,210,50,830,1979,40,351,590,1941,70,525,90,601,3360,37025,430,821,190,62,140,316,80,315,30,116,330,632,290,522,110,90,30,28,2700,31593,2950,34245,80,67,100,263,1060,4926,2420,7630,2350,6316,100,1307
96791,"$1 under $25,000",1050,820,130,80,890,100,450,550,0,1260,20,20,0,0,120,320,12579,1050,12927,630,7840,260,89,20,0,90,176,90,119,0,0,280,2409,100,35,60,344,170,1426,20,50,386,60,116,40,377,50,147,270,348,0,0,0,0,40,163,0,0,20,18,1030,15307,1030,14820,240,487,0,0,0,0,0,0,0,0,0,0,0,0,0,0,0,0,0,0,0,0,0,0,0,0,0,30,86,0,0,70,64,370,2075,370,205,0,0,20,11,90,31,0,0,0,0,20,11,40,8,30,11,0,0,250,379,30,245,30,261,820,1377,290,489,190,62,70,199,30,164,0,0,210,360,100,156,50,39,30,28,320,175,500,562,0,0,0,0,190,222,700,1034,690,1009,20,54
96791,"$25,000 under $50,000",820,560,120,120,730,60,370,540,40,1250,0,0,0,0,120,180,30081,820,30451,670,23349,190,65,0,0,100,264,80,190,0,0,100,1582,80,72,50,446,130,2784,20,40,430,130,965,0,0,40,-164,130,370,0,0,0,0,0,0,0,0,0,0,790,12703,790,12441,130,262,50,1234,1645,30,371,30,51,40,36,40,117,0,0,50,179,50,185,40,536,0,0,0,0,0,0,0,0,0,0,90,182,810,16384,810,1784,0,0,0,0,290,284,30,1,30,13,30,36,130,34,170,203,0,0,90,326,20,136,30,156,800,2893,140,332,0,0,70,117,50,151,30,116,120,272,130,252,0,0,0,0,670,1501,710,1839,0,0,0,0,180,332,640,1381,630,1349,0,0
96791,"$50,000 under $75,000",600,310,190,90,540,40,290,380,0,1090,0,0,0,0,80,160,37174,600,37455,500,28272,220,85,20,0,110,167,90,121,30,49,80,1356,90,238,70,1062,130,3657,0,40,351,120,1946,40,470,50,92,110,281,60,16,0,0,20,109,50,201,30,28,560,10391,560,10143,120,249,40,1054,2682,0,0,40,163,0,0,40,92,0,0,40,248,40,246,30,460,0,0,0,0,0,0,20,92,0,0,90,291,600,25432,600,3064,0,0,20,44,240,479,30,2,0,0,40,34,40,8,180,384,0,0,60,202,20,144,30,184,590,3529,0,0,0,0,0,0,0,0,0,0,0,0,40,72,30,23,0,0,560,2585,580,2823,0,0,0,0,170,396,430,1095,430,1079,20,29
96791,"$75,000 under $100,000",390,160,180,40,350,30,210,210,20,820,0,0,0,0,60,120,34162,390,34481,340,25584,160,77,0,0,90,247,80,184,40,63,80,1317,70,151,60,1068,110,3873,0,20,128,80,1688,0,0,50,-12,80,319,0,0,0,0,0,0,0,0,0,0,330,6761,330,6617,70,144,70,1754,5722,20,231,60,321,0,0,60,167,30,18,70,488,70,482,60,919,0,0,0,0,0,0,40,225,0,0,80,292,390,25355,390,3419,0,0,0,0,170,436,30,3,0,0,20,26,0,0,140,388,0,0,60,243,0,0,0,0,390,3608,0,0,0,0,0,0,0,0,0,0,0,0,20,42,0,0,0,0,380,2982,390,3254,0,0,0,0,150,463,240,810,230,793,0,0
96791,"$100,000 under $200,000",590,130,410,40,520,60,350,260,0,1470,0,0,0,0,40,190,81008,590,81670,500,58607,330,215,30,0,200,1075,180,801,80,157,140,2227,160,2027,100,2604,190,9302,30,60,388,130,3484,60,1102,100,724,150,662,30,9,0,0,40,383,0,0,20,16,440,10215,440,9967,110,248,150,4719,22024,0,0,140,1379,0,0,140,441,50,33,150,1382,150,1377,130,2248,0,0,40,13,0,0,110,599,0,0,170,836,590,65236,590,9910,0,0,0,0,310,950,70,12,40,25,40,49,0,0,240,752,40,351,90,414,0,0,0,0,580,9623,0,0,0,0,0,0,0,0,0,0,0,0,0,0,30,28,0,0,580,8960,580,9540,0,0,0,0,270,1270,320,1334,300,1213,30,121
96791,"$200,000 or more",190,30,150,0,170,0,130,60,0,500,0,0,0,0,0,60,82226,190,83124,150,36712,130,650,20,0,90,1605,80,1422,0,0,50,1778,80,7183,40,2577,60,4103,0,0,0,40,1367,50,13283,40,411,60,898,0,0,0,0,0,0,0,0,0,0,100,2387,100,2314,30,73,90,4563,46305,0,0,80,3012,0,0,70,305,0,0,90,814,90,809,70,1463,0,0,0,0,0,0,70,1738,0,0,80,2310,190,73001,190,16039,0,0,0,0,110,649,40,10,0,0,0,0,0,0,70,241,0,0,40,377,0,0,0,0,180,15995,0,0,0,0,0,0,0,0,0,0,0,0,0,0,0,0,0,0,190,15390,190,16227,80,67,100,263,100,2243,90,1976,70,873,30,1103
,,,,,,,,,,,,,,,,,,,,,,,,,,,,,,,,,,,,,,,,,,,,,,,,,,,,,,,,,,,,,,,,,,,,,,,,,,,,,,,,,,,,,,,,,,,,,,,,,,,,,,,,,,,,,,,,,,,,,,,,,,,,,,,,,,,,,,,,,,,,,,,,,,,,,,,,,,,,,,,,,,
96792,,19130,9220,5840,3590,17700,760,8110,13500,160,39910,420,190,230,50,4780,4080,1061708,19130,1066249,16450,842787,3200,1574,160,0,1330,3206,1200,2022,670,1083,1940,15119,1220,15574,950,17462,3600,101369,150,1170,8051,2310,36233,350,14113,700,2589,2230,4541,440,121,0,0,110,731,140,546,280,235,17670,320364,17670,314592,2810,5772,1470,45218,182945,230,4184,1300,11366,130,157,1190,2389,380,328,1450,10407,1450,10514,1230,18661,30,232,90,110,0,0,1030,8717,100,2487,1160,5345,15130,721519,15120,101565,0,0,80,109,7460,17486,270,28,350,220,640,656,1630,348,5960,13482,430,2220,1330,3621,150,977,160,1087,18230,124409,4410,11463,980,361,1420,3239,1060,3882,960,3980,4070,10650,3570,7294,520,433,40,25,12210,84079,12970,89238,110,102,150,262,3540,12419,14900,47399,14790,46162,160,1075
96792,"$1 under $25,000",5940,4130,700,990,5500,250,2120,4330,40,9560,280,110,170,50,1530,1200,71895,5940,72531,4590,58029,520,203,30,0,170,248,140,167,30,23,600,2971,150,22,150,1044,760,7245,70,170,1078,260,580,60,76,100,327,620,636,30,8,0,0,40,170,0,0,20,20,5880,90022,5880,88148,950,1874,60,1112,811,30,408,30,55,20,13,30,52,0,0,60,137,60,138,30,421,0,0,0,0,0,0,30,78,0,0,110,79,2030,10934,2040,1105,0,0,30,10,760,268,0,0,0,0,80,44,300,56,410,162,0,0,530,736,60,392,60,387,5180,13124,2510,6615,980,361,690,2041,470,2216,380,1996,2290,6156,1360,2092,120,99,0,0,1480,837,1980,1629,0,0,0,0,400,294,4920,11787,4910,11651,40,60
96792,"$25,000 under $50,000",5360,2880,960,1360,5040,170,1980,4300,40,10740,100,60,40,0,1680,870,195975,5360,196580,4880,172786,540,218,0,0,200,283,180,189,60,78,370,1249,180,268,170,1416,670,12642,20,280,2065,600,4552,40,-43,110,108,450,605,90,23,0,0,0,0,50,133,80,69,5230,89667,5230,88469,600,1198,130,3440,5114,50,1093,100,281,50,45,80,134,40,39,130,451,130,459,80,1123,0,0,0,0,0,0,90,618,0,0,250,342,5280,102885,5270,11143,0,0,0,0,2680,3400,50,2,100,62,200,190,1050,240,2060,2845,50,52,240,513,40,331,40,335,5290,22529,1780,4755,0,0,730,1198,560,1652,490,1905,1670,4409,1540,3512,140,111,40,25,3630,7743,3800,8347,0,0,0,0,690,602,4630,14776,4610,14762,0,0
96792,"$50,000 under $75,000",3080,1300,980,700,2840,110,1370,2220,40,6690,40,20,20,0,830,700,188545,3080,189297,2750,157715,540,190,30,0,230,336,210,231,130,190,290,1037,200,371,170,2160,650,17293,30,240,2107,500,8050,50,45,110,-426,360,752,90,23,0,0,30,205,60,259,60,47,2860,54484,2860,53496,480,988,220,5267,13599,40,626,190,862,0,0,160,296,40,33,210,1107,210,1101,170,2182,30,232,30,19,0,0,140,1085,30,460,200,435,3070,128417,3070,15341,0,0,20,24,1450,3758,40,1,60,43,120,138,280,52,1260,3244,80,226,160,389,50,254,30,211,3050,18446,120,93,0,0,0,0,30,14,90,79,110,85,440,1051,80,68,0,0,2600,11583,2660,12120,0,0,0,0,690,1117,2390,7427,2380,7263,40,141
96792,"$75,000 under $100,000",1890,520,1010,310,1720,90,970,1220,0,4820,0,0,0,0,390,510,162689,1890,163289,1640,128337,520,174,30,0,220,335,200,222,150,228,230,1807,190,677,150,2228,520,18012,0,190,1157,380,8297,50,399,120,264,280,600,70,19,0,0,0,0,0,0,50,34,1620,35542,1620,34808,340,734,270,7233,23538,40,509,240,1448,20,29,220,366,80,66,270,1783,270,1790,230,3290,0,0,0,0,0,0,190,1253,0,0,190,618,1890,119301,1880,15523,0,0,30,75,950,3427,50,3,60,38,70,86,0,0,840,2775,90,404,140,468,0,0,30,154,1870,16457,0,0,0,0,0,0,0,0,0,0,0,0,140,345,50,44,0,0,1720,12096,1740,12711,0,0,0,0,540,1291,1340,5019,1330,4971,0,0
96792,"$100,000 under $200,000",2500,340,1900,230,2270,140,1420,1330,40,7150,0,0,0,0,350,670,333653,2500,334609,2290,265310,870,512,70,0,400,974,360,724,270,500,370,4137,370,3773,250,7474,850,33859,30,270,1510,480,12377,90,1634,200,938,430,956,160,48,0,0,40,356,30,154,70,65,1890,46034,1890,45170,390,864,620,20160,86068,70,1548,580,5211,40,70,540,1035,170,149,610,5361,610,5371,560,8774,0,0,60,91,0,0,440,3758,50,733,310,1451,2500,266168,2500,39218,0,0,0,0,1440,5826,100,16,130,77,170,198,0,0,1260,4061,180,1216,200,851,0,0,0,0,2490,37206,0,0,0,0,0,0,0,0,0,0,0,0,90,294,130,111,0,0,2420,33392,2430,34730,0,0,0,0,1010,4517,1480,6936,1440,6651,50,284
96792,"$200,000 or more",360,50,290,0,330,0,250,100,0,950,0,0,0,0,0,130,108951,360,109943,300,60610,210,277,0,0,110,1030,110,489,30,64,80,3918,130,10463,60,3140,150,12318,0,20,134,90,2377,60,12002,60,1378,90,992,0,0,0,0,0,0,0,0,0,0,190,4615,190,4501,50,114,170,8006,53815,0,0,160,3509,0,0,160,506,50,41,170,1568,170,1655,160,2871,0,0,0,0,0,0,140,1925,20,1294,100,2420,360,93814,360,19235,0,0,0,0,180,807,30,6,0,0,0,0,0,0,130,395,30,322,60,664,0,0,0,0,350,16647,0,0,0,0,0,0,0,0,0,0,0,0,0,0,0,0,0,0,360,18428,360,19701,110,102,150,262,210,4598,140,1454,120,864,30,590
,,,,,,,,,,,,,,,,,,,,,,,,,,,,,,,,,,,,,,,,,,,,,,,,,,,,,,,,,,,,,,,,,,,,,,,,,,,,,,,,,,,,,,,,,,,,,,,,,,,,,,,,,,,,,,,,,,,,,,,,,,,,,,,,,,,,,,,,,,,,,,,,,,,,,,,,,,,,,,,,,,
96793,,16150,8210,5490,2010,14540,990,8360,9080,200,29650,260,130,130,30,2010,4590,1284338,16150,1296855,13160,869422,5400,5366,510,0,3030,22307,2800,18019,890,1317,2900,55192,2670,62941,1450,34950,3410,107383,100,880,5236,2670,51514,900,57481,1300,12250,3070,12517,360,110,110,2534,480,3334,290,1417,250,212,13950,252589,13950,246404,3020,6185,2200,73467,354424,400,8308,1980,25881,190,258,1880,3517,530,329,2190,16458,2200,16405,1880,29761,30,276,230,162,80,764,1630,10866,140,3266,2600,18081,13530,959754,13470,153921,0,0,160,264,5790,13719,940,222,390,207,570,634,860,174,4130,9664,380,2088,2120,8481,280,1988,320,2190,15130,168411,1970,4427,590,194,650,1429,450,1563,290,1242,1650,3847,1540,3004,440,386,110,140,12120,140200,12820,151905,350,361,490,2012,4550,23061,10940,39201,10450,30468,640,8725
96793,"$1 under $25,000",3910,2990,410,420,3470,260,1810,2330,20,4860,150,70,80,30,530,1180,46364,3910,47267,2590,32610,840,279,50,0,370,788,340,479,30,22,700,4845,330,213,220,1413,650,5473,30,130,717,290,731,70,-188,170,349,640,903,0,0,0,0,70,283,30,96,40,37,3800,55456,3800,53642,930,1814,110,2506,1499,70,795,60,242,40,21,80,145,0,0,100,344,110,343,70,968,0,0,0,0,0,0,60,143,0,0,180,135,1350,7169,1330,712,0,0,30,9,390,129,0,0,0,0,80,40,150,30,150,53,0,0,570,848,80,677,90,689,3150,6096,1140,2486,590,194,290,912,150,756,110,624,930,2150,510,836,110,90,30,33,1070,582,1540,1460,0,0,0,0,430,447,2890,5077,2860,5010,40,60
96793,"$25,000 under $50,000",3710,2350,520,710,3350,230,1660,2540,40,5980,60,30,30,0,730,720,139277,3710,140584,3260,117095,720,328,50,0,320,897,290,537,80,92,480,5216,280,586,180,1971,490,7911,0,210,1418,500,4149,80,671,140,157,500,1307,50,14,30,297,70,310,50,252,60,58,3550,57820,3550,56833,490,987,150,3828,6070,50,864,120,443,30,27,110,151,60,25,150,578,150,577,110,1734,0,0,0,0,0,0,110,527,0,0,410,745,3660,77370,3640,8415,0,0,40,28,1410,1646,100,5,60,26,130,143,560,119,960,1327,40,25,350,1072,110,770,110,745,3600,14055,780,1904,0,0,360,517,300,807,150,593,680,1667,670,1422,80,72,60,76,2910,6769,3040,7917,0,0,0,0,810,1116,2870,7238,2840,7104,40,133
96793,"$50,000 under $75,000",2730,1480,650,500,2480,150,1360,1720,30,4800,50,30,20,0,390,730,167788,2730,168926,2380,133984,800,481,60,0,430,1560,380,1150,160,230,410,4151,340,1025,210,3062,560,12382,20,170,1080,510,9062,90,1011,180,623,440,1138,70,20,0,0,60,342,60,185,50,39,2450,43580,2450,42617,490,962,290,7533,18020,80,1794,260,1256,20,22,230,354,80,43,290,1441,290,1448,230,3175,30,276,20,12,0,0,190,771,40,363,380,948,2730,115949,2720,13958,0,0,30,44,1050,2232,140,18,50,24,80,95,150,25,810,1949,50,86,260,844,40,274,50,306,2680,16163,50,37,0,0,0,0,0,0,30,25,40,30,210,385,60,49,20,31,2490,11725,2550,12641,0,0,0,0,760,1500,1970,4999,1920,4764,70,235
96793,"$75,000 under $100,000",1720,650,800,210,1530,110,960,920,20,3550,0,0,0,0,170,560,148716,1720,149844,1460,110980,660,349,50,0,380,1488,350,1149,180,296,340,4873,320,1410,200,3900,430,13415,0,110,520,400,8904,100,2104,170,949,380,1128,60,20,0,0,50,267,40,179,30,25,1400,29122,1400,28411,350,711,320,8516,27790,60,1029,290,1769,30,30,270,376,100,57,320,2075,320,2062,280,3968,0,0,30,14,0,0,230,1203,0,0,370,1292,1720,109777,1710,14615,0,0,30,61,710,1911,120,13,30,16,80,99,0,0,570,1511,60,226,250,883,50,267,30,226,1680,15262,0,0,0,0,0,0,0,0,0,0,0,0,60,141,50,48,0,0,1650,12704,1670,13684,0,0,0,0,630,1899,1080,3449,1030,3187,70,262
96793,"$100,000 under $200,000",3100,590,2320,150,2790,200,1850,1310,50,7920,0,0,0,0,190,1000,425550,3100,429082,2660,311675,1660,1564,170,0,980,4693,920,3432,380,573,700,14081,860,7100,440,11882,950,43496,50,230,1295,710,20071,280,6363,410,2772,780,3532,150,48,40,712,120,886,110,705,70,53,2220,53574,2220,52299,570,1275,880,28522,126452,110,2434,820,8151,70,158,790,1354,210,143,880,7716,880,7690,800,12786,0,0,110,97,40,100,670,4139,50,1160,800,4192,3090,339220,3090,50700,0,0,30,122,1680,5540,350,63,180,100,200,257,0,0,1320,3818,160,1150,460,2399,0,0,40,224,3060,49127,0,0,0,0,0,0,0,0,0,0,0,0,90,220,140,127,0,0,3030,45160,3050,47848,30,7,0,0,1420,6689,1660,7863,1490,6885,210,978
96793,"$200,000 or more",980,150,790,20,920,40,720,260,40,2540,0,0,0,0,0,400,356643,980,361152,810,163078,720,2365,130,0,550,12881,520,11272,60,104,270,22026,540,52607,200,12722,330,24706,0,30,206,260,8597,280,47520,230,7400,330,4509,30,8,40,1525,110,1246,0,0,0,0,530,13037,530,12602,190,436,450,22562,174593,30,1392,430,14020,0,0,400,1137,80,61,450,4304,450,4285,390,7130,0,0,70,39,40,664,370,4083,50,1743,460,10769,980,310269,980,65521,0,0,0,0,550,2261,230,123,70,41,0,0,0,0,320,1006,70,601,230,2435,0,0,0,0,960,67708,0,0,0,0,0,0,0,0,0,0,0,0,0,0,0,0,0,0,970,63260,970,68355,320,354,490,2012,500,11410,470,10575,310,3518,210,7057
,,,,,,,,,,,,,,,,,,,,,,,,,,,,,,,,,,,,,,,,,,,,,,,,,,,,,,,,,,,,,,,,,,,,,,,,,,,,,,,,,,,,,,,,,,,,,,,,,,,,,,,,,,,,,,,,,,,,,,,,,,,,,,,,,,,,,,,,,,,,,,,,,,,,,,,,,,,,,,,,,,
96795,,4550,2400,1320,710,4160,200,2060,2870,40,8460,160,110,50,0,730,1210,293806,4550,295741,3730,204580,960,830,90,0,540,4016,510,2758,130,211,580,6138,430,12602,360,7857,930,27415,30,210,1558,690,11038,170,9954,250,1248,620,1935,90,24,0,0,60,392,50,242,60,47,4220,75386,4220,73641,870,1745,310,9341,54098,40,707,240,4680,50,41,250,832,70,57,310,2187,310,2178,250,3586,0,0,20,8,0,0,220,1955,20,168,430,2475,3710,211744,3700,32898,0,0,0,0,1590,3704,120,133,120,63,160,174,380,78,1220,2645,50,267,410,1253,50,271,50,282,4240,37650,750,1831,200,70,250,574,170,619,130,568,660,1651,560,1070,120,113,0,0,3210,29193,3400,31123,50,44,90,388,1020,4352,3320,10825,3260,9434,80,898
96795,"$1 under $25,000",1300,970,130,180,1190,60,480,840,0,1750,110,60,50,0,210,360,15884,1300,16059,910,11566,160,33,0,0,80,111,80,62,0,0,170,1052,60,73,60,356,220,2111,0,40,155,90,172,50,285,30,64,170,175,0,0,0,0,0,0,0,0,0,0,1270,18824,1270,18275,290,549,20,588,338,20,198,0,0,20,16,30,80,0,0,20,62,20,63,0,0,0,0,0,0,0,0,20,87,0,0,40,47,470,2609,460,261,0,0,0,0,140,48,20,1,0,0,0,0,70,14,70,24,0,0,150,217,0,0,0,0,1070,2305,430,1046,200,70,110,362,70,324,50,290,370,936,210,329,30,25,0,0,370,213,500,445,0,0,0,0,110,112,1000,1971,1000,1967,0,0
96795,"$25,000 under $50,000",1240,750,180,260,1150,50,470,930,0,2130,50,50,0,0,280,240,45738,1240,45933,1100,39331,140,49,40,0,90,171,90,101,0,0,110,498,70,176,60,661,170,3122,30,50,435,160,1233,0,0,30,-34,110,195,0,0,0,0,30,116,30,104,30,26,1210,20011,1210,19694,170,317,30,524,963,0,0,0,0,0,0,0,0,0,0,30,89,30,89,30,459,0,0,20,8,0,0,0,0,0,0,80,121,1230,25088,1230,2713,0,0,0,0,530,621,0,0,30,16,60,55,250,54,370,484,20,44,70,152,50,271,50,282,1210,4841,320,785,0,0,140,212,100,295,80,278,290,715,250,519,40,42,0,0,940,2093,980,2268,0,0,0,0,200,182,1020,2753,1020,2741,0,0
96795,"$50,000 under $75,000",800,410,230,140,740,50,370,530,40,1530,0,0,0,0,130,220,49194,800,49432,680,39271,180,47,0,0,80,183,70,109,40,55,90,593,60,156,60,826,170,4743,0,40,306,160,2537,30,352,40,237,100,238,50,13,0,0,0,0,0,0,0,0,760,13981,760,13648,160,332,40,1065,2399,20,509,50,171,30,25,30,65,30,20,40,200,40,198,30,347,0,0,0,0,0,0,20,94,20,168,80,199,800,34010,800,4102,0,0,0,0,310,713,30,1,40,19,30,40,60,10,270,627,0,0,60,171,0,0,0,0,790,4775,0,0,0,0,0,0,0,0,0,0,0,0,70,143,0,0,0,0,720,3389,740,3583,0,0,0,0,200,358,600,1545,590,1522,30,49
96795,"$75,000 under $100,000",450,150,220,70,400,0,250,260,0,1020,0,0,0,0,60,140,38515,450,38661,390,30185,140,37,0,0,70,58,60,40,30,48,60,281,50,164,60,1002,110,3950,0,30,198,100,2190,0,0,30,53,60,146,0,0,0,0,0,0,20,138,30,21,400,8402,400,8203,90,199,50,1255,4241,0,0,40,247,0,0,40,82,0,0,50,333,50,327,40,537,0,0,0,0,0,0,30,166,0,0,50,178,450,28663,450,3810,0,0,0,0,200,562,0,0,0,0,30,28,0,0,180,490,0,0,30,104,0,0,0,0,440,4114,0,0,0,0,0,0,0,0,0,0,0,0,30,79,20,17,0,0,430,3247,430,3378,0,0,0,0,150,373,300,1104,290,1076,0,0
96795,"$100,000 under $200,000",600,100,430,60,540,40,370,270,0,1600,0,0,0,0,50,180,80599,600,81114,520,60286,240,110,30,0,150,666,140,496,60,108,110,1489,120,1094,90,2526,200,8871,0,50,464,130,3322,50,1320,80,399,140,515,40,11,0,0,30,276,0,0,0,0,480,11628,480,11376,120,253,110,3534,15950,0,0,100,898,0,0,100,276,40,37,110,962,110,958,100,1456,0,0,0,0,0,0,100,723,0,0,120,522,600,64911,600,9714,0,0,0,0,310,1114,40,23,50,28,40,51,0,0,270,835,30,223,70,325,0,0,0,0,580,9164,0,0,0,0,0,0,0,0,0,0,0,0,0,0,30,29,0,0,590,8600,590,9031,0,0,0,0,270,1296,330,1415,310,1308,20,108
96795,"$200,000 or more",160,20,130,0,140,0,120,40,0,430,0,0,0,0,0,70,63876,160,64542,130,23941,100,554,20,0,70,2827,70,1950,0,0,40,2225,70,10939,30,2486,60,4618,0,0,0,50,1584,40,7997,40,529,40,666,0,0,0,0,0,0,0,0,0,0,100,2540,100,2445,40,95,60,2375,30207,0,0,50,3364,0,0,50,329,0,0,60,541,60,543,50,787,0,0,0,0,0,0,50,885,0,0,60,1408,160,56463,160,12298,0,0,0,0,100,646,30,108,0,0,0,0,0,0,60,185,0,0,30,284,0,0,0,0,150,12451,0,0,0,0,0,0,0,0,0,0,0,0,0,0,0,0,0,0,160,11651,160,12418,50,44,90,388,90,2031,70,2037,50,820,30,741
,,,,,,,,,,,,,,,,,,,,,,,,,,,,,,,,,,,,,,,,,,,,,,,,,,,,,,,,,,,,,,,,,,,,,,,,,,,,,,,,,,,,,,,,,,,,,,,,,,,,,,,,,,,,,,,,,,,,,,,,,,,,,,,,,,,,,,,,,,,,,,,,,,,,,,,,,,,,,,,,,,
96797,,35840,17780,12770,4400,32130,2310,20880,22090,300,65490,270,200,70,50,4210,10090,2352363,35840,2363042,30570,1822215,10770,5554,710,0,5490,12985,5090,9713,1980,2990,4070,41571,4540,43065,2800,49719,7820,241405,40,1860,11062,5410,94638,600,22460,1910,3858,4590,10679,660,189,70,995,290,2119,480,2064,580,499,31840,584327,31840,570020,6760,14308,4020,120173,502278,560,10862,3540,31387,380,397,3520,9075,920,828,3980,30653,3980,30665,3520,57679,70,964,460,521,40,194,2950,15297,260,2919,3190,10451,30110,1680702,30060,241251,0,0,150,211,13240,27069,1300,158,990,586,1750,1976,3170,675,9260,19345,570,3391,2720,7546,330,2226,340,2383,34120,261869,4600,10519,1150,403,1740,3904,1070,3734,630,2477,4030,9539,3470,6510,1400,1209,100,101,26750,214181,27840,224442,360,240,430,848,9170,29698,25380,66690,24970,62912,560,3752
96797,"$1 under $25,000",8640,6500,1090,890,7630,620,4750,5520,50,10670,160,110,50,50,1220,2470,105052,8640,106161,6270,81156,1560,439,60,0,570,585,510,383,90,51,1000,5234,450,211,410,2671,1400,12647,0,270,1377,490,1119,50,89,260,425,950,1109,30,7,0,0,60,272,40,102,50,34,8450,124698,8450,120666,1990,4033,190,5056,2564,130,2369,70,230,100,65,130,311,20,21,180,557,180,571,120,1753,0,0,0,0,0,0,90,204,30,287,220,165,3090,16953,3060,1691,0,0,20,5,1090,365,30,1,20,6,230,113,500,97,350,146,0,0,780,1115,120,862,120,836,7190,13500,2450,5522,1150,403,760,2399,360,1735,180,984,2130,5002,1140,1770,300,249,50,50,2360,1325,3070,2501,0,0,0,0,720,591,6710,11583,6690,11511,30,47
96797,"$25,000 under $50,000",9530,5790,1650,1750,8690,520,5190,7130,80,15700,80,60,20,0,1590,1910,354922,9530,356394,8650,311779,1630,493,60,0,770,772,700,489,150,180,800,5152,650,332,390,3823,1230,21403,40,430,2698,1170,8871,70,299,230,-125,870,1472,80,23,0,0,50,207,100,342,150,140,9230,153873,9230,151219,1300,2654,300,7592,12019,110,2227,210,568,70,53,210,511,60,43,290,1115,290,1115,200,2860,20,303,40,42,0,0,200,913,0,0,570,743,9370,193594,9360,21081,0,0,50,30,4020,4427,150,6,190,116,450,485,2000,456,2440,3255,60,79,490,1103,110,778,110,790,9360,35338,2020,4897,0,0,980,1505,660,1968,370,1424,1790,4454,1680,3486,300,242,30,30,7460,16654,7710,17899,0,0,0,0,1640,1648,7840,19063,7810,18976,40,87
96797,"$50,000 under $75,000",6320,3070,2080,960,5680,380,3670,4060,50,11570,30,30,0,0,730,1750,386694,6320,388201,5650,320129,1760,620,90,0,940,1292,860,962,340,476,630,4611,740,685,450,5428,1340,33517,0,390,2886,1120,17858,80,325,300,-349,800,1507,170,48,0,0,40,244,110,409,130,123,5770,108321,5770,106055,1100,2266,550,13715,34734,100,1889,460,1945,70,67,460,1377,140,106,550,3013,550,3023,460,6720,0,0,50,66,0,0,390,1569,30,236,520,1009,6310,263798,6300,31578,0,0,40,45,2530,5018,220,20,150,89,290,337,670,122,1880,4069,80,264,380,953,60,375,60,408,6260,35924,130,100,0,0,0,0,50,31,80,69,110,83,450,851,200,168,20,21,5820,26560,5910,27750,0,0,0,0,1760,2803,4550,10937,4490,10762,70,174
96797,"$75,000 under $100,000",4130,1370,2210,460,3690,250,2580,2330,40,8930,0,0,0,0,350,1370,358078,4130,359611,3590,280877,1660,794,100,0,790,1412,720,1018,460,712,550,4411,630,950,440,7761,1170,39224,0,310,1666,940,19439,70,1191,300,238,630,1533,90,26,0,0,30,248,90,449,80,64,3410,74124,3410,72215,880,1909,720,19387,62831,80,1880,650,3733,60,63,630,1396,190,149,710,5170,710,5135,640,9603,20,276,80,75,0,0,510,2171,30,243,500,1139,4120,263708,4120,34757,0,0,40,131,1750,4696,180,12,160,94,260,328,0,0,1480,3673,110,396,350,1014,40,211,30,218,4110,35156,0,0,0,0,0,0,0,0,0,0,0,0,120,208,190,168,0,0,3990,30062,4010,31252,0,0,0,0,1500,3505,2620,7360,2580,7178,60,182
96797,"$100,000 under $200,000",6140,960,4780,320,5490,440,3940,2760,80,15740,0,0,0,0,300,2130,835636,6140,838785,5460,639614,3350,2208,290,0,1880,4603,1780,3442,870,1426,900,10958,1550,7014,890,22261,2210,100693,0,420,2285,1400,38233,190,4325,620,1286,1110,3149,250,73,50,577,60,550,140,762,170,138,4370,107790,4370,104873,1260,2917,1780,55596,250027,120,1737,1690,15458,80,149,1640,4142,430,438,1770,16220,1770,16204,1660,28398,30,385,220,295,40,194,1380,7256,120,1344,1040,3156,6140,669257,6140,99356,0,0,0,0,3260,10501,520,39,390,227,520,713,0,0,2690,7042,260,2065,560,1996,0,0,20,131,6130,93114,0,0,0,0,0,0,0,0,0,0,0,0,80,195,410,382,0,0,6040,88854,6060,91525,50,11,20,1,2910,11294,3220,12722,3060,11700,230,1022
96797,"$200,000 or more",1080,90,960,20,950,100,750,290,0,2880,0,0,0,0,20,460,311981,1080,313890,950,188660,810,1000,110,0,540,4321,520,3419,70,145,190,11205,520,33873,220,7775,470,33921,0,40,150,290,9118,140,16231,200,2383,230,1909,40,12,20,418,50,598,0,0,0,0,610,15521,610,14992,230,529,480,18827,140103,20,760,460,9453,0,0,450,1338,80,71,480,4578,480,4617,440,8345,0,0,70,43,0,0,380,3184,50,809,340,4239,1080,273392,1080,52788,0,0,0,0,590,2062,200,80,80,54,0,0,0,0,420,1160,60,587,160,1365,0,0,0,0,1070,48837,0,0,0,0,0,0,0,0,0,0,0,0,0,0,0,0,0,0,1080,50726,1080,53515,310,229,410,847,640,9857,440,5025,340,2785,130,2240
,,,,,,,,,,,,,,,,,,,,,,,,,,,,,,,,,,,,,,,,,,,,,,,,,,,,,,,,,,,,,,,,,,,,,,,,,,,,,,,,,,,,,,,,,,,,,,,,,,,,,,,,,,,,,,,,,,,,,,,,,,,,,,,,,,,,,,,,,,,,,,,,,,,,,,,,,,,,,,,,,,
96813,,14400,8710,4180,1030,12910,770,7280,7540,290,22620,300,240,60,30,1260,4570,1528122,14400,1548502,11150,951583,6140,14671,820,0,4580,40760,4300,30458,680,951,2540,73335,4030,114469,1720,51387,2900,100291,0,610,4105,2460,51102,900,112915,1390,6230,2970,20380,240,67,210,7116,520,4195,310,1770,280,260,12130,211306,12130,205301,2990,6006,2260,84213,604774,340,12370,1960,45089,230,316,1890,7394,360,220,2220,18080,2230,18043,1770,27095,40,434,310,208,130,2550,1560,17321,130,3328,2890,22598,12120,1232717,12050,241802,0,0,160,210,4580,11920,1630,3758,380,225,520,580,650,144,2250,4665,140,1120,2030,10860,320,2182,340,2314,13350,272702,1320,2401,580,192,420,972,200,751,130,486,1020,1968,720,1294,350,307,120,133,11310,230039,11900,249356,770,1512,870,6006,4040,25377,9640,51283,8890,26521,960,24738
96813,"$1 under $25,000",3270,2510,390,260,2870,190,1550,1710,40,3970,210,180,30,30,360,1220,36647,3270,37656,1930,25285,820,383,60,0,440,931,410,628,20,13,640,4721,370,349,250,1624,510,4509,0,140,896,250,615,50,-121,150,243,610,1009,0,0,0,0,60,285,30,127,30,40,3190,47401,3190,45567,960,1834,90,2882,1188,60,2040,40,195,40,24,40,107,0,0,80,231,80,232,30,460,0,0,0,0,0,0,40,98,0,0,180,115,1090,5603,1070,556,0,0,30,6,340,110,30,2,0,0,80,45,140,30,90,28,0,0,540,795,120,956,120,929,2440,4660,920,1469,580,192,210,651,80,404,50,221,680,1194,280,430,100,90,50,31,850,445,1300,1258,0,0,0,0,460,478,2170,3874,2130,3614,60,238
96813,"$25,000 under $50,000",2950,2150,370,310,2650,150,1270,1940,50,4110,90,60,30,0,410,710,110502,2950,112003,2440,88320,760,623,80,0,510,1148,470,792,50,38,400,5287,460,515,210,2437,440,8452,0,160,1251,460,3810,60,157,150,-14,490,1501,40,10,0,0,50,274,80,348,70,61,2820,44151,2820,43232,480,919,130,3666,4879,60,1878,70,247,40,52,80,239,0,0,120,485,120,497,70,927,0,0,30,15,0,0,60,241,0,0,380,614,2890,62984,2860,6862,0,0,60,39,980,947,140,32,40,20,180,195,390,91,450,582,0,0,310,909,110,677,110,707,2840,10846,380,912,0,0,210,321,120,347,80,265,340,774,320,618,90,71,40,58,2460,5915,2560,6858,0,0,0,0,620,852,2290,4827,2230,4558,80,268
96813,"$50,000 under $75,000",2330,1610,440,180,2100,110,1070,1390,40,3330,0,0,0,0,220,640,143743,2330,145441,1920,110989,890,497,100,0,610,1752,570,1175,90,98,340,5051,520,1374,230,3277,450,13177,0,90,614,430,7304,70,1012,170,7,480,1698,70,18,40,537,70,409,70,346,80,85,2110,34857,2110,34044,420,813,210,5885,13603,60,2513,160,786,40,39,170,344,50,21,210,1108,210,1108,150,1671,0,0,0,0,0,0,120,429,30,277,410,934,2310,102723,2300,12708,0,0,30,38,670,1029,210,54,40,25,90,123,120,23,350,727,40,122,260,980,50,329,50,342,2280,15079,20,20,0,0,0,0,0,0,0,0,0,0,100,205,50,48,30,44,2220,11679,2250,12721,0,0,0,0,660,1290,1660,3628,1590,3333,90,295
96813,"$75,000 under $100,000",1610,950,500,110,1470,70,840,850,40,2590,0,0,0,0,120,510,139409,1610,140603,1330,104759,820,614,110,0,650,2233,610,1585,180,243,240,3742,540,1909,240,4282,370,12267,0,90,520,340,7760,90,1611,200,494,290,1194,30,7,0,0,50,275,30,261,40,29,1280,23909,1280,23268,320,642,330,8543,28445,60,2017,290,1915,30,57,270,563,60,35,320,2312,320,2281,250,2965,0,0,40,35,0,0,210,899,0,0,370,899,1600,106411,1600,15048,0,0,20,48,550,1026,200,31,40,25,60,70,0,0,310,733,0,0,170,732,40,220,30,166,1590,16586,0,0,0,0,0,0,0,0,0,0,0,0,0,0,40,35,0,0,1580,14022,1580,14800,0,0,0,0,560,1417,1040,3183,970,2833,90,349
96813,"$100,000 under $200,000",2790,1140,1450,130,2520,150,1550,1260,70,5360,0,0,0,0,130,910,384755,2790,389055,2330,276656,1700,1969,230,0,1370,7819,1290,5173,270,330,520,12716,1200,8008,490,14581,740,35178,0,110,681,620,18280,230,7508,410,1968,620,4300,100,32,40,1274,110,988,70,500,60,45,1990,43225,1990,42017,550,1208,800,23000,111549,70,2414,730,7798,60,100,700,1959,150,87,790,7139,800,7064,680,9654,40,434,110,47,40,196,560,2843,40,602,830,3865,2790,314743,2780,50402,0,0,20,79,1230,2839,550,269,140,85,110,147,0,0,710,1714,50,368,370,2375,0,0,30,170,2770,53089,0,0,0,0,0,0,0,0,0,0,0,0,20,41,70,63,0,0,2760,47563,2770,50155,60,17,20,10,1100,4839,1680,7682,1470,5981,270,1701
96813,"$200,000 or more",1450,350,1030,40,1300,100,1000,390,50,3260,0,0,0,0,20,580,713066,1450,723744,1200,345574,1150,10585,240,0,1000,26877,950,21105,70,229,400,41818,940,102314,300,25186,390,26708,0,20,143,360,13333,400,102748,310,3532,480,10678,0,0,130,5305,180,1964,30,188,0,0,740,17763,740,17173,260,590,700,40237,445110,30,1508,670,34148,20,44,630,4182,100,77,700,6805,700,6861,590,11418,0,0,130,111,90,2354,570,12811,60,2449,720,16171,1440,640253,1440,156226,0,0,0,0,810,5969,500,3370,120,70,0,0,0,0,340,881,50,630,380,5069,0,0,0,0,1430,172442,0,0,0,0,0,0,0,0,0,0,0,0,0,0,0,0,0,0,1440,150415,1440,163564,710,1495,850,5996,640,16501,800,28089,500,6202,370,21887
,,,,,,,,,,,,,,,,,,,,,,,,,,,,,,,,,,,,,,,,,,,,,,,,,,,,,,,,,,,,,,,,,,,,,,,,,,,,,,,,,,,,,,,,,,,,,,,,,,,,,,,,,,,,,,,,,,,,,,,,,,,,,,,,,,,,,,,,,,,,,,,,,,,,,,,,,,,,,,,,,,
96814,,13940,8460,4230,840,12610,730,7740,7200,290,21500,260,210,50,30,980,4430,1445123,13940,1465103,10570,898163,6160,13815,810,0,4520,48279,4240,34938,590,874,2760,88689,4160,108168,1590,45905,2520,88206,0,660,4142,2190,44456,980,109148,1320,8268,3180,19980,180,52,190,6065,530,4424,410,2525,230,201,11770,206826,11770,201044,2910,5781,2170,72634,538450,300,8673,1930,49802,190,247,1840,7648,430,243,2150,17682,2150,17626,1770,25715,40,614,250,236,150,2879,1480,13683,100,1701,2960,25408,11530,1162652,11460,228796,30,301,200,326,4300,12364,1670,5814,330,175,470,498,630,142,1890,3664,40,99,2270,11023,430,2953,460,3246,12720,247342,1360,2226,690,236,390,913,200,744,80,328,970,1667,630,1098,340,296,170,130,10770,216432,11520,233558,750,1442,900,4136,4100,32313,9090,45482,8390,26601,880,18837
96814,"$1 under $25,000",3440,2620,520,190,3070,210,1910,1720,40,4190,210,160,50,30,260,1350,38208,3440,39252,1880,25593,980,519,60,0,510,1112,450,681,0,0,800,6067,480,31,300,2074,470,4135,0,160,822,240,591,70,-251,160,482,780,1044,0,0,0,0,60,225,50,197,30,29,3360,51334,3360,49307,1060,2027,80,1694,1004,50,632,40,154,30,22,50,179,0,0,80,293,80,299,40,487,0,0,0,0,0,0,40,36,0,0,170,131,1100,5820,1070,571,0,0,20,2,320,101,40,4,0,0,80,40,130,30,60,23,0,0,690,1038,160,1226,170,1215,2530,4566,1000,1440,690,236,200,633,80,408,20,157,700,1092,250,381,120,101,90,57,880,470,1460,1539,0,0,0,0,600,610,2160,3628,2120,3379,60,204
96814,"$25,000 under $50,000",2790,1970,470,270,2540,130,1440,1750,40,3970,50,50,0,0,330,730,104709,2790,106500,2310,82425,800,483,80,0,550,1524,500,1009,70,59,490,6556,490,535,210,2405,410,7291,0,170,1285,420,3329,90,810,160,-15,560,1791,30,10,0,0,80,420,90,440,70,76,2650,42613,2650,41751,450,862,140,3333,5621,40,999,100,471,30,38,100,307,40,19,140,647,140,668,100,1334,0,0,30,18,0,0,80,216,20,259,450,803,2750,58392,2720,6338,0,0,80,47,930,851,160,27,60,27,160,169,350,83,410,492,0,0,380,1193,160,1073,160,1081,2650,10415,360,786,0,0,190,280,120,336,60,171,270,575,280,516,80,72,60,53,2360,5487,2480,6717,0,0,0,0,660,1038,2100,4719,2050,4459,70,261
96814,"$50,000 under $75,000",2220,1510,490,150,2010,100,1140,1320,30,3230,0,0,0,0,180,580,137759,2220,139535,1870,109039,910,724,100,0,630,1897,590,1303,80,88,330,5601,570,1758,200,3226,360,9490,0,120,880,370,6476,80,704,190,-426,450,1776,50,12,40,506,50,381,100,595,60,56,2000,33684,2000,32952,380,732,220,4914,13923,50,1064,190,999,30,45,180,374,60,33,220,1275,220,1269,170,1876,0,0,0,0,0,0,140,471,0,0,400,1040,2220,98187,2210,12075,0,0,40,64,710,1075,230,79,30,14,100,113,150,29,320,655,0,0,260,1035,60,411,60,484,2160,14505,0,0,0,0,0,0,0,0,0,0,0,0,80,151,50,43,20,20,2110,11000,2140,12083,0,0,0,0,630,1374,1580,3772,1500,3245,100,527
96814,"$75,000 under $100,000",1520,870,530,80,1370,80,790,790,40,2450,0,0,0,0,100,430,131520,1520,133233,1290,101354,760,648,90,0,590,2263,560,1325,140,187,290,6661,530,1675,170,3408,280,9221,0,80,468,270,5971,100,985,150,-252,320,1713,30,9,0,0,50,340,60,420,30,9,1210,22923,1210,22396,270,527,310,7444,27019,40,1204,280,1865,20,32,270,640,60,27,310,2290,310,2284,270,2925,0,0,30,37,0,0,180,689,0,0,360,1211,1510,100361,1510,14155,0,0,30,62,510,900,210,52,40,24,60,79,0,0,260,589,0,0,220,1093,50,243,40,230,1490,15590,0,0,0,0,0,0,0,0,0,0,0,0,20,50,40,36,0,0,1500,13255,1500,14381,0,0,0,0,570,1675,940,2854,880,2433,80,421
96814,"$100,000 under $200,000",2550,1100,1260,110,2320,140,1440,1210,70,4660,0,0,0,0,110,800,348954,2550,352583,2090,248823,1570,2431,210,0,1230,8519,1170,5883,240,379,450,12263,1090,9176,410,14427,600,28869,0,100,548,550,15640,230,7743,360,2380,580,3629,70,21,40,803,100,851,80,602,40,31,1790,38547,1790,37469,500,1078,760,22113,104520,80,2405,700,7959,50,55,650,1839,170,98,750,6842,750,6769,640,8672,40,614,90,65,50,208,510,2991,40,834,820,3660,2540,284910,2540,45690,0,0,30,151,1030,2253,470,480,120,65,70,97,0,0,580,1296,40,99,350,2007,0,0,30,236,2490,47748,0,0,0,0,0,0,0,0,0,0,0,0,0,0,50,44,0,0,2520,43437,2530,45614,60,21,30,8,1000,5319,1540,7364,1360,5324,230,2040
96814,"$200,000 or more",1420,390,960,40,1300,70,1020,410,70,3000,0,0,0,0,0,540,683973,1420,694000,1130,330929,1140,9010,270,0,1010,32964,970,24737,60,161,400,51541,1000,94993,300,20365,400,29200,0,30,139,340,12449,410,99157,300,6099,490,10027,0,0,110,4756,190,2207,30,271,0,0,760,17725,760,17169,250,555,660,33136,386363,40,2369,620,38354,30,55,590,4309,100,66,650,6335,650,6337,550,10421,0,0,100,116,100,2671,530,9280,40,608,760,18563,1410,614982,1410,149967,30,301,0,0,800,7184,560,5172,80,45,0,0,0,0,260,609,0,0,370,4657,0,0,0,0,1400,154518,0,0,0,0,0,0,0,0,0,0,0,0,0,0,0,0,0,0,1400,142783,1410,153224,690,1421,870,4128,640,22297,770,23145,480,7761,340,15384
,,,,,,,,,,,,,,,,,,,,,,,,,,,,,,,,,,,,,,,,,,,,,,,,,,,,,,,,,,,,,,,,,,,,,,,,,,,,,,,,,,,,,,,,,,,,,,,,,,,,,,,,,,,,,,,,,,,,,,,,,,,,,,,,,,,,,,,,,,,,,,,,,,,,,,,,,,,,,,,,,,
96815,,14440,9080,4050,800,13080,680,7610,7430,290,21320,220,160,60,0,1190,4900,1380392,14440,1393876,10630,773639,5890,17321,800,0,4200,39471,3890,27567,460,612,2950,58364,3950,90035,1860,45425,3020,102284,0,830,5328,2700,50324,800,103186,1550,9309,3140,13484,200,57,140,2825,450,3017,340,1872,260,257,12880,222726,12880,216175,3360,6551,1550,71422,402157,380,9609,1290,32281,240,344,1290,5388,350,211,1550,11998,1550,12102,1150,15742,0,0,140,84,90,3271,1040,14530,80,4190,2810,19435,12010,1080663,11910,202744,30,233,290,441,3800,16257,1450,8417,230,131,480,501,620,129,1640,3216,100,547,2230,8283,500,3527,560,3945,13140,211282,1260,1868,710,247,330,793,170,616,60,211,920,1365,550,885,350,299,180,222,11260,178160,12010,193961,500,641,650,5568,4390,24239,9230,41145,8610,24958,810,16187
96815,"$1 under $25,000",3600,2780,480,210,3170,220,1830,1840,50,4270,160,120,40,0,310,1380,41452,3600,42625,1970,25973,1110,804,70,0,580,1424,520,938,30,21,880,6068,560,69,350,2424,580,4922,0,180,1091,310,805,90,-263,250,340,840,1173,0,0,0,0,80,287,40,114,40,36,3510,52830,3510,50788,1090,2041,90,2355,1399,60,1173,40,161,40,24,60,200,0,0,90,318,90,323,50,594,0,0,0,0,0,0,50,134,20,258,230,183,1230,6575,1200,646,0,0,40,13,350,109,50,8,0,0,90,46,150,30,60,21,0,0,730,1083,170,1376,190,1467,2670,4369,980,1249,710,247,170,540,80,349,30,113,700,916,220,328,140,118,80,70,1000,537,1580,1648,0,0,0,0,590,625,2300,3336,2250,3186,70,150
96815,"$25,000 under $50,000",3130,2310,480,220,2870,130,1490,1930,50,4150,60,40,20,0,360,820,116849,3130,118605,2500,89148,860,614,90,0,590,2223,540,1409,40,29,610,7325,550,1103,270,3077,470,8465,0,230,1474,520,4267,80,301,220,526,610,1756,40,10,0,0,70,269,80,373,80,85,3010,47198,3010,46173,540,1025,120,3047,4682,60,1114,70,318,40,44,80,310,40,21,120,526,120,574,60,891,0,0,0,0,0,0,70,311,0,0,540,931,3080,66258,3020,7190,0,0,80,48,890,740,180,35,30,20,180,192,350,75,340,379,0,0,440,1252,170,1222,170,1196,2930,10523,280,619,0,0,160,253,90,267,30,98,220,449,220,374,90,76,60,93,2710,6450,2830,7734,0,0,0,0,810,1378,2250,4143,2190,3945,90,198
96815,"$50,000 under $75,000",2500,1710,550,130,2290,100,1270,1430,50,3540,0,0,0,0,250,750,153870,2500,155524,2040,116398,900,872,100,0,640,1822,590,1198,90,102,410,5832,600,2231,260,4053,480,13011,0,180,1211,490,8289,90,745,240,466,490,1654,60,17,50,429,60,401,90,407,50,64,2320,38753,2320,37764,510,989,180,4144,11359,70,1240,150,784,30,33,140,393,50,36,180,1016,180,1033,120,1318,0,0,0,0,0,0,110,396,0,0,440,1179,2500,109969,2490,13468,0,0,70,97,630,976,210,84,40,19,80,98,120,24,310,655,50,128,290,1055,100,584,100,660,2420,15538,0,0,0,0,0,0,0,0,0,0,0,0,80,113,40,37,40,59,2400,12522,2430,13637,0,0,0,0,780,1711,1710,3588,1640,3240,100,348
96815,"$75,000 under $100,000",1610,920,530,100,1450,70,850,790,40,2550,0,0,0,0,110,580,139735,1610,141141,1260,97636,760,1043,100,0,560,2799,520,1802,80,128,270,5620,510,2098,240,5040,410,14835,0,80,496,400,8524,80,1362,220,934,320,1406,30,9,0,0,50,238,40,278,40,26,1400,26040,1400,25307,390,733,210,5585,18415,60,1560,170,1332,40,51,180,489,50,26,210,1457,210,1468,170,1769,0,0,40,13,30,273,140,609,0,0,380,1300,1610,106955,1610,15082,0,0,40,68,490,885,210,114,20,12,50,68,0,0,270,573,0,0,200,908,40,256,40,308,1580,16546,0,0,0,0,0,0,0,0,0,0,0,0,30,70,30,27,0,0,1580,14197,1590,15170,0,0,0,0,640,1879,970,3225,890,2557,110,668
96815,"$100,000 under $200,000",2550,1030,1340,110,2330,110,1420,1130,70,4660,0,0,0,0,140,910,347563,2550,350225,2050,239524,1430,2428,240,0,1140,7654,1060,5404,180,247,510,11011,1040,8747,490,15170,750,37761,0,130,917,660,18290,200,3892,390,2293,550,2662,70,21,30,537,80,563,60,427,50,46,1970,42551,1970,41303,590,1249,570,16833,80919,90,2325,510,5478,60,116,500,1619,150,86,570,5001,570,5002,470,6295,0,0,50,27,0,0,370,2153,30,648,720,2894,2540,285306,2540,45470,0,0,60,215,930,1953,430,332,100,56,80,97,0,0,500,1166,30,135,350,1705,20,89,60,314,2510,47161,0,0,0,0,0,0,0,0,0,0,0,0,0,0,50,41,0,0,2530,43516,2530,45435,60,11,0,0,1090,5106,1440,6755,1270,5551,210,1204
96815,"$200,000 or more",1050,330,670,30,970,50,750,310,30,2150,0,0,0,0,20,460,580923,1050,585756,810,204960,830,11560,200,0,690,23549,660,16816,40,85,270,22508,690,75787,250,15661,330,23290,0,30,139,320,10149,260,97149,230,4750,330,4833,0,0,60,1859,110,1259,30,273,0,0,670,15354,670,14840,240,514,380,39458,285383,40,2197,350,24208,30,76,330,2377,60,42,380,3680,380,3702,280,4875,0,0,50,44,60,2998,300,10927,30,3284,500,12948,1050,505600,1050,120888,30,233,0,0,510,11594,370,7844,40,24,0,0,0,0,160,422,20,284,220,2280,0,0,0,0,1030,117145,0,0,0,0,0,0,0,0,0,0,0,0,0,0,0,0,0,0,1040,100938,1050,110337,440,630,650,5568,480,13540,560,20098,370,6479,230,13619
,,,,,,,,,,,,,,,,,,,,,,,,,,,,,,,,,,,,,,,,,,,,,,,,,,,,,,,,,,,,,,,,,,,,,,,,,,,,,,,,,,,,,,,,,,,,,,,,,,,,,,,,,,,,,,,,,,,,,,,,,,,,,,,,,,,,,,,,,,,,,,,,,,,,,,,,,,,,,,,,,,
96816,,25730,14870,8480,1770,22700,1760,13910,12410,430,42320,260,190,70,30,1950,9160,2921351,25730,2957106,18850,1511025,12180,31250,2060,0,9290,135947,8690,96504,900,1280,5060,144181,7950,356520,4070,112670,6120,230649,30,1090,7473,5510,118638,2050,230954,3440,33979,5700,35755,570,159,430,11672,970,8257,540,2961,440,399,22300,392278,22300,379361,6230,12917,3440,150792,1143415,670,22776,2900,106792,450,508,2930,17895,460,367,3410,28466,3420,28229,2570,45220,120,1802,610,445,310,5289,2540,40815,200,4155,5990,54553,21520,2358863,21310,465059,60,815,300,600,9050,28025,3370,8306,780,412,1130,1219,1100,228,4550,9761,540,4108,4100,20926,580,3914,640,4449,23910,541762,2270,4391,960,320,700,1618,400,1527,210,927,1740,3569,1370,2447,800,706,250,278,19860,437037,21040,476499,1220,2319,1630,13508,7220,46929,17270,111204,15400,53727,2430,57478
96816,"$1 under $25,000",6390,5170,690,410,5510,510,3050,3250,80,7050,160,110,50,30,630,1910,73415,6390,75144,3970,49313,1760,953,160,0,1200,2492,1100,1762,50,25,1230,9778,970,652,550,3742,910,8245,0,220,1315,450,989,170,-1622,340,407,1200,1729,30,5,0,0,130,506,60,242,70,65,6220,87044,6220,84105,1520,2939,170,4664,2015,110,2783,60,338,80,48,90,456,0,0,150,636,160,640,70,1037,0,0,30,15,0,0,80,169,0,0,360,282,2330,12441,2220,1216,0,0,50,13,740,232,110,7,0,0,210,98,280,57,160,61,0,0,1050,1567,210,1392,220,1470,4970,8710,1580,2743,960,320,360,1110,180,880,80,434,1180,2245,540,829,250,218,100,66,1780,984,2640,2609,0,0,0,0,890,899,4410,6989,4270,6552,170,438
96816,"$25,000 under $50,000",5290,3870,770,500,4720,320,2500,3230,60,7500,80,80,0,0,680,1410,197500,5290,199911,4200,148459,1660,1177,180,0,1190,3501,1090,2498,70,74,840,11556,950,1545,490,5289,890,17140,0,310,2411,950,8033,150,-473,370,885,960,2411,80,21,50,448,130,535,110,465,130,142,5060,80056,5060,78148,980,1908,230,7695,8867,120,3901,120,610,80,73,150,598,40,25,220,1020,220,1038,120,1755,0,0,0,0,0,0,130,509,0,0,860,1436,5190,110286,5120,11851,0,0,90,53,1830,1666,330,35,60,26,380,399,640,135,800,995,40,60,660,1940,210,1440,210,1416,5090,19265,660,1624,0,0,340,508,200,635,130,493,540,1308,560,1135,180,152,100,113,4420,10185,4620,12216,0,0,0,0,1180,1716,4040,8740,3910,8247,190,493
96816,"$50,000 under $75,000",3890,2620,800,350,3450,250,1930,2140,70,5740,20,0,20,0,300,1310,239812,3890,242244,3000,171782,1720,1210,240,0,1200,4041,1100,2807,130,169,580,9547,1000,2690,560,7972,910,25840,30,170,1144,900,15557,160,478,410,1348,750,2432,130,33,0,0,90,610,120,562,100,81,3580,59972,3580,58182,910,1790,310,8813,20009,110,2714,240,1504,70,57,240,834,60,48,310,1894,310,1879,190,2678,40,442,40,66,30,168,200,962,40,500,760,1818,3870,169726,3860,20692,0,0,60,98,1200,1909,400,46,70,36,160,200,180,36,670,1312,50,177,430,1600,90,642,100,697,3810,24988,30,24,0,0,0,0,20,12,0,0,20,16,160,265,90,78,50,99,3660,18783,3730,20488,0,0,0,0,1140,2242,2730,6707,2580,5866,220,841
96816,"$75,000 under $100,000",2730,1410,1040,200,2400,170,1530,1310,50,4780,0,0,0,0,150,1140,236756,2730,239153,2020,153628,1500,1468,250,0,1120,5487,1030,3956,170,215,510,8228,910,2705,540,9422,850,32347,0,130,884,820,18514,190,2510,440,2410,600,2397,100,27,30,322,80,583,80,439,50,40,2350,45501,2350,43842,800,1659,380,12341,33078,110,4328,300,1908,70,78,310,1112,70,53,380,2699,380,2652,270,3984,0,0,50,21,0,0,250,964,0,0,740,2057,2710,177871,2700,24512,0,0,30,84,1050,2045,420,73,80,41,120,154,0,0,620,1485,50,222,380,1571,30,250,40,324,2690,27364,0,0,0,0,0,0,0,0,0,0,0,0,50,84,80,73,0,0,2650,22467,2670,24160,0,0,0,0,950,2768,1750,5930,1580,4807,250,1123
96816,"$100,000 under $200,000",4810,1390,3090,230,4230,350,2950,1880,80,10530,0,0,0,0,160,2180,667196,4810,675199,3620,406280,3310,4299,600,0,2640,19454,2510,14780,360,540,1100,31250,2270,16749,1200,33807,1710,87039,0,200,1303,1580,46127,510,12957,1070,9015,1250,8003,170,54,120,2102,230,2060,120,810,90,71,3670,84561,3670,81365,1410,3196,1140,37879,165965,160,5161,1040,11387,90,127,1010,4044,170,142,1140,10425,1140,10318,940,15793,30,327,200,120,60,258,860,4800,70,1108,1780,8278,4800,536995,4790,82287,0,0,70,352,2520,6583,1070,301,320,184,260,368,0,0,1550,3941,200,1455,840,5028,40,190,70,542,4750,87055,0,0,0,0,0,0,0,0,0,0,0,0,60,134,200,185,0,0,4740,75707,4760,80984,70,16,50,16,1970,9666,2820,15559,2270,10343,710,5216
96816,"$200,000 or more",2620,410,2090,80,2390,160,1950,600,90,6720,0,0,0,0,30,1210,1506672,2620,1525455,2040,581563,2230,22143,630,0,1940,100972,1860,70701,120,257,800,73822,1850,332179,730,52438,850,60038,0,60,416,810,29418,870,217104,810,19914,940,18783,60,19,230,8800,310,3963,50,443,0,0,1420,35144,1420,33719,610,1425,1210,79400,913481,60,3889,1140,91045,60,125,1130,10851,120,99,1210,11792,1210,11702,980,19973,50,1033,290,223,220,4863,1020,33411,90,2547,1490,40682,2620,1351544,2620,324501,60,815,0,0,1710,15590,1040,7844,250,125,0,0,0,0,750,1967,200,2194,740,9220,0,0,0,0,2600,374380,0,0,0,0,0,0,0,0,0,0,0,0,0,0,0,0,0,0,2610,308911,2620,336042,1150,2303,1580,13492,1090,29638,1520,67279,790,17912,890,49367
,,,,,,,,,,,,,,,,,,,,,,,,,,,,,,,,,,,,,,,,,,,,,,,,,,,,,,,,,,,,,,,,,,,,,,,,,,,,,,,,,,,,,,,,,,,,,,,,,,,,,,,,,,,,,,,,,,,,,,,,,,,,,,,,,,,,,,,,,,,,,,,,,,,,,,,,,,,,,,,,,,
96817,,26940,15270,8260,2790,23950,1750,15400,14490,320,45460,690,530,160,90,2910,9020,1880879,26940,1899727,20760,1206592,9180,10606,1200,0,5930,44029,5550,33996,830,1162,4280,79442,5140,105015,2940,71325,5250,162277,30,1280,7269,4470,85964,1140,94884,2220,15462,4780,18848,390,112,180,4653,530,4107,440,2531,340,306,24700,438309,24700,425487,6300,12822,2240,86242,445905,480,16096,1880,38083,310,341,1850,6721,360,290,2220,17002,2230,17115,1680,26700,50,454,310,180,110,1797,1640,15251,140,2779,4040,20937,20790,1391697,20780,232645,20,226,420,420,8600,14940,1870,806,610,340,980,1060,1770,379,5190,9887,270,1659,3490,12131,760,5150,820,5666,24660,274526,4420,10052,1590,583,1410,3522,920,3729,500,2219,3590,8474,2580,4848,830,721,210,162,18540,217705,20130,236064,600,853,900,4654,6720,27757,18560,65753,17510,47240,1350,18513
96817,"$1 under $25,000",8580,6090,1510,830,7610,590,4730,4540,80,11580,510,400,110,90,1090,2950,95899,8580,97408,5410,68826,1710,666,100,0,780,1391,690,972,40,25,1550,13419,670,39,510,3188,1070,9041,30,290,1166,410,916,110,-681,280,208,1490,1509,0,0,0,0,60,206,30,118,50,48,8460,132436,8460,127772,2360,4665,120,4052,1539,80,2732,40,156,70,40,80,251,0,0,120,416,120,413,60,752,0,0,0,0,0,0,50,81,0,0,290,202,2560,13159,2580,1311,0,0,120,15,900,290,40,1,0,0,170,82,350,69,360,130,0,0,1390,2128,340,2231,350,2318,6650,13727,2980,6380,1590,583,760,2407,440,2250,190,1140,2350,5365,1160,1917,260,220,100,47,1960,1020,3190,3176,0,0,0,0,1070,1076,5920,11616,5870,11405,80,212
96817,"$25,000 under $50,000",6790,4330,1170,1070,6110,390,3650,4570,60,10930,130,100,30,0,1110,1540,251598,6790,253883,5940,211516,1410,624,110,0,830,1651,770,1091,100,109,830,10523,700,916,380,4118,830,13812,0,360,2247,920,7029,100,324,270,286,960,2285,60,16,0,0,80,335,130,692,110,98,6590,108670,6590,106757,990,1913,200,5513,7715,80,2062,140,525,50,33,120,326,40,28,190,754,200,781,120,1642,0,0,0,0,0,0,130,668,0,0,760,1292,6690,137139,6670,14881,0,0,150,71,2690,2682,190,9,110,59,330,335,1110,252,1610,1987,30,24,640,1829,260,2037,270,2129,6600,25220,1360,3614,0,0,650,1115,450,1460,260,1040,1180,3065,1100,2313,200,170,80,56,5390,12200,5650,14095,0,0,0,0,1360,1826,5390,12924,5300,12630,110,294
96817,"$50,000 under $75,000",4200,2490,1120,460,3720,250,2330,2390,50,6940,50,30,20,0,400,1350,256692,4200,258606,3540,198834,1470,749,150,0,900,2770,840,1897,140,165,550,7854,720,1788,430,5546,860,22381,0,240,1546,880,14355,100,915,310,780,690,1914,100,26,40,412,60,361,110,498,80,82,3910,69232,3910,67475,900,1757,290,8104,17882,100,2936,210,1008,60,69,220,667,60,39,280,1508,280,1562,200,2652,20,180,40,10,0,0,190,704,40,470,640,1437,4180,178823,4170,21619,0,0,80,113,1410,2537,270,36,90,48,170,218,310,58,940,2009,40,124,410,1363,110,691,110,781,4120,24627,80,58,0,0,0,0,30,19,50,39,60,44,240,477,120,103,30,59,3910,19082,3980,20531,0,0,0,0,1300,2511,2880,6573,2770,6078,140,495
96817,"$75,000 under $100,000",2410,1090,1070,210,2120,170,1440,1170,30,4640,0,0,0,0,150,930,208756,2410,210385,1940,150076,1130,786,160,0,740,3175,690,2198,170,218,370,5692,620,2145,390,6899,690,22396,0,160,881,650,14041,120,1858,310,1132,430,1629,60,17,0,0,60,383,60,413,40,34,2100,42510,2100,41237,630,1273,310,8536,27432,70,1757,270,1658,40,41,260,728,60,48,310,2186,310,2194,240,3263,0,0,40,21,0,0,220,896,0,0,530,1585,2410,156362,2410,21177,0,0,30,74,980,2135,250,27,70,41,110,154,0,0,710,1675,30,132,270,1116,50,191,40,234,2380,22110,0,0,0,0,0,0,0,0,0,0,0,0,40,60,90,78,0,0,2360,19042,2380,20257,0,0,0,0,930,2521,1480,4335,1360,3838,150,496
96817,"$100,000 under $200,000",3530,1010,2280,180,3110,240,2200,1460,60,7860,0,0,0,0,140,1530,479504,3530,483439,2810,315159,2250,2570,350,0,1640,10334,1550,7551,300,475,630,14054,1450,11216,790,22804,1270,59718,0,200,1265,1090,30862,270,6605,640,5048,770,3935,130,42,50,861,110,932,80,513,60,44,2780,64018,2780,61784,1000,2234,750,25007,105697,120,4878,680,7214,70,115,660,2077,150,127,750,6636,750,6679,600,9364,30,274,110,57,40,155,570,3037,50,794,1060,3945,3520,386747,3520,58941,0,0,40,147,1770,4496,620,142,220,127,200,271,0,0,1180,3017,100,692,460,2452,0,0,50,204,3490,60313,0,0,0,0,0,0,0,0,0,0,0,0,40,81,160,150,0,0,3490,54445,3500,57180,40,9,0,0,1470,6540,2050,9576,1750,7151,400,2425
96817,"$200,000 or more",1430,260,1110,40,1280,110,1050,360,40,3510,0,0,0,0,20,720,588430,1430,596006,1120,262181,1210,5211,330,0,1040,24708,1010,20287,80,170,350,27900,980,88911,440,28770,530,34929,0,30,164,520,18761,440,85863,410,8008,440,7576,40,11,90,3380,160,1890,30,297,0,0,860,21443,860,20462,420,980,570,35030,285640,30,1731,540,27522,20,43,510,2672,50,48,570,5502,570,5486,460,9027,0,0,120,92,70,1642,480,9865,50,1515,760,12476,1430,519467,1430,114716,20,226,0,0,850,2800,500,591,120,65,0,0,0,0,390,1069,70,687,320,3243,0,0,0,0,1420,128529,0,0,0,0,0,0,0,0,0,0,0,0,0,0,0,0,0,0,1430,111916,1430,120825,560,844,900,4654,590,13283,840,20729,460,6138,470,14591
,,,,,,,,,,,,,,,,,,,,,,,,,,,,,,,,,,,,,,,,,,,,,,,,,,,,,,,,,,,,,,,,,,,,,,,,,,,,,,,,,,,,,,,,,,,,,,,,,,,,,,,,,,,,,,,,,,,,,,,,,,,,,,,,,,,,,,,,,,,,,,,,,,,,,,,,,,,,,,,,,,
96818,,21470,9320,9480,1840,19740,1000,10120,13800,370,44310,160,120,40,0,2710,4930,1567185,21470,1579240,18350,1225820,7300,4796,660,0,4640,16468,4360,12484,720,986,2750,31921,4210,33452,1760,35320,4120,132442,0,700,4149,2770,50753,530,28416,1850,5836,3980,12055,430,122,50,882,240,1682,460,2012,580,528,19770,383605,19770,376618,3390,6987,1710,50744,238346,280,7002,1420,15097,210,291,1390,3887,380,319,1660,12602,1660,12725,1360,19433,30,334,170,168,20,38,1210,8562,120,2043,2800,9025,18750,1144145,18690,169635,0,0,140,201,9940,22947,1450,167,1270,854,1460,1465,2930,725,6840,17628,250,1439,1920,5567,240,1529,260,1712,20490,187586,2680,5581,570,200,890,1847,770,2221,450,1314,2340,4958,2640,5482,1060,835,70,75,16010,146688,16800,154036,290,231,430,792,5020,18098,15730,51399,15350,47726,510,3573
96818,"$1 under $25,000",4090,3050,580,290,3660,260,1980,2450,20,4720,70,70,0,0,440,1230,48992,4090,49925,2810,36021,870,317,40,0,380,459,350,282,30,21,590,3711,350,67,280,1822,630,6111,0,110,558,290,603,30,20,150,146,580,933,0,0,0,0,40,201,30,65,20,14,4030,59025,4030,57039,1000,1986,60,1426,684,40,610,0,0,30,20,30,78,0,0,50,132,50,133,30,400,0,0,20,9,0,0,30,66,0,0,110,74,1450,8042,1420,797,0,0,20,3,520,163,20,1,0,0,110,55,280,58,100,43,0,0,480,672,80,545,80,547,3300,5762,1040,2059,570,200,280,887,130,654,60,319,850,1751,400,681,160,132,30,12,1130,634,1580,1333,0,0,0,0,430,348,3010,4774,2990,4612,40,61
96818,"$25,000 under $50,000",5490,2940,1500,680,5130,190,2320,4230,90,9940,70,30,40,0,980,840,207976,5490,210260,4940,185561,1100,387,70,0,610,802,570,569,60,55,560,4323,610,229,240,2609,630,11055,0,160,951,560,4449,70,-158,230,-169,880,2284,60,16,0,0,50,292,120,386,140,142,5360,94064,5360,92919,570,1145,140,3268,5299,50,863,110,296,30,29,90,248,30,15,130,544,130,555,90,1252,0,0,0,0,0,0,90,504,0,0,460,605,5430,110380,5410,11951,0,0,40,24,2770,2940,150,8,210,118,390,351,1660,480,1470,1931,30,29,380,919,90,591,90,573,5390,22925,1390,3333,0,0,610,960,530,1507,250,866,1270,3036,1280,2899,270,195,40,63,3980,9011,4180,10025,0,0,0,0,820,959,4650,13845,4620,13693,50,153
96818,"$50,000 under $75,000",4270,1660,2000,460,3980,130,1850,3130,100,9700,20,20,0,0,670,810,261730,4270,263850,3840,225974,1360,587,90,0,830,1307,770,916,130,157,480,3244,740,1177,250,3137,690,17707,0,130,768,540,8708,50,70,310,284,840,2120,100,29,0,0,30,143,140,554,150,138,4020,81339,4020,80294,530,1045,250,6220,15641,50,1427,190,926,40,41,200,417,60,50,240,1273,240,1290,190,2182,0,0,0,0,0,0,160,869,40,515,510,803,4260,173625,4250,20435,0,0,40,35,2310,5477,250,28,240,158,350,364,990,187,1760,4547,40,120,300,707,40,262,50,292,4220,25771,250,189,0,0,0,0,110,60,140,129,220,171,770,1536,240,180,0,0,3450,14958,3560,15731,0,0,0,0,840,1408,3410,11426,3370,11329,50,97
96818,"$75,000 under $100,000",2670,870,1530,210,2470,130,1320,1680,60,6420,0,0,0,0,300,660,231643,2670,233379,2380,190855,1130,631,90,0,710,1409,680,1101,170,220,360,4122,610,1082,260,4114,580,18958,0,120,661,450,9551,60,506,330,577,540,1736,80,21,0,0,30,207,70,375,90,69,2390,52023,2390,51166,420,857,290,7747,24777,50,1297,240,1381,40,57,240,594,60,50,280,1969,280,1977,230,3008,0,0,30,37,20,38,190,1136,0,0,440,987,2670,171055,2670,22333,0,0,40,139,1340,4180,210,13,250,183,220,234,0,0,1120,3538,30,119,240,747,30,131,20,160,2660,23472,0,0,0,0,0,0,0,0,0,0,0,0,130,238,130,106,0,0,2550,18153,2570,18997,0,0,0,0,790,1736,1880,6187,1820,6030,70,157
96818,"$100,000 under $200,000",4040,680,3110,200,3690,230,2080,2050,80,11040,0,0,0,0,320,1060,542020,4040,544955,3610,429328,2150,1555,240,0,1560,5391,1460,4084,290,416,590,8023,1370,8412,530,13991,1180,49437,0,180,1211,710,19668,160,2247,620,2285,920,2935,160,48,50,882,50,330,100,632,180,165,3350,81536,3350,80068,660,1468,690,21220,95081,90,2805,620,5615,70,144,590,1657,180,163,680,6025,680,6089,590,8520,30,334,80,68,0,0,510,3399,50,848,910,2258,4030,437010,4030,64608,0,0,0,0,2420,8245,560,72,460,317,390,461,0,0,2010,6372,100,685,380,1417,0,0,20,140,4020,61729,0,0,0,0,0,0,0,0,0,0,0,0,60,128,260,222,0,0,3990,56363,4000,58058,30,11,20,2,1660,6515,2360,10098,2240,9360,160,738
96818,"$200,000 or more",910,120,760,0,810,60,570,260,20,2490,0,0,0,0,0,330,274824,910,276871,770,158081,690,1319,130,0,550,7100,530,5532,40,117,170,8498,530,22485,200,9647,410,29174,0,0,0,220,7774,160,25731,210,2713,220,2047,30,8,0,0,40,509,0,0,0,0,620,15618,620,15132,210,486,280,10863,96864,0,0,260,6879,0,0,240,893,50,41,280,2659,280,2681,230,4071,0,0,40,54,0,0,230,2588,30,680,370,4298,910,244033,910,49511,0,0,0,0,580,1942,260,45,110,78,0,0,0,0,380,1197,50,486,140,1105,0,0,0,0,900,47927,0,0,0,0,0,0,0,0,0,0,0,0,0,0,0,0,0,0,910,47569,910,49892,260,220,410,790,480,7132,420,5069,310,2702,140,2367
,,,,,,,,,,,,,,,,,,,,,,,,,,,,,,,,,,,,,,,,,,,,,,,,,,,,,,,,,,,,,,,,,,,,,,,,,,,,,,,,,,,,,,,,,,,,,,,,,,,,,,,,,,,,,,,,,,,,,,,,,,,,,,,,,,,,,,,,,,,,,,,,,,,,,,,,,,,,,,,,,,
96819,,22570,11610,7120,3270,20340,1340,13540,14300,210,41800,270,210,60,50,3410,5840,1342553,22570,1350626,19360,1021418,5610,3612,540,0,3120,13218,2900,10052,730,997,2740,34163,2670,35335,1560,29784,3910,105525,30,1130,6349,3020,49140,500,36616,1480,6004,3030,8073,270,75,50,869,200,1556,320,1302,310,271,21030,378451,21030,370278,4000,8175,1520,49964,222925,340,7492,1290,16088,190,252,1210,3745,330,329,1510,11117,1510,11246,1150,19882,40,546,160,114,40,150,1110,8102,120,1973,2160,11800,18280,934417,18240,138133,0,0,220,232,8300,15706,850,133,620,382,920,1024,2140,456,5860,11854,210,1277,1970,5816,400,2445,420,2698,21510,164686,4230,10778,980,359,1580,3787,1020,3829,650,2802,3770,9912,3150,5861,780,648,100,101,15610,122428,16510,130014,210,203,290,871,5100,16774,16720,51197,16300,44376,550,6794
96819,"$1 under $25,000",6400,4530,800,950,5760,380,3700,4240,30,9130,150,120,30,50,1310,1610,78689,6400,79470,4850,62913,930,292,50,0,410,597,370,407,30,17,790,5434,300,1,260,1671,760,6742,30,180,851,290,595,50,-254,210,95,760,781,0,0,0,0,30,135,20,73,30,29,6320,95704,6320,93135,1300,2569,80,2063,1078,60,1042,40,77,30,17,50,125,0,0,80,220,80,223,40,666,0,0,0,0,0,0,40,90,20,277,150,82,2240,11831,2210,1185,0,0,50,10,900,314,0,0,0,0,130,64,340,71,420,169,0,0,670,916,150,904,160,979,5540,12858,2460,6393,980,359,830,2577,420,2132,230,1324,2180,5926,1320,2085,190,164,40,31,1580,871,2170,1817,0,0,0,0,550,477,5170,11513,5150,11450,30,37
96819,"$25,000 under $50,000",6760,3980,1180,1350,6160,330,3850,5000,60,11650,90,60,30,0,1330,1300,250124,6760,251365,6210,223561,980,344,60,0,460,717,430,572,120,127,620,4719,410,345,230,2415,740,11402,0,310,1874,770,5366,60,-79,210,-12,690,1241,60,17,0,0,30,158,100,304,80,66,6570,110348,6570,108616,860,1733,180,5214,7214,90,2158,130,376,40,34,100,260,50,38,180,689,180,694,100,1364,0,0,0,0,0,0,110,563,0,0,460,673,6640,134701,6630,14644,0,0,80,32,3010,3291,120,8,140,85,280,284,1450,322,1930,2544,30,37,420,976,160,998,160,1001,6660,26286,1670,4309,0,0,750,1210,560,1672,360,1427,1510,3922,1420,3025,200,151,60,70,5070,11353,5270,12412,0,0,0,0,1170,1106,5540,14965,5500,14694,60,271
96819,"$50,000 under $75,000",3800,1860,1220,600,3400,230,2280,2470,30,7040,30,30,0,0,440,1040,232091,3800,233176,3440,196477,970,410,90,0,510,1164,470,849,150,180,420,3779,420,879,240,2895,680,14516,0,240,1396,670,10172,60,512,240,341,510,1085,60,16,0,0,20,131,80,331,70,73,3580,66644,3580,65312,680,1332,220,5709,13672,70,1323,170,732,40,45,160,405,40,35,210,1155,210,1158,150,2341,0,0,30,15,0,0,140,602,30,375,360,799,3790,159059,3790,19053,0,0,50,68,1500,3106,130,7,110,70,150,180,350,63,1150,2624,40,119,270,705,60,409,60,442,3760,21686,100,76,0,0,0,0,40,25,60,51,80,64,310,560,110,85,0,0,3460,15947,3530,16763,0,0,0,0,1030,1772,2760,6670,2710,6548,60,121
96819,"$75,000 under $100,000",2200,650,1290,220,1990,130,1440,1210,20,5050,0,0,0,0,180,660,189865,2200,190768,1920,153091,770,560,70,0,410,1223,380,911,140,202,290,3055,350,1019,250,3615,550,16003,0,180,998,450,9243,60,537,220,466,330,903,40,10,0,0,20,117,50,207,40,31,1970,43233,1970,42327,430,907,220,6805,19492,40,733,190,1109,30,47,170,459,60,71,220,1566,220,1575,170,3043,0,0,0,0,0,0,170,1092,0,0,280,797,2200,139073,2200,18017,0,0,40,122,990,2727,110,8,90,60,120,162,0,0,860,2348,20,116,190,616,30,134,40,276,2170,18403,0,0,0,0,0,0,0,0,0,0,0,0,70,122,90,80,0,0,2120,15290,2150,16030,0,0,0,0,790,1975,1400,4318,1360,4170,50,148
96819,"$100,000 under $200,000",2790,510,2110,150,2490,210,1840,1210,40,7220,0,0,0,0,150,980,371808,2790,374182,2420,277058,1480,1094,190,0,940,4170,880,3046,250,395,470,9716,800,5206,440,11154,950,39855,0,220,1230,670,17857,130,2769,450,2180,570,2374,110,32,50,869,60,543,70,387,90,72,2210,53063,2210,51725,600,1338,580,19410,82198,80,2236,540,5280,50,109,510,1600,150,152,580,5223,580,5300,480,8617,40,546,80,69,0,0,450,2801,40,587,630,2417,2790,297048,2790,43722,0,0,0,0,1510,4648,310,67,210,124,240,334,0,0,1240,3430,80,562,310,1631,0,0,0,0,2770,41715,0,0,0,0,0,0,0,0,0,0,0,0,30,69,190,168,0,0,2760,39075,2770,40975,0,0,0,0,1260,5594,1530,6248,1380,5310,200,938
96819,"$200,000 or more",620,80,520,0,540,60,430,170,30,1710,0,0,0,0,0,250,219976,620,221665,520,108318,480,912,80,0,390,5347,370,4267,40,76,150,7460,390,27885,140,8034,230,17007,0,0,0,170,5907,140,33131,150,2934,170,1689,0,0,0,0,40,472,0,0,0,0,380,9459,380,9163,130,296,240,10763,99271,0,0,220,8514,0,0,220,896,30,33,240,2264,240,2296,210,3851,0,0,50,30,40,150,200,2954,30,734,280,7032,620,192705,620,41512,0,0,0,0,390,1620,180,43,70,43,0,0,0,0,260,739,40,443,110,972,0,0,0,0,610,43738,0,0,0,0,0,0,0,0,0,0,0,0,0,0,0,0,0,0,620,39892,620,42017,210,203,290,871,300,5850,320,7483,200,2204,150,5279
,,,,,,,,,,,,,,,,,,,,,,,,,,,,,,,,,,,,,,,,,,,,,,,,,,,,,,,,,,,,,,,,,,,,,,,,,,,,,,,,,,,,,,,,,,,,,,,,,,,,,,,,,,,,,,,,,,,,,,,,,,,,,,,,,,,,,,,,,,,,,,,,,,,,,,,,,,,,,,,,,,
96821,,9630,4810,4240,410,8480,660,5880,3820,170,17090,50,20,30,0,380,4280,1773886,9630,1800765,6530,797221,5940,18158,1270,0,4930,90234,4700,70811,440,894,2020,92608,4370,202720,2300,101068,2970,142249,0,280,2070,2890,78008,1360,223938,1680,20471,2340,26879,200,58,330,11727,580,6440,180,1072,120,104,7240,133279,7240,127688,2570,5590,2380,107787,909476,540,18436,2020,76407,340,407,2010,12264,260,202,2370,20238,2370,20253,1730,33890,60,1003,430,322,230,2441,1910,27217,110,2143,3160,43244,8320,1500308,8190,325307,40,433,80,133,3990,12133,2050,2390,370,215,330,384,270,61,1720,4070,340,3092,1710,12848,170,1164,180,1218,8940,376300,460,656,240,78,120,263,80,241,20,60,330,465,270,511,230,207,70,108,7850,313175,8200,338546,1080,2673,1570,9241,2940,29570,6250,66696,4970,24275,1640,42422
96821,"$1 under $25,000",1890,1610,180,60,1620,150,940,830,30,1680,50,20,30,0,100,570,19692,1890,20275,1100,12208,660,409,60,0,530,1140,490,792,0,0,350,2286,430,233,200,1225,300,2708,0,40,192,150,417,60,129,110,123,340,583,0,0,0,0,40,260,0,0,40,38,1800,22737,1800,21900,430,837,100,3062,1239,60,1961,40,229,50,34,50,290,0,0,90,384,90,385,30,482,0,0,0,0,0,0,40,62,0,0,110,76,640,3158,580,305,0,0,0,0,170,47,40,3,0,0,50,21,60,12,0,0,0,0,300,399,50,352,50,319,1390,2193,330,398,240,78,50,151,30,149,0,0,230,284,70,123,50,49,30,39,480,258,730,667,0,0,0,0,280,262,1240,1784,1190,1346,60,438
96821,"$25,000 under $50,000",1300,960,210,90,1150,60,630,720,0,1750,0,0,0,0,100,440,48872,1300,49853,940,33281,500,330,60,0,400,1573,370,1017,40,32,210,3170,330,453,170,2091,280,5182,0,50,426,310,2706,50,577,110,253,240,981,30,8,0,0,40,262,50,266,0,0,1210,19320,1210,18721,310,598,80,2855,3165,50,1578,40,194,40,33,60,244,20,15,80,402,80,401,40,610,20,304,20,3,0,0,50,204,0,0,240,400,1260,26905,1230,2847,0,0,30,12,450,364,130,17,40,19,80,81,160,39,180,211,0,0,160,580,60,474,50,473,1210,4776,130,258,0,0,70,112,50,92,20,60,100,181,100,192,30,30,40,69,1090,2483,1150,3104,0,0,0,0,310,557,960,2222,910,1942,70,280
96821,"$50,000 under $75,000",1150,800,250,70,1020,70,610,570,30,1680,0,0,0,0,70,460,71437,1150,72229,810,45283,620,647,110,0,460,2360,430,1742,30,42,150,2784,380,1375,220,3241,320,9813,0,50,368,330,5917,70,398,160,97,220,792,40,11,40,528,30,234,30,139,50,36,1010,16805,1010,16207,300,598,140,4615,9218,70,2032,100,721,40,38,100,409,0,0,140,806,140,798,90,1284,0,0,0,0,0,0,100,293,0,0,260,611,1140,49834,1130,6200,0,0,30,42,360,539,150,18,0,0,50,64,50,10,170,336,40,79,120,507,30,166,50,276,1120,7753,0,0,0,0,0,0,0,0,0,0,0,0,70,133,30,26,0,0,1070,5661,1090,6179,0,0,0,0,350,833,800,2396,720,1776,100,621
96821,"$75,000 under $100,000",900,510,310,60,790,60,570,390,0,1480,0,0,0,0,40,430,78106,900,79173,570,42917,550,685,100,0,430,2656,400,1878,80,116,160,3847,390,1874,240,4789,330,12285,0,30,268,350,8137,70,935,170,559,180,1067,20,7,0,0,30,258,20,114,0,0,700,13391,700,12834,270,557,190,6640,17067,80,2568,130,1065,60,64,150,668,30,22,190,1359,190,1337,120,1962,0,0,30,23,0,0,140,590,0,0,270,852,890,57638,880,7939,0,0,0,0,330,631,150,65,20,13,40,54,0,0,170,402,20,74,130,684,30,172,0,0,870,9256,0,0,0,0,0,0,0,0,0,0,0,0,0,0,30,22,0,0,860,7308,870,8008,0,0,0,0,310,940,570,2172,490,1696,120,476
96821,"$100,000 under $200,000",2100,650,1350,70,1850,150,1400,750,30,4520,0,0,0,0,70,1170,302756,2100,307413,1370,153772,1590,2579,360,0,1320,12270,1270,9017,180,292,490,15272,1140,10686,690,23875,890,47061,0,60,478,910,28015,280,6798,460,3904,540,4657,60,18,70,1484,140,1284,50,321,30,30,1470,34094,1470,32455,710,1639,630,21938,93591,170,4613,540,6453,90,115,520,2307,80,58,630,5307,630,5351,450,7973,0,0,110,53,40,147,520,3166,30,453,900,3967,2100,242889,2090,37368,0,0,20,79,1150,2748,600,197,130,83,110,164,0,0,610,1551,90,596,370,2448,0,0,30,150,2080,41477,0,0,0,0,0,0,0,0,0,0,0,0,30,63,90,80,0,0,2070,34621,2080,37146,30,8,0,0,810,4068,1280,8318,950,5107,450,3211
96821,"$200,000 or more",2290,280,1940,60,2050,170,1730,560,80,5980,0,0,0,0,0,1210,1253023,2290,1271822,1740,509760,2020,13508,580,0,1790,70235,1740,56365,110,412,660,65249,1700,188099,780,65847,850,65200,0,50,338,840,32816,830,215101,670,15535,820,18799,50,14,220,9715,300,4142,30,232,0,0,1050,26932,1050,25571,550,1361,1240,68677,785196,110,5684,1170,67745,60,123,1130,8346,130,107,1240,11980,1240,11981,1000,21579,40,699,270,243,190,2294,1060,22902,80,1690,1380,37338,2290,1119884,2280,270648,40,433,0,0,1530,7804,980,2090,180,100,0,0,0,0,590,1570,190,2343,630,8230,0,0,0,0,2270,310845,0,0,0,0,0,0,0,0,0,0,0,0,0,0,0,0,0,0,2280,262844,2280,283442,1050,2665,1570,9241,880,22910,1400,49804,710,12408,840,37396
,,,,,,,,,,,,,,,,,,,,,,,,,,,,,,,,,,,,,,,,,,,,,,,,,,,,,,,,,,,,,,,,,,,,,,,,,,,,,,,,,,,,,,,,,,,,,,,,,,,,,,,,,,,,,,,,,,,,,,,,,,,,,,,,,,,,,,,,,,,,,,,,,,,,,,,,,,,,,,,,,,
96822,,20550,12510,6140,1370,18330,1120,10790,10200,360,32020,260,180,80,30,1570,7410,2004890,20550,2028764,15210,1161282,9410,15571,1690,0,7430,78511,7030,61959,720,1012,3700,87566,6390,137689,3380,102109,4930,194197,30,800,5288,4570,103764,1340,87384,2210,25035,4330,23874,480,137,310,8528,640,5054,420,2218,410,380,17900,310247,17900,299841,5100,10406,2650,95697,640203,530,18175,2240,48802,360,387,2210,8938,380,238,2620,20763,2650,20940,1940,29849,60,587,390,236,180,2405,1930,21246,120,1853,4580,23610,17320,1601233,17180,292006,30,227,220,299,6860,13736,2720,1515,580,319,910,889,930,188,3150,6620,280,1857,2960,13118,430,2758,480,2986,19150,332564,1760,3052,820,286,520,1233,300,1100,110,428,1350,2450,910,1629,600,519,160,203,16190,278268,17040,299979,880,1620,1330,6256,5890,32353,13750,64375,12330,37718,1810,26502
96822,"$1 under $25,000",4890,4000,480,280,4300,290,2400,2520,60,5230,150,110,40,30,470,1550,55843,4890,57127,3040,37909,1290,583,130,0,900,1797,820,1238,30,23,960,7188,730,484,410,2586,710,6191,0,180,986,370,1002,100,-439,200,117,940,1284,20,6,0,0,90,332,40,130,60,53,4780,66581,4780,64278,1220,2302,110,3120,1345,80,2220,40,146,60,39,60,193,0,0,100,336,110,344,40,388,0,0,0,0,0,0,50,103,0,0,270,188,1780,9701,1700,936,0,0,30,7,530,177,70,7,0,0,180,84,210,43,100,39,0,0,810,1127,150,1013,160,1016,3800,6229,1230,1861,820,286,260,815,120,554,30,201,910,1499,330,510,200,168,70,74,1390,758,2040,1908,0,0,0,0,730,685,3340,4998,3260,4659,110,184
96822,"$25,000 under $50,000",4270,3150,550,430,3860,190,1920,2730,50,5880,80,40,40,0,540,1110,159916,4270,161912,3460,124763,1230,525,140,0,890,2243,820,1514,50,53,660,8358,750,1253,370,4269,660,12496,30,220,1511,700,6117,90,-414,220,374,750,1996,60,16,0,0,80,466,90,403,110,106,4100,64048,4100,62654,730,1394,160,5221,6309,90,2817,90,422,60,61,100,337,30,13,160,638,160,691,70,1122,0,0,0,0,0,0,90,500,0,0,660,1012,4190,90867,4150,9798,0,0,70,45,1460,1281,270,18,60,33,300,292,560,114,620,783,40,65,490,1464,170,1203,170,1172,4090,15205,500,1172,0,0,260,418,180,546,80,227,440,951,420,820,140,117,70,101,3630,8517,3770,10024,0,0,0,0,960,1499,3250,6659,3170,6301,110,358
96822,"$50,000 under $75,000",3410,2390,630,300,3040,180,1570,1900,70,4830,30,30,0,0,290,1090,210835,3410,213154,2730,155583,1450,1042,200,0,1070,3966,1020,2802,130,134,480,7201,860,1819,460,6043,750,20781,0,150,1064,760,12989,120,935,260,1033,700,2319,130,35,40,482,80,464,130,660,100,92,3110,51348,3110,49901,760,1447,300,7822,19236,110,2964,230,1262,70,62,240,563,60,29,300,1637,300,1652,200,2163,0,0,30,9,0,0,190,870,30,212,670,1328,3390,150782,3380,18442,0,0,60,72,1040,1452,360,39,70,39,170,192,160,31,510,1008,0,0,360,1342,70,365,80,423,3350,21974,30,19,0,0,0,0,0,0,0,0,0,0,100,169,90,75,20,28,3270,16989,3310,18401,0,0,0,0,1020,1877,2380,5423,2230,4761,190,662
96822,"$75,000 under $100,000",2270,1360,710,140,2040,100,1220,1090,40,3580,0,0,0,0,150,920,196835,2270,198451,1710,131760,1250,1167,210,0,940,4233,880,3084,150,178,360,5179,780,3165,450,8623,680,25721,0,90,614,680,15199,100,758,260,1072,430,1616,80,22,30,322,60,390,50,290,50,33,1920,35677,1920,34399,650,1278,350,8731,30346,70,2354,280,1967,60,62,280,621,50,23,350,2319,350,2276,260,2713,30,266,30,17,0,0,230,1175,0,0,550,1296,2260,151506,2260,21378,0,0,30,69,770,1270,340,41,50,23,80,85,0,0,400,917,20,104,260,870,40,177,40,200,2240,23254,0,0,0,0,0,0,0,0,0,0,0,0,20,42,60,48,0,0,2230,20108,2240,21029,0,0,0,0,830,2092,1430,4287,1310,3635,170,652
96822,"$100,000 under $200,000",3670,1280,2150,150,3240,230,2210,1420,70,7440,0,0,0,0,100,1690,506541,3670,511414,2730,309215,2450,2894,510,0,2060,15355,1970,11129,270,364,690,16730,1770,13411,1020,30909,1330,67086,0,130,814,1280,38877,350,5544,700,6639,850,4873,140,43,70,1545,130,1061,90,554,90,96,2840,63975,2840,61406,1150,2569,830,26223,117539,130,4562,740,7614,80,93,710,2356,140,92,820,7175,830,7227,640,9374,0,0,130,86,60,253,610,3820,40,700,1320,4519,3660,411902,3650,64135,0,0,30,106,1780,3804,880,221,210,122,180,236,0,0,970,2485,80,527,520,2701,0,0,30,175,3640,68389,0,0,0,0,0,0,0,0,0,0,0,0,40,88,110,111,0,0,3630,60331,3640,63245,50,15,20,8,1520,6630,2140,11655,1700,8269,550,3386
96822,"$200,000 or more",2040,330,1620,70,1850,130,1470,540,70,5060,0,0,0,0,20,1050,874920,2040,886706,1540,402052,1740,9360,500,0,1570,50917,1520,42192,90,260,550,42910,1500,117557,670,49679,800,61922,0,30,299,780,29580,580,81000,570,15800,660,11786,50,15,170,6179,200,2341,20,181,0,0,1150,28618,1150,27203,590,1416,900,44580,465428,50,3258,860,37391,30,70,820,4868,100,81,890,8658,900,8750,730,14089,30,321,200,124,120,2152,760,14778,50,941,1110,15267,2040,786475,2040,177317,30,227,0,0,1280,5752,800,1189,190,102,0,0,0,0,550,1388,140,1161,520,5614,0,0,0,0,2030,197513,0,0,0,0,0,0,0,0,0,0,0,0,0,0,0,0,0,0,2040,171565,2040,185372,830,1605,1310,6248,830,19570,1210,31353,660,10093,680,21260
,,,,,,,,,,,,,,,,,,,,,,,,,,,,,,,,,,,,,,,,,,,,,,,,,,,,,,,,,,,,,,,,,,,,,,,,,,,,,,,,,,,,,,,,,,,,,,,,,,,,,,,,,,,,,,,,,,,,,,,,,,,,,,,,,,,,,,,,,,,,,,,,,,,,,,,,,,,,,,,,,,
96825,,15110,7110,6830,830,13330,1050,8470,6640,260,27560,110,40,70,0,680,6290,2018511,15110,2043437,10620,1098237,8660,12944,1410,0,6710,60026,6310,44651,820,1336,3030,95125,5720,205161,3330,100809,4690,202188,20,590,3928,4260,107005,1300,122853,1910,13176,3440,24926,420,119,310,7908,690,6372,340,1966,180,169,11870,226231,11870,216989,4190,9241,3230,117273,818614,550,16397,2780,59368,390,556,2920,12703,570,493,3210,27568,3210,27567,2750,48732,60,820,570,384,190,2479,2500,18905,110,1344,3920,30933,13010,1660425,12870,313526,40,886,120,326,6000,15691,2390,1378,630,347,560,685,430,91,3280,8036,490,3560,2390,14013,230,1748,260,1978,14070,335750,680,1098,320,113,180,415,110,376,50,189,490,794,450,830,420,383,120,201,12340,297834,12880,321047,1220,1786,1440,6722,4880,40477,9550,54420,8350,32984,1540,21413
96825,"$1 under $25,000",2880,2390,310,120,2480,240,1370,1320,40,2680,80,40,40,0,130,930,29972,2880,30976,1730,18816,950,564,80,0,670,1373,620,869,30,17,550,3620,540,372,300,1887,470,4293,20,80,494,240,603,70,33,170,-54,510,1004,0,0,0,0,80,338,30,91,20,26,2770,36781,2770,35310,740,1471,110,2690,1394,80,1325,40,166,50,49,70,235,0,0,100,400,100,397,60,815,0,0,20,4,0,0,60,117,0,0,140,94,880,4462,810,440,0,0,0,0,220,64,40,1,0,0,50,25,90,20,30,12,0,0,460,642,60,489,60,477,2090,3040,480,681,320,113,90,287,40,193,0,0,340,503,120,191,90,75,30,41,690,376,1070,1031,0,0,0,0,390,355,1880,2359,1830,2194,60,141
96825,"$25,000 under $50,000",2100,1530,370,140,1880,110,1020,1200,20,2830,0,0,0,0,190,690,78448,2100,79678,1480,52633,860,539,90,0,590,2157,550,1298,50,55,330,4630,470,861,320,3741,490,9384,0,110,757,530,4888,90,-544,150,396,400,1230,50,12,0,0,60,351,60,265,40,40,1960,31438,1960,30428,490,1010,140,4732,5438,80,2255,80,357,50,42,110,372,40,44,140,676,140,685,90,1357,0,0,0,0,0,0,100,312,20,150,350,555,2030,42850,1990,4525,0,0,30,15,670,579,150,34,30,12,130,144,250,54,220,288,40,39,260,875,70,511,70,481,1990,7518,200,417,0,0,90,128,70,183,50,189,150,291,160,296,60,51,50,94,1760,3946,1850,4849,0,0,0,0,480,815,1590,3471,1510,3093,100,378
96825,"$50,000 under $75,000",1900,1210,490,140,1680,130,980,1020,30,2940,30,0,30,0,130,790,118311,1900,119791,1300,72868,1000,745,130,0,730,2784,680,2006,90,112,300,4173,580,1809,400,6340,620,18219,0,70,494,640,11889,80,-401,210,772,380,1480,60,17,50,432,60,387,60,325,40,39,1670,29516,1670,28336,560,1179,230,7225,14567,90,3022,140,794,70,80,180,617,40,28,220,1253,220,1251,160,2076,0,0,30,22,30,85,150,522,0,0,390,796,1880,81656,1870,9856,0,0,30,52,580,978,210,52,30,18,70,94,90,17,320,676,30,81,210,765,50,387,50,399,1850,12489,0,0,0,0,0,0,0,0,0,0,0,0,90,169,40,40,40,66,1770,8878,1800,9678,0,0,0,0,550,1094,1340,3884,1250,3112,120,773
96825,"$75,000 under $100,000",1600,750,650,150,1400,110,920,760,30,2880,0,0,0,0,70,760,138916,1600,140650,1120,82770,950,966,150,0,740,3285,690,2204,160,235,300,5858,610,2050,420,8280,570,21644,0,70,416,590,13582,110,877,230,413,340,1734,50,14,0,0,60,630,40,288,20,17,1270,25410,1270,24316,520,1094,330,10037,29250,70,2312,270,1713,60,75,290,1025,60,32,330,2395,330,2398,270,3983,0,0,50,27,0,0,220,1130,0,0,430,1238,1590,102487,1580,13872,0,0,20,60,690,1367,290,70,60,31,80,116,0,0,380,908,50,195,220,1050,20,180,30,244,1570,15577,0,0,0,0,0,0,0,0,0,0,0,0,30,49,50,53,0,0,1540,12504,1560,13612,0,0,0,0,560,1583,1030,3521,920,3015,140,506
96825,"$100,000 under $200,000",4090,950,2840,220,3580,300,2480,1620,80,9410,0,0,0,0,130,2000,583987,4090,590103,2910,341788,2850,3494,470,0,2260,14023,2120,10019,380,602,840,22853,1890,15464,1210,37991,1680,90272,0,190,1288,1520,48147,340,5451,660,5179,1010,6116,190,56,110,1681,190,1597,100,581,60,47,2920,70322,2920,67165,1330,3157,1160,37130,171345,160,3958,1040,10435,120,171,1080,3935,220,198,1160,10519,1160,10454,1030,17204,60,820,200,130,50,169,900,4485,40,372,1340,5560,4090,470965,4080,72171,0,0,40,199,2170,5873,860,271,260,142,230,306,0,0,1420,3646,170,1216,630,3871,30,181,50,377,4050,74439,0,0,0,0,0,0,0,0,0,0,0,0,50,125,180,164,0,0,4040,66298,4060,70322,60,10,20,4,1690,7965,2380,11946,1970,8842,540,3104
96825,"$200,000 or more",2540,280,2170,60,2310,160,1700,720,60,6820,0,0,0,0,30,1120,1068877,2540,1082239,2080,529362,2050,6636,490,0,1720,36404,1650,28255,110,315,710,53991,1630,184605,680,42570,860,58376,0,70,479,740,27896,610,117437,490,6470,800,13362,70,20,150,5795,240,3069,50,416,0,0,1280,32764,1280,31434,550,1330,1260,55459,596620,70,3525,1210,45903,40,139,1190,6519,210,191,1260,12325,1260,12382,1140,23297,0,0,270,201,110,2225,1070,12339,50,822,1270,22690,2540,958005,2540,212662,40,886,0,0,1670,6830,840,950,250,144,0,0,0,0,910,2506,200,2029,610,6810,0,0,0,0,2520,222687,0,0,0,0,0,0,0,0,0,0,0,0,0,0,0,0,0,0,2540,205832,2540,221555,1160,1776,1420,6718,1210,28665,1330,29239,870,12728,580,16511
,,,,,,,,,,,,,,,,,,,,,,,,,,,,,,,,,,,,,,,,,,,,,,,,,,,,,,,,,,,,,,,,,,,,,,,,,,,,,,,,,,,,,,,,,,,,,,,,,,,,,,,,,,,,,,,,,,,,,,,,,,,,,,,,,,,,,,,,,,,,,,,,,,,,,,,,,,,,,,,,,,
96826,,14640,9550,3400,1290,13140,770,7380,8130,180,21830,360,280,80,50,1690,4630,924356,14640,932073,11340,614510,4950,4630,570,0,3280,16716,3040,12098,400,481,2380,35882,2850,33429,1610,30827,2720,79806,0,720,4016,2360,41573,410,13117,880,4807,2680,7717,250,71,70,1219,270,1641,280,1346,290,251,13640,229738,13640,223261,3340,6477,990,33556,127554,230,7712,830,8199,150,158,800,1835,190,108,990,6930,990,6902,700,8956,0,0,80,37,30,75,650,3884,50,1665,2010,5841,11690,670780,11650,103841,0,0,200,219,4210,5538,1050,413,250,125,650,617,910,193,2140,3793,30,74,1850,5416,370,2503,410,2692,13520,121641,1950,3894,830,288,650,1593,300,1239,180,772,1540,3245,1010,1826,450,393,120,113,10680,97976,11480,106424,170,169,260,968,3770,13143,10110,25756,9680,21922,570,3659
96826,"$1 under $25,000",4430,3430,520,390,3940,270,2210,2470,40,5480,240,190,50,50,560,1480,51883,4430,53008,2780,35734,930,316,60,0,460,654,410,456,0,0,920,7148,410,192,320,2138,590,5051,0,170,825,270,645,40,-73,130,185,910,1125,0,0,0,0,60,241,40,169,60,60,4370,65308,4370,63045,1190,2263,60,1641,679,40,1070,0,0,30,23,30,70,0,0,60,128,60,125,20,369,0,0,0,0,0,0,20,24,0,0,210,141,1540,8499,1530,840,0,0,40,7,550,178,40,1,0,0,150,68,230,48,150,55,0,0,790,1153,150,1088,160,1062,3500,6365,1380,2463,830,288,340,1077,140,729,70,368,1040,2002,460,726,180,154,60,57,1200,661,1870,1834,0,0,0,0,640,646,3080,5168,3050,4902,40,91
96826,"$25,000 under $50,000",3790,2670,540,450,3470,160,1800,2480,30,5500,90,60,30,0,650,870,141140,3790,142287,3280,116971,850,477,70,0,530,1313,490,869,50,30,470,5602,460,370,250,3001,480,8078,0,230,1257,530,4370,60,-50,120,366,500,1147,60,14,30,248,40,192,60,257,70,70,3720,58978,3720,57829,610,1149,70,2601,2745,40,1681,60,170,30,21,40,98,0,0,70,237,70,239,30,477,0,0,0,0,0,0,30,144,0,0,390,650,3740,79717,3720,8673,0,0,70,29,1300,1171,140,15,40,20,220,201,520,115,660,791,0,0,330,949,140,957,140,960,3680,13401,550,1418,0,0,310,516,160,510,110,404,500,1243,450,929,110,89,60,56,3190,7502,3290,8499,0,0,0,0,840,1076,2930,5962,2890,5826,60,136
96826,"$50,000 under $75,000",2610,1750,540,220,2340,130,1260,1540,60,3830,30,30,0,0,270,770,159858,2610,160934,2210,125215,980,715,90,0,650,1959,610,1203,80,95,330,3902,540,1062,300,3926,520,13457,0,130,834,490,8420,50,504,140,667,470,1076,80,21,0,0,40,167,70,294,80,74,2450,40936,2450,39918,540,1018,160,4152,10228,50,1587,130,606,50,53,130,254,50,23,160,836,160,822,110,1296,0,0,30,21,0,0,100,339,0,0,410,801,2600,114450,2600,14084,0,0,60,71,820,1168,220,41,40,24,140,158,160,30,440,873,30,74,250,724,60,350,70,424,2570,16162,20,13,0,0,0,0,0,0,0,0,0,0,100,171,60,57,0,0,2500,12916,2530,13688,0,0,0,0,750,1302,1850,3757,1780,3501,100,256
96826,"$75,000 under $100,000",1550,900,490,120,1360,90,780,790,0,2490,0,0,0,0,130,560,134153,1550,135022,1290,101216,730,451,80,0,500,1744,450,1274,120,156,220,2753,420,1326,220,3440,400,13420,0,90,538,380,8356,40,204,130,353,270,869,40,11,0,0,30,175,40,211,30,15,1330,24865,1330,24121,380,744,220,5259,19191,40,1261,200,1352,0,0,180,316,50,27,220,1502,220,1497,170,1770,0,0,0,0,0,0,130,548,0,0,270,641,1550,103676,1540,14678,0,0,30,112,500,852,170,23,50,22,60,70,0,0,300,680,0,0,150,527,20,108,40,246,1540,15853,0,0,0,0,0,0,0,0,0,0,0,0,0,0,40,35,0,0,1540,13825,1540,14399,0,0,0,0,550,1353,1000,2788,930,2461,90,327
96826,"$100,000 under $200,000",1810,650,1030,110,1620,100,1020,730,50,3580,0,0,0,0,80,720,241821,1810,243848,1440,164280,1110,1252,180,0,850,5265,810,3996,130,162,330,7460,730,5664,390,10557,580,27277,0,100,562,530,14835,130,3597,260,1474,410,2027,70,25,40,971,60,410,70,415,50,32,1460,32540,1460,31525,480,1016,340,9323,46717,60,2113,310,2979,40,61,300,620,70,46,340,2894,340,2894,270,3213,0,0,50,16,30,75,260,1599,50,1665,520,1981,1810,197953,1810,30884,0,0,0,0,800,1595,350,138,90,45,80,120,0,0,470,1121,0,0,240,1224,0,0,0,0,1790,31492,0,0,0,0,0,0,0,0,0,0,0,0,0,0,60,58,0,0,1800,29289,1800,30618,0,0,0,0,760,3469,1030,4292,880,3299,190,993
96826,"$200,000 or more",450,150,280,0,410,20,310,120,0,950,0,0,0,0,0,230,195501,450,196974,340,71094,350,1419,90,0,290,5781,270,4300,20,38,110,9017,290,24815,130,7765,150,12523,0,0,0,160,4947,90,8935,100,1762,120,1473,0,0,0,0,40,456,0,0,0,0,310,7111,310,6823,140,287,140,10580,47994,0,0,130,3092,0,0,120,477,20,12,140,1333,140,1325,100,1831,0,0,0,0,0,0,110,1230,0,0,210,1627,450,166485,450,34682,0,0,0,0,240,574,130,195,30,14,0,0,0,0,120,273,0,0,90,839,0,0,0,0,440,38368,0,0,0,0,0,0,0,0,0,0,0,0,0,0,0,0,0,0,450,33783,450,37386,170,169,260,968,230,5297,220,3789,150,1933,90,1856
,,,,,,,,,,,,,,,,,,,,,,,,,,,,,,,,,,,,,,,,,,,,,,,,,,,,,,,,,,,,,,,,,,,,,,,,,,,,,,,,,,,,,,,,,,,,,,,,,,,,,,,,,,,,,,,,,,,,,,,,,,,,,,,,,,,,,,,,,,,,,,,,,,,,,,,,,,,,,,,,,,
99999,,36260,19680,11450,4250,32460,1980,18170,19840,410,63610,730,210,520,50,3920,12320,2632564,36260,2659524,27450,1590372,11750,12458,890,0,6270,40411,5710,28644,800,1039,6780,116952,5680,117578,3270,62874,7730,213412,770,1570,8275,6420,112503,1660,113915,2620,16867,7310,26960,500,153,130,2613,960,5821,570,2354,350,208,33230,598790,33230,581507,8280,16764,2760,94421,549124,410,6093,2260,39125,170,189,2200,8302,350,175,2740,20736,2750,20833,2070,30646,0,0,170,34,80,985,1810,16190,90,747,5250,37365,29400,1930614,29210,310772,20,181,240,309,12370,22637,1580,351,320,148,830,822,3230,616,7410,16135,420,1627,5220,19072,600,4018,640,4282,33160,350728,4870,11010,1490,526,1540,3558,920,3326,680,2820,3950,9016,3280,6418,500,385,200,182,26190,286426,28420,316299,500,581,850,3951,9500,44245,24540,81463,23460,62317,1140,15545
99999,"$1 under $25,000",10110,7340,1510,1060,8940,570,4530,5440,90,13710,480,130,350,50,1120,3720,121645,10110,124239,5790,77137,2310,842,70,0,1060,1907,920,1125,20,7,2220,16712,930,149,650,3781,1880,16401,220,290,1805,700,1452,150,396,370,772,2130,2594,0,0,0,0,180,460,70,154,20,11,9920,153858,9920,147943,2980,5828,110,2000,1347,70,577,0,0,30,15,40,65,0,0,90,199,90,204,40,370,0,0,0,0,0,0,30,17,0,0,480,330,3440,19930,3380,1969,0,0,30,2,1320,338,0,0,0,0,80,22,770,147,330,107,0,0,1900,2872,200,1369,210,1385,7800,15761,2990,6495,1490,526,760,2365,340,1710,230,1332,2350,5233,1240,2001,70,49,80,42,2730,1612,4390,4597,0,0,0,0,1340,1329,6950,12544,6850,12269,80,67
99999,"$25,000 under $50,000",9620,6260,1530,1540,8740,450,4020,6630,90,15450,140,60,80,0,1530,2210,351291,9620,354773,8140,285758,1920,811,100,0,960,2464,850,1428,80,59,1280,16029,870,1193,490,4847,1280,22688,140,480,2859,1430,11000,180,2005,360,1029,1450,3482,70,18,0,0,160,563,170,530,110,78,9380,153418,9380,150493,1450,2899,200,4670,7861,70,687,140,437,20,16,120,249,0,0,190,666,200,667,110,1218,0,0,0,0,0,0,110,456,0,0,1060,1973,9470,190618,9390,20612,0,0,70,43,4190,3903,220,10,60,28,250,220,2140,412,2180,3008,70,46,980,3001,230,1686,230,1604,9230,35587,1800,4470,0,0,780,1193,580,1616,400,1463,1540,3757,1520,3409,140,103,90,107,7690,16687,8070,19858,0,0,0,0,1820,2801,7670,18487,7560,18131,110,174
99999,"$50,000 under $75,000",6020,3230,1650,950,5410,320,2990,3560,60,10690,70,20,50,0,720,1900,370040,6020,373088,5080,287178,1870,777,120,0,900,3151,800,2040,140,183,880,11610,780,1588,480,6302,1270,30092,90,310,1535,1270,20866,160,1527,370,687,1070,3048,160,47,0,0,100,492,130,516,100,64,5630,101773,5630,99274,1250,2461,340,8642,21555,70,991,250,1095,30,43,270,636,60,32,340,1876,340,1879,260,3131,0,0,0,0,0,0,170,588,0,0,810,2328,6000,255612,5980,30778,0,0,60,61,2210,4553,240,16,40,16,130,145,320,57,1650,3898,70,122,610,2174,100,669,110,766,5870,36040,80,45,0,0,0,0,0,0,50,25,60,26,420,855,70,53,30,33,5500,26153,5620,28600,0,0,0,0,1710,3494,4240,10900,4130,10476,120,299
99999,"$75,000 under $100,000",3680,1410,1780,400,3250,220,2130,1800,40,7600,40,0,40,0,300,1440,319387,3680,322089,2990,225703,1550,835,110,0,780,3038,710,2034,160,234,710,10810,690,2455,440,7250,1030,32731,90,180,693,1000,21709,170,3519,350,1108,750,2702,70,21,0,0,80,414,40,183,40,12,3210,67321,3210,65383,900,1838,430,10882,37990,60,845,360,2184,30,26,340,780,50,14,430,2894,430,2843,320,4067,0,0,30,5,0,0,270,1093,0,0,750,2879,3670,236463,3660,31353,0,0,30,47,1440,3770,210,15,30,15,100,109,0,0,1110,3110,60,169,490,2081,40,172,40,192,3580,32993,0,0,0,0,0,0,0,0,0,0,0,0,80,113,50,39,0,0,3530,27496,3570,30055,0,0,0,0,1380,4255,2230,7113,2090,6444,130,385
99999,"$100,000 under $200,000",5210,1130,3730,260,4650,310,3250,2060,80,12390,0,0,0,0,250,2170,703042,5210,710417,4240,469061,2860,2476,270,0,1660,9820,1560,7140,350,503,1210,31160,1460,13897,850,24205,1760,78468,150,310,1383,1480,40804,470,14669,730,4842,1350,7375,200,67,70,775,240,1695,130,729,80,43,4140,98970,4140,96038,1320,2899,1050,33997,149308,120,2263,940,9203,60,89,880,2587,190,104,1050,9030,1050,9007,870,13298,0,0,70,10,0,0,740,5222,50,365,1360,8856,5200,559519,5190,83306,0,0,50,156,2400,6999,500,61,170,82,270,326,0,0,1790,5128,150,675,860,5102,30,122,50,335,5110,82467,0,0,0,0,0,0,0,0,0,0,0,0,20,40,170,141,0,0,5140,76179,5160,82140,30,2,0,0,2450,12641,2710,12520,2420,10012,330,1930
99999,"$200,000 or more",1620,310,1250,40,1470,110,1250,350,50,3770,0,0,0,0,0,880,767159,1620,774918,1210,245535,1240,6717,220,0,910,20031,870,14877,50,53,480,30631,950,98296,360,16489,510,33032,80,0,0,540,16672,530,91799,440,8429,560,7759,0,0,60,1838,200,2197,30,242,0,0,950,23450,950,22376,380,839,630,34230,331063,20,730,570,26206,0,0,550,3985,50,25,640,6071,640,6233,470,8562,0,0,70,19,80,985,490,8814,40,382,790,20999,1620,668472,1610,142754,20,181,0,0,810,3074,410,249,20,7,0,0,0,0,350,884,70,615,380,3842,0,0,0,0,1570,147880,0,0,0,0,0,0,0,0,0,0,0,0,0,0,0,0,0,0,1600,138299,1610,151049,470,579,850,3951,800,19725,740,19899,410,4985,370,12690
"** - Not shown to avoid disclosure of information 
about specific taxpayers.  However, the data are 
combined with data in an adjacent size class, 
as appropriate, and included in the appropriate totals.",,,,,,,,,,,,,,,,,,,,,,,,,,,,,,,,,,,,,,,,,,,,,,,,,,,,,,,,,,,,,,,,,,,,,,,,,,,,,,,,,,,,,,,,,,,,,,,,,,,,,,,,,,,,,,,,,,,,,,,,,,,,,,,,,,,,,,,,,,,,,,,,,,,,,,,,,,,,,,,,,,
"[1] The ZIP Code is based on the 5-digit ZIP code on the individual 
income tax return.  ZIP Codes with less than 100 returns, 
identified as a single building ZIP code, or identified as a 
nonresidential ZIP code have been categorized as other (99999).",,,,,,,,,,,,,,,,,,,,,,,,,,,,,,,,,,,,,,,,,,,,,,,,,,,,,,,,,,,,,,,,,,,,,,,,,,,,,,,,,,,,,,,,,,,,,,,,,,,,,,,,,,,,,,,,,,,,,,,,,,,,,,,,,,,,,,,,,,,,,,,,,,,,,,,,,,,,,,,,,,
"[2] ""Number,"" here, and elsewhere, represents number of returns,
unless otherwise specified. The number of returns have been
rounded to the nearest ten.",,,,,,,,,,,,,,,,,,,,,,,,,,,,,,,,,,,,,,,,,,,,,,,,,,,,,,,,,,,,,,,,,,,,,,,,,,,,,,,,,,,,,,,,,,,,,,,,,,,,,,,,,,,,,,,,,,,,,,,,,,,,,,,,,,,,,,,,,,,,,,,,,,,,,,,,,,,,,,,,,,
"[3] Beginning in 2018, personal exemption deductions were 
suspended for the primary, secondary, and dependent 
taxpayers. However, the data used to create the 
“Number of individuals”—filing status, dependent 
status indicator, and identifying dependent information—
are still available on the Form 1040. This field is based on these data.",,,,,,,,,,,,,,,,,,,,,,,,,,,,,,,,,,,,,,,,,,,,,,,,,,,,,,,,,,,,,,,,,,,,,,,,,,,,,,,,,,,,,,,,,,,,,,,,,,,,,,,,,,,,,,,,,,,,,,,,,,,,,,,,,,,,,,,,,,,,,,,,,,,,,,,,,,,,,,,,,,
"[4] The ""Number of volunteer prepared returns"" shows counts of 
returns prepared by IRS-certified volunteers to taxpayers with 
limited income, persons with disabilities, limited English speaking 
taxpayers, current and former members of the military, and 
taxpayers who are 60 years of age and older.",,,,,,,,,,,,,,,,,,,,,,,,,,,,,,,,,,,,,,,,,,,,,,,,,,,,,,,,,,,,,,,,,,,,,,,,,,,,,,,,,,,,,,,,,,,,,,,,,,,,,,,,,,,,,,,,,,,,,,,,,,,,,,,,,,,,,,,,,,,,,,,,,,,,,,,,,,,,,,,,,,
"[5] These data do not distinguish between refund anticipation 
loans and refund advances.",,,,,,,,,,,,,,,,,,,,,,,,,,,,,,,,,,,,,,,,,,,,,,,,,,,,,,,,,,,,,,,,,,,,,,,,,,,,,,,,,,,,,,,,,,,,,,,,,,,,,,,,,,,,,,,,,,,,,,,,,,,,,,,,,,,,,,,,,,,,,,,,,,,,,,,,,,,,,,,,,,
[6] Includes primary taxpayers 60 years of age or older.,,,,,,,,,,,,,,,,,,,,,,,,,,,,,,,,,,,,,,,,,,,,,,,,,,,,,,,,,,,,,,,,,,,,,,,,,,,,,,,,,,,,,,,,,,,,,,,,,,,,,,,,,,,,,,,,,,,,,,,,,,,,,,,,,,,,,,,,,,,,,,,,,,,,,,,,,,,,,,,,,,
[7] Less deficit.,,,,,,,,,,,,,,,,,,,,,,,,,,,,,,,,,,,,,,,,,,,,,,,,,,,,,,,,,,,,,,,,,,,,,,,,,,,,,,,,,,,,,,,,,,,,,,,,,,,,,,,,,,,,,,,,,,,,,,,,,,,,,,,,,,,,,,,,,,,,,,,,,,,,,,,,,,,,,,,,,,
[8] Not included in total income.,,,,,,,,,,,,,,,,,,,,,,,,,,,,,,,,,,,,,,,,,,,,,,,,,,,,,,,,,,,,,,,,,,,,,,,,,,,,,,,,,,,,,,,,,,,,,,,,,,,,,,,,,,,,,,,,,,,,,,,,,,,,,,,,,,,,,,,,,,,,,,,,,,,,,,,,,,,,,,,,,,
"[9] ""Qualified dividends"" are ordinary dividends received 
in tax years beginning after 2002 that meet certain 
conditions and receive preferential tax rates. 
The maximum qualified dividends tax rate is 20%.",,,,,,,,,,,,,,,,,,,,,,,,,,,,,,,,,,,,,,,,,,,,,,,,,,,,,,,,,,,,,,,,,,,,,,,,,,,,,,,,,,,,,,,,,,,,,,,,,,,,,,,,,,,,,,,,,,,,,,,,,,,,,,,,,,,,,,,,,,,,,,,,,,,,,,,,,,,,,,,,,,
"[10] ""Total tax credits"" represent the summation of taxpayer reported
credit items made up in the calculation of the total credits line of Form
1040. It does not include the ""earned income credit"" and ""refundable
education credit,"" which are shown separately below in the table. ",,,,,,,,,,,,,,,,,,,,,,,,,,,,,,,,,,,,,,,,,,,,,,,,,,,,,,,,,,,,,,,,,,,,,,,,,,,,,,,,,,,,,,,,,,,,,,,,,,,,,,,,,,,,,,,,,,,,,,,,,,,,,,,,,,,,,,,,,,,,,,,,,,,,,,,,,,,,,,,,,,
"[11] ""Earned income credit"" includes both the refundable 
and non-refundable portions.  The non-refundable portion 
could reduce income tax and certain related taxes to zero. 
The earned income credit amounts in excess of total tax 
liability, or amounts when there was no tax liability at all, 
were refundable.  See the footnote below for an explanation 
of the refundable portion of the earned income credit.",,,,,,,,,,,,,,,,,,,,,,,,,,,,,,,,,,,,,,,,,,,,,,,,,,,,,,,,,,,,,,,,,,,,,,,,,,,,,,,,,,,,,,,,,,,,,,,,,,,,,,,,,,,,,,,,,,,,,,,,,,,,,,,,,,,,,,,,,,,,,,,,,,,,,,,,,,,,,,,,,,
"[12] The refundable portion of the ""earned income credit"" 
equals ""total income tax"" minus the ""earned income credit.""  
If the result is negative, this amount is considered the 
refundable portion.  No other refundable credits were 
taken into account for this calculation.",,,,,,,,,,,,,,,,,,,,,,,,,,,,,,,,,,,,,,,,,,,,,,,,,,,,,,,,,,,,,,,,,,,,,,,,,,,,,,,,,,,,,,,,,,,,,,,,,,,,,,,,,,,,,,,,,,,,,,,,,,,,,,,,,,,,,,,,,,,,,,,,,,,,,,,,,,,,,,,,,,
"[13] The ""refundable education credit"" can partially or totally offset tax
liability as well as be totally refundable.",,,,,,,,,,,,,,,,,,,,,,,,,,,,,,,,,,,,,,,,,,,,,,,,,,,,,,,,,,,,,,,,,,,,,,,,,,,,,,,,,,,,,,,,,,,,,,,,,,,,,,,,,,,,,,,,,,,,,,,,,,,,,,,,,,,,,,,,,,,,,,,,,,,,,,,,,,,,,,,,,,
"[14] ""Total tax liability"" differs from ""Income tax,"" in that
""Total tax liability"" includes the taxes from recapture of 
certain prior-year credits, tax applicable to individual 
retirement arrangements (IRA's), social security taxes 
on self-employment income and on certain tip income, 
advanced earned income payments, household
employment taxes, and certain ""other taxes"" listed 
in the Form 1040 instructions.",,,,,,,,,,,,,,,,,,,,,,,,,,,,,,,,,,,,,,,,,,,,,,,,,,,,,,,,,,,,,,,,,,,,,,,,,,,,,,,,,,,,,,,,,,,,,,,,,,,,,,,,,,,,,,,,,,,,,,,,,,,,,,,,,,,,,,,,,,,,,,,,,,,,,,,,,,,,,,,,,,
"[15] Reflects payments to or withholdings made to 
""Total tax liability"".  This is the amount the tax filer 
owes when the income tax return is filed.",,,,,,,,,,,,,,,,,,,,,,,,,,,,,,,,,,,,,,,,,,,,,,,,,,,,,,,,,,,,,,,,,,,,,,,,,,,,,,,,,,,,,,,,,,,,,,,,,,,,,,,,,,,,,,,,,,,,,,,,,,,,,,,,,,,,,,,,,,,,,,,,,,,,,,,,,,,,,,,,,,
"[16]  The amount of overpayments the tax filer requested to 
have refunded. ",,,,,,,,,,,,,,,,,,,,,,,,,,,,,,,,,,,,,,,,,,,,,,,,,,,,,,,,,,,,,,,,,,,,,,,,,,,,,,,,,,,,,,,,,,,,,,,,,,,,,,,,,,,,,,,,,,,,,,,,,,,,,,,,,,,,,,,,,,,,,,,,,,,,,,,,,,,,,,,,,,
"NOTE: This table presents aggregates of all returns filed and
processed through the Individual Master File (IMF) system 
during Calendar Year 2023, including any returns filed for 
tax years preceding 2022.",,,,,,,,,,,,,,,,,,,,,,,,,,,,,,,,,,,,,,,,,,,,,,,,,,,,,,,,,,,,,,,,,,,,,,,,,,,,,,,,,,,,,,,,,,,,,,,,,,,,,,,,,,,,,,,,,,,,,,,,,,,,,,,,,,,,,,,,,,,,,,,,,,,,,,,,,,,,,,,,,,
"This table is based on tax returns as initially processed by IRS
and does not reflect amended returns or errors that were
corrected after initial processing. In general, during administrative 
or Master File processing, taxpayer reporting discrepancies are 
corrected only to the extent necessary. These statistics should,  
therefore, be used with the knowledge that some of the 
data have not been perfected or edited for statistical purposes 
and that State totals in this table may not be altogether 
comparable to other State totals published by the IRS, 
Statistics of Income Division. ",,,,,,,,,,,,,,,,,,,,,,,,,,,,,,,,,,,,,,,,,,,,,,,,,,,,,,,,,,,,,,,,,,,,,,,,,,,,,,,,,,,,,,,,,,,,,,,,,,,,,,,,,,,,,,,,,,,,,,,,,,,,,,,,,,,,,,,,,,,,,,,,,,,,,,,,,,,,,,,,,,
"For explanation of the tax law changes which could affect the
year-to-year analysis of data, refer to the respective years'
""Individual Income Tax Returns,"" Publication1304, Introducation
and Changes in Law section.  For further explanation of the
tax terms, refer to the respective years' ""Individual Income Tax
Returns,"" Publication 1304, Explanation of Terms section.",,,,,,,,,,,,,,,,,,,,,,,,,,,,,,,,,,,,,,,,,,,,,,,,,,,,,,,,,,,,,,,,,,,,,,,,,,,,,,,,,,,,,,,,,,,,,,,,,,,,,,,,,,,,,,,,,,,,,,,,,,,,,,,,,,,,,,,,,,,,,,,,,,,,,,,,,,,,,,,,,,
Detail may not add to totals because of rounding.,,,,,,,,,,,,,,,,,,,,,,,,,,,,,,,,,,,,,,,,,,,,,,,,,,,,,,,,,,,,,,,,,,,,,,,,,,,,,,,,,,,,,,,,,,,,,,,,,,,,,,,,,,,,,,,,,,,,,,,,,,,,,,,,,,,,,,,,,,,,,,,,,,,,,,,,,,,,,,,,,,
"SOURCE: IRS, Statistics of Income Division, 
Individual Master File System, February 2025.",,,,,,,,,,,,,,,,,,,,,,,,,,,,,,,,,,,,,,,,,,,,,,,,,,,,,,,,,,,,,,,,,,,,,,,,,,,,,,,,,,,,,,,,,,,,,,,,,,,,,,,,,,,,,,,,,,,,,,,,,,,,,,,,,,,,,,,,,,,,,,,,,,,,,,,,,,,,,,,,,,
