mfs_score,income1,income2,income_ratio,age1,age2,avg_age,total_income,is_householder_spouse,serialno,weight
1,19100.0,66000.0,3.4554973821989527,65,67,66.0,85100.0,True,2018HU0000138,15
2,7700.0,47800.0,6.207792207792208,65,61,63.0,55500.0,True,2018HU0001043,40
3,155000.0,123000.0,1.2601626016260163,61,61,61.0,278000.0,True,2018HU0003023,14
0,50000.0,60000.0,1.2,57,52,54.5,110000.0,True,2018HU0004933,13
0,58000.0,0.0,0.0,38,38,38.0,58000.0,True,2018HU0005423,17
0,35000.0,100000.0,2.857142857142857,73,73,73.0,135000.0,True,2018HU0005596,15
4,330300.0,0.0,0.0,57,56,56.5,330300.0,True,2018HU0005934,13
7,100.0,150000.0,1500.0,52,52,52.0,150100.0,True,2018HU0006257,21
2,114000.0,106000.0,1.0754716981132075,40,41,40.5,220000.0,True,2018HU0006714,28
3,0.0,150000.0,0.0,65,66,65.5,150000.0,True,2018HU0006715,15
3,0.0,154000.0,0.0,56,68,62.0,154000.0,True,2018HU0006836,21
0,50000.0,100000.0,2.0,63,66,64.5,150000.0,True,2018HU0006916,14
1,35000.0,61000.0,1.7428571428571429,48,47,47.5,96000.0,False,2018HU0007089,11
0,0.0,43000.0,0.0,56,59,57.5,43000.0,True,2018HU0007745,6
4,8000.0,90000.0,11.25,27,28,27.5,98000.0,True,2018HU0009146,47
1,59000.0,96000.0,1.6271186440677967,58,47,52.5,155000.0,True,2018HU0009483,15
2,81000.0,209000.0,2.580246913580247,81,73,77.0,290000.0,True,2018HU0009756,22
4,25000.0,266700.0,10.668,66,73,69.5,291700.0,True,2018HU0011034,11
1,75000.0,75000.0,1.0,51,47,49.0,150000.0,True,2018HU0011103,5
3,150300.0,10000.0,15.03,50,46,48.0,160300.0,True,2018HU0011209,32
6,5600.0,112000.0,20.0,63,57,60.0,117600.0,True,2018HU0011268,4
3,3100.0,19400.0,6.258064516129032,62,85,73.5,22500.0,True,2018HU0011792,15
1,120000.0,65000.0,1.8461538461538463,47,49,48.0,185000.0,True,2018HU0011846,67
2,33600.0,35000.0,1.0416666666666667,75,66,70.5,68600.0,False,2018HU0011937,19
1,63500.0,73000.0,1.1496062992125984,49,47,48.0,136500.0,True,2018HU0012013,13
1,24000.0,24000.0,1.0,79,84,81.5,48000.0,True,2018HU0012052,102
0,40000.0,75000.0,1.875,61,60,60.5,115000.0,True,2018HU0013282,7
0,25000.0,24000.0,1.0416666666666667,33,33,33.0,49000.0,True,2018HU0013438,5
0,39400.0,75000.0,1.9035532994923858,40,37,38.5,114400.0,True,2018HU0013931,17
3,25000.0,200000.0,8.0,61,62,61.5,225000.0,True,2018HU0014573,14
0,0.0,72000.0,0.0,41,50,45.5,72000.0,True,2018HU0014634,8
1,70000.0,100000.0,1.4285714285714286,40,41,40.5,170000.0,True,2018HU0014644,15
0,60000.0,50000.0,1.2,34,34,34.0,110000.0,True,2018HU0014717,29
2,91000.0,26000.0,3.5,43,54,48.5,117000.0,True,2018HU0014796,8
1,78000.0,18200.0,4.285714285714286,62,63,62.5,96200.0,True,2018HU0015132,54
2,95400.0,89000.0,1.0719101123595505,63,59,61.0,184400.0,True,2018HU0016135,9
1,25000.0,13200.0,1.893939393939394,33,35,34.0,38200.0,True,2018HU0016374,12
2,180700.0,49000.0,3.6877551020408164,66,63,64.5,229700.0,True,2018HU0016710,19
0,4560.0,10800.0,2.3684210526315788,55,55,55.0,15360.0,True,2018HU0017996,22
3,10600.0,38000.0,3.5849056603773586,51,47,49.0,48600.0,False,2018HU0018690,10
1,70000.0,84500.0,1.207142857142857,62,64,63.0,154500.0,True,2018HU0018931,5
0,90000.0,0.0,0.0,36,42,39.0,90000.0,True,2018HU0018977,22
2,62000.0,7000.0,8.857142857142858,54,57,55.5,69000.0,True,2018HU0019290,18
0,30000.0,60000.0,2.0,45,46,45.5,90000.0,True,2018HU0019747,17
1,40000.0,50000.0,1.25,44,38,41.0,90000.0,True,2018HU0020448,9
0,24000.0,24000.0,1.0,29,32,30.5,48000.0,True,2018HU0020942,60
0,32000.0,77000.0,2.40625,61,57,59.0,109000.0,True,2018HU0022205,15
0,25800.0,17400.0,1.4827586206896552,64,63,63.5,43200.0,True,2018HU0022396,9
0,24000.0,19500.0,1.2307692307692308,71,57,64.0,43500.0,True,2018HU0022732,17
1,46100.0,64000.0,1.3882863340563991,51,45,48.0,110100.0,False,2018HU0022896,15
0,1300.0,2000.0,1.5384615384615385,65,77,71.0,3300.0,True,2018HU0023552,17
0,33600.0,32400.0,1.037037037037037,83,74,78.5,66000.0,True,2018HU0024035,12
0,40000.0,0.0,0.0,34,42,38.0,40000.0,True,2018HU0024295,66
1,27800.0,15900.0,1.748427672955975,65,42,53.5,43700.0,True,2018HU0024506,25
1,13200.0,48000.0,3.6363636363636362,70,72,71.0,61200.0,True,2018HU0025293,4
0,45000.0,60000.0,1.3333333333333333,49,40,44.5,105000.0,True,2018HU0025447,10
1,61250.0,55250.0,1.1085972850678734,41,41,41.0,116500.0,True,2018HU0025836,18
1,55000.0,60000.0,1.0909090909090908,36,40,38.0,115000.0,True,2018HU0025851,24
0,40000.0,40000.0,1.0,32,31,31.5,80000.0,True,2018HU0027382,16
1,55000.0,70000.0,1.2727272727272727,46,45,45.5,125000.0,True,2018HU0027440,3
1,8400.0,34000.0,4.0476190476190474,67,72,69.5,42400.0,True,2018HU0027606,28
2,63500.0,11800.0,5.38135593220339,79,79,79.0,75300.0,True,2018HU0029477,16
0,45000.0,55000.0,1.2222222222222223,38,32,35.0,100000.0,True,2018HU0029934,21
0,37000.0,0.0,0.0,62,60,61.0,37000.0,True,2018HU0030680,19
3,282000.0,29200.0,9.657534246575343,80,80,80.0,311200.0,True,2018HU0030865,10
1,51000.0,54000.0,1.0588235294117647,38,37,37.5,105000.0,True,2018HU0031001,6
4,770.0,30300.0,39.35064935064935,72,62,67.0,31070.0,True,2018HU0031763,6
1,70000.0,95000.0,1.3571428571428572,48,50,49.0,165000.0,True,2018HU0032609,34
0,60000.0,37020.0,1.6207455429497568,53,58,55.5,97020.0,True,2018HU0032914,10
0,58000.0,0.0,0.0,39,39,39.0,58000.0,True,2018HU0034307,26
1,0.0,86000.0,0.0,30,29,29.5,86000.0,True,2018HU0034381,9
3,4800.0,30000.0,6.25,26,26,26.0,34800.0,True,2018HU0034423,10
0,54000.0,50000.0,1.08,54,55,54.5,104000.0,True,2018HU0034603,3
1,80000.0,20000.0,4.0,41,43,42.0,100000.0,True,2018HU0036136,11
2,66000.0,11000.0,6.0,56,66,61.0,77000.0,True,2018HU0036207,42
1,127000.0,30000.0,4.233333333333333,58,55,56.5,157000.0,True,2018HU0037069,5
0,39200.0,43700.0,1.114795918367347,77,74,75.5,82900.0,True,2018HU0037132,12
0,78000.0,50000.0,1.56,58,59,58.5,128000.0,True,2018HU0037655,29
1,29800.0,30000.0,1.0067114093959733,78,54,66.0,59800.0,True,2018HU0038030,24
0,0.0,95000.0,0.0,37,40,38.5,95000.0,True,2018HU0038589,5
0,12000.0,12000.0,1.0,67,54,60.5,24000.0,True,2018HU0038764,11
0,33200.0,0.0,0.0,74,68,71.0,33200.0,True,2018HU0038942,5
0,40000.0,62000.0,1.55,45,45,45.0,102000.0,True,2018HU0040093,15
0,50000.0,27200.0,1.838235294117647,45,44,44.5,77200.0,True,2018HU0040361,15
1,100000.0,100000.0,1.0,40,47,43.5,200000.0,True,2018HU0041415,15
6,140000.0,9000.0,15.555555555555555,65,73,69.0,149000.0,True,2018HU0041416,17
0,73000.0,44300.0,1.6478555304740405,69,65,67.0,117300.0,True,2018HU0041869,24
0,94900.0,42000.0,2.2595238095238095,61,56,58.5,136900.0,True,2018HU0042067,15
0,80000.0,50000.0,1.6,63,61,62.0,130000.0,True,2018HU0042478,12
7,125200.0,2500.0,50.08,67,61,64.0,127700.0,True,2018HU0042946,16
3,100000.0,8400.0,11.904761904761905,70,65,67.5,108400.0,True,2018HU0044267,6
0,105000.0,50000.0,2.1,53,52,52.5,155000.0,True,2018HU0045014,10
1,17900.0,42600.0,2.3798882681564244,68,73,70.5,60500.0,True,2018HU0045581,5
0,20900.0,8300.0,2.5180722891566263,89,89,89.0,29200.0,True,2018HU0046779,14
0,53400.0,46000.0,1.1608695652173913,70,77,73.5,99400.0,True,2018HU0047573,13
0,54000.0,50000.0,1.08,59,52,55.5,104000.0,True,2018HU0047914,17
0,80000.0,0.0,0.0,39,34,36.5,80000.0,True,2018HU0047922,102
0,25600.0,46400.0,1.8125,68,67,67.5,72000.0,True,2018HU0047947,12
0,44000.0,100000.0,2.272727272727273,33,32,32.5,144000.0,True,2018HU0048138,5
2,403000.0,408500.0,1.0136476426799008,56,56,56.0,811500.0,True,2018HU0048985,29
1,72800.0,118000.0,1.620879120879121,77,74,75.5,190800.0,True,2018HU0049547,13
0,23900.0,23900.0,1.0,69,62,65.5,47800.0,True,2018HU0050117,14
0,35500.0,50000.0,1.408450704225352,65,64,64.5,85500.0,True,2018HU0050765,8
1,76590.0,80280.0,1.0481786133960047,75,75,75.0,156870.0,True,2018HU0051035,13
1,105000.0,60000.0,1.75,52,52,52.0,165000.0,True,2018HU0051726,23
0,6600.0,6600.0,1.0,84,87,85.5,13200.0,True,2018HU0053396,90
1,53800.0,20000.0,2.69,60,62,61.0,73800.0,True,2018HU0054403,51
0,57300.0,48000.0,1.19375,64,67,65.5,105300.0,True,2018HU0055247,16
2,16000.0,94000.0,5.875,56,57,56.5,110000.0,True,2018HU0055543,16
1,86000.0,0.0,0.0,57,56,56.5,86000.0,True,2018HU0056366,13
6,271000.0,12000.0,22.583333333333332,44,34,39.0,283000.0,True,2018HU0056481,10
1,30000.0,9500.0,3.1578947368421053,61,61,61.0,39500.0,True,2018HU0056691,11
1,88000.0,0.0,0.0,29,27,28.0,88000.0,True,2018HU0057470,29
0,43000.0,0.0,0.0,46,54,50.0,43000.0,True,2018HU0058021,7
0,20400.0,47500.0,2.3284313725490198,58,62,60.0,67900.0,True,2018HU0058454,9
1,90000.0,24000.0,3.75,64,64,64.0,114000.0,True,2018HU0058640,29
0,34500.0,48600.0,1.4086956521739131,64,61,62.5,83100.0,True,2018HU0058660,94
1,83400.0,35000.0,2.382857142857143,64,62,63.0,118400.0,True,2018HU0059034,15
2,54000.0,101200.0,1.874074074074074,38,37,37.5,155200.0,False,2018HU0059415,15
8,5000.0,403000.0,80.6,45,45,45.0,408000.0,True,2018HU0061047,30
1,60000.0,60000.0,1.0,35,35,35.0,120000.0,True,2018HU0062222,21
2,75000.0,157000.0,2.0933333333333333,39,42,40.5,232000.0,True,2018HU0063212,27
1,51000.0,98000.0,1.9215686274509804,31,31,31.0,149000.0,True,2018HU0063226,14
1,65000.0,50000.0,1.3,27,32,29.5,115000.0,True,2018HU0064879,13
2,127000.0,18000.0,7.055555555555555,36,37,36.5,145000.0,True,2018HU0068341,14
2,143100.0,85010.0,1.683331372779673,62,62,62.0,228110.0,True,2018HU0068349,16
5,6100.0,39000.0,6.39344262295082,25,54,39.5,45100.0,False,2018HU0068632,6
0,30400.0,12000.0,2.533333333333333,68,65,66.5,42400.0,True,2018HU0068660,18
1,80000.0,107000.0,1.3375,57,62,59.5,187000.0,True,2018HU0068814,4
4,58800.0,354000.0,6.020408163265306,57,63,60.0,412800.0,True,2018HU0069667,15
1,65000.0,57000.0,1.1403508771929824,33,38,35.5,122000.0,True,2018HU0070434,94
0,30000.0,38500.0,1.2833333333333334,61,66,63.5,68500.0,True,2018HU0070994,5
2,167000.0,111000.0,1.5045045045045045,45,31,38.0,278000.0,True,2018HU0072752,17
1,33000.0,35000.0,1.0606060606060606,62,63,62.5,68000.0,True,2018HU0072852,8
2,7100.0,60000.0,8.450704225352112,66,67,66.5,67100.0,True,2018HU0073158,8
1,22000.0,40000.0,1.8181818181818181,34,34,34.0,62000.0,True,2018HU0074751,10
0,19000.0,27000.0,1.4210526315789473,64,50,57.0,46000.0,True,2018HU0074780,14
3,20200.0,110000.0,5.445544554455446,45,44,44.5,130200.0,False,2018HU0075078,33
1,75010.0,60000.0,1.2501666666666666,37,36,36.5,135010.0,True,2018HU0075151,40
2,403000.0,200000.0,2.015,60,45,52.5,603000.0,True,2018HU0075715,22
1,88000.0,20000.0,4.4,49,50,49.5,108000.0,True,2018HU0075785,13
1,84200.0,75000.0,1.1226666666666667,40,31,35.5,159200.0,True,2018HU0076238,24
2,125000.0,140000.0,1.12,39,45,42.0,265000.0,True,2018HU0076466,4
1,38900.0,90000.0,2.3136246786632393,37,54,45.5,128900.0,True,2018HU0077040,6
4,711000.0,0.0,0.0,52,49,50.5,711000.0,True,2018HU0077172,8
4,126200.0,80000.0,1.5775,62,32,47.0,206200.0,False,2018HU0077193,12
0,40900.0,70000.0,1.7114914425427872,47,43,45.0,110900.0,True,2018HU0077219,4
1,51700.0,108000.0,2.0889748549323017,49,39,44.0,159700.0,True,2018HU0078937,5
3,49000.0,273000.0,5.571428571428571,66,65,65.5,322000.0,True,2018HU0079139,20
3,27000.0,261000.0,9.666666666666666,45,37,41.0,288000.0,True,2018HU0079356,12
3,110000.0,0.0,0.0,35,33,34.0,110000.0,True,2018HU0079693,16
0,67250.0,24100.0,2.7904564315352696,63,59,61.0,91350.0,True,2018HU0080218,34
4,96320.0,20.0,4816.0,59,58,58.5,96340.0,True,2018HU0080457,13
0,75000.0,36000.0,2.0833333333333335,46,40,43.0,111000.0,True,2018HU0080776,23
3,29600.0,3200.0,9.25,67,66,66.5,32800.0,False,2018HU0080946,17
7,110200.0,9200.0,11.978260869565217,41,44,42.5,119400.0,False,2018HU0081156,95
0,62000.0,22000.0,2.8181818181818183,50,48,49.0,84000.0,True,2018HU0081253,45
1,12000.0,25000.0,2.0833333333333335,71,64,67.5,37000.0,False,2018HU0082938,17
0,40000.0,40000.0,1.0,36,35,35.5,80000.0,True,2018HU0083558,15
1,72400.0,22400.0,3.232142857142857,69,69,69.0,94800.0,True,2018HU0083885,17
0,58000.0,36000.0,1.6111111111111112,76,64,70.0,94000.0,True,2018HU0083959,5
0,65000.0,0.0,0.0,45,46,45.5,65000.0,True,2018HU0085038,18
0,0.0,0.0,0.0,72,71,71.5,0.0,True,2018HU0085570,14
2,98000.0,24000.0,4.083333333333333,56,60,58.0,122000.0,True,2018HU0085703,33
6,100.0,70600.0,706.0,43,77,60.0,70700.0,False,2018HU0085746,13
1,62000.0,90000.0,1.4516129032258065,38,39,38.5,152000.0,True,2018HU0085844,32
0,20000.0,20000.0,1.0,64,63,63.5,40000.0,True,2018HU0085985,15
1,39100.0,0.0,0.0,75,45,60.0,39100.0,True,2018HU0085994,10
0,42000.0,52000.0,1.2380952380952381,52,54,53.0,94000.0,True,2018HU0086996,4
1,80000.0,17000.0,4.705882352941177,57,51,54.0,97000.0,True,2018HU0087240,8
1,12100.0,60000.0,4.958677685950414,37,43,40.0,72100.0,True,2018HU0087330,178
1,60000.0,80000.0,1.3333333333333333,42,39,40.5,140000.0,True,2018HU0088219,6
0,108050.0,50000.0,2.161,45,41,43.0,158050.0,True,2018HU0088391,15
1,105200.0,23300.0,4.515021459227468,92,80,86.0,128500.0,True,2018HU0088546,17
0,100000.0,40000.0,2.5,65,66,65.5,140000.0,True,2018HU0089549,13
3,103000.0,120000.0,1.1650485436893203,28,31,29.5,223000.0,True,2018HU0090808,36
0,44600.0,35000.0,1.2742857142857142,66,62,64.0,79600.0,True,2018HU0091269,16
1,80800.0,24260.0,3.330585325638912,58,61,59.5,105060.0,True,2018HU0091982,15
0,40000.0,85000.0,2.125,39,40,39.5,125000.0,True,2018HU0092258,7
1,71000.0,80000.0,1.1267605633802817,52,52,52.0,151000.0,True,2018HU0093215,8
1,86700.0,88000.0,1.0149942329873125,68,63,65.5,174700.0,True,2018HU0093539,8
5,316000.0,35700.0,8.8515406162465,72,63,67.5,351700.0,False,2018HU0094827,15
0,10800.0,28500.0,2.638888888888889,58,57,57.5,39300.0,True,2018HU0095322,2
0,24000.0,8500.0,2.823529411764706,40,32,36.0,32500.0,True,2018HU0095861,56
4,410300.0,0.0,0.0,58,61,59.5,410300.0,True,2018HU0096572,22
1,20700.0,4300.0,4.813953488372093,75,74,74.5,25000.0,True,2018HU0096665,25
7,154000.0,5100.0,30.19607843137255,44,37,40.5,159100.0,True,2018HU0097107,18
0,65000.0,30000.0,2.1666666666666665,56,57,56.5,95000.0,True,2018HU0098002,6
2,32000.0,40000.0,1.25,57,54,55.5,72000.0,False,2018HU0098272,6
1,0.0,100000.0,0.0,43,35,39.0,100000.0,False,2018HU0098986,10
1,38000.0,45000.0,1.1842105263157894,47,50,48.5,83000.0,True,2018HU0099219,13
0,40000.0,40000.0,1.0,55,56,55.5,80000.0,True,2018HU0099321,14
0,34200.0,0.0,0.0,52,56,54.0,34200.0,True,2018HU0099393,71
1,63000.0,52000.0,1.2115384615384615,33,34,33.5,115000.0,True,2018HU0099971,21
1,42000.0,67200.0,1.6,81,77,79.0,109200.0,True,2018HU0100217,8
1,73000.0,120000.0,1.643835616438356,59,57,58.0,193000.0,True,2018HU0100263,21
0,21600.0,7200.0,3.0,72,72,72.0,28800.0,True,2018HU0100852,4
1,50000.0,11100.0,4.504504504504505,60,65,62.5,61100.0,True,2018HU0101020,12
2,100000.0,61000.0,1.639344262295082,30,29,29.5,161000.0,True,2018HU0101270,20
0,16800.0,7200.0,2.3333333333333335,76,74,75.0,24000.0,True,2018HU0101525,6
1,92000.0,30000.0,3.066666666666667,54,49,51.5,122000.0,True,2018HU0101771,15
1,34000.0,24000.0,1.4166666666666667,25,27,26.0,58000.0,True,2018HU0101988,48
1,33600.0,45600.0,1.3571428571428572,31,31,31.0,79200.0,False,2018HU0103356,15
4,2000.0,56000.0,28.0,46,41,43.5,58000.0,True,2018HU0105049,15
1,46800.0,60000.0,1.2820512820512822,57,61,59.0,106800.0,True,2018HU0105128,21
0,9900.0,26200.0,2.6464646464646466,65,68,66.5,36100.0,True,2018HU0105564,8
0,46000.0,36000.0,1.2777777777777777,72,72,72.0,82000.0,True,2018HU0105654,14
3,0.0,130000.0,0.0,46,38,42.0,130000.0,True,2018HU0105697,16
0,45000.0,30000.0,1.5,61,59,60.0,75000.0,True,2018HU0106046,37
2,134000.0,26000.0,5.153846153846154,50,40,45.0,160000.0,True,2018HU0106471,29
0,60000.0,30000.0,2.0,63,56,59.5,90000.0,True,2018HU0106903,32
0,52000.0,50000.0,1.04,43,57,50.0,102000.0,True,2018HU0107472,44
4,0.0,125000.0,0.0,26,28,27.0,125000.0,True,2018HU0109434,16
1,55000.0,55000.0,1.0,34,35,34.5,110000.0,True,2018HU0109938,20
4,2100.0,65000.0,30.952380952380953,47,52,49.5,67100.0,True,2018HU0110333,44
1,80800.0,62000.0,1.303225806451613,73,67,70.0,142800.0,True,2018HU0110445,13
0,82000.0,0.0,0.0,68,57,62.5,82000.0,True,2018HU0113180,8
2,20000.0,5000.0,4.0,63,27,45.0,25000.0,True,2018HU0113613,94
0,20000.0,38000.0,1.9,28,32,30.0,58000.0,True,2018HU0113698,20
1,60000.0,70000.0,1.1666666666666667,42,44,43.0,130000.0,True,2018HU0113708,22
2,192000.0,100000.0,1.92,63,58,60.5,292000.0,True,2018HU0114691,17
0,0.0,30000.0,0.0,29,35,32.0,30000.0,True,2018HU0115142,16
1,69200.0,42500.0,1.628235294117647,85,68,76.5,111700.0,True,2018HU0115547,16
0,16200.0,47000.0,2.9012345679012346,35,30,32.5,63200.0,True,2018HU0115822,4
1,10500.0,5000.0,2.1,58,58,58.0,15500.0,True,2018HU0116244,17
1,60000.0,54300.0,1.1049723756906078,55,54,54.5,114300.0,True,2018HU0117233,13
4,603000.0,40000.0,15.075,68,61,64.5,643000.0,True,2018HU0117362,13
0,43900.0,35800.0,1.2262569832402235,52,41,46.5,79700.0,True,2018HU0117458,14
0,0.0,23800.0,0.0,55,55,55.0,23800.0,True,2018HU0117487,2
2,86700.0,9250.0,9.372972972972972,67,67,67.0,95950.0,True,2018HU0117867,12
0,21000.0,21000.0,1.0,42,47,44.5,42000.0,True,2018HU0117942,30
0,49000.0,41000.0,1.1951219512195121,43,43,43.0,90000.0,True,2018HU0118073,11
0,35000.0,36000.0,1.0285714285714285,34,34,34.0,71000.0,True,2018HU0119610,15
1,43200.0,56000.0,1.2962962962962963,65,59,62.0,99200.0,True,2018HU0119886,20
0,38400.0,32400.0,1.1851851851851851,34,34,34.0,70800.0,True,2018HU0121050,15
2,17000.0,118000.0,6.9411764705882355,74,71,72.5,135000.0,True,2018HU0121352,57
2,17300.0,85000.0,4.913294797687861,57,53,55.0,102300.0,True,2018HU0121419,17
4,159300.0,14400.0,11.0625,74,66,70.0,173700.0,True,2018HU0121518,15
1,8000.0,13000.0,1.625,50,45,47.5,21000.0,True,2018HU0122396,16
1,100000.0,100000.0,1.0,48,47,47.5,200000.0,True,2018HU0122935,4
0,40000.0,24000.0,1.6666666666666667,60,49,54.5,64000.0,True,2018HU0123212,2
0,18100.0,21300.0,1.1767955801104972,77,84,80.5,39400.0,True,2018HU0124139,33
4,22500.0,3500.0,6.428571428571429,24,24,24.0,26000.0,True,2018HU0124643,36
0,26900.0,35200.0,1.308550185873606,63,70,66.5,62100.0,True,2018HU0125184,9
2,75000.0,73000.0,1.0273972602739727,47,44,45.5,148000.0,True,2018HU0125436,27
2,35000.0,11300.0,3.0973451327433628,57,74,65.5,46300.0,True,2018HU0126769,23
0,33000.0,38000.0,1.1515151515151516,55,51,53.0,71000.0,True,2018HU0127315,16
1,30000.0,15200.0,1.9736842105263157,57,50,53.5,45200.0,True,2018HU0127690,5
2,87000.0,147000.0,1.6896551724137931,51,64,57.5,234000.0,True,2018HU0128029,13
2,25100.0,25100.0,1.0,23,24,23.5,50200.0,True,2018HU0128478,19
1,67500.0,18400.0,3.6684782608695654,80,79,79.5,85900.0,True,2018HU0129168,13
0,49600.0,52300.0,1.0544354838709677,81,80,80.5,101900.0,True,2018HU0129255,17
2,19200.0,174030.0,9.0640625,63,69,66.0,193230.0,True,2018HU0129719,16
0,28000.0,19000.0,1.4736842105263157,79,74,76.5,47000.0,True,2018HU0129793,13
2,17500.0,100000.0,5.714285714285714,45,52,48.5,117500.0,True,2018HU0131564,3
2,151000.0,26000.0,5.8076923076923075,39,37,38.0,177000.0,True,2018HU0131737,8
6,107300.0,6700.0,16.01492537313433,58,62,60.0,114000.0,True,2018HU0131964,25
0,55000.0,49000.0,1.1224489795918366,40,37,38.5,104000.0,True,2018HU0132398,45
2,73000.0,12000.0,6.083333333333333,34,41,37.5,85000.0,True,2018HU0132586,16
1,72000.0,33000.0,2.1818181818181817,30,29,29.5,105000.0,True,2018HU0133224,9
2,2800.0,2000.0,1.4,24,31,27.5,4800.0,False,2018HU0134022,20
2,52700.0,11300.0,4.663716814159292,80,81,80.5,64000.0,True,2018HU0134243,18
2,52400.0,8700.0,6.022988505747127,85,86,85.5,61100.0,True,2018HU0135828,5
1,36000.0,36000.0,1.0,34,34,34.0,72000.0,True,2018HU0136353,9
1,110000.0,35000.0,3.142857142857143,42,43,42.5,145000.0,True,2018HU0136778,13
1,72000.0,75000.0,1.0416666666666667,46,44,45.0,147000.0,True,2018HU0136807,15
1,18000.0,72500.0,4.027777777777778,43,46,44.5,90500.0,True,2018HU0138586,7
0,29900.0,0.0,0.0,43,40,41.5,29900.0,True,2018HU0138814,20
6,110310.0,6800.0,16.222058823529412,69,67,68.0,117110.0,True,2018HU0139020,5
1,65900.0,78000.0,1.1836115326251897,62,59,60.5,143900.0,True,2018HU0140418,14
2,5000.0,29000.0,5.8,60,47,53.5,34000.0,True,2018HU0140996,3
0,46630.0,31830.0,1.4649701539428213,73,71,72.0,78460.0,True,2018HU0141409,8
0,75600.0,42200.0,1.7914691943127963,60,65,62.5,117800.0,True,2018HU0141416,44
2,59500.0,12000.0,4.958333333333333,71,41,56.0,71500.0,True,2018HU0141490,18
3,186000.0,0.0,0.0,51,54,52.5,186000.0,True,2018HU0141994,6
0,40000.0,90000.0,2.25,54,56,55.0,130000.0,True,2018HU0142686,18
0,20000.0,51000.0,2.55,59,56,57.5,71000.0,True,2018HU0143068,16
2,273000.0,253000.0,1.0790513833992095,66,67,66.5,526000.0,True,2018HU0144178,28
4,0.0,403000.0,0.0,33,46,39.5,403000.0,True,2018HU0144343,126
2,130000.0,112000.0,1.1607142857142858,59,55,57.0,242000.0,True,2018HU0144831,8
0,94000.0,42100.0,2.2327790973871733,59,58,58.5,136100.0,True,2018HU0145078,15
1,60000.0,0.0,0.0,23,35,29.0,60000.0,True,2018HU0145822,15
2,225000.0,45000.0,5.0,51,51,51.0,270000.0,True,2018HU0146574,26
2,10000.0,91000.0,9.1,35,32,33.5,101000.0,True,2018HU0146707,23
9,410000.0,3200.0,128.125,64,62,63.0,413200.0,True,2018HU0146774,13
0,20000.0,20000.0,1.0,65,64,64.5,40000.0,True,2018HU0147075,15
0,60000.0,45000.0,1.3333333333333333,34,36,35.0,105000.0,True,2018HU0147183,29
2,413000.0,413000.0,1.0,55,46,50.5,826000.0,True,2018HU0147203,21
2,62000.0,64000.0,1.032258064516129,38,40,39.0,126000.0,True,2018HU0147286,17
1,7500.0,30000.0,4.0,31,30,30.5,37500.0,True,2018HU0147741,21
0,22900.0,18000.0,1.2722222222222221,69,68,68.5,40900.0,True,2018HU0148082,35
2,80000.0,122500.0,1.53125,51,51,51.0,202500.0,True,2018HU0148576,13
1,129000.0,58000.0,2.2241379310344827,60,57,58.5,187000.0,True,2018HU0148853,25
0,20100.0,0.0,0.0,77,65,71.0,20100.0,True,2018HU0151488,9
1,65160.0,75000.0,1.1510128913443831,53,48,50.5,140160.0,True,2018HU0152744,13
0,60000.0,30000.0,2.0,62,61,61.5,90000.0,True,2018HU0155746,12
0,80000.0,28000.0,2.857142857142857,47,45,46.0,108000.0,True,2018HU0155997,85
3,115000.0,0.0,0.0,47,49,48.0,115000.0,True,2018HU0157801,7
2,63400.0,11900.0,5.3277310924369745,66,68,67.0,75300.0,True,2018HU0159220,14
0,12000.0,32500.0,2.7083333333333335,59,72,65.5,44500.0,True,2018HU0159855,7
0,50000.0,103000.0,2.06,43,41,42.0,153000.0,True,2018HU0160795,9
0,97600.0,50000.0,1.952,51,45,48.0,147600.0,True,2018HU0160923,38
0,68000.0,50000.0,1.36,56,44,50.0,118000.0,True,2018HU0161285,68
1,18000.0,30000.0,1.6666666666666667,63,57,60.0,48000.0,True,2018HU0161605,13
1,12000.0,51000.0,4.25,40,39,39.5,63000.0,True,2018HU0164138,10
2,180000.0,20000.0,9.0,31,33,32.0,200000.0,True,2018HU0164371,21
4,0.0,234300.0,0.0,60,71,65.5,234300.0,True,2018HU0164651,27
1,72000.0,60000.0,1.2,60,52,56.0,132000.0,True,2018HU0165049,10
1,80000.0,70000.0,1.1428571428571428,51,47,49.0,150000.0,True,2018HU0165115,15
0,34000.0,62400.0,1.8352941176470587,57,58,57.5,96400.0,True,2018HU0165205,25
2,26000.0,13000.0,2.0,20,20,20.0,39000.0,True,2018HU0166379,29
1,45000.0,9000.0,5.0,33,33,33.0,54000.0,True,2018HU0167279,17
7,150000.0,1800.0,83.33333333333333,49,50,49.5,151800.0,True,2018HU0167294,9
2,106000.0,112000.0,1.0566037735849056,68,69,68.5,218000.0,True,2018HU0168124,28
2,17970.0,0.0,0.0,75,47,61.0,17970.0,False,2018HU0168697,25
0,32000.0,36000.0,1.125,45,44,44.5,68000.0,True,2018HU0168954,27
0,13000.0,0.0,0.0,62,56,59.0,13000.0,True,2018HU0169246,8
4,90.0,7600.0,84.44444444444444,38,42,40.0,7690.0,True,2018HU0170576,14
3,54700.0,9600.0,5.697916666666667,78,56,67.0,64300.0,True,2018HU0170714,14
1,67000.0,106200.0,1.5850746268656717,71,69,70.0,173200.0,True,2018HU0170717,8
0,49700.0,50000.0,1.0060362173038229,71,70,70.5,99700.0,True,2018HU0171466,13
5,205400.0,10200.0,20.137254901960784,69,70,69.5,215600.0,True,2018HU0172786,8
2,53100.0,70010.0,1.3184557438794726,65,59,62.0,123110.0,True,2018HU0173591,12
1,4000.0,1500.0,2.6666666666666665,63,63,63.0,5500.0,False,2018HU0174390,43
2,4500.0,9700.0,2.1555555555555554,27,22,24.5,14200.0,True,2018HU0175372,20
0,26000.0,9900.0,2.6262626262626263,75,75,75.0,35900.0,True,2018HU0175391,36
1,38200.0,53700.0,1.405759162303665,84,79,81.5,91900.0,True,2018HU0175504,9
4,292000.0,15000.0,19.466666666666665,75,66,70.5,307000.0,True,2018HU0176588,16
0,21600.0,51000.0,2.361111111111111,37,38,37.5,72600.0,True,2018HU0176634,24
0,27800.0,30000.0,1.079136690647482,69,61,65.0,57800.0,True,2018HU0177297,16
0,80000.0,41000.0,1.951219512195122,60,58,59.0,121000.0,True,2018HU0178347,13
1,15000.0,70000.0,4.666666666666667,42,41,41.5,85000.0,True,2018HU0178554,2
2,225000.0,45800.0,4.9126637554585155,61,58,59.5,270800.0,True,2018HU0178999,12
0,37000.0,75200.0,2.0324324324324325,71,64,67.5,112200.0,True,2018HU0179030,25
1,0.0,40000.0,0.0,29,26,27.5,40000.0,True,2018HU0180322,10
2,56000.0,9000.0,6.222222222222222,71,71,71.0,65000.0,True,2018HU0180602,48
1,41000.0,49000.0,1.1951219512195121,41,38,39.5,90000.0,True,2018HU0181426,17
1,53130.0,21800.0,2.4371559633027524,76,72,74.0,74930.0,True,2018HU0181796,8
0,68000.0,27500.0,2.4727272727272727,53,59,56.0,95500.0,True,2018HU0182800,10
5,0.0,235800.0,0.0,59,61,60.0,235800.0,True,2018HU0183146,56
2,156300.0,16400.0,9.53048780487805,70,70,70.0,172700.0,True,2018HU0183241,16
4,86000.0,13600.0,6.323529411764706,48,34,41.0,99600.0,False,2018HU0183622,21
2,52000.0,7000.0,7.428571428571429,49,46,47.5,59000.0,True,2018HU0183697,3
0,49700.0,60000.0,1.2072434607645874,58,57,57.5,109700.0,True,2018HU0184247,4
3,60000.0,10000.0,6.0,35,22,28.5,70000.0,True,2018HU0184619,31
1,30000.0,47000.0,1.5666666666666667,60,61,60.5,77000.0,True,2018HU0185415,3
3,23100.0,18500.0,1.2486486486486486,36,70,53.0,41600.0,False,2018HU0185955,25
0,25000.0,25000.0,1.0,41,48,44.5,50000.0,True,2018HU0186039,79
1,72000.0,80300.0,1.1152777777777778,68,73,70.5,152300.0,True,2018HU0186776,8
1,20000.0,93000.0,4.65,33,45,39.0,113000.0,True,2018HU0188445,26
0,39000.0,14000.0,2.7857142857142856,52,50,51.0,53000.0,True,2018HU0189472,14
5,428000.0,30000.0,14.266666666666667,38,35,36.5,458000.0,False,2018HU0191474,26
0,6000.0,3500.0,1.7142857142857142,64,64,64.0,9500.0,True,2018HU0192394,9
2,82000.0,11010.0,7.447774750227066,79,79,79.0,93010.0,True,2018HU0192917,13
2,37000.0,7200.0,5.138888888888889,69,71,70.0,44200.0,True,2018HU0193046,9
1,79000.0,59000.0,1.3389830508474576,55,54,54.5,138000.0,True,2018HU0193366,13
1,51000.0,12000.0,4.25,50,46,48.0,63000.0,True,2018HU0193369,5
0,42000.0,0.0,0.0,34,32,33.0,42000.0,True,2018HU0193631,14
3,0.0,125000.0,0.0,31,32,31.5,125000.0,True,2018HU0195346,10
1,90000.0,80000.0,1.125,50,49,49.5,170000.0,True,2018HU0197021,17
0,35000.0,43000.0,1.2285714285714286,49,58,53.5,78000.0,True,2018HU0197230,9
2,264000.0,264000.0,1.0,63,73,68.0,528000.0,True,2018HU0197366,36
1,86100.0,76000.0,1.1328947368421052,49,47,48.0,162100.0,True,2018HU0197632,15
4,23500.0,105000.0,4.468085106382978,67,40,53.5,128500.0,False,2018HU0198545,108
1,53100.0,13500.0,3.933333333333333,72,70,71.0,66600.0,True,2018HU0198736,17
1,112000.0,69000.0,1.6231884057971016,47,48,47.5,181000.0,True,2018HU0199042,5
0,50000.0,45000.0,1.1111111111111112,51,56,53.5,95000.0,True,2018HU0199330,16
1,90000.0,90000.0,1.0,51,41,46.0,180000.0,True,2018HU0199692,4
1,152000.0,37000.0,4.108108108108108,65,63,64.0,189000.0,True,2018HU0200022,10
0,34000.0,86600.0,2.5470588235294116,54,56,55.0,120600.0,True,2018HU0200071,14
0,25700.0,30000.0,1.1673151750972763,55,61,58.0,55700.0,True,2018HU0200120,9
0,50000.0,21000.0,2.380952380952381,65,57,61.0,71000.0,True,2018HU0200498,8
0,100000.0,0.0,0.0,34,35,34.5,100000.0,True,2018HU0201225,8
1,52500.0,11000.0,4.7727272727272725,65,62,63.5,63500.0,True,2018HU0201477,13
3,6600.0,62400.0,9.454545454545455,63,68,65.5,69000.0,True,2018HU0201924,42
1,50000.0,41400.0,1.2077294685990339,29,25,27.0,91400.0,True,2018HU0203099,10
2,200000.0,125000.0,1.6,55,55,55.0,325000.0,True,2018HU0203952,11
0,30000.0,27700.0,1.0830324909747293,46,43,44.5,57700.0,True,2018HU0204137,27
6,1500.0,38300.0,25.533333333333335,56,63,59.5,39800.0,False,2018HU0204219,17
3,110000.0,10000.0,11.0,65,62,63.5,120000.0,True,2018HU0204490,8
3,60040.0,60000.0,1.0006666666666666,21,24,22.5,120040.0,True,2018HU0204669,26
1,63400.0,0.0,0.0,55,52,53.5,63400.0,True,2018HU0205729,15
1,84400.0,64990.0,1.2986613325126943,71,70,70.5,149390.0,True,2018HU0205855,13
1,12910.0,60540.0,4.689388071262587,72,72,72.0,73450.0,True,2018HU0206878,10
4,106500.0,0.0,0.0,49,42,45.5,106500.0,True,2018HU0207263,8
1,0.0,45000.0,0.0,27,26,26.5,45000.0,True,2018HU0209748,39
2,15000.0,80000.0,5.333333333333333,52,52,52.0,95000.0,True,2018HU0210871,14
2,56000.0,16000.0,3.5,36,36,36.0,72000.0,False,2018HU0211159,58
0,50000.0,36470.0,1.3709898546750754,52,58,55.0,86470.0,True,2018HU0211828,14
1,55000.0,58000.0,1.0545454545454545,47,47,47.0,113000.0,True,2018HU0212433,7
2,52000.0,125000.0,2.4038461538461537,68,67,67.5,177000.0,True,2018HU0212722,14
1,83000.0,65000.0,1.2769230769230768,49,49,49.0,148000.0,True,2018HU0213140,14
2,120100.0,13200.0,9.098484848484848,78,75,76.5,133300.0,True,2018HU0213474,2
0,24000.0,28000.0,1.1666666666666667,60,60,60.0,52000.0,True,2018HU0213734,15
4,284800.0,28300.0,10.063604240282686,72,75,73.5,313100.0,True,2018HU0214307,13
0,15700.0,45000.0,2.8662420382165603,67,66,66.5,60700.0,True,2018HU0216893,13
2,35100.0,9300.0,3.774193548387097,83,82,82.5,44400.0,False,2018HU0217026,18
1,60000.0,133300.0,2.2216666666666667,35,42,38.5,193300.0,True,2018HU0217437,4
0,48020.0,30000.0,1.6006666666666667,34,35,34.5,78020.0,True,2018HU0217724,9
0,46000.0,54000.0,1.173913043478261,41,41,41.0,100000.0,True,2018HU0217914,25
1,5400.0,20000.0,3.7037037037037037,54,44,49.0,25400.0,True,2018HU0218084,7
0,27400.0,51600.0,1.8832116788321167,69,69,69.0,79000.0,True,2018HU0218991,19
3,76800.0,5900.0,13.016949152542374,77,87,82.0,82700.0,True,2018HU0219025,9
0,20000.0,20000.0,1.0,64,71,67.5,40000.0,True,2018HU0219690,45
1,41200.0,25000.0,1.648,53,55,54.0,66200.0,True,2018HU0219759,26
1,80000.0,0.0,0.0,40,38,39.0,80000.0,True,2018HU0219800,16
0,39000.0,14400.0,2.7083333333333335,45,43,44.0,53400.0,True,2018HU0220171,13
2,106000.0,14800.0,7.162162162162162,44,44,44.0,120800.0,True,2018HU0220292,16
1,34300.0,12000.0,2.8583333333333334,70,70,70.0,46300.0,True,2018HU0221234,4
2,177000.0,77000.0,2.2987012987012987,35,35,35.0,254000.0,True,2018HU0221768,28
1,10800.0,31200.0,2.888888888888889,73,82,77.5,42000.0,True,2018HU0222505,9
1,100000.0,75000.0,1.3333333333333333,47,46,46.5,175000.0,True,2018HU0222937,15
2,132000.0,22100.0,5.972850678733032,69,67,68.0,154100.0,True,2018HU0223305,15
2,132700.0,224000.0,1.6880180859080633,57,49,53.0,356700.0,True,2018HU0224528,7
2,34300.0,5400.0,6.351851851851852,78,80,79.0,39700.0,True,2018HU0224618,15
1,25000.0,25000.0,1.0,30,33,31.5,50000.0,True,2018HU0224757,65
3,0.0,127000.0,0.0,45,47,46.0,127000.0,True,2018HU0225650,8
2,22000.0,32000.0,1.4545454545454546,23,24,23.5,54000.0,True,2018HU0226750,20
0,54500.0,21600.0,2.5231481481481484,67,74,70.5,76100.0,True,2018HU0226765,22
2,92400.0,10000.0,9.24,38,36,37.0,102400.0,True,2018HU0227913,15
2,75000.0,60000.0,1.25,28,29,28.5,135000.0,True,2018HU0227939,113
2,24000.0,0.0,0.0,52,59,55.5,24000.0,False,2018HU0228022,11
3,55000.0,3000.0,18.333333333333332,61,61,61.0,58000.0,True,2018HU0228681,22
1,125000.0,53000.0,2.358490566037736,36,32,34.0,178000.0,True,2018HU0229211,79
2,136000.0,163000.0,1.1985294117647058,65,57,61.0,299000.0,True,2018HU0230239,11
0,0.0,45000.0,0.0,36,40,38.0,45000.0,True,2018HU0230254,14
0,43000.0,37500.0,1.1466666666666667,68,66,67.0,80500.0,True,2018HU0230938,24
8,421000.0,1000.0,421.0,60,56,58.0,422000.0,True,2018HU0232488,15
2,27000.0,115000.0,4.2592592592592595,50,48,49.0,142000.0,False,2018HU0233124,43
1,25000.0,98000.0,3.92,35,35,35.0,123000.0,True,2018HU0233868,7
0,38600.0,100000.0,2.5906735751295336,53,46,49.5,138600.0,True,2018HU0234077,10
0,40000.0,0.0,0.0,34,31,32.5,40000.0,True,2018HU0234603,33
0,67000.0,27300.0,2.4542124542124544,64,65,64.5,94300.0,True,2018HU0235874,17
0,50000.0,82000.0,1.64,44,44,44.0,132000.0,True,2018HU0236018,7
1,95000.0,88000.0,1.0795454545454546,32,31,31.5,183000.0,True,2018HU0236614,12
1,60850.0,66000.0,1.0846343467543138,43,43,43.0,126850.0,True,2018HU0236724,21
0,25800.0,0.0,0.0,44,41,42.5,25800.0,True,2018HU0237363,12
0,28800.0,74000.0,2.5694444444444446,46,53,49.5,102800.0,True,2018HU0237838,10
0,37430.0,28130.0,1.3306078919303235,74,78,76.0,65560.0,True,2018HU0237875,49
0,6600.0,0.0,0.0,63,61,62.0,6600.0,True,2018HU0237985,9
0,52500.0,21000.0,2.5,64,63,63.5,73500.0,True,2018HU0238583,16
2,68000.0,66000.0,1.0303030303030303,50,40,45.0,134000.0,True,2018HU0239362,22
1,120700.0,40000.0,3.0175,61,61,61.0,160700.0,True,2018HU0239748,27
4,0.0,386000.0,0.0,43,58,50.5,386000.0,True,2018HU0240089,17
1,17000.0,62300.0,3.664705882352941,63,65,64.0,79300.0,True,2018HU0240350,24
1,92000.0,60000.0,1.5333333333333334,48,48,48.0,152000.0,True,2018HU0240821,44
0,50000.0,30000.0,1.6666666666666667,29,32,30.5,80000.0,True,2018HU0240887,15
0,36000.0,24000.0,1.5,55,56,55.5,60000.0,True,2018HU0241563,9
2,136000.0,18500.0,7.351351351351352,71,74,72.5,154500.0,True,2018HU0242053,16
1,91000.0,85000.0,1.0705882352941176,33,32,32.5,176000.0,True,2018HU0242406,15
2,66020.0,98000.0,1.4843986670705847,41,41,41.0,164020.0,True,2018HU0242484,19
3,401800.0,45000.0,8.928888888888888,43,40,41.5,446800.0,True,2018HU0242663,22
1,100000.0,70000.0,1.4285714285714286,61,59,60.0,170000.0,True,2018HU0242672,17
1,90200.0,72200.0,1.2493074792243768,55,52,53.5,162400.0,True,2018HU0243353,17
0,33200.0,16800.0,1.9761904761904763,79,84,81.5,50000.0,True,2018HU0243540,27
0,21000.0,11900.0,1.7647058823529411,65,67,66.0,32900.0,True,2018HU0243588,15
1,10800.0,35000.0,3.240740740740741,63,52,57.5,45800.0,True,2018HU0243910,25
0,60000.0,35000.0,1.7142857142857142,43,48,45.5,95000.0,True,2018HU0244943,28
4,264000.0,0.0,0.0,64,71,67.5,264000.0,True,2018HU0245259,7
2,14400.0,80600.0,5.597222222222222,73,75,74.0,95000.0,True,2018HU0245530,6
0,17000.0,29000.0,1.7058823529411764,40,41,40.5,46000.0,True,2018HU0246679,5
3,300.0,3500.0,11.666666666666666,55,58,56.5,3800.0,True,2018HU0246693,14
0,64700.0,40000.0,1.6175,71,62,66.5,104700.0,True,2018HU0247386,31
3,118000.0,0.0,0.0,58,55,56.5,118000.0,True,2018HU0248795,13
0,18000.0,15000.0,1.2,36,33,34.5,33000.0,True,2018HU0248914,22
0,25400.0,19500.0,1.3025641025641026,57,57,57.0,44900.0,True,2018HU0249131,7
2,40000.0,44000.0,1.1,41,25,33.0,84000.0,False,2018HU0249411,21
0,16500.0,30100.0,1.8242424242424242,64,64,64.0,46600.0,True,2018HU0249627,24
2,12000.0,120000.0,10.0,30,31,30.5,132000.0,True,2018HU0249713,7
0,43000.0,18000.0,2.388888888888889,62,63,62.5,61000.0,True,2018HU0250481,3
1,65000.0,42000.0,1.5476190476190477,44,44,44.0,107000.0,True,2018HU0250560,10
3,140000.0,0.0,0.0,57,56,56.5,140000.0,True,2018HU0250605,7
0,0.0,100000.0,0.0,54,55,54.5,100000.0,True,2018HU0251016,9
0,37000.0,47800.0,1.2918918918918918,48,49,48.5,84800.0,True,2018HU0252469,109
1,90000.0,65000.0,1.3846153846153846,46,54,50.0,155000.0,True,2018HU0252685,27
0,44000.0,35400.0,1.2429378531073447,72,72,72.0,79400.0,True,2018HU0253156,14
3,6500.0,75000.0,11.538461538461538,52,57,54.5,81500.0,True,2018HU0253624,15
1,80000.0,60000.0,1.3333333333333333,54,49,51.5,140000.0,True,2018HU0253885,13
0,75000.0,36000.0,2.0833333333333335,43,41,42.0,111000.0,True,2018HU0254158,9
7,1000.0,120000.0,120.0,27,34,30.5,121000.0,True,2018HU0254302,18
0,50100.0,22100.0,2.266968325791855,67,66,66.5,72200.0,True,2018HU0255023,15
0,5200.0,11600.0,2.230769230769231,74,74,74.0,16800.0,True,2018HU0256189,41
2,64600.0,9500.0,6.8,96,85,90.5,74100.0,True,2018HU0256670,15
3,135500.0,24100.0,5.622406639004149,45,52,48.5,159600.0,False,2018HU0256790,12
3,115000.0,0.0,0.0,37,33,35.0,115000.0,True,2018HU0257006,14
1,54000.0,0.0,0.0,58,60,59.0,54000.0,True,2018HU0257534,11
0,59000.0,40000.0,1.475,66,62,64.0,99000.0,True,2018HU0257964,19
1,85000.0,100000.0,1.1764705882352942,51,47,49.0,185000.0,True,2018HU0260146,28
2,7900.0,54800.0,6.936708860759493,69,71,70.0,62700.0,True,2018HU0261108,8
0,80000.0,40000.0,2.0,33,38,35.5,120000.0,True,2018HU0261467,13
0,29200.0,60000.0,2.0547945205479454,58,61,59.5,89200.0,True,2018HU0261914,14
3,4000.0,72000.0,18.0,32,34,33.0,76000.0,True,2018HU0263111,15
1,32200.0,100000.0,3.1055900621118013,43,49,46.0,132200.0,True,2018HU0263697,14
2,79020.0,117600.0,1.4882308276385725,60,60,60.0,196620.0,True,2018HU0264677,4
1,47000.0,25000.0,1.88,79,62,70.5,72000.0,True,2018HU0265098,4
0,40000.0,60000.0,1.5,38,44,41.0,100000.0,True,2018HU0266151,2
0,86000.0,34500.0,2.4927536231884058,40,41,40.5,120500.0,True,2018HU0267916,10
1,67000.0,15100.0,4.437086092715232,58,58,58.0,82100.0,True,2018HU0268266,26
0,-1200.0,7200.0,0.0,87,85,86.0,6000.0,True,2018HU0268285,17
4,266800.0,15700.0,16.993630573248407,84,70,77.0,282500.0,True,2018HU0268691,25
2,50000.0,8000.0,6.25,38,24,31.0,58000.0,True,2018HU0268776,12
2,102830.0,114340.0,1.1119323154721386,77,72,74.5,217170.0,True,2018HU0269924,5
3,2000.0,40000.0,20.0,34,32,33.0,42000.0,True,2018HU0270221,28
2,73300.0,62400.0,1.1746794871794872,68,66,67.0,135700.0,False,2018HU0270236,42
0,0.0,50000.0,0.0,45,45,45.0,50000.0,True,2018HU0270737,44
4,2000.0,90000.0,45.0,36,38,37.0,92000.0,True,2018HU0271267,13
1,62600.0,20000.0,3.13,69,60,64.5,82600.0,True,2018HU0271309,31
3,0.0,102000.0,0.0,49,51,50.0,102000.0,True,2018HU0271545,30
2,1500.0,11200.0,7.466666666666667,77,83,80.0,12700.0,True,2018HU0271721,7
0,60000.0,30000.0,2.0,54,56,55.0,90000.0,True,2018HU0271806,13
0,36000.0,60000.0,1.6666666666666667,56,55,55.5,96000.0,True,2018HU0271849,5
1,135800.0,40000.0,3.395,43,38,40.5,175800.0,True,2018HU0272191,3
1,21600.0,18800.0,1.148936170212766,79,78,78.5,40400.0,True,2018HU0272232,8
4,311100.0,0.0,0.0,72,71,71.5,311100.0,True,2018HU0272315,25
4,21600.0,2400.0,9.0,25,24,24.5,24000.0,True,2018HU0272430,22
0,46000.0,52000.0,1.1304347826086956,69,59,64.0,98000.0,True,2018HU0273631,8
2,6300.0,52000.0,8.253968253968255,31,41,36.0,58300.0,True,2018HU0273843,50
2,5300.0,28000.0,5.283018867924528,62,62,62.0,33300.0,True,2018HU0274715,71
1,65000.0,81000.0,1.2461538461538462,46,45,45.5,146000.0,True,2018HU0274939,48
1,56000.0,62400.0,1.1142857142857143,46,49,47.5,118400.0,True,2018HU0275000,13
0,0.0,61000.0,0.0,39,38,38.5,61000.0,True,2018HU0275034,9
2,77200.0,12000.0,6.433333333333334,72,67,69.5,89200.0,True,2018HU0275581,19
0,0.0,63300.0,0.0,61,69,65.0,63300.0,True,2018HU0275608,117
3,85000.0,274400.0,3.228235294117647,62,62,62.0,359400.0,True,2018HU0276054,24
4,12000.0,100000.0,8.333333333333334,76,51,63.5,112000.0,True,2018HU0276329,7
5,237500.0,10600.0,22.40566037735849,70,66,68.0,248100.0,True,2018HU0276437,17
0,24000.0,25800.0,1.075,60,62,61.0,49800.0,True,2018HU0277110,44
0,40000.0,30000.0,1.3333333333333333,45,39,42.0,70000.0,True,2018HU0277369,40
0,0.0,80000.0,0.0,49,49,49.0,80000.0,True,2018HU0278294,6
0,11100.0,14100.0,1.2702702702702702,75,69,72.0,25200.0,True,2018HU0278728,15
0,30600.0,46010.0,1.50359477124183,35,40,37.5,76610.0,True,2018HU0279404,14
1,75000.0,15000.0,5.0,53,52,52.5,90000.0,True,2018HU0280672,14
2,4000.0,20000.0,5.0,25,26,25.5,24000.0,True,2018HU0281152,52
1,140000.0,32000.0,4.375,58,51,54.5,172000.0,True,2018HU0281790,15
1,79000.0,99400.0,1.2582278481012659,58,63,60.5,178400.0,True,2018HU0282231,15
1,12200.0,8400.0,1.4523809523809523,80,69,74.5,20600.0,True,2018HU0282294,64
2,101500.0,11000.0,9.227272727272727,68,68,68.0,112500.0,True,2018HU0283581,11
3,100000.0,5200.0,19.23076923076923,50,50,50.0,105200.0,True,2018HU0283912,5
0,47000.0,111100.0,2.3638297872340424,79,80,79.5,158100.0,True,2018HU0284163,17
1,31200.0,27000.0,1.1555555555555554,29,24,26.5,58200.0,True,2018HU0284932,15
2,226200.0,85600.0,2.642523364485981,63,61,62.0,311800.0,True,2018HU0286149,14
1,53000.0,102000.0,1.9245283018867925,70,73,71.5,155000.0,True,2018HU0287136,11
0,0.0,51000.0,0.0,54,54,54.0,51000.0,True,2018HU0287287,37
0,21000.0,19000.0,1.105263157894737,72,72,72.0,40000.0,True,2018HU0287527,7
2,102700.0,287100.0,2.795520934761441,66,71,68.5,389800.0,True,2018HU0287585,4
1,16800.0,52200.0,3.107142857142857,69,71,70.0,69000.0,True,2018HU0287870,12
1,16000.0,4000.0,4.0,72,72,72.0,20000.0,True,2018HU0288191,18
0,94000.0,0.0,0.0,68,67,67.5,94000.0,True,2018HU0289936,26
1,42000.0,12000.0,3.5,33,35,34.0,54000.0,True,2018HU0289972,16
0,57000.0,40000.0,1.425,59,63,61.0,97000.0,True,2018HU0290118,31
4,403100.0,30000.0,13.436666666666667,54,56,55.0,433100.0,True,2018HU0290715,25
0,26930.0,39000.0,1.448199034533977,73,73,73.0,65930.0,True,2018HU0290900,11
2,58100.0,11400.0,5.0964912280701755,86,86,86.0,69500.0,True,2018HU0290996,13
3,12000.0,128000.0,10.666666666666666,53,53,53.0,140000.0,True,2018HU0292121,34
1,96800.0,20400.0,4.745098039215686,75,74,74.5,117200.0,True,2018HU0292582,17
1,90700.0,18700.0,4.850267379679145,89,79,84.0,109400.0,True,2018HU0292713,11
0,20000.0,55000.0,2.75,36,36,36.0,75000.0,True,2018HU0293165,49
1,60800.0,66820.0,1.0990131578947369,65,52,58.5,127620.0,True,2018HU0293675,16
1,72700.0,123000.0,1.6918844566712516,72,66,69.0,195700.0,True,2018HU0295318,10
0,25000.0,47500.0,1.9,72,67,69.5,72500.0,True,2018HU0295796,24
1,79100.0,92000.0,1.1630847029077118,68,68,68.0,171100.0,True,2018HU0295847,21
4,489000.0,0.0,0.0,56,55,55.5,489000.0,True,2018HU0296416,24
4,80500.0,3500.0,23.0,38,40,39.0,84000.0,True,2018HU0296639,8
2,25000.0,25000.0,1.0,21,19,20.0,50000.0,True,2018HU0296770,7
1,80000.0,90000.0,1.125,56,54,55.0,170000.0,True,2018HU0297690,8
0,10800.0,11700.0,1.0833333333333333,78,84,81.0,22500.0,True,2018HU0297760,7
0,43600.0,43700.0,1.0022935779816513,76,75,75.5,87300.0,True,2018HU0297832,15
1,150000.0,36000.0,4.166666666666667,57,50,53.5,186000.0,True,2018HU0297933,15
0,17100.0,12600.0,1.3571428571428572,86,88,87.0,29700.0,True,2018HU0298237,32
3,228300.0,78500.0,2.90828025477707,72,88,80.0,306800.0,True,2018HU0298984,7
0,26500.0,68090.0,2.569433962264151,56,60,58.0,94590.0,True,2018HU0300944,17
2,50000.0,9500.0,5.2631578947368425,92,89,90.5,59500.0,True,2018HU0301212,13
2,18000.0,120000.0,6.666666666666667,68,53,60.5,138000.0,True,2018HU0301412,5
1,59000.0,53000.0,1.1132075471698113,43,38,40.5,112000.0,True,2018HU0301761,10
4,261000.0,0.0,0.0,54,48,51.0,261000.0,True,2018HU0301809,6
0,50000.0,30000.0,1.6666666666666667,54,48,51.0,80000.0,True,2018HU0302013,13
2,24200.0,5000.0,4.84,26,28,27.0,29200.0,True,2018HU0302096,11
1,48000.0,55000.0,1.1458333333333333,55,53,54.0,103000.0,True,2018HU0302403,9
2,171000.0,38000.0,4.5,52,57,54.5,209000.0,True,2018HU0303077,15
1,64000.0,15100.0,4.23841059602649,64,56,60.0,79100.0,True,2018HU0303132,12
0,64300.0,22400.0,2.8705357142857144,74,70,72.0,86700.0,True,2018HU0304250,20
2,55000.0,42000.0,1.3095238095238095,45,43,44.0,97000.0,False,2018HU0305686,29
0,36000.0,17000.0,2.1176470588235294,55,62,58.5,53000.0,True,2018HU0306073,11
2,48000.0,0.0,0.0,21,22,21.5,48000.0,True,2018HU0306571,13
0,50020.0,0.0,0.0,32,32,32.0,50020.0,True,2018HU0306651,9
2,37900.0,7200.0,5.263888888888889,66,64,65.0,45100.0,True,2018HU0306803,12
0,16800.0,23600.0,1.4047619047619047,61,62,61.5,40400.0,True,2018HU0306959,11
0,67000.0,33000.0,2.0303030303030303,55,59,57.0,100000.0,True,2018HU0308240,5
2,51000.0,57000.0,1.1176470588235294,29,25,27.0,108000.0,True,2018HU0309257,15
4,92000.0,309000.0,3.358695652173913,57,55,56.0,401000.0,True,2018HU0309641,12
0,39260.0,57000.0,1.4518593988792665,48,44,46.0,96260.0,True,2018HU0309940,12
1,30000.0,65000.0,2.1666666666666665,29,30,29.5,95000.0,True,2018HU0310137,8
2,20000.0,115000.0,5.75,60,60,60.0,135000.0,True,2018HU0310524,15
0,71000.0,0.0,0.0,59,58,58.5,71000.0,True,2018HU0311371,13
1,0.0,98000.0,0.0,54,49,51.5,98000.0,True,2018HU0311373,32
2,100000.0,261000.0,2.61,57,50,53.5,361000.0,True,2018HU0311673,7
1,75900.0,75000.0,1.012,68,60,64.0,150900.0,True,2018HU0312401,33
0,53000.0,45000.0,1.1777777777777778,38,43,40.5,98000.0,True,2018HU0312431,38
1,59200.0,89800.0,1.5168918918918919,82,82,82.0,149000.0,True,2018HU0313171,10
1,0.0,1400.0,0.0,63,63,63.0,1400.0,True,2018HU0313272,37
1,41600.0,64200.0,1.5432692307692308,71,74,72.5,105800.0,True,2018HU0313623,7
0,45000.0,35000.0,1.2857142857142858,53,53,53.0,80000.0,True,2018HU0314037,13
2,180000.0,60000.0,3.0,51,53,52.0,240000.0,True,2018HU0314370,19
1,60000.0,52000.0,1.1538461538461537,35,35,35.0,112000.0,True,2018HU0314886,17
3,5200.0,52800.0,10.153846153846153,72,75,73.5,58000.0,True,2018HU0314970,5
1,71000.0,83000.0,1.1690140845070423,62,61,61.5,154000.0,True,2018HU0316057,16
1,56000.0,95000.0,1.6964285714285714,58,58,58.0,151000.0,True,2018HU0316694,17
0,50000.0,21300.0,2.347417840375587,70,73,71.5,71300.0,True,2018HU0317261,30
1,39000.0,75000.0,1.9230769230769231,28,29,28.5,114000.0,True,2018HU0317500,3
3,13600.0,90000.0,6.617647058823529,58,50,54.0,103600.0,False,2018HU0318909,5
1,47200.0,150000.0,3.1779661016949152,59,59,59.0,197200.0,True,2018HU0319224,13
2,143000.0,15850.0,9.022082018927446,75,68,71.5,158850.0,True,2018HU0320340,18
7,125000.0,4000.0,31.25,65,60,62.5,129000.0,True,2018HU0320593,15
0,22500.0,50000.0,2.2222222222222223,65,64,64.5,72500.0,True,2018HU0321254,7
4,75050.0,50.0,1501.0,30,30,30.0,75100.0,True,2018HU0321867,31
2,130000.0,88800.0,1.4639639639639639,32,33,32.5,218800.0,True,2018HU0321921,14
1,40000.0,40000.0,1.0,27,26,26.5,80000.0,True,2018HU0323129,18
0,50000.0,0.0,0.0,56,47,51.5,50000.0,True,2018HU0323223,11
3,77100.0,10100.0,7.633663366336633,84,88,86.0,87200.0,True,2018HU0323590,19
0,50000.0,37020.0,1.3506212857914641,59,57,58.0,87020.0,True,2018HU0324704,49
0,91000.0,0.0,0.0,34,36,35.0,91000.0,True,2018HU0324818,18
3,0.0,142000.0,0.0,65,65,65.0,142000.0,True,2018HU0324822,15
2,40000.0,12500.0,3.2,68,65,66.5,52500.0,False,2018HU0325675,33
3,154000.0,11000.0,14.0,70,69,69.5,165000.0,True,2018HU0325940,19
0,34010.0,32000.0,1.0628125,43,47,45.0,66010.0,True,2018HU0325997,2
2,52300.0,63000.0,1.2045889101338432,70,65,67.5,115300.0,True,2018HU0326212,21
1,100000.0,100000.0,1.0,53,61,57.0,200000.0,True,2018HU0327067,19
0,69880.0,34200.0,2.0432748538011696,77,73,75.0,104080.0,True,2018HU0327069,18
0,10000.0,15800.0,1.58,73,82,77.5,25800.0,True,2018HU0327198,18
2,667000.0,264000.0,2.5265151515151514,58,54,56.0,931000.0,True,2018HU0327201,9
3,310100.0,91900.0,3.3743199129488572,76,71,73.5,402000.0,True,2018HU0327209,11
0,76800.0,32000.0,2.4,37,37,37.0,108800.0,True,2018HU0327671,13
1,64000.0,53000.0,1.2075471698113207,63,59,61.0,117000.0,True,2018HU0327897,15
3,95000.0,8000.0,11.875,52,48,50.0,103000.0,True,2018HU0328082,18
1,101200.0,30200.0,3.3509933774834435,80,85,82.5,131400.0,True,2018HU0328908,10
0,26900.0,76700.0,2.8513011152416357,70,71,70.5,103600.0,True,2018HU0329247,34
0,60000.0,45000.0,1.3333333333333333,40,34,37.0,105000.0,True,2018HU0330350,27
1,55000.0,60000.0,1.0909090909090908,37,36,36.5,115000.0,True,2018HU0331821,10
3,132800.0,14000.0,9.485714285714286,71,70,70.5,146800.0,True,2018HU0331870,10
1,70000.0,93200.0,1.3314285714285714,53,53,53.0,163200.0,True,2018HU0332090,22
2,128000.0,20400.0,6.2745098039215685,53,50,51.5,148400.0,True,2018HU0332344,14
2,24000.0,25000.0,1.0416666666666667,66,43,54.5,49000.0,False,2018HU0332544,2
1,65200.0,84400.0,1.294478527607362,51,51,51.0,149600.0,True,2018HU0332727,22
0,65000.0,40000.0,1.625,40,37,38.5,105000.0,True,2018HU0333299,39
3,110000.0,10000.0,11.0,47,46,46.5,120000.0,True,2018HU0333941,5
0,54200.0,50000.0,1.084,69,56,62.5,104200.0,True,2018HU0334091,16
1,33900.0,8000.0,4.2375,68,67,67.5,41900.0,True,2018HU0335085,8
8,900.0,151000.0,167.77777777777777,49,48,48.5,151900.0,True,2018HU0335587,13
1,31000.0,95000.0,3.064516129032258,64,63,63.5,126000.0,True,2018HU0335967,10
2,82600.0,12700.0,6.503937007874016,73,87,80.0,95300.0,True,2018HU0336167,16
1,100000.0,0.0,0.0,49,50,49.5,100000.0,False,2018HU0336367,4
1,27200.0,8020.0,3.3915211970074814,90,83,86.5,35220.0,True,2018HU0336903,16
1,0.0,50000.0,0.0,45,45,45.0,50000.0,False,2018HU0337194,2
2,90000.0,10000.0,9.0,61,61,61.0,100000.0,True,2018HU0337663,5
1,18500.0,18200.0,1.0164835164835164,74,69,71.5,36700.0,False,2018HU0337705,9
1,41100.0,13700.0,3.0,72,71,71.5,54800.0,True,2018HU0338038,4
0,60000.0,36000.0,1.6666666666666667,37,33,35.0,96000.0,True,2018HU0338466,14
2,361000.0,278000.0,1.2985611510791366,63,63,63.0,639000.0,True,2018HU0338762,32
2,130000.0,130000.0,1.0,49,48,48.5,260000.0,True,2018HU0338793,15
0,75000.0,25000.0,3.0,61,50,55.5,100000.0,True,2018HU0340365,24
4,264800.0,0.0,0.0,57,57,57.0,264800.0,True,2018HU0341031,3
0,59000.0,48000.0,1.2291666666666667,35,34,34.5,107000.0,True,2018HU0341126,13
1,68000.0,80000.0,1.1764705882352942,44,44,44.0,148000.0,True,2018HU0341264,17
1,24000.0,5000.0,4.8,46,43,44.5,29000.0,True,2018HU0341408,15
0,36100.0,50000.0,1.3850415512465375,53,53,53.0,86100.0,True,2018HU0341506,6
2,115310.0,29600.0,3.895608108108108,76,56,66.0,144910.0,True,2018HU0341677,17
0,12100.0,9800.0,1.2346938775510203,76,74,75.0,21900.0,True,2018HU0342060,22
1,52300.0,97600.0,1.8661567877629064,71,66,68.5,149900.0,True,2018HU0343828,7
1,13900.0,53000.0,3.8129496402877696,65,62,63.5,66900.0,True,2018HU0344121,20
1,60000.0,90000.0,1.5,30,37,33.5,150000.0,True,2018HU0344540,21
2,145590.0,70000.0,2.079857142857143,64,51,57.5,215590.0,True,2018HU0344658,35
2,29000.0,0.0,0.0,24,23,23.5,29000.0,True,2018HU0344901,21
1,64000.0,0.0,0.0,61,39,50.0,64000.0,True,2018HU0345006,7
2,155000.0,30000.0,5.166666666666667,53,57,55.0,185000.0,True,2018HU0346539,12
0,15000.0,34300.0,2.2866666666666666,79,81,80.0,49300.0,True,2018HU0348618,8
2,170300.0,74600.0,2.2828418230563003,74,72,73.0,244900.0,True,2018HU0349319,25
2,3300.0,28000.0,8.484848484848484,70,58,64.0,31300.0,True,2018HU0349555,9
0,20000.0,59300.0,2.965,74,74,74.0,79300.0,True,2018HU0349639,17
0,26000.0,26500.0,1.0192307692307692,38,36,37.0,52500.0,True,2018HU0349685,24
2,189000.0,39000.0,4.846153846153846,44,39,41.5,228000.0,True,2018HU0349848,43
1,5040.0,19400.0,3.8492063492063493,82,82,82.0,24440.0,True,2018HU0350233,30
2,172000.0,40000.0,4.3,56,59,57.5,212000.0,True,2018HU0350326,22
3,95800.0,9000.0,10.644444444444444,71,76,73.5,104800.0,True,2018HU0351561,21
1,61000.0,34300.0,1.7784256559766765,69,68,68.5,95300.0,True,2018HU0351924,12
5,403000.0,17000.0,23.705882352941178,47,46,46.5,420000.0,True,2018HU0352435,11
0,55000.0,48000.0,1.1458333333333333,64,61,62.5,103000.0,True,2018HU0352921,9
0,18200.0,42000.0,2.3076923076923075,63,69,66.0,60200.0,True,2018HU0353141,9
3,261000.0,55000.0,4.745454545454545,61,57,59.0,316000.0,True,2018HU0353209,15
0,70000.0,43000.0,1.627906976744186,41,36,38.5,113000.0,True,2018HU0353261,11
0,64000.0,48000.0,1.3333333333333333,78,78,78.0,112000.0,True,2018HU0354111,17
0,50000.0,0.0,0.0,44,50,47.0,50000.0,True,2018HU0354687,15
1,90000.0,34000.0,2.6470588235294117,55,38,46.5,124000.0,True,2018HU0354783,37
1,41540.0,22900.0,1.8139737991266376,72,70,71.0,64440.0,True,2018HU0354909,12
0,69000.0,30000.0,2.3,50,46,48.0,99000.0,True,2018HU0354987,16
1,55000.0,78200.0,1.4218181818181819,64,70,67.0,133200.0,True,2018HU0355088,13
2,86000.0,130000.0,1.5116279069767442,73,64,68.5,216000.0,True,2018HU0355140,15
3,169500.0,0.0,0.0,74,75,74.5,169500.0,True,2018HU0355602,4
0,52860.0,18800.0,2.8117021276595744,74,73,73.5,71660.0,True,2018HU0358012,22
1,55000.0,60000.0,1.0909090909090908,44,44,44.0,115000.0,True,2018HU0358432,19
0,59000.0,47000.0,1.2553191489361701,52,57,54.5,106000.0,True,2018HU0358455,2
1,24520.0,21000.0,1.1676190476190476,25,25,25.0,45520.0,True,2018HU0360200,15
2,70000.0,10000.0,7.0,40,43,41.5,80000.0,True,2018HU0360815,23
2,9900.0,85500.0,8.636363636363637,68,70,69.0,95400.0,True,2018HU0360850,12
0,35060.0,44700.0,1.2749572162007987,61,58,59.5,79760.0,True,2018HU0361251,19
1,75000.0,75000.0,1.0,42,43,42.5,150000.0,True,2018HU0361777,3
0,52000.0,0.0,0.0,41,47,44.0,52000.0,True,2018HU0361928,13
0,56100.0,30100.0,1.8637873754152825,55,50,52.5,86200.0,True,2018HU0362073,13
0,55400.0,20950.0,2.6443914081145583,80,79,79.5,76350.0,True,2018HU0362306,16
0,28000.0,24000.0,1.1666666666666667,37,31,34.0,52000.0,True,2018HU0363547,17
2,60050.0,127600.0,2.1248959200666113,50,53,51.5,187650.0,True,2018HU0365092,9
0,0.0,0.0,0.0,48,42,45.0,0.0,True,2018HU0366572,15
3,34000.0,195000.0,5.735294117647059,39,45,42.0,229000.0,True,2018HU0366787,54
1,38800.0,160000.0,4.123711340206185,68,60,64.0,198800.0,True,2018HU0367484,12
0,30000.0,48000.0,1.6,43,43,43.0,78000.0,True,2018HU0367625,34
1,74000.0,75000.0,1.0135135135135136,64,60,62.0,149000.0,True,2018HU0367688,60
8,361000.0,2500.0,144.4,58,61,59.5,363500.0,True,2018HU0368322,15
1,30000.0,34600.0,1.1533333333333333,56,53,54.5,64600.0,True,2018HU0369012,39
3,7000.0,76000.0,10.857142857142858,52,55,53.5,83000.0,True,2018HU0369287,13
2,58400.0,10800.0,5.407407407407407,77,74,75.5,69200.0,True,2018HU0369289,25
0,32000.0,50000.0,1.5625,28,34,31.0,82000.0,True,2018HU0369762,16
0,41500.0,0.0,0.0,67,61,64.0,41500.0,True,2018HU0369827,17
1,135000.0,28000.0,4.821428571428571,49,55,52.0,163000.0,True,2018HU0370153,3
0,37400.0,37000.0,1.0108108108108107,35,36,35.5,74400.0,True,2018HU0370614,7
1,30000.0,100000.0,3.3333333333333335,50,51,50.5,130000.0,True,2018HU0370957,23
0,30000.0,40000.0,1.3333333333333333,36,37,36.5,70000.0,True,2018HU0371711,17
0,32200.0,21100.0,1.5260663507109005,42,51,46.5,53300.0,True,2018HU0371954,19
4,10000.0,110000.0,11.0,33,38,35.5,120000.0,True,2018HU0373238,10
0,14000.0,40000.0,2.857142857142857,64,62,63.0,54000.0,True,2018HU0374793,4
0,38000.0,0.0,0.0,62,61,61.5,38000.0,True,2018HU0376060,2
2,110000.0,80000.0,1.375,46,49,47.5,190000.0,False,2018HU0376747,14
1,51000.0,80000.0,1.5686274509803921,52,50,51.0,131000.0,True,2018HU0376825,26
1,50100.0,112000.0,2.2355289421157685,73,69,71.0,162100.0,True,2018HU0376977,13
2,135000.0,120000.0,1.125,36,40,38.0,255000.0,True,2018HU0377516,16
1,52500.0,60200.0,1.1466666666666667,62,66,64.0,112700.0,True,2018HU0377564,9
2,140840.0,60840.0,2.3149243918474687,44,35,39.5,201680.0,True,2018HU0377716,4
2,0.0,30000.0,0.0,23,23,23.0,30000.0,True,2018HU0378250,30
1,132800.0,30600.0,4.339869281045751,57,54,55.5,163400.0,True,2018HU0378479,37
1,44200.0,18000.0,2.4555555555555557,62,64,63.0,62200.0,True,2018HU0378504,24
1,42000.0,140000.0,3.3333333333333335,52,54,53.0,182000.0,True,2018HU0378528,20
0,11600.0,7300.0,1.5890410958904109,72,72,72.0,18900.0,True,2018HU0378775,14
0,5000.0,0.0,0.0,60,55,57.5,5000.0,True,2018HU0379034,14
2,105000.0,13700.0,7.664233576642336,35,37,36.0,118700.0,True,2018HU0379077,40
2,99700.0,107000.0,1.0732196589769307,54,49,51.5,206700.0,True,2018HU0380563,26
1,111000.0,85000.0,1.3058823529411765,53,48,50.5,196000.0,True,2018HU0381005,8
3,125000.0,0.0,0.0,51,61,56.0,125000.0,True,2018HU0381418,16
2,141000.0,100000.0,1.41,51,51,51.0,241000.0,True,2018HU0382068,17
0,50000.0,47000.0,1.0638297872340425,51,45,48.0,97000.0,True,2018HU0382521,15
0,54000.0,0.0,0.0,64,59,61.5,54000.0,True,2018HU0382976,14
4,70000.0,407300.0,5.8185714285714285,57,53,55.0,477300.0,True,2018HU0383005,5
0,34300.0,0.0,0.0,53,47,50.0,34300.0,True,2018HU0383154,52
1,100000.0,20000.0,5.0,41,41,41.0,120000.0,True,2018HU0383836,76
3,135800.0,14500.0,9.36551724137931,48,38,43.0,150300.0,False,2018HU0383907,10
1,62000.0,99000.0,1.596774193548387,52,57,54.5,161000.0,True,2018HU0384035,3
0,11000.0,6100.0,1.8032786885245902,83,90,86.5,17100.0,True,2018HU0384470,7
1,55400.0,16200.0,3.419753086419753,72,67,69.5,71600.0,True,2018HU0384686,13
1,48000.0,10520.0,4.562737642585551,87,80,83.5,58520.0,True,2018HU0384972,24
0,48300.0,20900.0,2.311004784688995,69,71,70.0,69200.0,True,2018HU0385141,9
0,45000.0,60000.0,1.3333333333333333,63,61,62.0,105000.0,True,2018HU0385640,25
2,65000.0,75000.0,1.1538461538461537,40,40,40.0,140000.0,True,2018HU0386390,5
1,22500.0,5800.0,3.8793103448275863,83,87,85.0,28300.0,True,2018HU0386610,46
0,27000.0,57000.0,2.111111111111111,64,55,59.5,84000.0,True,2018HU0387090,15
0,60000.0,28000.0,2.142857142857143,54,53,53.5,88000.0,True,2018HU0387121,13
7,300.0,104000.0,346.6666666666667,60,62,61.0,104300.0,True,2018HU0387186,12
0,50000.0,55000.0,1.1,47,32,39.5,105000.0,True,2018HU0387612,11
2,169030.0,18030.0,9.374930671103716,37,36,36.5,187060.0,True,2018HU0387825,18
2,130000.0,100070.0,1.299090636554412,44,50,47.0,230070.0,True,2018HU0388290,24
0,22600.0,14600.0,1.547945205479452,87,83,85.0,37200.0,True,2018HU0388488,8
1,59300.0,12000.0,4.941666666666666,70,69,69.5,71300.0,True,2018HU0388695,2
2,7500.0,6500.0,1.1538461538461537,24,24,24.0,14000.0,True,2018HU0388795,7
1,80000.0,25000.0,3.2,35,25,30.0,105000.0,True,2018HU0389776,38
1,45000.0,0.0,0.0,39,34,36.5,45000.0,True,2018HU0390487,16
0,37500.0,44500.0,1.1866666666666668,70,78,74.0,82000.0,True,2018HU0391016,17
2,30000.0,3500.0,8.571428571428571,50,51,50.5,33500.0,True,2018HU0391148,12
0,74800.0,25100.0,2.9800796812749004,58,61,59.5,99900.0,True,2018HU0391654,15
0,35000.0,0.0,0.0,51,56,53.5,35000.0,True,2018HU0391719,7
0,20400.0,18000.0,1.1333333333333333,81,76,78.5,38400.0,True,2018HU0392076,19
1,0.0,0.0,0.0,74,68,71.0,0.0,False,2018HU0392472,18
0,0.0,36000.0,0.0,53,51,52.0,36000.0,True,2018HU0392689,1
0,54700.0,31100.0,1.7588424437299035,70,69,69.5,85800.0,True,2018HU0394363,13
2,90000.0,12000.0,7.5,41,47,44.0,102000.0,True,2018HU0394631,41
2,106700.0,19000.0,5.61578947368421,73,73,73.0,125700.0,True,2018HU0394796,22
0,73600.0,35000.0,2.1028571428571428,71,59,65.0,108600.0,True,2018HU0395390,21
3,176500.0,13700.0,12.883211678832117,49,55,52.0,190200.0,True,2018HU0395769,14
1,70000.0,130000.0,1.8571428571428572,50,46,48.0,200000.0,True,2018HU0396804,21
1,7800.0,10500.0,1.3461538461538463,63,65,64.0,18300.0,True,2018HU0397111,28
1,16000.0,17200.0,1.075,54,55,54.5,33200.0,True,2018HU0397609,12
0,60000.0,0.0,0.0,33,29,31.0,60000.0,True,2018HU0397975,3
0,40700.0,38000.0,1.0710526315789475,38,39,38.5,78700.0,True,2018HU0398551,10
1,53000.0,53000.0,1.0,38,39,38.5,106000.0,True,2018HU0399669,15
2,69800.0,100000.0,1.4326647564469914,48,49,48.5,169800.0,True,2018HU0400061,8
3,36000.0,30000.0,1.2,40,60,50.0,66000.0,False,2018HU0400459,15
0,49300.0,70300.0,1.4259634888438133,68,69,68.5,119600.0,True,2018HU0400789,9
1,80000.0,60000.0,1.3333333333333333,58,59,58.5,140000.0,True,2018HU0400952,4
0,48000.0,35000.0,1.3714285714285714,57,61,59.0,83000.0,True,2018HU0401545,14
0,27000.0,76000.0,2.814814814814815,47,47,47.0,103000.0,True,2018HU0402638,3
0,14600.0,39000.0,2.671232876712329,74,85,79.5,53600.0,True,2018HU0403028,19
0,60000.0,40000.0,1.5,61,60,60.5,100000.0,True,2018HU0403264,14
1,19600.0,5700.0,3.43859649122807,83,77,80.0,25300.0,True,2018HU0403404,12
1,13000.0,55000.0,4.230769230769231,59,59,59.0,68000.0,True,2018HU0404203,3
0,57700.0,35200.0,1.6392045454545454,88,87,87.5,92900.0,True,2018HU0404950,18
1,65000.0,38000.0,1.7105263157894737,27,29,28.0,103000.0,True,2018HU0405093,15
0,33000.0,77100.0,2.3363636363636364,52,57,54.5,110100.0,True,2018HU0405578,12
2,95400.0,50900.0,1.87426326129666,81,82,81.5,146300.0,True,2018HU0405879,17
0,39100.0,58000.0,1.4833759590792839,72,68,70.0,97100.0,True,2018HU0406151,13
0,50000.0,19700.0,2.5380710659898478,68,70,69.0,69700.0,True,2018HU0406872,12
1,41000.0,55000.0,1.3414634146341464,50,48,49.0,96000.0,True,2018HU0407084,15
1,35000.0,148000.0,4.228571428571429,37,46,41.5,183000.0,True,2018HU0407187,8
0,126000.0,47000.0,2.6808510638297873,35,38,36.5,173000.0,True,2018HU0407304,23
1,60000.0,65000.0,1.0833333333333333,61,57,59.0,125000.0,True,2018HU0407417,13
2,63000.0,125000.0,1.9841269841269842,42,44,43.0,188000.0,True,2018HU0407634,7
2,55000.0,71000.0,1.290909090909091,66,65,65.5,126000.0,True,2018HU0408573,5
2,96000.0,28000.0,3.4285714285714284,27,25,26.0,124000.0,True,2018HU0409118,50
1,80800.0,17000.0,4.752941176470588,54,45,49.5,97800.0,True,2018HU0409830,18
0,10000.0,12000.0,1.2,77,86,81.5,22000.0,True,2018HU0410045,28
0,21000.0,0.0,0.0,45,47,46.0,21000.0,True,2018HU0410087,30
1,79200.0,98000.0,1.2373737373737375,74,73,73.5,177200.0,True,2018HU0410182,19
0,8000.0,24000.0,3.0,55,58,56.5,32000.0,True,2018HU0410219,58
1,142000.0,38900.0,3.6503856041131106,49,44,46.5,180900.0,True,2018HU0410244,28
4,401000.0,51000.0,7.862745098039215,61,60,60.5,452000.0,True,2018HU0410695,34
6,119200.0,6000.0,19.866666666666667,80,79,79.5,125200.0,True,2018HU0410711,17
1,72500.0,54000.0,1.3425925925925926,70,60,65.0,126500.0,True,2018HU0410752,4
0,40000.0,0.0,0.0,35,31,33.0,40000.0,True,2018HU0411214,26
0,44500.0,20600.0,2.1601941747572817,58,58,58.0,65100.0,True,2018HU0411339,17
1,24600.0,62400.0,2.5365853658536586,64,69,66.5,87000.0,True,2018HU0411727,14
1,52800.0,11300.0,4.672566371681416,70,68,69.0,64100.0,True,2018HU0413229,7
1,70000.0,58800.0,1.1904761904761905,38,39,38.5,128800.0,True,2018HU0413257,17
1,81100.0,35000.0,2.317142857142857,48,43,45.5,116100.0,False,2018HU0413520,4
2,27500.0,7400.0,3.7162162162162162,73,69,71.0,34900.0,True,2018HU0413844,13
0,20000.0,17000.0,1.1764705882352942,45,45,45.0,37000.0,True,2018HU0413845,44
1,89000.0,65000.0,1.3692307692307693,43,45,44.0,154000.0,True,2018HU0414245,13
0,0.0,48260.0,0.0,43,50,46.5,48260.0,True,2018HU0415488,58
1,87000.0,109000.0,1.2528735632183907,37,38,37.5,196000.0,True,2018HU0416319,17
0,40000.0,20000.0,2.0,41,33,37.0,60000.0,True,2018HU0416631,6
2,60000.0,30000.0,2.0,41,68,54.5,90000.0,False,2018HU0416745,16
3,19800.0,185000.0,9.343434343434344,72,77,74.5,204800.0,True,2018HU0417155,29
6,26000.0,300.0,86.66666666666667,26,28,27.0,26300.0,False,2018HU0417349,10
1,59340.0,70000.0,1.1796427367711493,65,65,65.0,129340.0,True,2018HU0417547,14
0,52000.0,30000.0,1.7333333333333334,54,55,54.5,82000.0,True,2018HU0418495,17
1,0.0,0.0,0.0,57,53,55.0,0.0,True,2018HU0418924,4
5,11000.0,400.0,27.5,55,51,53.0,11400.0,False,2018HU0419043,19
2,15000.0,54000.0,3.6,58,62,60.0,69000.0,True,2018HU0419137,18
0,30000.0,85200.0,2.84,30,30,30.0,115200.0,True,2018HU0419327,38
2,225000.0,473000.0,2.102222222222222,57,57,57.0,698000.0,True,2018HU0419664,12
3,0.0,120000.0,0.0,33,34,33.5,120000.0,True,2018HU0421618,23
0,48000.0,40000.0,1.2,39,39,39.0,88000.0,True,2018HU0421848,5
1,22300.0,85000.0,3.811659192825112,56,55,55.5,107300.0,True,2018HU0422237,16
1,103000.0,28000.0,3.6785714285714284,36,35,35.5,131000.0,True,2018HU0424060,18
0,0.0,60000.0,0.0,39,38,38.5,60000.0,True,2018HU0424180,43
4,750.0,68000.0,90.66666666666667,46,47,46.5,68750.0,True,2018HU0425457,11
0,14400.0,16000.0,1.1111111111111112,50,46,48.0,30400.0,True,2018HU0425755,49
1,9910.0,14400.0,1.4530776992936427,86,88,87.0,24310.0,True,2018HU0425986,16
1,90000.0,20000.0,4.5,35,37,36.0,110000.0,True,2018HU0426229,18
2,145000.0,71000.0,2.0422535211267605,58,54,56.0,216000.0,True,2018HU0426245,14
0,18000.0,40000.0,2.2222222222222223,45,45,45.0,58000.0,True,2018HU0426429,44
0,30000.0,0.0,0.0,46,45,45.5,30000.0,True,2018HU0427056,15
3,5800.0,90000.0,15.517241379310345,60,59,59.5,95800.0,True,2018HU0427216,49
3,30000.0,2550.0,11.764705882352942,58,44,51.0,32550.0,True,2018HU0428215,12
1,13700.0,2900.0,4.724137931034483,66,75,70.5,16600.0,True,2018HU0428277,4
1,55000.0,19200.0,2.8645833333333335,42,38,40.0,74200.0,False,2018HU0428808,24
2,129600.0,75000.0,1.728,65,59,62.0,204600.0,True,2018HU0429259,17
3,67000.0,6500.0,10.307692307692308,53,53,53.0,73500.0,True,2018HU0429604,19
2,114000.0,24000.0,4.75,45,38,41.5,138000.0,True,2018HU0430146,13
0,48000.0,0.0,0.0,30,31,30.5,48000.0,True,2018HU0430388,32
0,90700.0,35000.0,2.5914285714285716,59,58,58.5,125700.0,True,2018HU0430469,18
2,160000.0,100000.0,1.6,32,34,33.0,260000.0,True,2018HU0430490,33
2,70000.0,160000.0,2.2857142857142856,53,56,54.5,230000.0,True,2018HU0430564,24
1,82000.0,90400.0,1.102439024390244,67,67,67.0,172400.0,True,2018HU0430704,18
0,49100.0,19700.0,2.4923857868020303,70,70,70.0,68800.0,True,2018HU0430892,29
0,47000.0,113600.0,2.4170212765957446,49,46,47.5,160600.0,True,2018HU0431273,55
2,21000.0,3800.0,5.526315789473684,69,84,76.5,24800.0,True,2018HU0432423,44
0,58000.0,0.0,0.0,62,60,61.0,58000.0,True,2018HU0433833,7
0,29000.0,29000.0,1.0,30,30,30.0,58000.0,True,2018HU0433960,59
8,279000.0,7500.0,37.2,70,68,69.0,286500.0,True,2018HU0434097,9
4,0.0,403000.0,0.0,52,52,52.0,403000.0,True,2018HU0434192,17
2,112000.0,24700.0,4.534412955465587,62,64,63.0,136700.0,True,2018HU0435316,23
1,12600.0,2900.0,4.344827586206897,77,78,77.5,15500.0,True,2018HU0435333,16
0,30000.0,65000.0,2.1666666666666665,43,50,46.5,95000.0,True,2018HU0437132,63
0,40600.0,32700.0,1.2415902140672783,50,43,46.5,73300.0,True,2018HU0437766,3
0,40000.0,36000.0,1.1111111111111112,44,45,44.5,76000.0,True,2018HU0437927,17
3,84600.0,7800.0,10.846153846153847,78,76,77.0,92400.0,True,2018HU0438089,6
0,8200.0,21200.0,2.5853658536585367,83,81,82.0,29400.0,True,2018HU0439413,4
4,57000.0,344000.0,6.035087719298246,51,52,51.5,401000.0,True,2018HU0441071,25
4,19000.0,322000.0,16.94736842105263,37,43,40.0,341000.0,True,2018HU0441844,26
1,0.0,70000.0,0.0,44,51,47.5,70000.0,False,2018HU0442208,58
1,100000.0,52000.0,1.9230769230769231,57,48,52.5,152000.0,True,2018HU0442392,21
1,58500.0,116700.0,1.994871794871795,76,75,75.5,175200.0,True,2018HU0442593,18
2,34800.0,0.0,0.0,26,22,24.0,34800.0,True,2018HU0442920,50
5,50000.0,5000.0,10.0,53,23,38.0,55000.0,False,2018HU0443343,42
1,50000.0,45000.0,1.1111111111111112,48,50,49.0,95000.0,True,2018HU0443502,4
0,30000.0,64000.0,2.1333333333333333,38,49,43.5,94000.0,True,2018HU0443703,74
8,231700.0,7790.0,29.743260590500643,85,82,83.5,239490.0,True,2018HU0445012,16
0,48000.0,71400.0,1.4875,65,65,65.0,119400.0,True,2018HU0445534,40
0,27900.0,17300.0,1.6127167630057804,78,73,75.5,45200.0,True,2018HU0446141,44
1,58200.0,100000.0,1.7182130584192439,43,45,44.0,158200.0,True,2018HU0446817,5
0,50000.0,85000.0,1.7,54,57,55.5,135000.0,True,2018HU0446996,4
0,24200.0,72000.0,2.975206611570248,31,35,33.0,96200.0,True,2018HU0447001,14
0,19200.0,23100.0,1.203125,72,67,69.5,42300.0,True,2018HU0447571,12
2,66100.0,65300.0,1.0122511485451762,49,45,47.0,131400.0,False,2018HU0448094,15
4,0.0,150000.0,0.0,41,67,54.0,150000.0,True,2018HU0448315,47
0,30000.0,65000.0,2.1666666666666665,42,42,42.0,95000.0,True,2018HU0448640,15
2,62600.0,54200.0,1.154981549815498,75,74,74.5,116800.0,True,2018HU0449071,8
0,990.0,0.0,0.0,65,50,57.5,990.0,True,2018HU0449284,8
1,76200.0,88000.0,1.1548556430446195,34,37,35.5,164200.0,True,2018HU0449650,26
1,70000.0,60000.0,1.1666666666666667,33,31,32.0,130000.0,True,2018HU0449689,22
5,200.0,29000.0,145.0,69,73,71.0,29200.0,True,2018HU0449803,38
0,80000.0,0.0,0.0,43,41,42.0,80000.0,True,2018HU0450660,4
1,70000.0,70000.0,1.0,44,42,43.0,140000.0,True,2018HU0451811,23
2,96000.0,192200.0,2.002083333333333,49,52,50.5,288200.0,True,2018HU0452220,19
2,77200.0,12100.0,6.380165289256198,84,82,83.0,89300.0,True,2018HU0452780,15
1,106410.0,80450.0,1.3226848974518335,71,69,70.0,186860.0,True,2018HU0453318,11
0,36050.0,49740.0,1.379750346740638,81,82,81.5,85790.0,True,2018HU0453791,5
1,32000.0,33000.0,1.03125,44,35,39.5,65000.0,True,2018HU0454867,11
0,65000.0,36200.0,1.7955801104972375,61,65,63.0,101200.0,True,2018HU0455139,13
1,58500.0,115020.0,1.9661538461538461,56,61,58.5,173520.0,True,2018HU0455580,5
0,91500.0,41700.0,2.194244604316547,64,53,58.5,133200.0,True,2018HU0455729,10
0,17900.0,36300.0,2.0279329608938546,73,73,73.0,54200.0,True,2018HU0456262,14
5,315100.0,15200.0,20.730263157894736,73,73,73.0,330300.0,True,2018HU0456520,13
1,43000.0,60000.0,1.3953488372093024,27,29,28.0,103000.0,True,2018HU0456595,24
0,46300.0,57300.0,1.2375809935205184,78,76,77.0,103600.0,True,2018HU0457204,13
4,298300.0,16600.0,17.96987951807229,74,71,72.5,314900.0,True,2018HU0457474,4
0,29000.0,15850.0,1.8296529968454258,69,66,67.5,44850.0,True,2018HU0457551,17
0,14400.0,35000.0,2.4305555555555554,62,56,59.0,49400.0,True,2018HU0458057,12
0,49000.0,0.0,0.0,47,41,44.0,49000.0,True,2018HU0458335,15
2,113100.0,92800.0,1.21875,47,43,45.0,205900.0,True,2018HU0458375,9
1,30000.0,130000.0,4.333333333333333,50,48,49.0,160000.0,True,2018HU0459665,41
0,62000.0,47500.0,1.305263157894737,38,39,38.5,109500.0,True,2018HU0460606,36
7,1020.0,115000.0,112.74509803921569,33,34,33.5,116020.0,True,2018HU0460611,29
0,33000.0,16500.0,2.0,43,41,42.0,49500.0,True,2018HU0460881,13
0,25000.0,0.0,0.0,55,57,56.0,25000.0,True,2018HU0461159,14
1,80000.0,106000.0,1.325,38,40,39.0,186000.0,True,2018HU0461583,23
1,100000.0,68000.0,1.4705882352941178,60,56,58.0,168000.0,True,2018HU0461681,17
0,38400.0,14400.0,2.6666666666666665,66,77,71.5,52800.0,True,2018HU0462021,4
1,54000.0,73000.0,1.3518518518518519,78,79,78.5,127000.0,True,2018HU0462971,26
0,68000.0,50000.0,1.36,53,49,51.0,118000.0,True,2018HU0463285,32
0,130000.0,50000.0,2.6,39,39,39.0,180000.0,True,2018HU0464276,2
1,75000.0,71600.0,1.047486033519553,56,57,56.5,146600.0,True,2018HU0464658,23
0,29600.0,29600.0,1.0,49,39,44.0,59200.0,True,2018HU0465679,40
0,42000.0,62000.0,1.4761904761904763,56,58,57.0,104000.0,True,2018HU0465862,3
1,80200.0,18200.0,4.406593406593407,54,63,58.5,98400.0,True,2018HU0466311,13
0,22300.0,9600.0,2.3229166666666665,69,63,66.0,31900.0,True,2018HU0466911,10
1,17900.0,55000.0,3.0726256983240225,76,70,73.0,72900.0,True,2018HU0467304,16
3,134000.0,0.0,0.0,39,33,36.0,134000.0,True,2018HU0468703,6
4,83000.0,3000.0,27.666666666666668,45,43,44.0,86000.0,True,2018HU0468754,17
0,39800.0,61100.0,1.535175879396985,67,63,65.0,100900.0,True,2018HU0470333,16
0,43000.0,25600.0,1.6796875,88,86,87.0,68600.0,True,2018HU0470657,23
2,5000.0,47800.0,9.56,65,65,65.0,52800.0,True,2018HU0470684,7
0,79100.0,40050.0,1.975031210986267,70,63,66.5,119150.0,True,2018HU0472592,8
1,10000.0,15000.0,1.5,49,61,55.0,25000.0,False,2018HU0472771,64
1,0.0,45000.0,0.0,40,42,41.0,45000.0,True,2018HU0473524,4
3,55000.0,200000.0,3.6363636363636362,39,44,41.5,255000.0,True,2018HU0474444,13
1,36000.0,12000.0,3.0,70,68,69.0,48000.0,True,2018HU0475042,4
4,1800.0,83700.0,46.5,58,50,54.0,85500.0,True,2018HU0477230,11
0,12000.0,4800.0,2.5,81,81,81.0,16800.0,True,2018HU0477248,16
2,19800.0,60000.0,3.0303030303030303,23,31,27.0,79800.0,True,2018HU0477747,40
0,27200.0,12000.0,2.2666666666666666,73,70,71.5,39200.0,True,2018HU0477798,5
1,35000.0,80000.0,2.2857142857142856,50,54,52.0,115000.0,True,2018HU0478184,14
5,8300.0,65000.0,7.831325301204819,73,36,54.5,73300.0,False,2018HU0479066,6
0,33000.0,25000.0,1.32,66,57,61.5,58000.0,True,2018HU0479200,5
2,135250.0,145250.0,1.0739371534195934,61,63,62.0,280500.0,True,2018HU0480841,29
2,15000.0,62200.0,4.1466666666666665,73,75,74.0,77200.0,True,2018HU0481232,48
2,107500.0,18000.0,5.972222222222222,40,38,39.0,125500.0,True,2018HU0481926,7
7,135000.0,740.0,182.43243243243242,48,48,48.0,135740.0,True,2018HU0482899,8
0,63000.0,45000.0,1.4,52,56,54.0,108000.0,True,2018HU0484147,13
0,63000.0,40000.0,1.575,57,42,49.5,103000.0,True,2018HU0485131,12
2,85200.0,13200.0,6.454545454545454,68,63,65.5,98400.0,True,2018HU0485885,7
0,20000.0,50000.0,2.5,58,58,58.0,70000.0,True,2018HU0486390,18
0,45000.0,35000.0,1.2857142857142858,63,62,62.5,80000.0,True,2018HU0486866,10
0,31200.0,45800.0,1.4679487179487178,60,55,57.5,77000.0,True,2018HU0487049,16
0,25000.0,37500.0,1.5,31,32,31.5,62500.0,True,2018HU0487110,16
0,20800.0,0.0,0.0,37,30,33.5,20800.0,True,2018HU0487736,31
1,111300.0,34000.0,3.273529411764706,53,53,53.0,145300.0,True,2018HU0487785,27
0,48000.0,53000.0,1.1041666666666667,41,43,42.0,101000.0,True,2018HU0488221,8
1,17520.0,22400.0,1.278538812785388,70,68,69.0,39920.0,True,2018HU0488224,35
1,24200.0,10500.0,2.3047619047619046,28,28,28.0,34700.0,True,2018HU0488935,35
0,59800.0,36800.0,1.625,70,60,65.0,96600.0,True,2018HU0489718,15
0,62200.0,21000.0,2.961904761904762,67,78,72.5,83200.0,True,2018HU0491252,45
0,53500.0,31300.0,1.70926517571885,87,80,83.5,84800.0,True,2018HU0491378,8
1,138410.0,31400.0,4.40796178343949,89,87,88.0,169810.0,True,2018HU0492091,5
4,403000.0,0.0,0.0,55,54,54.5,403000.0,True,2018HU0492659,4
2,102000.0,18200.0,5.604395604395604,69,69,69.0,120200.0,True,2018HU0492855,15
4,95100.0,2600.0,36.57692307692308,64,59,61.5,97700.0,True,2018HU0492956,20
0,35000.0,20000.0,1.75,43,47,45.0,55000.0,True,2018HU0493616,9
0,50000.0,50000.0,1.0,52,51,51.5,100000.0,True,2018HU0494327,13
0,55050.0,50000.0,1.101,49,45,47.0,105050.0,True,2018HU0494895,15
1,6000.0,26600.0,4.433333333333334,58,60,59.0,32600.0,True,2018HU0495412,21
0,22800.0,8900.0,2.561797752808989,71,70,70.5,31700.0,True,2018HU0496456,21
0,46000.0,80000.0,1.7391304347826086,50,45,47.5,126000.0,True,2018HU0496665,30
0,18000.0,15100.0,1.1920529801324504,77,63,70.0,33100.0,True,2018HU0499113,52
2,88000.0,124000.0,1.4090909090909092,58,61,59.5,212000.0,True,2018HU0499442,10
0,10000.0,26300.0,2.63,38,39,38.5,36300.0,True,2018HU0499946,8
2,10800.0,64010.0,5.926851851851852,69,71,70.0,74810.0,True,2018HU0500409,14
1,49000.0,14000.0,3.5,60,63,61.5,63000.0,True,2018HU0500621,24
1,4400.0,3700.0,1.1891891891891893,68,68,68.0,8100.0,True,2018HU0502025,52
0,0.0,78000.0,0.0,58,56,57.0,78000.0,True,2018HU0502778,31
0,15000.0,26100.0,1.74,66,66,66.0,41100.0,True,2018HU0502881,3
1,0.0,20000.0,0.0,39,46,42.5,20000.0,False,2018HU0503281,18
1,20900.0,27300.0,1.30622009569378,96,80,88.0,48200.0,True,2018HU0503422,16
0,62000.0,35000.0,1.7714285714285714,59,59,59.0,97000.0,True,2018HU0504675,8
2,108500.0,120000.0,1.1059907834101383,45,45,45.0,228500.0,True,2018HU0504747,40
0,80000.0,30000.0,2.6666666666666665,51,49,50.0,110000.0,True,2018HU0505750,12
0,40000.0,90000.0,2.25,56,51,53.5,130000.0,True,2018HU0506542,12
2,270000.0,100000.0,2.7,47,46,46.5,370000.0,True,2018HU0506664,10
0,25000.0,50000.0,2.0,31,34,32.5,75000.0,True,2018HU0508000,70
3,60400.0,7000.0,8.628571428571428,70,71,70.5,67400.0,True,2018HU0508133,16
1,48000.0,72170.0,1.5035416666666668,39,38,38.5,120170.0,False,2018HU0508152,15
1,150000.0,40000.0,3.75,32,36,34.0,190000.0,True,2018HU0508419,44
3,408000.0,50000.0,8.16,47,47,47.0,458000.0,True,2018HU0509315,15
0,64000.0,0.0,0.0,37,41,39.0,64000.0,True,2018HU0509409,25
1,60000.0,13000.0,4.615384615384615,49,43,46.0,73000.0,True,2018HU0509815,14
1,83000.0,24000.0,3.4583333333333335,47,42,44.5,107000.0,True,2018HU0509861,40
4,140000.0,0.0,0.0,47,51,49.0,140000.0,True,2018HU0509972,19
0,17000.0,10070.0,1.6881827209533267,62,66,64.0,27070.0,True,2018HU0511841,21
4,38200.0,3800.0,10.052631578947368,77,28,52.5,42000.0,True,2018HU0512935,12
1,130000.0,35000.0,3.7142857142857144,61,62,61.5,165000.0,True,2018HU0513002,38
0,26900.0,57200.0,2.12639405204461,70,69,69.5,84100.0,True,2018HU0513135,12
0,17100.0,8500.0,2.011764705882353,88,86,87.0,25600.0,True,2018HU0513932,18
3,1500.0,19200.0,12.8,96,83,89.5,20700.0,True,2018HU0514465,8
0,30000.0,45500.0,1.5166666666666666,54,57,55.5,75500.0,True,2018HU0514917,36
0,22000.0,0.0,0.0,39,35,37.0,22000.0,True,2018HU0515665,30
1,68000.0,71500.0,1.0514705882352942,60,75,67.5,139500.0,True,2018HU0516361,17
2,21000.0,89000.0,4.238095238095238,50,49,49.5,110000.0,True,2018HU0516379,20
1,113000.0,79000.0,1.4303797468354431,45,46,45.5,192000.0,True,2018HU0516728,25
0,17600.0,0.0,0.0,47,50,48.5,17600.0,True,2018HU0517019,59
2,67770.0,60300.0,1.1238805970149253,71,67,69.0,128070.0,True,2018HU0517088,20
1,30000.0,47000.0,1.5666666666666667,55,56,55.5,77000.0,True,2018HU0517649,5
0,42000.0,15300.0,2.7450980392156863,66,62,64.0,57300.0,True,2018HU0517728,12
0,9600.0,8400.0,1.1428571428571428,73,71,72.0,18000.0,True,2018HU0518706,7
1,38000.0,36900.0,1.029810298102981,37,38,37.5,74900.0,False,2018HU0520594,5
3,21000.0,1800.0,11.666666666666666,41,29,35.0,22800.0,True,2018HU0521176,40
3,15000.0,50000.0,3.3333333333333335,21,21,21.0,65000.0,True,2018HU0521543,21
0,37000.0,24000.0,1.5416666666666667,56,52,54.0,61000.0,True,2018HU0521739,14
0,12400.0,0.0,0.0,60,67,63.5,12400.0,True,2018HU0522349,17
2,165000.0,130000.0,1.2692307692307692,68,69,68.5,295000.0,True,2018HU0522389,46
0,30000.0,16100.0,1.8633540372670807,71,71,71.0,46100.0,True,2018HU0522716,18
2,21000.0,25000.0,1.1904761904761905,23,21,22.0,46000.0,True,2018HU0522869,14
2,12530.0,78900.0,6.296887470071828,70,70,70.0,91430.0,True,2018HU0523079,7
0,13100.0,6100.0,2.1475409836065573,82,77,79.5,19200.0,True,2018HU0523081,16
1,40400.0,80000.0,1.9801980198019802,53,53,53.0,120400.0,False,2018HU0523503,17
2,27000.0,146000.0,5.407407407407407,50,48,49.0,173000.0,True,2018HU0524202,9
0,35000.0,40000.0,1.1428571428571428,32,31,31.5,75000.0,True,2018HU0524880,8
2,11500.0,18100.0,1.5739130434782609,71,87,79.0,29600.0,True,2018HU0525383,20
0,25000.0,17600.0,1.4204545454545454,86,80,83.0,42600.0,True,2018HU0525411,13
0,37000.0,48000.0,1.2972972972972974,61,57,59.0,85000.0,True,2018HU0525518,48
0,31000.0,19200.0,1.6145833333333333,69,67,68.0,50200.0,True,2018HU0525657,7
4,210000.0,14000.0,15.0,42,49,45.5,224000.0,True,2018HU0526419,25
2,71830.0,30000.0,2.3943333333333334,56,26,41.0,101830.0,False,2018HU0527171,12
0,29300.0,18300.0,1.6010928961748634,67,69,68.0,47600.0,True,2018HU0528024,28
2,24000.0,4300.0,5.5813953488372094,40,45,42.5,28300.0,True,2018HU0529337,15
2,7000.0,37500.0,5.357142857142857,63,63,63.0,44500.0,True,2018HU0529896,30
2,401800.0,403000.0,1.0029865604778496,44,40,42.0,804800.0,True,2018HU0529907,15
2,90000.0,127600.0,1.4177777777777778,52,53,52.5,217600.0,True,2018HU0530263,14
4,25000.0,2000.0,12.5,26,24,25.0,27000.0,True,2018HU0530444,12
2,19700.0,0.0,0.0,20,22,21.0,19700.0,True,2018HU0531500,9
0,24000.0,25000.0,1.0416666666666667,48,49,48.5,49000.0,True,2018HU0531755,16
0,50400.0,26900.0,1.8736059479553904,67,67,67.0,77300.0,True,2018HU0532147,28
0,60000.0,0.0,0.0,32,29,30.5,60000.0,True,2018HU0532152,28
0,46000.0,55000.0,1.1956521739130435,53,55,54.0,101000.0,True,2018HU0532682,24
4,80000.0,3600.0,22.22222222222222,59,58,58.5,83600.0,True,2018HU0534251,10
0,0.0,40800.0,0.0,33,40,36.5,40800.0,True,2018HU0534453,68
2,45500.0,7800.0,5.833333333333333,74,77,75.5,53300.0,True,2018HU0535162,14
4,229100.0,0.0,0.0,57,58,57.5,229100.0,True,2018HU0535557,42
0,80000.0,37000.0,2.1621621621621623,60,59,59.5,117000.0,True,2018HU0535608,15
0,30000.0,55000.0,1.8333333333333333,40,33,36.5,85000.0,True,2018HU0535668,43
1,48500.0,150000.0,3.0927835051546393,35,33,34.0,198500.0,True,2018HU0535832,18
0,135800.0,50000.0,2.716,55,61,58.0,185800.0,True,2018HU0536420,8
0,40000.0,60000.0,1.5,64,57,60.5,100000.0,True,2018HU0536816,21
5,42500.0,1200.0,35.416666666666664,62,61,61.5,43700.0,True,2018HU0537193,2
2,185000.0,46000.0,4.021739130434782,61,65,63.0,231000.0,True,2018HU0537508,14
0,52000.0,50000.0,1.04,35,35,35.0,102000.0,True,2018HU0537642,10
1,58500.0,130000.0,2.2222222222222223,78,64,71.0,188500.0,True,2018HU0538075,14
3,29000.0,29000.0,1.0,20,21,20.5,58000.0,False,2018HU0538305,21
1,62430.0,20400.0,3.0602941176470586,79,80,79.5,82830.0,True,2018HU0540154,43
1,25200.0,8000.0,3.15,69,63,66.0,33200.0,True,2018HU0540580,6
1,28900.0,8400.0,3.4404761904761907,73,70,71.5,37300.0,True,2018HU0540773,5
0,60000.0,43000.0,1.3953488372093024,36,34,35.0,103000.0,True,2018HU0540779,12
1,24000.0,8000.0,3.0,27,30,28.5,32000.0,True,2018HU0541331,12
0,60000.0,25000.0,2.4,38,46,42.0,85000.0,True,2018HU0541517,25
1,32600.0,8700.0,3.7471264367816093,77,76,76.5,41300.0,True,2018HU0542244,15
0,43000.0,45000.0,1.0465116279069768,55,52,53.5,88000.0,True,2018HU0542378,2
3,80000.0,155000.0,1.9375,57,57,57.0,235000.0,True,2018HU0543355,17
0,40000.0,60000.0,1.5,27,35,31.0,100000.0,True,2018HU0544234,35
1,48000.0,0.0,0.0,66,57,61.5,48000.0,True,2018HU0544323,5
4,74000.0,1900.0,38.94736842105263,35,35,35.0,75900.0,True,2018HU0545446,11
0,12000.0,9000.0,1.3333333333333333,73,73,73.0,21000.0,True,2018HU0547168,7
0,15600.0,8200.0,1.9024390243902438,82,83,82.5,23800.0,True,2018HU0547884,13
0,48250.0,35500.0,1.3591549295774648,40,40,40.0,83750.0,True,2018HU0547956,27
2,25100.0,26400.0,1.051792828685259,20,22,21.0,51500.0,True,2018HU0548242,33
1,0.0,20000.0,0.0,63,42,52.5,20000.0,True,2018HU0550506,40
2,177000.0,85000.0,2.0823529411764707,54,49,51.5,262000.0,True,2018HU0550890,7
1,32000.0,9600.0,3.3333333333333335,62,70,66.0,41600.0,True,2018HU0551031,12
3,23500.0,210000.0,8.936170212765957,64,52,58.0,233500.0,True,2018HU0551406,5
2,50010.0,8000.0,6.25125,48,49,48.5,58010.0,True,2018HU0551747,26
1,17900.0,62700.0,3.5027932960893855,69,70,69.5,80600.0,True,2018HU0551826,16
1,67000.0,66600.0,1.006006006006006,76,83,79.5,133600.0,True,2018HU0552054,14
2,24000.0,100000.0,4.166666666666667,64,72,68.0,124000.0,True,2018HU0552109,5
1,30000.0,52000.0,1.7333333333333334,30,26,28.0,82000.0,True,2018HU0552748,56
1,110900.0,89000.0,1.246067415730337,56,56,56.0,199900.0,True,2018HU0552967,21
1,50300.0,57500.0,1.143141153081511,70,66,68.0,107800.0,True,2018HU0553384,5
4,200100.0,0.0,0.0,45,46,45.5,200100.0,True,2018HU0553414,13
0,79600.0,37000.0,2.151351351351351,67,62,64.5,116600.0,True,2018HU0553651,83
2,104400.0,19000.0,5.494736842105263,66,61,63.5,123400.0,True,2018HU0553726,18
0,50000.0,58000.0,1.16,33,36,34.5,108000.0,True,2018HU0553808,13
1,58100.0,96000.0,1.6523235800344234,56,57,56.5,154100.0,True,2018HU0554118,41
0,19000.0,7800.0,2.4358974358974357,85,85,85.0,26800.0,True,2018HU0556309,21
1,43700.0,45000.0,1.0297482837528604,42,50,46.0,88700.0,True,2018HU0557229,83
4,35000.0,500.0,70.0,36,35,35.5,35500.0,True,2018HU0557688,9
1,4900.0,15000.0,3.061224489795918,77,86,81.5,19900.0,True,2018HU0557750,22
3,131000.0,0.0,0.0,53,40,46.5,131000.0,True,2018HU0557888,33
2,76600.0,9800.0,7.816326530612245,80,75,77.5,86400.0,True,2018HU0558059,11
1,79000.0,22000.0,3.590909090909091,56,56,56.0,101000.0,True,2018HU0558997,20
1,85000.0,65000.0,1.3076923076923077,79,79,79.0,150000.0,True,2018HU0559227,7
0,23000.0,9000.0,2.5555555555555554,36,40,38.0,32000.0,True,2018HU0559707,8
2,43000.0,8000.0,5.375,38,38,38.0,51000.0,True,2018HU0560030,11
1,21000.0,22600.0,1.0761904761904761,70,63,66.5,43600.0,False,2018HU0560071,30
2,116100.0,103100.0,1.1260911736178467,51,50,50.5,219200.0,True,2018HU0560440,24
2,109000.0,106000.0,1.028301886792453,39,38,38.5,215000.0,True,2018HU0560495,16
1,83600.0,21000.0,3.980952380952381,71,76,73.5,104600.0,True,2018HU0560757,13
2,88000.0,136000.0,1.5454545454545454,49,49,49.0,224000.0,True,2018HU0560944,23
8,250000.0,4300.0,58.13953488372093,47,54,50.5,254300.0,True,2018HU0561067,9
1,117100.0,24200.0,4.838842975206612,76,70,73.0,141300.0,True,2018HU0561169,17
2,130000.0,115000.0,1.1304347826086956,50,47,48.5,245000.0,True,2018HU0561286,15
3,73000.0,80000.0,1.095890410958904,57,56,56.5,153000.0,False,2018HU0561455,18
0,23000.0,20600.0,1.116504854368932,76,83,79.5,43600.0,True,2018HU0561535,6
1,45000.0,49000.0,1.0888888888888888,63,62,62.5,94000.0,True,2018HU0561635,4
0,0.0,28200.0,0.0,36,38,37.0,28200.0,True,2018HU0561885,27
1,58250.0,90300.0,1.5502145922746782,69,68,68.5,148550.0,True,2018HU0561954,4
0,49800.0,50600.0,1.0160642570281124,36,36,36.0,100400.0,True,2018HU0562423,16
0,66000.0,0.0,0.0,31,30,30.5,66000.0,True,2018HU0562763,15
0,52000.0,25000.0,2.08,61,61,61.0,77000.0,True,2018HU0563588,16
3,195000.0,0.0,0.0,56,41,48.5,195000.0,True,2018HU0564045,8
0,61000.0,0.0,0.0,38,48,43.0,61000.0,True,2018HU0564317,24
2,146000.0,120000.0,1.2166666666666666,42,54,48.0,266000.0,True,2018HU0566059,17
0,60000.0,0.0,0.0,63,62,62.5,60000.0,True,2018HU0566794,17
0,50000.0,0.0,0.0,46,40,43.0,50000.0,True,2018HU0567177,13
0,50000.0,30000.0,1.6666666666666667,35,33,34.0,80000.0,True,2018HU0567308,12
8,115000.0,3000.0,38.333333333333336,51,51,51.0,118000.0,True,2018HU0567968,4
0,0.0,15000.0,0.0,36,35,35.5,15000.0,True,2018HU0568873,24
1,29900.0,8500.0,3.5176470588235293,38,32,35.0,38400.0,True,2018HU0569806,15
0,0.0,2000.0,0.0,65,65,65.0,2000.0,True,2018HU0570439,5
1,130000.0,55000.0,2.3636363636363638,32,30,31.0,185000.0,True,2018HU0571756,8
4,431000.0,30900.0,13.94822006472492,75,65,70.0,461900.0,True,2018HU0572161,27
2,8000.0,13900.0,1.7375,27,27,27.0,21900.0,False,2018HU0572221,20
0,53400.0,50000.0,1.068,45,51,48.0,103400.0,True,2018HU0574759,13
4,456000.0,55000.0,8.290909090909091,63,58,60.5,511000.0,True,2018HU0575150,4
0,23800.0,30300.0,1.273109243697479,88,84,86.0,54100.0,True,2018HU0575514,15
0,10000.0,22800.0,2.28,80,85,82.5,32800.0,True,2018HU0575614,14
0,57520.0,26000.0,2.212307692307692,54,58,56.0,83520.0,True,2018HU0576242,15
2,30000.0,5000.0,6.0,39,34,36.5,35000.0,True,2018HU0576377,41
8,5500.0,264000.0,48.0,72,65,68.5,269500.0,True,2018HU0576807,17
1,80000.0,80000.0,1.0,51,51,51.0,160000.0,True,2018HU0577204,8
2,80000.0,100200.0,1.2525,67,67,67.0,180200.0,True,2018HU0577786,8
0,7000.0,7000.0,1.0,54,60,57.0,14000.0,True,2018HU0578025,12
1,130000.0,70000.0,1.8571428571428572,50,56,53.0,200000.0,True,2018HU0579812,13
3,115000.0,0.0,0.0,46,43,44.5,115000.0,True,2018HU0580032,29
1,102200.0,72400.0,1.4116022099447514,61,61,61.0,174600.0,True,2018HU0580592,24
1,60000.0,113800.0,1.8966666666666667,40,49,44.5,173800.0,True,2018HU0580780,15
2,80900.0,11100.0,7.288288288288288,83,92,87.5,92000.0,True,2018HU0580822,13
2,24000.0,150000.0,6.25,45,47,46.0,174000.0,True,2018HU0580836,54
0,42300.0,29000.0,1.4586206896551723,65,68,66.5,71300.0,True,2018HU0580869,13
1,30200.0,7500.0,4.026666666666666,67,57,62.0,37700.0,True,2018HU0581356,30
2,16000.0,5700.0,2.807017543859649,26,22,24.0,21700.0,True,2018HU0581746,14
1,46000.0,98000.0,2.130434782608696,47,51,49.0,144000.0,True,2018HU0582559,20
0,41400.0,50000.0,1.2077294685990339,40,41,40.5,91400.0,True,2018HU0582789,17
1,130000.0,60000.0,2.1666666666666665,61,50,55.5,190000.0,True,2018HU0585275,15
0,36200.0,0.0,0.0,36,31,33.5,36200.0,True,2018HU0585874,71
0,65000.0,24000.0,2.7083333333333335,51,51,51.0,89000.0,True,2018HU0586222,47
1,95000.0,95000.0,1.0,54,50,52.0,190000.0,True,2018HU0587088,23
7,4500.0,190000.0,42.22222222222222,53,58,55.5,194500.0,True,2018HU0588388,8
0,0.0,84900.0,0.0,48,47,47.5,84900.0,True,2018HU0589277,30
0,40000.0,38000.0,1.0526315789473684,51,56,53.5,78000.0,True,2018HU0589607,17
3,29200.0,55000.0,1.8835616438356164,70,45,57.5,84200.0,False,2018HU0589766,18
2,100000.0,75000.0,1.3333333333333333,45,53,49.0,175000.0,True,2018HU0589820,15
2,212000.0,115000.0,1.8434782608695652,80,70,75.0,327000.0,True,2018HU0589934,15
2,14400.0,101000.0,7.013888888888889,40,55,47.5,115400.0,True,2018HU0589939,32
1,55150.0,15260.0,3.614023591087811,59,65,62.0,70410.0,True,2018HU0590145,21
1,80000.0,80000.0,1.0,37,43,40.0,160000.0,True,2018HU0590277,13
2,65900.0,71000.0,1.077389984825493,64,53,58.5,136900.0,True,2018HU0590503,10
0,55000.0,20000.0,2.75,44,44,44.0,75000.0,True,2018HU0590769,3
1,119000.0,60000.0,1.9833333333333334,63,56,59.5,179000.0,True,2018HU0592587,23
0,2050.0,3800.0,1.853658536585366,65,62,63.5,5850.0,True,2018HU0592621,2
0,20000.0,10000.0,2.0,53,47,50.0,30000.0,True,2018HU0592848,19
3,110800.0,0.0,0.0,62,67,64.5,110800.0,True,2018HU0593019,24
5,406000.0,13000.0,31.23076923076923,67,73,70.0,419000.0,True,2018HU0593784,10
1,16050.0,16100.0,1.0031152647975077,69,71,70.0,32150.0,True,2018HU0594779,14
0,45100.0,60000.0,1.3303769401330376,35,36,35.5,105100.0,True,2018HU0594831,16
0,28000.0,82000.0,2.9285714285714284,35,40,37.5,110000.0,True,2018HU0595106,8
0,43700.0,64000.0,1.4645308924485125,56,53,54.5,107700.0,True,2018HU0595217,22
1,75000.0,92200.0,1.2293333333333334,38,36,37.0,167200.0,True,2018HU0595247,32
2,58000.0,7000.0,8.285714285714286,33,30,31.5,65000.0,True,2018HU0595523,4
1,0.0,0.0,0.0,28,40,34.0,0.0,False,2018HU0596167,36
1,44200.0,76000.0,1.7194570135746607,30,43,36.5,120200.0,False,2018HU0596222,15
0,24000.0,0.0,0.0,59,62,60.5,24000.0,True,2018HU0596378,17
1,125000.0,60000.0,2.0833333333333335,41,42,41.5,185000.0,True,2018HU0596945,16
1,120000.0,60000.0,2.0,38,44,41.0,180000.0,True,2018HU0597306,3
2,65000.0,65000.0,1.0,47,41,44.0,130000.0,True,2018HU0597823,9
2,152000.0,90000.0,1.6888888888888889,34,36,35.0,242000.0,True,2018HU0598010,14
0,40300.0,0.0,0.0,77,78,77.5,40300.0,True,2018HU0598103,6
3,83000.0,8000.0,10.375,50,45,47.5,91000.0,True,2018HU0598287,8
1,25900.0,38100.0,1.471042471042471,50,47,48.5,64000.0,True,2018HU0598817,19
0,84400.0,38000.0,2.221052631578947,49,42,45.5,122400.0,True,2018HU0598819,30
1,37500.0,11500.0,3.260869565217391,61,63,62.0,49000.0,True,2018HU0599391,21
1,20000.0,23000.0,1.15,35,36,35.5,43000.0,True,2018HU0600342,13
1,25000.0,50000.0,2.0,26,28,27.0,75000.0,True,2018HU0600466,16
1,87070.0,53000.0,1.6428301886792454,30,30,30.0,140070.0,True,2018HU0600872,18
0,46000.0,76000.0,1.6521739130434783,78,84,81.0,122000.0,True,2018HU0601088,43
7,186000.0,8900.0,20.89887640449438,73,65,69.0,194900.0,True,2018HU0601245,2
0,25000.0,20000.0,1.25,54,56,55.0,45000.0,True,2018HU0601808,69
2,24000.0,27600.0,1.15,23,24,23.5,51600.0,True,2018HU0602477,27
0,35000.0,57000.0,1.6285714285714286,54,59,56.5,92000.0,True,2018HU0603357,6
2,30000.0,14000.0,2.142857142857143,21,21,21.0,44000.0,True,2018HU0603814,16
1,15400.0,50000.0,3.2467532467532467,34,34,34.0,65400.0,True,2018HU0604559,13
1,52000.0,43000.0,1.2093023255813953,29,30,29.5,95000.0,True,2018HU0605396,36
0,17100.0,14890.0,1.1484217595701813,83,84,83.5,31990.0,True,2018HU0605731,32
2,65000.0,10000.0,6.5,50,51,50.5,75000.0,True,2018HU0607406,13
0,40000.0,97000.0,2.425,53,51,52.0,137000.0,True,2018HU0607423,15
3,213000.0,36000.0,5.916666666666667,50,52,51.0,249000.0,True,2018HU0607461,33
3,91000.0,0.0,0.0,84,28,56.0,91000.0,False,2018HU0607882,18
8,1000.0,403000.0,403.0,57,59,58.0,404000.0,True,2018HU0609962,15
1,59800.0,12100.0,4.9421487603305785,88,80,84.0,71900.0,True,2018HU0609983,39
2,189000.0,85000.0,2.223529411764706,40,41,40.5,274000.0,True,2018HU0610291,38
3,0.0,30000.0,0.0,61,36,48.5,30000.0,False,2018HU0610448,23
1,8800.0,35000.0,3.977272727272727,49,52,50.5,43800.0,True,2018HU0610479,65
3,145000.0,0.0,0.0,44,44,44.0,145000.0,True,2018HU0610964,17
1,66700.0,63700.0,1.0470957613814758,75,74,74.5,130400.0,True,2018HU0611300,9
2,81600.0,200000.0,2.450980392156863,66,58,62.0,281600.0,True,2018HU0611366,16
3,190000.0,0.0,0.0,59,54,56.5,190000.0,True,2018HU0613292,28
0,7000.0,8800.0,1.2571428571428571,69,67,68.0,15800.0,True,2018HU0613368,7
0,33000.0,27000.0,1.2222222222222223,40,51,45.5,60000.0,True,2018HU0613452,3
3,225000.0,60000.0,3.75,37,34,35.5,285000.0,True,2018HU0613585,13
0,69000.0,46000.0,1.5,50,50,50.0,115000.0,True,2018HU0613731,8
7,116200.0,1300.0,89.38461538461539,31,31,31.0,117500.0,True,2018HU0613841,18
1,8760.0,11200.0,1.278538812785388,69,68,68.5,19960.0,True,2018HU0614144,10
1,80300.0,73000.0,1.1,48,43,45.5,153300.0,True,2018HU0614224,18
1,75000.0,76000.0,1.0133333333333334,35,32,33.5,151000.0,True,2018HU0615265,18
3,13500.0,73000.0,5.407407407407407,44,44,44.0,86500.0,True,2018HU0616549,15
0,72000.0,0.0,0.0,46,40,43.0,72000.0,True,2018HU0617237,9
2,60000.0,6000.0,10.0,65,58,61.5,66000.0,True,2018HU0617489,16
2,12200.0,1900.0,6.421052631578948,80,86,83.0,14100.0,True,2018HU0617529,12
0,85200.0,48300.0,1.763975155279503,73,69,71.0,133500.0,True,2018HU0617728,51
3,73500.0,267500.0,3.639455782312925,56,54,55.0,341000.0,True,2018HU0618133,39
0,70000.0,50000.0,1.4,59,51,55.0,120000.0,True,2018HU0618386,38
4,300.0,44200.0,147.33333333333334,52,51,51.5,44500.0,True,2018HU0618402,17
1,42000.0,25000.0,1.68,25,26,25.5,67000.0,True,2018HU0622260,21
1,10000.0,17000.0,1.7,69,69,69.0,27000.0,False,2018HU0622346,12
0,52050.0,21160.0,2.4598298676748582,64,72,68.0,73210.0,True,2018HU0622908,8
0,19700.0,11700.0,1.6837606837606838,69,76,72.5,31400.0,True,2018HU0623537,8
4,658900.0,39400.0,16.723350253807105,73,73,73.0,698300.0,True,2018HU0623672,15
2,125000.0,55000.0,2.272727272727273,47,46,46.5,180000.0,True,2018HU0624208,24
0,36000.0,67000.0,1.8611111111111112,65,70,67.5,103000.0,True,2018HU0625181,3
0,9200.0,17800.0,1.934782608695652,77,74,75.5,27000.0,True,2018HU0625815,15
0,49020.0,50000.0,1.0199918400652794,48,41,44.5,99020.0,True,2018HU0626026,66
1,105000.0,65000.0,1.6153846153846154,35,46,40.5,170000.0,True,2018HU0626318,29
1,0.0,12300.0,0.0,64,63,63.5,12300.0,True,2018HU0626367,15
0,52800.0,34600.0,1.5260115606936415,58,60,59.0,87400.0,True,2018HU0626754,27
5,246300.0,15000.0,16.42,86,85,85.5,261300.0,True,2018HU0628868,5
1,110000.0,67000.0,1.6417910447761195,37,36,36.5,177000.0,True,2018HU0628975,28
0,47100.0,30000.0,1.57,77,74,75.5,77100.0,True,2018HU0629801,8
1,112100.0,56800.0,1.9735915492957747,71,59,65.0,168900.0,True,2018HU0629806,12
0,13000.0,20100.0,1.5461538461538462,73,76,74.5,33100.0,True,2018HU0629859,2
1,34000.0,130000.0,3.823529411764706,34,36,35.0,164000.0,True,2018HU0629925,30
0,11000.0,22000.0,2.0,70,71,70.5,33000.0,True,2018HU0629957,15
0,13000.0,12000.0,1.0833333333333333,60,61,60.5,25000.0,True,2018HU0630124,11
2,88800.0,15000.0,5.92,38,37,37.5,103800.0,True,2018HU0630135,4
2,112000.0,105000.0,1.0666666666666667,41,40,40.5,217000.0,True,2018HU0630288,15
0,85000.0,0.0,0.0,36,34,35.0,85000.0,True,2018HU0630391,11
0,70000.0,50000.0,1.4,32,32,32.0,120000.0,True,2018HU0631001,14
0,20000.0,60000.0,3.0,61,61,61.0,80000.0,True,2018HU0631619,33
0,45000.0,16800.0,2.6785714285714284,65,71,68.0,61800.0,True,2018HU0631627,14
1,65000.0,80000.0,1.2307692307692308,38,38,38.0,145000.0,True,2018HU0632377,29
0,0.0,3000.0,0.0,41,40,40.5,3000.0,True,2018HU0632831,25
1,75000.0,100000.0,1.3333333333333333,44,44,44.0,175000.0,True,2018HU0634993,34
1,14000.0,12300.0,1.1382113821138211,96,92,94.0,26300.0,False,2018HU0635773,45
6,119300.0,6000.0,19.883333333333333,74,63,68.5,125300.0,True,2018HU0636338,5
1,67000.0,62000.0,1.0806451612903225,62,53,57.5,129000.0,True,2018HU0637045,11
0,30500.0,0.0,0.0,28,33,30.5,30500.0,True,2018HU0637982,12
0,34000.0,80000.0,2.3529411764705883,60,49,54.5,114000.0,True,2018HU0638722,16
0,0.0,26800.0,0.0,58,64,61.0,26800.0,True,2018HU0639754,20
1,61000.0,65000.0,1.0655737704918034,46,46,46.0,126000.0,True,2018HU0640101,13
0,0.0,43100.0,0.0,39,37,38.0,43100.0,True,2018HU0640762,12
1,62000.0,61000.0,1.0163934426229508,39,34,36.5,123000.0,True,2018HU0643299,20
4,62000.0,10000.0,6.2,24,21,22.5,72000.0,True,2018HU0643665,21
0,35000.0,33500.0,1.044776119402985,59,60,59.5,68500.0,True,2018HU0644792,5
8,1300.0,125000.0,96.15384615384616,26,26,26.0,126300.0,True,2018HU0644903,24
8,214100.0,2500.0,85.64,90,88,89.0,216600.0,True,2018HU0645038,2
0,54000.0,31500.0,1.7142857142857142,73,77,75.0,85500.0,True,2018HU0645122,30
0,0.0,70000.0,0.0,32,33,32.5,70000.0,True,2018HU0645614,18
0,90000.0,50000.0,1.8,57,57,57.0,140000.0,True,2018HU0646404,24
4,33100.0,1500.0,22.066666666666666,74,72,73.0,34600.0,True,2018HU0647143,13
2,145240.0,95940.0,1.5138628309360016,76,63,69.5,241180.0,True,2018HU0647761,5
1,54000.0,60000.0,1.1111111111111112,58,57,57.5,114000.0,True,2018HU0649391,9
2,121000.0,127600.0,1.0545454545454545,42,46,44.0,248600.0,True,2018HU0649927,15
3,125000.0,0.0,0.0,45,52,48.5,125000.0,True,2018HU0650021,4
4,154800.0,52000.0,2.976923076923077,49,53,51.0,206800.0,False,2018HU0650527,13
0,40000.0,30000.0,1.3333333333333333,49,55,52.0,70000.0,True,2018HU0650844,18
0,35300.0,32200.0,1.0962732919254659,91,82,86.5,67500.0,True,2018HU0651230,31
4,67350.0,280.0,240.53571428571428,67,68,67.5,67630.0,True,2018HU0651690,44
3,55000.0,10800.0,5.092592592592593,26,24,25.0,65800.0,True,2018HU0651921,20
4,21000.0,3900.0,5.384615384615385,20,19,19.5,24900.0,True,2018HU0652028,29
0,60400.0,40000.0,1.51,69,57,63.0,100400.0,True,2018HU0652554,28
1,110000.0,30000.0,3.6666666666666665,56,53,54.5,140000.0,True,2018HU0652737,40
0,37000.0,65000.0,1.7567567567567568,61,60,60.5,102000.0,True,2018HU0653849,43
3,111200.0,0.0,0.0,38,31,34.5,111200.0,True,2018HU0654614,13
0,85000.0,0.0,0.0,35,35,35.0,85000.0,True,2018HU0654629,8
1,7800.0,28800.0,3.6923076923076925,71,70,70.5,36600.0,True,2018HU0654926,21
1,45000.0,12600.0,3.5714285714285716,77,75,76.0,57600.0,True,2018HU0655031,13
1,70000.0,90000.0,1.2857142857142858,39,37,38.0,160000.0,True,2018HU0655208,21
0,74000.0,0.0,0.0,39,41,40.0,74000.0,True,2018HU0655519,25
0,38500.0,60000.0,1.5584415584415585,71,64,67.5,98500.0,True,2018HU0656564,13
1,16200.0,4000.0,4.05,73,72,72.5,20200.0,True,2018HU0657433,8
1,16100.0,29800.0,1.8509316770186335,63,66,64.5,45900.0,False,2018HU0657588,13
0,12000.0,23000.0,1.9166666666666667,54,49,51.5,35000.0,True,2018HU0658798,12
0,32900.0,13800.0,2.3840579710144927,74,75,74.5,46700.0,True,2018HU0659797,29
4,403000.0,0.0,0.0,60,55,57.5,403000.0,True,2018HU0659935,13
0,10000.0,24000.0,2.4,52,56,54.0,34000.0,True,2018HU0660075,15
0,50000.0,50000.0,1.0,44,39,41.5,100000.0,True,2018HU0660084,22
2,69000.0,22400.0,3.080357142857143,58,58,58.0,91400.0,True,2018HU0662373,10
1,29270.0,56370.0,1.925862658011616,69,69,69.0,85640.0,False,2018HU0662672,12
4,40500.0,1800.0,22.5,34,39,36.5,42300.0,True,2018HU0663123,15
0,40000.0,39000.0,1.0256410256410255,41,53,47.0,79000.0,True,2018HU0663728,7
1,42030.0,97000.0,2.3078753271472756,61,56,58.5,139030.0,True,2018HU0664347,29
1,60000.0,56500.0,1.0619469026548674,40,40,40.0,116500.0,True,2018HU0665392,13
0,62000.0,31000.0,2.0,35,34,34.5,93000.0,True,2018HU0666153,33
0,15000.0,44200.0,2.9466666666666668,35,38,36.5,59200.0,True,2018HU0666733,10
2,27000.0,30000.0,1.1111111111111112,22,21,21.5,57000.0,True,2018HU0668086,25
1,40000.0,12000.0,3.3333333333333335,46,37,41.5,52000.0,True,2018HU0669275,12
0,58200.0,25700.0,2.264591439688716,80,76,78.0,83900.0,True,2018HU0669323,74
3,13200.0,50000.0,3.787878787878788,66,32,49.0,63200.0,False,2018HU0669719,12
2,9000.0,59000.0,6.555555555555555,51,42,46.5,68000.0,True,2018HU0670695,13
1,25900.0,40000.0,1.5444015444015444,46,46,46.0,65900.0,False,2018HU0670747,55
0,19400.0,56000.0,2.88659793814433,70,67,68.5,75400.0,True,2018HU0670941,26
2,220000.0,120000.0,1.8333333333333333,44,39,41.5,340000.0,True,2018HU0671080,16
1,64000.0,60000.0,1.0666666666666667,51,52,51.5,124000.0,True,2018HU0672118,14
3,160000.0,15000.0,10.666666666666666,66,69,67.5,175000.0,True,2018HU0673346,32
0,38500.0,15600.0,2.467948717948718,74,76,75.0,54100.0,True,2018HU0673593,6
1,89540.0,73100.0,1.2248974008207933,75,77,76.0,162640.0,True,2018HU0674090,55
0,22200.0,8100.0,2.740740740740741,67,67,67.0,30300.0,True,2018HU0674929,25
0,83000.0,0.0,0.0,57,58,57.5,83000.0,True,2018HU0675745,6
1,12000.0,28000.0,2.3333333333333335,48,42,45.0,40000.0,False,2018HU0677071,2
0,45000.0,35000.0,1.2857142857142858,30,32,31.0,80000.0,True,2018HU0677885,28
0,48100.0,128800.0,2.677754677754678,45,48,46.5,176900.0,True,2018HU0678561,31
1,30000.0,100000.0,3.3333333333333335,52,50,51.0,130000.0,True,2018HU0678944,15
1,120600.0,27000.0,4.466666666666667,72,70,71.0,147600.0,True,2018HU0679467,14
0,80000.0,0.0,0.0,49,48,48.5,80000.0,True,2018HU0679629,15
2,145000.0,90000.0,1.6111111111111112,49,48,48.5,235000.0,True,2018HU0680352,15
2,96400.0,70000.0,1.3771428571428572,38,37,37.5,166400.0,True,2018HU0682091,17
0,0.0,35000.0,0.0,59,59,59.0,35000.0,True,2018HU0682592,3
0,50000.0,90000.0,1.8,42,53,47.5,140000.0,True,2018HU0682725,7
0,100000.0,0.0,0.0,37,31,34.0,100000.0,True,2018HU0683801,39
0,23200.0,16800.0,1.380952380952381,68,78,73.0,40000.0,True,2018HU0683971,15
1,81000.0,22000.0,3.6818181818181817,30,31,30.5,103000.0,True,2018HU0684015,29
1,65700.0,53850.0,1.2200557103064067,71,65,68.0,119550.0,True,2018HU0685200,16
5,298300.0,25200.0,11.837301587301587,74,71,72.5,323500.0,True,2018HU0685280,9
0,30300.0,10700.0,2.8317757009345796,69,74,71.5,41000.0,True,2018HU0685624,13
8,100.0,403000.0,4030.0,42,46,44.0,403100.0,True,2018HU0687528,65
0,66000.0,32600.0,2.0245398773006134,38,39,38.5,98600.0,True,2018HU0688003,64
2,13500.0,70000.0,5.185185185185185,42,44,43.0,83500.0,True,2018HU0688322,23
2,18000.0,60000.0,3.3333333333333335,53,52,52.5,78000.0,False,2018HU0688366,19
0,115000.0,46000.0,2.5,47,46,46.5,161000.0,True,2018HU0688976,12
1,88000.0,78000.0,1.1282051282051282,42,41,41.5,166000.0,True,2018HU0689003,12
4,36700.0,403000.0,10.98092643051771,50,54,52.0,439700.0,True,2018HU0690135,32
0,32500.0,32810.0,1.0095384615384615,55,54,54.5,65310.0,True,2018HU0691763,5
7,125000.0,500.0,250.0,35,36,35.5,125500.0,True,2018HU0693699,11
0,75000.0,46000.0,1.6304347826086956,40,41,40.5,121000.0,True,2018HU0693834,19
0,32000.0,20500.0,1.5609756097560976,37,39,38.0,52500.0,True,2018HU0694764,74
1,73000.0,78000.0,1.0684931506849316,44,46,45.0,151000.0,True,2018HU0694782,18
1,4900.0,15800.0,3.2244897959183674,73,76,74.5,20700.0,True,2018HU0695052,9
0,21500.0,18100.0,1.1878453038674033,76,79,77.5,39600.0,True,2018HU0697053,13
3,60000.0,192000.0,3.2,51,52,51.5,252000.0,True,2018HU0697167,14
2,27000.0,0.0,0.0,27,30,28.5,27000.0,False,2018HU0698200,17
2,54000.0,17800.0,3.033707865168539,44,36,40.0,71800.0,False,2018HU0699653,15
2,26000.0,14000.0,1.8571428571428572,49,76,62.5,40000.0,False,2018HU0701060,28
0,50000.0,150000.0,3.0,58,55,56.5,200000.0,True,2018HU0701463,14
1,56600.0,135000.0,2.385159010600707,71,61,66.0,191600.0,True,2018HU0701768,7
2,69160.0,66000.0,1.0478787878787879,60,61,60.5,135160.0,True,2018HU0701933,33
0,23000.0,30000.0,1.3043478260869565,50,51,50.5,53000.0,True,2018HU0702019,14
1,62600.0,0.0,0.0,50,51,50.5,62600.0,True,2018HU0702453,7
1,33500.0,19200.0,1.7447916666666667,38,38,38.0,52700.0,True,2018HU0702551,25
1,38000.0,150000.0,3.9473684210526314,47,48,47.5,188000.0,True,2018HU0702856,6
6,300300.0,15000.0,20.02,68,49,58.5,315300.0,True,2018HU0703167,5
0,47500.0,45500.0,1.043956043956044,50,53,51.5,93000.0,True,2018HU0703788,23
0,5800.0,5200.0,1.1153846153846154,45,43,44.0,11000.0,True,2018HU0704052,13
1,48000.0,65000.0,1.3541666666666667,48,46,47.0,113000.0,False,2018HU0704543,3
2,29800.0,50000.0,1.6778523489932886,54,53,53.5,79800.0,False,2018HU0704667,32
2,52000.0,6200.0,8.387096774193548,66,65,65.5,58200.0,True,2018HU0705154,12
3,4500.0,52700.0,11.71111111111111,68,69,68.5,57200.0,True,2018HU0705202,15
0,55000.0,-5800.0,0.0,60,56,58.0,49200.0,True,2018HU0705641,40
2,100600.0,28300.0,3.5547703180212014,70,78,74.0,128900.0,True,2018HU0706836,15
1,52000.0,53000.0,1.0192307692307692,47,52,49.5,105000.0,True,2018HU0706863,25
5,1400.0,24800.0,17.714285714285715,22,23,22.5,26200.0,True,2018HU0707082,9
3,3000.0,45000.0,15.0,36,35,35.5,48000.0,True,2018HU0707129,13
1,78000.0,53000.0,1.471698113207547,40,42,41.0,131000.0,True,2018HU0708758,20
0,39220.0,19800.0,1.9808080808080808,51,52,51.5,59020.0,True,2018HU0709292,24
0,35000.0,38000.0,1.0857142857142856,57,69,63.0,73000.0,True,2018HU0709882,15
3,0.0,130000.0,0.0,40,43,41.5,130000.0,True,2018HU0710372,34
0,60000.0,30000.0,2.0,35,42,38.5,90000.0,True,2018HU0710583,56
0,26800.0,15400.0,1.7402597402597402,69,63,66.0,42200.0,True,2018HU0711197,24
0,78000.0,0.0,0.0,56,60,58.0,78000.0,True,2018HU0711528,20
1,73000.0,67000.0,1.0895522388059702,46,43,44.5,140000.0,True,2018HU0712021,18
1,79400.0,19600.0,4.051020408163265,69,68,68.5,99000.0,True,2018HU0712112,10
2,125000.0,127000.0,1.016,48,47,47.5,252000.0,True,2018HU0712176,14
2,5700.0,45000.0,7.894736842105263,47,54,50.5,50700.0,True,2018HU0712527,17
0,50000.0,50000.0,1.0,26,34,30.0,100000.0,True,2018HU0712801,11
0,41500.0,35900.0,1.1559888579387188,67,64,65.5,77400.0,True,2018HU0713228,20
3,185000.0,0.0,0.0,47,48,47.5,185000.0,True,2018HU0713251,33
1,82200.0,23600.0,3.483050847457627,82,78,80.0,105800.0,True,2018HU0713378,5
0,40000.0,60000.0,1.5,38,35,36.5,100000.0,True,2018HU0714046,6
2,75000.0,120000.0,1.6,61,48,54.5,195000.0,True,2018HU0714110,3
0,43000.0,80000.0,1.8604651162790697,56,57,56.5,123000.0,True,2018HU0716601,36
0,40000.0,68000.0,1.7,35,35,35.0,108000.0,True,2018HU0718155,11
2,22200.0,28800.0,1.2972972972972974,26,23,24.5,51000.0,True,2018HU0718375,38
0,19600.0,43600.0,2.2244897959183674,71,71,71.0,63200.0,True,2018HU0719016,18
4,417000.0,0.0,0.0,43,45,44.0,417000.0,True,2018HU0719653,23
0,26000.0,55000.0,2.1153846153846154,57,50,53.5,81000.0,True,2018HU0719788,13
2,36600.0,11800.0,3.1016949152542375,24,28,26.0,48400.0,True,2018HU0720322,28
0,42000.0,31200.0,1.3461538461538463,59,59,59.0,73200.0,True,2018HU0721048,10
1,10800.0,13800.0,1.2777777777777777,76,75,75.5,24600.0,True,2018HU0721207,17
1,100000.0,80000.0,1.25,34,27,30.5,180000.0,True,2018HU0722692,34
1,20000.0,78200.0,3.91,31,33,32.0,98200.0,True,2018HU0723333,33
0,37900.0,94300.0,2.4881266490765173,67,70,68.5,132200.0,True,2018HU0723369,27
2,190000.0,403000.0,2.1210526315789475,40,37,38.5,593000.0,True,2018HU0723576,15
1,105000.0,60000.0,1.75,53,62,57.5,165000.0,True,2018HU0723610,11
2,31200.0,7400.0,4.216216216216216,26,27,26.5,38600.0,True,2018HU0723704,53
1,43700.0,10000.0,4.37,40,41,40.5,53700.0,True,2018HU0724048,24
2,192000.0,41600.0,4.615384615384615,70,76,73.0,233600.0,True,2018HU0724680,29
2,42000.0,40000.0,1.05,62,65,63.5,82000.0,False,2018HU0726281,3
2,33600.0,5000.0,6.72,75,73,74.0,38600.0,True,2018HU0726833,2
0,17500.0,38400.0,2.1942857142857144,75,71,73.0,55900.0,True,2018HU0726860,6
0,91200.0,0.0,0.0,30,34,32.0,91200.0,True,2018HU0726916,20
1,110000.0,57800.0,1.9031141868512111,42,40,41.0,167800.0,True,2018HU0728124,16
2,86100.0,14100.0,6.1063829787234045,81,80,80.5,100200.0,True,2018HU0728666,22
0,22000.0,21000.0,1.0476190476190477,66,65,65.5,43000.0,True,2018HU0728975,5
1,69000.0,50000.0,1.38,30,28,29.0,119000.0,True,2018HU0729673,30
0,35000.0,0.0,0.0,61,61,61.0,35000.0,True,2018HU0730495,7
0,26700.0,50000.0,1.8726591760299625,60,50,55.0,76700.0,True,2018HU0731701,25
1,60000.0,60000.0,1.0,36,35,35.5,120000.0,True,2018HU0732229,10
0,28100.0,11200.0,2.5089285714285716,66,74,70.0,39300.0,True,2018HU0733065,6
0,0.0,47000.0,0.0,56,56,56.0,47000.0,True,2018HU0733452,52
1,12000.0,16000.0,1.3333333333333333,74,80,77.0,28000.0,True,2018HU0733479,13
5,444000.0,13200.0,33.63636363636363,66,73,69.5,457200.0,True,2018HU0733751,4
0,44300.0,116000.0,2.618510158013544,71,78,74.5,160300.0,True,2018HU0733801,13
1,35000.0,20000.0,1.75,54,59,56.5,55000.0,False,2018HU0734421,20
1,51000.0,75000.0,1.4705882352941178,48,51,49.5,126000.0,True,2018HU0734631,1
0,45000.0,45000.0,1.0,31,31,31.0,90000.0,True,2018HU0735861,18
6,9000.0,137000.0,15.222222222222221,50,51,50.5,146000.0,True,2018HU0736048,5
1,34000.0,110000.0,3.235294117647059,52,46,49.0,144000.0,True,2018HU0736417,17
2,10400.0,71800.0,6.903846153846154,74,70,72.0,82200.0,True,2018HU0736604,13
2,77200.0,125000.0,1.6191709844559585,50,49,49.5,202200.0,True,2018HU0736678,19
0,57000.0,26100.0,2.1839080459770117,64,64,64.0,83100.0,True,2018HU0737285,15
6,118000.0,7000.0,16.857142857142858,48,46,47.0,125000.0,True,2018HU0738622,4
1,30000.0,40000.0,1.3333333333333333,62,51,56.5,70000.0,True,2018HU0738907,3
2,19200.0,2200.0,8.727272727272727,73,62,67.5,21400.0,True,2018HU0739080,24
0,25700.0,16900.0,1.5207100591715976,75,75,75.0,42600.0,True,2018HU0739296,15
2,157000.0,61000.0,2.5737704918032787,58,54,56.0,218000.0,True,2018HU0740249,8
1,79000.0,27000.0,2.925925925925926,61,64,62.5,106000.0,True,2018HU0740989,14
1,5000.0,20290.0,4.058,77,76,76.5,25290.0,True,2018HU0741125,32
1,96000.0,52000.0,1.8461538461538463,33,32,32.5,148000.0,True,2018HU0741240,97
0,9600.0,18500.0,1.9270833333333333,66,65,65.5,28100.0,True,2018HU0741293,22
1,60000.0,40000.0,1.5,40,37,38.5,100000.0,True,2018HU0741321,16
0,85000.0,47000.0,1.8085106382978724,47,40,43.5,132000.0,True,2018HU0741612,27
1,44200.0,50000.0,1.1312217194570136,52,47,49.5,94200.0,False,2018HU0741929,8
0,28800.0,26400.0,1.0909090909090908,44,54,49.0,55200.0,True,2018HU0741969,8
2,63000.0,8000.0,7.875,37,36,36.5,71000.0,True,2018HU0743013,4
1,79000.0,51000.0,1.5490196078431373,44,43,43.5,130000.0,True,2018HU0743562,27
4,3700.0,39800.0,10.756756756756756,36,29,32.5,43500.0,True,2018HU0743964,13
1,107000.0,80000.0,1.3375,47,48,47.5,187000.0,True,2018HU0744150,15
5,86200.0,4000.0,21.55,80,81,80.5,90200.0,True,2018HU0744781,12
0,24400.0,58000.0,2.377049180327869,68,67,67.5,82400.0,True,2018HU0745544,18
5,441300.0,11400.0,38.71052631578947,79,64,71.5,452700.0,True,2018HU0745641,33
0,30000.0,37600.0,1.2533333333333334,76,76,76.0,67600.0,True,2018HU0745746,17
3,123100.0,0.0,0.0,84,75,79.5,123100.0,True,2018HU0746961,16
4,0.0,403000.0,0.0,42,49,45.5,403000.0,True,2018HU0747228,25
4,5200.0,67000.0,12.884615384615385,69,50,59.5,72200.0,True,2018HU0747735,19
2,158300.0,179000.0,1.1307643714466202,62,60,61.0,337300.0,True,2018HU0747783,20
2,97000.0,100000.0,1.0309278350515463,53,53,53.0,197000.0,True,2018HU0747973,16
0,52000.0,40000.0,1.3,52,51,51.5,92000.0,True,2018HU0748003,38
0,25250.0,18750.0,1.3466666666666667,71,72,71.5,44000.0,True,2018HU0749020,12
3,16200.0,1200.0,13.5,70,56,63.0,17400.0,True,2018HU0749464,10
0,79020.0,0.0,0.0,58,59,58.5,79020.0,True,2018HU0749994,25
5,75000.0,3000.0,25.0,30,29,29.5,78000.0,True,2018HU0750117,15
1,89000.0,18700.0,4.759358288770054,66,66,66.0,107700.0,True,2018HU0750134,27
1,35100.0,12000.0,2.925,39,35,37.0,47100.0,False,2018HU0750214,19
1,108400.0,28800.0,3.763888888888889,50,61,55.5,137200.0,True,2018HU0750642,14
1,69600.0,20000.0,3.48,71,66,68.5,89600.0,True,2018HU0751118,5
1,87200.0,18500.0,4.713513513513513,77,77,77.0,105700.0,True,2018HU0751618,30
2,104000.0,127000.0,1.2211538461538463,48,39,43.5,231000.0,True,2018HU0751880,14
0,50400.0,34000.0,1.4823529411764707,65,58,61.5,84400.0,True,2018HU0752515,13
0,80000.0,0.0,0.0,35,35,35.0,80000.0,True,2018HU0753866,48
1,105000.0,73000.0,1.4383561643835616,42,42,42.0,178000.0,True,2018HU0754147,12
1,82000.0,90000.0,1.0975609756097562,60,60,60.0,172000.0,True,2018HU0754501,13
2,196500.0,128800.0,1.5256211180124224,42,54,48.0,325300.0,True,2018HU0754840,16
0,29900.0,12950.0,2.3088803088803087,82,86,84.0,42850.0,True,2018HU0755092,22
3,31000.0,35000.0,1.1290322580645162,28,51,39.5,66000.0,False,2018HU0755512,11
1,120000.0,55000.0,2.1818181818181817,31,31,31.0,175000.0,True,2018HU0755735,22
1,33000.0,33600.0,1.018181818181818,84,90,87.0,66600.0,True,2018HU0757163,6
8,764000.0,7300.0,104.65753424657534,63,61,62.0,771300.0,True,2018HU0758485,25
3,123200.0,22800.0,5.4035087719298245,29,28,28.5,146000.0,True,2018HU0759184,21
6,9000.0,120000.0,13.333333333333334,29,35,32.0,129000.0,True,2018HU0759406,29
0,62000.0,28000.0,2.2142857142857144,59,46,52.5,90000.0,True,2018HU0760023,19
2,17400.0,15000.0,1.16,61,58,59.5,32400.0,False,2018HU0760181,22
0,34600.0,48000.0,1.3872832369942196,61,61,61.0,82600.0,True,2018HU0760473,21
0,80000.0,0.0,0.0,49,41,45.0,80000.0,True,2018HU0760627,9
0,75600.0,35400.0,2.135593220338983,84,84,84.0,111000.0,True,2018HU0760875,18
2,68000.0,61000.0,1.1147540983606556,56,60,58.0,129000.0,True,2018HU0760921,7
2,10000.0,61000.0,6.1,39,40,39.5,71000.0,True,2018HU0761930,27
0,36000.0,0.0,0.0,53,45,49.0,36000.0,True,2018HU0762213,2
1,43600.0,22800.0,1.912280701754386,68,68,68.0,66400.0,True,2018HU0762503,3
0,40000.0,21500.0,1.8604651162790697,46,46,46.0,61500.0,True,2018HU0762665,10
3,150500.0,0.0,0.0,34,31,32.5,150500.0,True,2018HU0763303,8
4,80000.0,1600.0,50.0,63,67,65.0,81600.0,True,2018HU0763614,88
0,47000.0,57000.0,1.2127659574468086,39,48,43.5,104000.0,True,2018HU0763879,14
1,90000.0,32400.0,2.7777777777777777,24,27,25.5,122400.0,True,2018HU0764984,14
0,22000.0,42000.0,1.9090909090909092,62,54,58.0,64000.0,True,2018HU0766267,9
0,23000.0,23000.0,1.0,41,27,34.0,46000.0,True,2018HU0766716,6
0,20000.0,17000.0,1.1764705882352942,49,51,50.0,37000.0,True,2018HU0768445,10
3,10400.0,55000.0,5.288461538461538,69,49,59.0,65400.0,True,2018HU0768914,9
2,115700.0,13700.0,8.445255474452555,71,71,71.0,129400.0,True,2018HU0769295,14
2,13500.0,3000.0,4.5,81,64,72.5,16500.0,True,2018HU0769744,14
0,70000.0,0.0,0.0,49,51,50.0,70000.0,True,2018HU0769964,34
4,6000.0,40000.0,6.666666666666667,21,22,21.5,46000.0,True,2018HU0770073,13
1,25000.0,59000.0,2.36,46,42,44.0,84000.0,True,2018HU0770611,16
0,20000.0,45000.0,2.25,44,45,44.5,65000.0,True,2018HU0770802,4
0,45000.0,32000.0,1.40625,45,36,40.5,77000.0,True,2018HU0770933,3
2,199200.0,43000.0,4.632558139534884,65,63,64.0,242200.0,True,2018HU0771499,10
1,56000.0,14000.0,4.0,39,40,39.5,70000.0,True,2018HU0771632,15
2,99900.0,12300.0,8.121951219512194,75,69,72.0,112200.0,True,2018HU0771690,7
3,200000.0,0.0,0.0,60,53,56.5,200000.0,True,2018HU0771834,27
3,49000.0,8600.0,5.6976744186046515,55,48,51.5,57600.0,True,2018HU0772148,3
0,27800.0,16000.0,1.7375,71,77,74.0,43800.0,True,2018HU0772557,16
0,16000.0,23900.0,1.49375,83,83,83.0,39900.0,True,2018HU0772984,14
0,0.0,9500.0,0.0,57,55,56.0,9500.0,True,2018HU0773031,14
0,38400.0,22800.0,1.6842105263157894,85,82,83.5,61200.0,True,2018HU0774036,43
1,16000.0,54300.0,3.39375,75,77,76.0,70300.0,True,2018HU0774134,17
0,42000.0,32400.0,1.2962962962962963,62,63,62.5,74400.0,True,2018HU0774786,8
0,20000.0,24000.0,1.2,52,57,54.5,44000.0,True,2018HU0774838,35
2,2200.0,17300.0,7.863636363636363,82,74,78.0,19500.0,True,2018HU0774997,25
0,48000.0,55000.0,1.1458333333333333,55,53,54.0,103000.0,True,2018HU0775094,16
0,0.0,0.0,0.0,59,56,57.5,0.0,True,2018HU0775299,2
1,58000.0,104000.0,1.793103448275862,57,61,59.0,162000.0,True,2018HU0775982,16
2,79000.0,14400.0,5.486111111111111,61,60,60.5,93400.0,True,2018HU0776833,22
2,10750.0,89450.0,8.320930232558139,68,72,70.0,100200.0,True,2018HU0778889,13
1,37300.0,10700.0,3.485981308411215,67,66,66.5,48000.0,True,2018HU0779203,26
2,57600.0,9400.0,6.127659574468085,67,64,65.5,67000.0,True,2018HU0779260,7
1,75000.0,65000.0,1.1538461538461537,40,46,43.0,140000.0,True,2018HU0779939,3
6,120000.0,8000.0,15.0,43,44,43.5,128000.0,True,2018HU0780307,84
4,413000.0,28000.0,14.75,49,50,49.5,441000.0,True,2018HU0780793,8
0,45000.0,0.0,0.0,84,78,81.0,45000.0,True,2018HU0781459,10
0,88000.0,36000.0,2.4444444444444446,40,33,36.5,124000.0,True,2018HU0781561,16
1,72010.0,70010.0,1.0285673475217827,53,55,54.0,142020.0,True,2018HU0782138,23
1,73000.0,50000.0,1.46,55,42,48.5,123000.0,False,2018HU0782222,5
2,119500.0,12000.0,9.958333333333334,77,65,71.0,131500.0,True,2018HU0782236,9
2,115000.0,100000.0,1.15,38,38,38.0,215000.0,True,2018HU0784060,14
0,0.0,29100.0,0.0,49,46,47.5,29100.0,True,2018HU0784086,2
0,95000.0,45000.0,2.111111111111111,34,32,33.0,140000.0,True,2018HU0784284,3
4,201000.0,12000.0,16.75,67,64,65.5,213000.0,True,2018HU0785919,27
1,40000.0,50000.0,1.25,40,56,48.0,90000.0,True,2018HU0787404,12
2,130000.0,25000.0,5.2,42,40,41.0,155000.0,True,2018HU0787641,97
0,23500.0,28800.0,1.225531914893617,65,55,60.0,52300.0,True,2018HU0788089,9
1,75200.0,75000.0,1.0026666666666666,58,62,60.0,150200.0,True,2018HU0788937,9
3,130000.0,26200.0,4.961832061068702,32,26,29.0,156200.0,True,2018HU0789275,13
4,408000.0,30000.0,13.6,61,61,61.0,438000.0,True,2018HU0789333,42
0,38000.0,80000.0,2.1052631578947367,32,32,32.0,118000.0,True,2018HU0789554,24
1,75000.0,75000.0,1.0,63,61,62.0,150000.0,True,2018HU0789771,14
0,50000.0,40000.0,1.25,50,51,50.5,90000.0,True,2018HU0791170,18
1,24000.0,92000.0,3.8333333333333335,35,48,41.5,116000.0,True,2018HU0791437,15
4,403000.0,0.0,0.0,53,50,51.5,403000.0,True,2018HU0792123,14
0,32000.0,34000.0,1.0625,69,61,65.0,66000.0,True,2018HU0792361,8
2,17000.0,91000.0,5.352941176470588,79,81,80.0,108000.0,True,2018HU0792769,7
2,55000.0,152000.0,2.7636363636363637,38,39,38.5,207000.0,True,2018HU0792944,16
1,90000.0,73200.0,1.2295081967213115,64,64,64.0,163200.0,True,2018HU0794020,15
0,33000.0,15000.0,2.2,63,57,60.0,48000.0,True,2018HU0794352,15
4,406000.0,27000.0,15.037037037037036,49,53,51.0,433000.0,True,2018HU0794500,8
0,55000.0,39000.0,1.4102564102564104,31,33,32.0,94000.0,True,2018HU0794515,23
0,28000.0,48000.0,1.7142857142857142,37,37,37.0,76000.0,True,2018HU0794532,28
1,60000.0,65000.0,1.0833333333333333,54,51,52.5,125000.0,True,2018HU0795032,9
0,34680.0,59020.0,1.7018454440599768,35,31,33.0,93700.0,True,2018HU0796904,15
1,30000.0,98100.0,3.27,54,63,58.5,128100.0,True,2018HU0796962,15
2,187300.0,70000.0,2.6757142857142857,77,75,76.0,257300.0,True,2018HU0798419,16
2,24100.0,0.0,0.0,31,25,28.0,24100.0,True,2018HU0798789,24
0,15000.0,0.0,0.0,53,49,51.0,15000.0,True,2018HU0799737,6
1,8400.0,30000.0,3.5714285714285716,40,51,45.5,38400.0,True,2018HU0799882,22
1,0.0,100000.0,0.0,52,54,53.0,100000.0,False,2018HU0799972,55
0,36400.0,57500.0,1.5796703296703296,75,68,71.5,93900.0,True,2018HU0800083,18
0,21960.0,29300.0,1.3342440801457194,84,75,79.5,51260.0,True,2018HU0801215,14
1,58900.0,16800.0,3.505952380952381,70,76,73.0,75700.0,True,2018HU0801256,18
0,51500.0,50000.0,1.03,66,55,60.5,101500.0,True,2018HU0802082,4
0,63100.0,40230.0,1.5684812329107631,81,70,75.5,103330.0,True,2018HU0803535,34
4,4000.0,84000.0,21.0,49,47,48.0,88000.0,True,2018HU0804151,11
0,30700.0,80000.0,2.6058631921824102,62,62,62.0,110700.0,True,2018HU0804327,15
1,109000.0,73000.0,1.4931506849315068,40,40,40.0,182000.0,True,2018HU0804332,31
0,13410.0,0.0,0.0,63,58,60.5,13410.0,True,2018HU0804565,5
3,2500.0,45100.0,18.04,32,34,33.0,47600.0,True,2018HU0805540,8
0,0.0,98800.0,0.0,40,40,40.0,98800.0,True,2018HU0806904,12
5,30000.0,1000.0,30.0,28,26,27.0,31000.0,True,2018HU0807109,25
2,60000.0,53000.0,1.1320754716981132,65,69,67.0,113000.0,True,2018HU0807151,2
2,240000.0,180000.0,1.3333333333333333,67,64,65.5,420000.0,True,2018HU0807759,5
0,47100.0,86030.0,1.8265392781316347,54,55,54.5,133130.0,True,2018HU0808705,3
2,4800.0,16800.0,3.5,66,68,67.0,21600.0,True,2018HU0809254,5
0,0.0,16000.0,0.0,52,53,52.5,16000.0,True,2018HU0809308,4
0,25000.0,14600.0,1.7123287671232876,44,58,51.0,39600.0,True,2018HU0810108,19
0,45000.0,95000.0,2.111111111111111,58,50,54.0,140000.0,True,2018HU0810304,14
1,65500.0,107000.0,1.633587786259542,48,47,47.5,172500.0,True,2018HU0811120,37
0,38500.0,57000.0,1.4805194805194806,45,44,44.5,95500.0,True,2018HU0811374,13
0,66600.0,25700.0,2.5914396887159534,72,65,68.5,92300.0,True,2018HU0811421,15
0,60000.0,50000.0,1.2,34,31,32.5,110000.0,True,2018HU0811746,10
0,19000.0,11500.0,1.6521739130434783,38,39,38.5,30500.0,True,2018HU0812135,7
0,50000.0,18000.0,2.7777777777777777,56,49,52.5,68000.0,True,2018HU0812214,15
0,19000.0,17000.0,1.1176470588235294,63,53,58.0,36000.0,True,2018HU0813189,7
1,8000.0,35000.0,4.375,48,46,47.0,43000.0,True,2018HU0813207,15
1,118400.0,36000.0,3.2888888888888888,50,48,49.0,154400.0,True,2018HU0813234,15
0,78000.0,43100.0,1.8097447795823667,62,49,55.5,121100.0,True,2018HU0813598,35
2,39800.0,9600.0,4.145833333333333,66,66,66.0,49400.0,True,2018HU0814449,39
3,111500.0,0.0,0.0,65,62,63.5,111500.0,True,2018HU0815137,15
4,61800.0,3000.0,20.6,61,65,63.0,64800.0,True,2018HU0815308,12
8,2500.0,103000.0,41.2,28,28,28.0,105500.0,True,2018HU0815484,21
3,17600.0,102600.0,5.829545454545454,70,67,68.5,120200.0,True,2018HU0815721,17
7,108500.0,800.0,135.625,68,62,65.0,109300.0,True,2018HU0816250,5
3,403000.0,45000.0,8.955555555555556,43,55,49.0,448000.0,True,2018HU0816272,8
3,117800.0,0.0,0.0,65,61,63.0,117800.0,True,2018HU0816303,14
0,0.0,33300.0,0.0,77,83,80.0,33300.0,True,2018HU0816729,34
2,52000.0,28800.0,1.8055555555555556,26,21,23.5,80800.0,True,2018HU0817949,27
0,78700.0,0.0,0.0,52,52,52.0,78700.0,True,2018HU0817971,3
1,131000.0,41000.0,3.1951219512195124,38,38,38.0,172000.0,True,2018HU0818611,15
0,50000.0,46500.0,1.075268817204301,49,49,49.0,96500.0,True,2018HU0818981,6
0,53100.0,29400.0,1.8061224489795917,68,77,72.5,82500.0,True,2018HU0819262,13
0,0.0,80700.0,0.0,54,47,50.5,80700.0,True,2018HU0819285,21
1,120000.0,67200.0,1.7857142857142858,33,35,34.0,187200.0,True,2018HU0819916,5
2,52000.0,18000.0,2.888888888888889,25,23,24.0,70000.0,True,2018HU0820373,78
4,52400.0,4.0,13100.0,56,49,52.5,52404.0,True,2018HU0820628,2
0,50700.0,40000.0,1.2675,68,58,63.0,90700.0,True,2018HU0821976,34
0,41700.0,66700.0,1.5995203836930456,63,70,66.5,108400.0,True,2018HU0823450,13
2,10000.0,70000.0,7.0,30,33,31.5,80000.0,True,2018HU0823482,7
0,80000.0,43400.0,1.8433179723502304,78,76,77.0,123400.0,True,2018HU0823517,17
1,70000.0,66000.0,1.0606060606060606,56,61,58.5,136000.0,True,2018HU0824266,24
4,3500.0,79600.0,22.742857142857144,37,40,38.5,83100.0,True,2018HU0825113,9
2,150000.0,148000.0,1.0135135135135136,40,43,41.5,298000.0,True,2018HU0825770,19
6,23000.0,1000.0,23.0,22,21,21.5,24000.0,True,2018HU0827115,16
1,24100.0,12100.0,1.9917355371900827,79,78,78.5,36200.0,True,2018HU0827358,14
0,38000.0,43000.0,1.131578947368421,49,49,49.0,81000.0,True,2018HU0827425,27
2,65000.0,55000.0,1.1818181818181819,43,47,45.0,120000.0,True,2018HU0828323,14
1,26400.0,102750.0,3.8920454545454546,65,68,66.5,129150.0,True,2018HU0828822,13
1,30000.0,70000.0,2.3333333333333335,62,47,54.5,100000.0,True,2018HU0829284,9
0,0.0,22800.0,0.0,37,36,36.5,22800.0,True,2018HU0829319,38
4,194100.0,100000.0,1.941,76,59,67.5,294100.0,False,2018HU0829665,15
3,45200.0,8800.0,5.136363636363637,74,67,70.5,54000.0,True,2018HU0830185,17
0,42600.0,29700.0,1.4343434343434343,71,74,72.5,72300.0,True,2018HU0830200,21
1,-5800.0,35000.0,0.0,47,48,47.5,29200.0,True,2018HU0830776,14
0,75370.0,42000.0,1.7945238095238096,76,74,75.0,117370.0,True,2018HU0831116,10
7,136200.0,6000.0,22.7,66,66,66.0,142200.0,True,2018HU0832408,14
1,68300.0,52100.0,1.310940499040307,71,64,67.5,120400.0,True,2018HU0832505,9
3,3800.0,42000.0,11.052631578947368,62,60,61.0,45800.0,True,2018HU0833213,5
0,17000.0,14000.0,1.2142857142857142,53,53,53.0,31000.0,True,2018HU0833360,30
4,10000.0,83000.0,8.3,24,25,24.5,93000.0,True,2018HU0833522,23
0,42000.0,39400.0,1.0659898477157361,47,49,48.0,81400.0,True,2018HU0835292,6
8,285600.0,6500.0,43.93846153846154,83,77,80.0,292100.0,True,2018HU0835655,21
1,60000.0,80000.0,1.3333333333333333,46,46,46.0,140000.0,True,2018HU0836359,15
3,150000.0,0.0,0.0,30,34,32.0,150000.0,True,2018HU0836839,4
1,30000.0,25000.0,1.2,48,53,50.5,55000.0,True,2018HU0837030,8
3,45700.0,239300.0,5.236323851203501,66,68,67.0,285000.0,True,2018HU0837546,30
0,58000.0,31200.0,1.858974358974359,37,36,36.5,89200.0,True,2018HU0837801,13
0,42900.0,47300.0,1.1025641025641026,58,53,55.5,90200.0,True,2018HU0837927,10
1,29200.0,47000.0,1.6095890410958904,41,40,40.5,76200.0,True,2018HU0838209,36
0,48520.0,50520.0,1.0412201154163232,67,65,66.0,99040.0,True,2018HU0838559,25
1,70000.0,51000.0,1.3725490196078431,73,66,69.5,121000.0,True,2018HU0839140,17
2,5300.0,38100.0,7.188679245283019,69,67,68.0,43400.0,True,2018HU0839205,24
1,65100.0,68700.0,1.055299539170507,67,66,66.5,133800.0,True,2018HU0839575,15
1,101800.0,80000.0,1.2725,57,57,57.0,181800.0,True,2018HU0839888,13
4,44400.0,261000.0,5.878378378378378,69,45,57.0,305400.0,True,2018HU0839955,6
0,47000.0,40000.0,1.175,58,57,57.5,87000.0,True,2018HU0841283,19
1,37000.0,79000.0,2.135135135135135,51,52,51.5,116000.0,False,2018HU0841330,17
9,205600.0,2900.0,70.89655172413794,70,50,60.0,208500.0,True,2018HU0841532,17
1,100000.0,100000.0,1.0,46,45,45.5,200000.0,True,2018HU0842960,12
0,34100.0,17000.0,2.0058823529411764,65,64,64.5,51100.0,True,2018HU0842983,16
0,47200.0,29700.0,1.5892255892255893,88,80,84.0,76900.0,True,2018HU0843180,15
2,150000.0,58000.0,2.586206896551724,36,35,35.5,208000.0,True,2018HU0844656,23
0,36000.0,0.0,0.0,27,35,31.0,36000.0,True,2018HU0844700,47
0,35000.0,14000.0,2.5,52,43,47.5,49000.0,True,2018HU0846213,26
2,80000.0,11400.0,7.017543859649122,44,42,43.0,91400.0,True,2018HU0846460,9
0,0.0,60000.0,0.0,37,47,42.0,60000.0,True,2018HU0846717,15
0,33400.0,34400.0,1.029940119760479,80,80,80.0,67800.0,True,2018HU0847261,6
0,68700.0,0.0,0.0,64,62,63.0,68700.0,True,2018HU0847507,14
1,36300.0,111210.0,3.0636363636363635,58,60,59.0,147510.0,True,2018HU0847565,19
0,43000.0,65000.0,1.5116279069767442,62,62,62.0,108000.0,True,2018HU0848088,14
1,110000.0,30000.0,3.6666666666666665,48,35,41.5,140000.0,True,2018HU0848254,10
4,94000.0,4400.0,21.363636363636363,39,37,38.0,98400.0,True,2018HU0848267,8
6,67000.0,2000.0,33.5,20,21,20.5,69000.0,True,2018HU0848698,20
0,58000.0,36200.0,1.6022099447513811,43,39,41.0,94200.0,True,2018HU0849764,7
1,60000.0,30000.0,2.0,51,50,50.5,90000.0,False,2018HU0849944,17
0,23400.0,60000.0,2.5641025641025643,72,61,66.5,83400.0,True,2018HU0850203,9
3,29900.0,4800.0,6.229166666666667,27,24,25.5,34700.0,True,2018HU0851038,29
0,43000.0,50000.0,1.1627906976744187,51,51,51.0,93000.0,True,2018HU0851271,14
0,75000.0,30000.0,2.5,45,46,45.5,105000.0,True,2018HU0851404,3
4,428700.0,25500.0,16.811764705882354,74,68,71.0,454200.0,True,2018HU0851796,21
0,52800.0,31530.0,1.6745956232159849,64,65,64.5,84330.0,True,2018HU0852084,19
0,37800.0,36000.0,1.05,64,60,62.0,73800.0,True,2018HU0852204,14
2,30000.0,16500.0,1.8181818181818181,56,75,65.5,46500.0,True,2018HU0852366,38
0,16000.0,41400.0,2.5875,71,71,71.0,57400.0,True,2018HU0852864,60
0,24000.0,13200.0,1.8181818181818181,40,44,42.0,37200.0,True,2018HU0853187,30
0,60000.0,50000.0,1.2,31,34,32.5,110000.0,True,2018HU0853428,17
2,19400.0,103000.0,5.309278350515464,46,56,51.0,122400.0,True,2018HU0853753,16
0,440.0,400.0,1.1,29,35,32.0,840.0,True,2018HU0854134,20
0,57400.0,23400.0,2.452991452991453,88,90,89.0,80800.0,True,2018HU0856077,15
0,25400.0,10100.0,2.514851485148515,67,70,68.5,35500.0,True,2018HU0857169,13
1,86000.0,20000.0,4.3,61,60,60.5,106000.0,True,2018HU0857905,23
0,20020.0,0.0,0.0,63,60,61.5,20020.0,True,2018HU0858319,13
0,40600.0,97000.0,2.3891625615763545,59,58,58.5,137600.0,True,2018HU0858797,8
3,0.0,27200.0,0.0,64,40,52.0,27200.0,False,2018HU0859085,13
2,38000.0,5000.0,7.6,37,43,40.0,43000.0,True,2018HU0859132,10
2,32000.0,55000.0,1.71875,40,57,48.5,87000.0,False,2018HU0859335,27
0,110000.0,40000.0,2.75,42,43,42.5,150000.0,True,2018HU0859351,15
4,84100.0,51000.0,1.6490196078431372,73,52,62.5,135100.0,False,2018HU0859486,5
1,72910.0,90500.0,1.2412563434371142,72,72,72.0,163410.0,True,2018HU0860672,8
0,40000.0,20000.0,2.0,67,72,69.5,60000.0,True,2018HU0861055,15
0,48000.0,75000.0,1.5625,34,36,35.0,123000.0,True,2018HU0861253,24
1,60000.0,50000.0,1.2,31,28,29.5,110000.0,True,2018HU0861411,4
2,8000.0,65000.0,8.125,50,50,50.0,73000.0,True,2018HU0861456,7
3,131600.0,12000.0,10.966666666666667,39,41,40.0,143600.0,True,2018HU0861771,38
1,13000.0,49000.0,3.769230769230769,83,76,79.5,62000.0,True,2018HU0862309,3
2,14000.0,125000.0,8.928571428571429,51,51,51.0,139000.0,True,2018HU0862456,7
4,120000.0,0.0,0.0,66,44,55.0,120000.0,True,2018HU0862625,14
1,115000.0,27300.0,4.212454212454213,38,39,38.5,142300.0,True,2018HU0864103,11
1,24000.0,24000.0,1.0,52,46,49.0,48000.0,True,2018HU0864281,8
1,81200.0,19400.0,4.185567010309279,74,74,74.0,100600.0,True,2018HU0864525,18
1,67900.0,58000.0,1.1706896551724137,68,68,68.0,125900.0,True,2018HU0865298,4
7,154800.0,7200.0,21.5,45,45,45.0,162000.0,True,2018HU0866004,12
1,67000.0,15000.0,4.466666666666667,70,68,69.0,82000.0,True,2018HU0866931,27
0,65000.0,22000.0,2.9545454545454546,43,34,38.5,87000.0,True,2018HU0867441,15
0,74000.0,45000.0,1.6444444444444444,57,66,61.5,119000.0,True,2018HU0868067,18
1,27600.0,40000.0,1.4492753623188406,67,69,68.0,67600.0,True,2018HU0868117,4
1,73000.0,0.0,0.0,55,35,45.0,73000.0,True,2018HU0868730,10
1,55000.0,95000.0,1.7272727272727273,38,35,36.5,150000.0,True,2018HU0869078,15
1,89200.0,82000.0,1.0878048780487806,66,64,65.0,171200.0,True,2018HU0869828,26
0,28800.0,0.0,0.0,60,57,58.5,28800.0,True,2018HU0869862,11
6,103000.0,7200.0,14.305555555555555,59,62,60.5,110200.0,True,2018HU0870121,13
3,0.0,160000.0,0.0,39,39,39.0,160000.0,True,2018HU0870519,13
0,35000.0,16000.0,2.1875,66,58,62.0,51000.0,True,2018HU0870590,21
0,70000.0,50000.0,1.4,58,59,58.5,120000.0,True,2018HU0871535,76
2,200000.0,45000.0,4.444444444444445,72,70,71.0,245000.0,True,2018HU0871989,15
0,50030.0,25000.0,2.0012,39,33,36.0,75030.0,True,2018HU0872621,20
0,51500.0,24000.0,2.1458333333333335,69,56,62.5,75500.0,True,2018HU0873507,13
7,115000.0,4000.0,28.75,37,38,37.5,119000.0,True,2018HU0873846,41
0,47000.0,50000.0,1.0638297872340425,68,60,64.0,97000.0,True,2018HU0874282,24
8,454000.0,30.0,15133.333333333334,63,57,60.0,454030.0,True,2018HU0875071,6
0,35010.0,37300.0,1.0654098828906027,36,35,35.5,72310.0,True,2018HU0875236,5
1,32000.0,32000.0,1.0,29,29,29.0,64000.0,True,2018HU0875265,25
2,33000.0,12000.0,2.75,24,25,24.5,45000.0,True,2018HU0876032,12
2,167700.0,30000.0,5.59,43,45,44.0,197700.0,True,2018HU0876079,3
1,49000.0,60000.0,1.2244897959183674,46,46,46.0,109000.0,True,2018HU0876576,12
0,31550.0,83000.0,2.6307448494453247,73,72,72.5,114550.0,True,2018HU0876808,9
0,43500.0,28500.0,1.5263157894736843,76,75,75.5,72000.0,True,2018HU0877244,15
1,38500.0,40000.0,1.0389610389610389,57,54,55.5,78500.0,True,2018HU0877573,48
3,174000.0,12000.0,14.5,65,68,66.5,186000.0,True,2018HU0877817,15
0,40000.0,20000.0,2.0,59,53,56.0,60000.0,True,2018HU0877942,7
0,0.0,27000.0,0.0,55,53,54.0,27000.0,True,2018HU0878527,2
1,15000.0,46000.0,3.066666666666667,73,69,71.0,61000.0,True,2018HU0880046,51
0,70800.0,25000.0,2.832,79,77,78.0,95800.0,True,2018HU0880228,14
0,44000.0,70000.0,1.5909090909090908,56,62,59.0,114000.0,True,2018HU0880328,15
1,46800.0,23800.0,1.9663865546218486,78,72,75.0,70600.0,True,2018HU0881702,12
0,48900.0,37300.0,1.3109919571045576,68,71,69.5,86200.0,True,2018HU0882241,10
0,45000.0,70000.0,1.5555555555555556,55,52,53.5,115000.0,True,2018HU0883702,35
1,85000.0,24000.0,3.5416666666666665,54,52,53.0,109000.0,True,2018HU0883816,12
1,25000.0,18000.0,1.3888888888888888,46,45,45.5,43000.0,True,2018HU0883917,2
4,130000.0,0.0,0.0,30,29,29.5,130000.0,True,2018HU0883999,9
1,78800.0,110000.0,1.3959390862944163,49,50,49.5,188800.0,True,2018HU0885332,20
2,49200.0,10300.0,4.776699029126213,67,71,69.0,59500.0,True,2018HU0885438,9
1,41800.0,11100.0,3.765765765765766,34,40,37.0,52900.0,True,2018HU0887224,19
3,12000.0,40000.0,3.3333333333333335,23,23,23.0,52000.0,True,2018HU0887459,23
1,49000.0,10600.0,4.622641509433962,37,35,36.0,59600.0,True,2018HU0888291,30
1,45000.0,80000.0,1.7777777777777777,51,48,49.5,125000.0,False,2018HU0888979,10
0,61800.0,45000.0,1.3733333333333333,46,47,46.5,106800.0,True,2018HU0889079,17
0,63000.0,50000.0,1.26,57,58,57.5,113000.0,True,2018HU0889263,3
0,52000.0,0.0,0.0,39,36,37.5,52000.0,True,2018HU0890881,37
0,20420.0,48100.0,2.355533790401567,66,59,62.5,68520.0,True,2018HU0892756,8
0,22000.0,0.0,0.0,35,28,31.5,22000.0,True,2018HU0892818,5
3,27200.0,15000.0,1.8133333333333332,77,43,60.0,42200.0,False,2018HU0894230,16
0,22000.0,22000.0,1.0,52,53,52.5,44000.0,True,2018HU0894640,9
2,56500.0,12000.0,4.708333333333333,72,74,73.0,68500.0,True,2018HU0894708,12
0,0.0,5680.0,0.0,35,34,34.5,5680.0,True,2018HU0896769,48
0,38600.0,24100.0,1.6016597510373445,81,87,84.0,62700.0,True,2018HU0897364,27
5,1000.0,60000.0,60.0,45,47,46.0,61000.0,False,2018HU0897727,38
2,25000.0,4800.0,5.208333333333333,40,49,44.5,29800.0,True,2018HU0897777,8
1,70030.0,20000.0,3.5015,46,48,47.0,90030.0,True,2018HU0898441,28
0,21000.0,0.0,0.0,33,34,33.5,21000.0,True,2018HU0898793,23
2,10000.0,70000.0,7.0,30,30,30.0,80000.0,True,2018HU0899391,22
0,11400.0,27600.0,2.4210526315789473,79,67,73.0,39000.0,True,2018HU0900554,13
7,108000.0,3500.0,30.857142857142858,44,43,43.5,111500.0,True,2018HU0902086,19
0,18700.0,38500.0,2.0588235294117645,64,71,67.5,57200.0,True,2018HU0902558,5
0,50000.0,50000.0,1.0,33,27,30.0,100000.0,True,2018HU0902653,58
2,140000.0,140000.0,1.0,43,40,41.5,280000.0,True,2018HU0903540,39
0,38000.0,100000.0,2.6315789473684212,41,43,42.0,138000.0,True,2018HU0904865,3
2,65000.0,12000.0,5.416666666666667,59,62,60.5,77000.0,True,2018HU0905425,13
1,0.0,0.0,0.0,63,65,64.0,0.0,False,2018HU0905603,17
1,99000.0,50000.0,1.98,44,39,41.5,149000.0,False,2018HU0907059,12
2,60300.0,52000.0,1.1596153846153847,38,40,39.0,112300.0,True,2018HU0907818,17
1,55400.0,13000.0,4.2615384615384615,91,86,88.5,68400.0,True,2018HU0908253,11
0,55000.0,22000.0,2.5,65,70,67.5,77000.0,True,2018HU0908491,17
8,5400.0,403000.0,74.62962962962963,41,42,41.5,408400.0,True,2018HU0909319,4
0,25000.0,34000.0,1.36,40,51,45.5,59000.0,True,2018HU0909380,35
1,19400.0,0.0,0.0,92,70,81.0,19400.0,True,2018HU0910768,22
0,34000.0,84000.0,2.4705882352941178,70,69,69.5,118000.0,True,2018HU0912610,17
1,85070.0,90000.0,1.0579522745973904,36,40,38.0,175070.0,True,2018HU0913597,22
2,11400.0,57900.0,5.078947368421052,67,67,67.0,69300.0,True,2018HU0914264,4
3,24000.0,179000.0,7.458333333333333,39,49,44.0,203000.0,True,2018HU0915771,1
0,48100.0,92100.0,1.9147609147609148,77,74,75.5,140200.0,True,2018HU0916158,26
1,45000.0,30000.0,1.5,47,38,42.5,75000.0,True,2018HU0916777,29
3,87000.0,428000.0,4.919540229885057,65,65,65.0,515000.0,True,2018HU0917921,6
0,30500.0,18000.0,1.6944444444444444,75,75,75.0,48500.0,True,2018HU0918708,9
3,67500.0,5700.0,11.842105263157896,63,49,56.0,73200.0,True,2018HU0919521,9
2,137000.0,77700.0,1.7631917631917633,74,69,71.5,214700.0,True,2018HU0920208,28
3,33600.0,7200.0,4.666666666666667,23,24,23.5,40800.0,True,2018HU0921133,10
0,42400.0,35800.0,1.1843575418994414,66,69,67.5,78200.0,True,2018HU0921429,7
0,36000.0,27100.0,1.3284132841328413,50,49,49.5,63100.0,True,2018HU0921567,73
3,5000.0,90000.0,18.0,53,45,49.0,95000.0,True,2018HU0922254,7
0,72000.0,30000.0,2.4,36,34,35.0,102000.0,True,2018HU0923368,19
0,40000.0,0.0,0.0,34,35,34.5,40000.0,True,2018HU0923473,28
2,24000.0,9000.0,2.6666666666666665,25,22,23.5,33000.0,True,2018HU0923475,26
1,7200.0,12000.0,1.6666666666666667,72,71,71.5,19200.0,False,2018HU0923586,35
1,0.0,36400.0,0.0,59,77,68.0,36400.0,True,2018HU0924077,11
0,25000.0,45020.0,1.8008,60,59,59.5,70020.0,True,2018HU0925521,10
1,40000.0,20000.0,2.0,55,38,46.5,60000.0,True,2018HU0925943,9
1,40000.0,47000.0,1.175,49,43,46.0,87000.0,True,2018HU0928213,13
1,20250.0,90200.0,4.454320987654321,41,39,40.0,110450.0,True,2018HU0928433,4
1,22300.0,110000.0,4.932735426008969,75,63,69.0,132300.0,True,2018HU0928563,10
0,19570.0,22070.0,1.1277465508431272,77,75,76.0,41640.0,True,2018HU0930252,32
2,62600.0,105000.0,1.6773162939297124,40,44,42.0,167600.0,False,2018HU0930357,21
0,34000.0,39000.0,1.1470588235294117,80,85,82.5,73000.0,True,2018HU0930453,19
1,55000.0,25000.0,2.2,41,41,41.0,80000.0,True,2018HU0930709,20
2,132400.0,150400.0,1.13595166163142,49,46,47.5,282800.0,True,2018HU0930820,9
1,30000.0,25000.0,1.2,53,52,52.5,55000.0,True,2018HU0931072,60
1,7200.0,24000.0,3.3333333333333335,70,73,71.5,31200.0,True,2018HU0931150,4
0,52000.0,0.0,0.0,35,36,35.5,52000.0,True,2018HU0931969,28
2,80000.0,150000.0,1.875,48,50,49.0,230000.0,True,2018HU0932408,8
2,99000.0,12500.0,7.92,36,36,36.0,111500.0,True,2018HU0933004,40
0,32400.0,15000.0,2.16,73,77,75.0,47400.0,True,2018HU0933465,10
3,62400.0,288000.0,4.615384615384615,74,70,72.0,350400.0,True,2018HU0933597,20
0,29600.0,22300.0,1.3273542600896862,71,72,71.5,51900.0,True,2018HU0934016,14
1,71600.0,73500.0,1.026536312849162,61,63,62.0,145100.0,True,2018HU0934298,40
0,20200.0,33900.0,1.6782178217821782,66,68,67.0,54100.0,True,2018HU0935509,6
0,55000.0,25000.0,2.2,43,40,41.5,80000.0,True,2018HU0935779,16
3,98000.0,9000.0,10.88888888888889,38,53,45.5,107000.0,True,2018HU0936088,5
4,264000.0,0.0,0.0,77,75,76.0,264000.0,True,2018HU0936408,21
0,98000.0,0.0,0.0,56,57,56.5,98000.0,True,2018HU0939303,28
2,32000.0,49600.0,1.55,28,50,39.0,81600.0,False,2018HU0939488,33
0,0.0,0.0,0.0,65,65,65.0,0.0,True,2018HU0939589,7
2,148000.0,20000.0,7.4,71,63,67.0,168000.0,True,2018HU0939677,13
0,55000.0,50000.0,1.1,44,45,44.5,105000.0,True,2018HU0939893,50
0,25000.0,25000.0,1.0,58,58,58.0,50000.0,True,2018HU0941231,4
0,50000.0,150000.0,3.0,62,61,61.5,200000.0,True,2018HU0941841,18
1,60000.0,88000.0,1.4666666666666666,35,35,35.0,148000.0,True,2018HU0942025,19
4,65000.0,1600.0,40.625,80,83,81.5,66600.0,True,2018HU0942245,7
1,16800.0,57200.0,3.4047619047619047,70,67,68.5,74000.0,True,2018HU0943589,46
2,28800.0,28800.0,1.0,21,23,22.0,57600.0,True,2018HU0943937,61
4,60000.0,234300.0,3.905,73,73,73.0,294300.0,True,2018HU0944982,16
0,0.0,690.0,0.0,62,63,62.5,690.0,True,2018HU0945711,37
1,68000.0,80000.0,1.1764705882352942,54,46,50.0,148000.0,True,2018HU0945755,13
1,66980.0,42500.0,1.576,66,65,65.5,109480.0,True,2018HU0945909,21
2,152300.0,65500.0,2.3251908396946566,71,72,71.5,217800.0,True,2018HU0946003,14
1,94800.0,81000.0,1.1703703703703703,82,80,81.0,175800.0,True,2018HU0946017,7
2,10000.0,69800.0,6.98,85,84,84.5,79800.0,True,2018HU0947210,8
1,120000.0,29000.0,4.137931034482759,64,63,63.5,149000.0,True,2018HU0947745,14
6,1000.0,28000.0,28.0,21,23,22.0,29000.0,True,2018HU0948183,7
2,100000.0,130000.0,1.3,59,58,58.5,230000.0,True,2018HU0948475,10
0,29800.0,19000.0,1.568421052631579,68,65,66.5,48800.0,True,2018HU0948994,16
0,39800.0,0.0,0.0,36,32,34.0,39800.0,True,2018HU0949445,8
0,56500.0,0.0,0.0,50,47,48.5,56500.0,True,2018HU0950458,17
0,22800.0,9000.0,2.533333333333333,68,67,67.5,31800.0,True,2018HU0952152,38
0,70000.0,32000.0,2.1875,40,44,42.0,102000.0,True,2018HU0952542,6
0,52700.0,38100.0,1.3832020997375327,80,80,80.0,90800.0,True,2018HU0952785,8
1,68000.0,65000.0,1.0461538461538462,48,47,47.5,133000.0,True,2018HU0952939,3
2,5400.0,21000.0,3.888888888888889,71,79,75.0,26400.0,True,2018HU0954319,15
1,83000.0,23300.0,3.5622317596566524,54,69,61.5,106300.0,True,2018HU0955124,10
0,40000.0,110000.0,2.75,52,57,54.5,150000.0,True,2018HU0955396,4
1,44300.0,11000.0,4.027272727272727,77,77,77.0,55300.0,True,2018HU0955935,25
1,84200.0,23900.0,3.5230125523012554,75,74,74.5,108100.0,True,2018HU0956824,11
0,62000.0,43500.0,1.4252873563218391,68,62,65.0,105500.0,True,2018HU0957235,8
2,130900.0,72000.0,1.8180555555555555,66,65,65.5,202900.0,True,2018HU0958422,7
2,15000.0,13000.0,1.1538461538461537,29,27,28.0,28000.0,False,2018HU0958713,21
2,40000.0,40600.0,1.015,34,64,49.0,80600.0,False,2018HU0959397,11
3,102000.0,13200.0,7.7272727272727275,63,81,72.0,115200.0,True,2018HU0959584,15
2,162000.0,57000.0,2.8421052631578947,33,35,34.0,219000.0,True,2018HU0960687,14
0,16300.0,31900.0,1.9570552147239264,70,71,70.5,48200.0,True,2018HU0960820,2
3,111600.0,0.0,0.0,69,60,64.5,111600.0,True,2018HU0963342,26
2,48000.0,50000.0,1.0416666666666667,65,45,55.0,98000.0,True,2018HU0963421,32
1,23000.0,26100.0,1.1347826086956523,37,33,35.0,49100.0,False,2018HU0963553,9
1,63500.0,127700.0,2.011023622047244,55,54,54.5,191200.0,True,2018HU0963877,18
1,90000.0,80000.0,1.125,36,36,36.0,170000.0,True,2018HU0963920,48
0,55100.0,28000.0,1.9678571428571427,73,70,71.5,83100.0,True,2018HU0964277,13
5,30000.0,1500.0,20.0,22,22,22.0,31500.0,True,2018HU0964806,19
1,64000.0,85000.0,1.328125,44,42,43.0,149000.0,True,2018HU0965095,14
1,15000.0,60000.0,4.0,33,33,33.0,75000.0,True,2018HU0965184,9
2,163000.0,40000.0,4.075,58,54,56.0,203000.0,True,2018HU0965762,17
0,10000.0,24400.0,2.44,64,66,65.0,34400.0,True,2018HU0965860,32
1,40000.0,72000.0,1.8,28,28,28.0,112000.0,True,2018HU0966245,17
1,100100.0,65000.0,1.54,50,63,56.5,165100.0,True,2018HU0966313,15
4,243000.0,22200.0,10.945945945945946,74,80,77.0,265200.0,True,2018HU0966578,16
0,46530.0,54230.0,1.16548463356974,71,77,74.0,100760.0,True,2018HU0966790,11
0,54800.0,45000.0,1.2177777777777778,51,51,51.0,99800.0,True,2018HU0966943,16
1,69000.0,84300.0,1.2217391304347827,70,66,68.0,153300.0,True,2018HU0967376,6
3,112000.0,0.0,0.0,51,52,51.5,112000.0,True,2018HU0967919,4
2,22500.0,117000.0,5.2,43,47,45.0,139500.0,True,2018HU0968493,31
4,70000.0,1000.0,70.0,29,33,31.0,71000.0,True,2018HU0969286,13
1,9000.0,42300.0,4.7,68,67,67.5,51300.0,True,2018HU0969343,15
1,70000.0,73000.0,1.042857142857143,61,55,58.0,143000.0,True,2018HU0969455,15
4,250000.0,0.0,0.0,65,65,65.0,250000.0,True,2018HU0969565,32
0,26740.0,22000.0,1.2154545454545456,74,74,74.0,48740.0,True,2018HU0969680,14
0,60000.0,30000.0,2.0,52,52,52.0,90000.0,True,2018HU0970007,3
0,38500.0,55400.0,1.438961038961039,65,65,65.0,93900.0,True,2018HU0970059,5
1,101500.0,70030.0,1.449378837641011,54,52,53.0,171530.0,True,2018HU0970382,8
0,64000.0,28000.0,2.2857142857142856,64,64,64.0,92000.0,True,2018HU0970637,9
1,104000.0,67000.0,1.5522388059701493,60,64,62.0,171000.0,True,2018HU0970698,21
7,191000.0,9700.0,19.690721649484537,67,71,69.0,200700.0,True,2018HU0970958,5
0,24000.0,30000.0,1.25,67,59,63.0,54000.0,True,2018HU0972475,23
1,124000.0,75000.0,1.6533333333333333,68,63,65.5,199000.0,True,2018HU0972634,15
1,81000.0,70000.0,1.1571428571428573,57,59,58.0,151000.0,True,2018HU0973517,3
3,100100.0,339000.0,3.3866133866133867,57,58,57.5,439100.0,True,2018HU0973630,10
3,152500.0,0.0,0.0,38,35,36.5,152500.0,True,2018HU0973927,7
1,74000.0,85000.0,1.1486486486486487,51,51,51.0,159000.0,True,2018HU0974604,17
0,70200.0,28000.0,2.507142857142857,35,29,32.0,98200.0,True,2018HU0975139,7
0,31200.0,35400.0,1.1346153846153846,60,62,61.0,66600.0,True,2018HU0975736,24
0,44600.0,39500.0,1.129113924050633,52,54,53.0,84100.0,True,2018HU0976075,6
3,120000.0,84000.0,1.4285714285714286,64,63,63.5,204000.0,True,2018HU0976414,17
2,98300.0,77000.0,1.2766233766233765,68,59,63.5,175300.0,True,2018HU0976950,13
0,7300.0,17200.0,2.356164383561644,66,67,66.5,24500.0,True,2018HU0977947,14
1,11600.0,2900.0,4.0,66,58,62.0,14500.0,True,2018HU0978918,14
0,28000.0,50000.0,1.7857142857142858,56,48,52.0,78000.0,True,2018HU0979630,14
1,80800.0,62800.0,1.286624203821656,63,53,58.0,143600.0,True,2018HU0980014,13
1,40000.0,35000.0,1.1428571428571428,59,57,58.0,75000.0,True,2018HU0981081,13
0,100000.0,50000.0,2.0,59,55,57.0,150000.0,True,2018HU0981279,12
4,5000.0,100000.0,20.0,54,54,54.0,105000.0,True,2018HU0983096,14
0,18300.0,50000.0,2.73224043715847,42,39,40.5,68300.0,True,2018HU0983878,17
4,3000.0,85000.0,28.333333333333332,41,42,41.5,88000.0,True,2018HU0984619,16
2,36000.0,20700.0,1.7391304347826086,35,44,39.5,56700.0,False,2018HU0985408,29
0,31000.0,65000.0,2.096774193548387,54,54,54.0,96000.0,True,2018HU0986508,42
0,12000.0,16800.0,1.4,75,78,76.5,28800.0,True,2018HU0986651,15
2,5000.0,35000.0,7.0,47,47,47.0,40000.0,True,2018HU0986880,10
0,33800.0,0.0,0.0,32,32,32.0,33800.0,True,2018HU0986993,17
4,0.0,261000.0,0.0,63,65,64.0,261000.0,True,2018HU0987916,5
8,2000.0,466700.0,233.35,59,59,59.0,468700.0,True,2018HU0988486,7
0,14400.0,20400.0,1.4166666666666667,77,77,77.0,34800.0,True,2018HU0989059,5
3,50000.0,3700.0,13.513513513513514,58,62,60.0,53700.0,True,2018HU0989779,17
2,220000.0,190000.0,1.1578947368421053,35,36,35.5,410000.0,True,2018HU0990200,8
0,31000.0,25200.0,1.2301587301587302,61,60,60.5,56200.0,True,2018HU0992972,14
5,267000.0,12000.0,22.25,59,57,58.0,279000.0,True,2018HU0993038,10
2,146500.0,135000.0,1.0851851851851853,38,43,40.5,281500.0,True,2018HU0993393,4
1,85000.0,48000.0,1.7708333333333333,58,51,54.5,133000.0,True,2018HU0993894,15
2,65000.0,60000.0,1.0833333333333333,62,57,59.5,125000.0,True,2018HU0994238,14
1,17000.0,79400.0,4.670588235294118,90,91,90.5,96400.0,True,2018HU0994251,7
0,19600.0,10200.0,1.9215686274509804,63,65,64.0,29800.0,True,2018HU0994287,14
0,62000.0,29600.0,2.0945945945945947,58,60,59.0,91600.0,True,2018HU0994670,15
2,18000.0,48000.0,2.6666666666666665,23,23,23.0,66000.0,True,2018HU0994778,4
0,44800.0,28200.0,1.5886524822695036,73,73,73.0,73000.0,True,2018HU0995975,21
0,26000.0,45000.0,1.7307692307692308,35,32,33.5,71000.0,True,2018HU0996332,3
1,91000.0,60000.0,1.5166666666666666,32,38,35.0,151000.0,True,2018HU0998833,11
0,30000.0,25000.0,1.2,61,61,61.0,55000.0,True,2018HU0998893,24
2,63000.0,25000.0,2.52,30,29,29.5,88000.0,True,2018HU0999267,32
1,36000.0,72800.0,2.022222222222222,68,70,69.0,108800.0,True,2018HU0999367,27
2,4700.0,25700.0,5.468085106382978,77,88,82.5,30400.0,True,2018HU0999645,36
2,85000.0,85000.0,1.0,45,48,46.5,170000.0,True,2018HU1000432,14
1,63500.0,21000.0,3.0238095238095237,60,63,61.5,84500.0,True,2018HU1000458,14
0,49000.0,47500.0,1.0315789473684212,39,40,39.5,96500.0,True,2018HU1000937,31
0,27700.0,64200.0,2.3176895306859207,82,82,82.0,91900.0,True,2018HU1001275,4
3,403000.0,100000.0,4.03,40,37,38.5,503000.0,True,2018HU1001780,20
1,5800.0,24000.0,4.137931034482759,40,40,40.0,29800.0,True,2018HU1001862,9
5,317000.0,0.0,0.0,70,40,55.0,317000.0,True,2018HU1002536,9
1,50000.0,50000.0,1.0,27,29,28.0,100000.0,True,2018HU1004123,8
2,6000.0,60000.0,10.0,51,57,54.0,66000.0,True,2018HU1004352,26
1,52300.0,34200.0,1.5292397660818713,56,58,57.0,86500.0,True,2018HU1004419,30
2,125700.0,159300.0,1.2673031026252983,69,70,69.5,285000.0,True,2018HU1004558,15
1,41600.0,9200.0,4.521739130434782,68,60,64.0,50800.0,True,2018HU1005393,15
1,30600.0,10100.0,3.0297029702970297,38,24,31.0,40700.0,True,2018HU1005511,9
2,75000.0,15000.0,5.0,36,36,36.0,90000.0,True,2018HU1005528,15
0,42600.0,39500.0,1.0784810126582278,73,70,71.5,82100.0,True,2018HU1005833,15
0,0.0,47000.0,0.0,56,58,57.0,47000.0,True,2018HU1006441,24
0,36900.0,33600.0,1.0982142857142858,67,73,70.0,70500.0,True,2018HU1006878,14
1,121100.0,35680.0,3.3940582959641254,74,71,72.5,156780.0,True,2018HU1007167,22
1,9400.0,30000.0,3.1914893617021276,67,64,65.5,39400.0,True,2018HU1007964,64
0,50000.0,0.0,0.0,50,38,44.0,50000.0,True,2018HU1010120,20
3,293100.0,36000.0,8.141666666666667,67,63,65.0,329100.0,True,2018HU1010136,8
2,160000.0,102600.0,1.5594541910331383,69,67,68.0,262600.0,True,2018HU1010388,8
1,41700.0,9700.0,4.298969072164948,77,75,76.0,51400.0,True,2018HU1011166,13
1,115000.0,24000.0,4.791666666666667,36,45,40.5,139000.0,True,2018HU1011385,14
0,30000.0,45000.0,1.5,34,48,41.0,75000.0,True,2018HU1012487,26
1,50000.0,12000.0,4.166666666666667,40,38,39.0,62000.0,True,2018HU1012642,11
4,84000.0,7000.0,12.0,59,59,59.0,91000.0,True,2018HU1014081,16
2,70000.0,180000.0,2.5714285714285716,46,43,44.5,250000.0,True,2018HU1014205,27
1,100000.0,29600.0,3.3783783783783785,47,49,48.0,129600.0,True,2018HU1015029,4
0,28800.0,20400.0,1.411764705882353,75,75,75.0,49200.0,True,2018HU1015356,11
0,21000.0,32000.0,1.5238095238095237,72,69,70.5,53000.0,True,2018HU1015600,7
0,46900.0,22900.0,2.0480349344978164,74,75,74.5,69800.0,True,2018HU1017405,7
4,0.0,264000.0,0.0,62,64,63.0,264000.0,True,2018HU1018198,13
3,115000.0,168000.0,1.4608695652173913,61,58,59.5,283000.0,False,2018HU1018874,14
0,85000.0,48000.0,1.7708333333333333,38,37,37.5,133000.0,True,2018HU1019191,49
1,45000.0,0.0,0.0,34,34,34.0,45000.0,False,2018HU1020347,20
2,38600.0,9400.0,4.1063829787234045,76,79,77.5,48000.0,True,2018HU1020399,7
3,125000.0,82000.0,1.524390243902439,45,39,42.0,207000.0,True,2018HU1020694,21
0,0.0,24000.0,0.0,59,59,59.0,24000.0,True,2018HU1020907,13
1,45000.0,10000.0,4.5,30,30,30.0,55000.0,True,2018HU1022456,81
2,30000.0,29000.0,1.0344827586206897,25,26,25.5,59000.0,False,2018HU1023307,33
3,123000.0,0.0,0.0,63,63,63.0,123000.0,True,2018HU1023824,13
1,45000.0,12900.0,3.488372093023256,39,40,39.5,57900.0,True,2018HU1024356,32
0,0.0,50000.0,0.0,53,54,53.5,50000.0,True,2018HU1024626,3
2,162000.0,81000.0,2.0,54,47,50.5,243000.0,True,2018HU1024961,7
3,100000.0,10000.0,10.0,43,41,42.0,110000.0,True,2018HU1025717,9
1,49400.0,78000.0,1.5789473684210527,69,65,67.0,127400.0,True,2018HU1026296,8
3,12000.0,0.0,0.0,35,61,48.0,12000.0,False,2018HU1027252,2
1,66900.0,37200.0,1.7983870967741935,70,69,69.5,104100.0,True,2018HU1027599,19
1,43800.0,0.0,0.0,33,26,29.5,43800.0,True,2018HU1027623,45
2,14500.0,2800.0,5.178571428571429,71,67,69.0,17300.0,True,2018HU1028099,22
1,35000.0,34200.0,1.023391812865497,43,39,41.0,69200.0,True,2018HU1029658,5
0,15700.0,22800.0,1.4522292993630572,90,89,89.5,38500.0,True,2018HU1031223,31
5,113000.0,0.0,0.0,61,31,46.0,113000.0,True,2018HU1032526,14
0,36000.0,50000.0,1.3888888888888888,53,55,54.0,86000.0,True,2018HU1032729,91
1,95000.0,65000.0,1.4615384615384615,54,54,54.0,160000.0,True,2018HU1033600,29
0,25000.0,60000.0,2.4,30,33,31.5,85000.0,True,2018HU1033663,18
1,40000.0,42200.0,1.055,46,43,44.5,82200.0,True,2018HU1033789,24
0,50000.0,44400.0,1.1261261261261262,66,66,66.0,94400.0,True,2018HU1033798,12
0,36000.0,57000.0,1.5833333333333333,31,37,34.0,93000.0,True,2018HU1034075,8
0,34000.0,66400.0,1.9529411764705882,85,86,85.5,100400.0,True,2018HU1035156,10
0,93000.0,35000.0,2.657142857142857,45,48,46.5,128000.0,True,2018HU1035331,15
0,16500.0,30000.0,1.8181818181818181,62,57,59.5,46500.0,True,2018HU1035764,13
2,3300.0,16000.0,4.848484848484849,50,47,48.5,19300.0,False,2018HU1035907,56
1,75000.0,114000.0,1.52,45,49,47.0,189000.0,True,2018HU1036355,7
0,70000.0,30000.0,2.3333333333333335,33,31,32.0,100000.0,True,2018HU1036562,17
1,0.0,63100.0,0.0,61,81,71.0,63100.0,True,2018HU1036859,20
6,105800.0,6300.0,16.793650793650794,75,71,73.0,112100.0,True,2018HU1037125,15
3,40000.0,3700.0,10.81081081081081,54,53,53.5,43700.0,True,2018HU1037477,7
0,50000.0,45000.0,1.1111111111111112,35,36,35.5,95000.0,True,2018HU1037684,28
0,15000.0,15000.0,1.0,67,67,67.0,30000.0,True,2018HU1037722,19
1,64000.0,75000.0,1.171875,42,45,43.5,139000.0,True,2018HU1038242,3
0,79200.0,45000.0,1.76,61,57,59.0,124200.0,True,2018HU1039626,10
0,60000.0,25000.0,2.4,48,49,48.5,85000.0,True,2018HU1039705,4
2,12010.0,34000.0,2.8309741881765196,70,46,58.0,46010.0,False,2018HU1039966,41
2,64000.0,7200.0,8.88888888888889,56,56,56.0,71200.0,True,2018HU1041616,2
5,57000.0,4000.0,14.25,20,19,19.5,61000.0,True,2018HU1042005,31
2,160000.0,140000.0,1.1428571428571428,44,53,48.5,300000.0,True,2018HU1042219,3
1,8000.0,28000.0,3.5,70,58,64.0,36000.0,True,2018HU1042748,23
1,72800.0,101200.0,1.39010989010989,73,76,74.5,174000.0,True,2018HU1043035,13
2,110000.0,170000.0,1.5454545454545454,52,53,52.5,280000.0,True,2018HU1043895,3
0,60000.0,40000.0,1.5,50,50,50.0,100000.0,True,2018HU1043934,23
1,52300.0,35000.0,1.4942857142857142,80,58,69.0,87300.0,True,2018HU1046509,12
0,14000.0,11000.0,1.2727272727272727,60,65,62.5,25000.0,True,2018HU1046711,15
0,33600.0,40000.0,1.1904761904761905,30,30,30.0,73600.0,True,2018HU1048488,28
0,0.0,1800.0,0.0,66,63,64.5,1800.0,True,2018HU1048796,8
0,25600.0,9600.0,2.6666666666666665,77,74,75.5,35200.0,True,2018HU1049242,107
1,60000.0,72000.0,1.2,54,60,57.0,132000.0,True,2018HU1049642,4
2,143100.0,26000.0,5.503846153846154,61,64,62.5,169100.0,True,2018HU1049810,14
0,49000.0,50000.0,1.0204081632653061,53,50,51.5,99000.0,True,2018HU1050295,23
0,49600.0,87000.0,1.7540322580645162,31,34,32.5,136600.0,True,2018HU1050451,27
1,104000.0,27300.0,3.8095238095238093,36,33,34.5,131300.0,True,2018HU1050606,7
2,111100.0,14230.0,7.80744905130007,74,73,73.5,125330.0,True,2018HU1050645,16
0,0.0,35000.0,0.0,58,58,58.0,35000.0,True,2018HU1051367,9
2,62070.0,11340.0,5.473544973544974,64,63,63.5,73410.0,True,2018HU1053051,6
2,91000.0,54000.0,1.6851851851851851,68,64,66.0,145000.0,True,2018HU1053096,10
0,12300.0,12000.0,1.025,58,56,57.0,24300.0,True,2018HU1053133,4
0,110000.0,38000.0,2.8947368421052633,32,31,31.5,148000.0,True,2018HU1053276,15
0,58000.0,0.0,0.0,64,61,62.5,58000.0,True,2018HU1053676,12
2,22000.0,50000.0,2.272727272727273,50,33,41.5,72000.0,True,2018HU1054104,5
3,72000.0,20000.0,3.6,32,26,29.0,92000.0,False,2018HU1054259,6
0,29700.0,26400.0,1.125,62,69,65.5,56100.0,True,2018HU1055237,5
3,66000.0,10300.0,6.407766990291262,78,78,78.0,76300.0,True,2018HU1056751,30
3,1600.0,24000.0,15.0,73,62,67.5,25600.0,True,2018HU1056908,31
1,84000.0,72000.0,1.1666666666666667,36,30,33.0,156000.0,True,2018HU1057904,21
1,60100.0,25100.0,2.394422310756972,52,67,59.5,85200.0,True,2018HU1057909,15
1,20800.0,11000.0,1.8909090909090909,54,30,42.0,31800.0,True,2018HU1058473,14
2,60000.0,70000.0,1.1666666666666667,24,27,25.5,130000.0,True,2018HU1059119,14
4,46200.0,1510.0,30.596026490066226,36,38,37.0,47710.0,True,2018HU1059701,12
0,15000.0,43800.0,2.92,71,65,68.0,58800.0,True,2018HU1060058,31
2,8000.0,52940.0,6.6175,79,73,76.0,60940.0,True,2018HU1060382,27
5,54000.0,100.0,540.0,63,62,62.5,54100.0,False,2018HU1060757,13
0,17000.0,12000.0,1.4166666666666667,65,64,64.5,29000.0,True,2018HU1061301,21
0,23000.0,10400.0,2.2115384615384617,67,63,65.0,33400.0,True,2018HU1061306,9
2,45000.0,5000.0,9.0,34,34,34.0,50000.0,True,2018HU1061772,81
1,82500.0,66000.0,1.25,69,62,65.5,148500.0,True,2018HU1062097,5
0,8800.0,23000.0,2.6136363636363638,74,67,70.5,31800.0,True,2018HU1062338,15
3,13000.0,150000.0,11.538461538461538,64,62,63.0,163000.0,True,2018HU1062732,15
1,15400.0,44400.0,2.883116883116883,74,68,71.0,59800.0,True,2018HU1062893,31
1,60000.0,49000.0,1.2244897959183674,29,26,27.5,109000.0,True,2018HU1063743,27
0,1500.0,0.0,0.0,65,64,64.5,1500.0,True,2018HU1064054,24
1,144100.0,44500.0,3.238202247191011,69,68,68.5,188600.0,True,2018HU1064801,14
0,40000.0,62000.0,1.55,45,50,47.5,102000.0,True,2018HU1065616,2
1,20000.0,68000.0,3.4,47,48,47.5,88000.0,True,2018HU1065651,17
0,43600.0,26500.0,1.6452830188679246,85,77,81.0,70100.0,True,2018HU1066265,13
1,80400.0,96400.0,1.199004975124378,87,83,85.0,176800.0,True,2018HU1067195,16
0,85000.0,0.0,0.0,50,48,49.0,85000.0,True,2018HU1067338,24
0,42000.0,90000.0,2.142857142857143,32,37,34.5,132000.0,True,2018HU1067814,18
0,49000.0,80000.0,1.6326530612244898,44,43,43.5,129000.0,True,2018HU1068081,14
3,0.0,180000.0,0.0,36,37,36.5,180000.0,True,2018HU1068332,16
1,10800.0,20400.0,1.8888888888888888,65,65,65.0,31200.0,True,2018HU1068626,31
0,65050.0,43000.0,1.5127906976744185,45,43,44.0,108050.0,True,2018HU1068669,77
0,18000.0,40000.0,2.2222222222222223,56,47,51.5,58000.0,True,2018HU1070042,9
0,69000.0,0.0,0.0,39,37,38.0,69000.0,True,2018HU1071251,9
0,25150.0,13000.0,1.9346153846153846,39,42,40.5,38150.0,True,2018HU1071516,11
1,48000.0,11000.0,4.363636363636363,34,39,36.5,59000.0,True,2018HU1071599,37
2,154020.0,17500.0,8.801142857142857,61,70,65.5,171520.0,True,2018HU1072674,9
0,90100.0,0.0,0.0,40,40,40.0,90100.0,True,2018HU1072683,14
0,48000.0,49000.0,1.0208333333333333,40,37,38.5,97000.0,True,2018HU1072829,30
0,9600.0,23000.0,2.3958333333333335,50,49,49.5,32600.0,True,2018HU1073191,8
0,0.0,73000.0,0.0,60,63,61.5,73000.0,True,2018HU1073554,39
1,74000.0,24000.0,3.0833333333333335,79,75,77.0,98000.0,True,2018HU1073577,8
0,50000.0,20000.0,2.5,43,42,42.5,70000.0,True,2018HU1073623,8
1,63000.0,26100.0,2.413793103448276,65,68,66.5,89100.0,True,2018HU1074039,12
3,115400.0,0.0,0.0,62,62,62.0,115400.0,True,2018HU1074114,60
0,30000.0,57000.0,1.9,56,61,58.5,87000.0,True,2018HU1074766,6
3,111000.0,0.0,0.0,56,54,55.0,111000.0,True,2018HU1076251,22
0,30500.0,39000.0,1.278688524590164,75,69,72.0,69500.0,True,2018HU1076443,15
3,105000.0,0.0,0.0,42,45,43.5,105000.0,True,2018HU1076903,25
0,25000.0,25000.0,1.0,54,55,54.5,50000.0,True,2018HU1077716,13
0,61000.0,46500.0,1.3118279569892473,63,62,62.5,107500.0,True,2018HU1078509,26
3,186500.0,26400.0,7.0643939393939394,59,55,57.0,212900.0,True,2018HU1079076,25
1,32000.0,50000.0,1.5625,33,31,32.0,82000.0,False,2018HU1079394,13
1,74000.0,15600.0,4.743589743589744,53,55,54.0,89600.0,True,2018HU1080496,11
1,14900.0,56000.0,3.7583892617449663,34,29,31.5,70900.0,True,2018HU1080867,35
0,55000.0,48000.0,1.1458333333333333,57,60,58.5,103000.0,True,2018HU1082603,16
1,0.0,50000.0,0.0,46,48,47.0,50000.0,False,2018HU1082752,2
0,36000.0,40000.0,1.1111111111111112,36,37,36.5,76000.0,True,2018HU1083083,5
0,0.0,39000.0,0.0,59,58,58.5,39000.0,True,2018HU1083101,10
1,4500.0,6000.0,1.3333333333333333,67,49,58.0,10500.0,True,2018HU1083352,19
1,35400.0,42000.0,1.1864406779661016,62,60,61.0,77400.0,True,2018HU1083386,13
3,0.0,120000.0,0.0,56,63,59.5,120000.0,True,2018HU1083464,7
0,36800.0,89000.0,2.4184782608695654,42,37,39.5,125800.0,True,2018HU1083871,25
1,64000.0,73000.0,1.140625,50,47,48.5,137000.0,True,2018HU1085599,34
2,98000.0,169000.0,1.7244897959183674,40,40,40.0,267000.0,True,2018HU1086536,11
0,30000.0,0.0,0.0,41,40,40.5,30000.0,True,2018HU1086982,16
1,48800.0,60000.0,1.2295081967213115,47,47,47.0,108800.0,False,2018HU1087211,14
0,61270.0,25070.0,2.4439569206222576,80,75,77.5,86340.0,True,2018HU1088037,29
2,6000.0,34000.0,5.666666666666667,74,71,72.5,40000.0,True,2018HU1088682,28
2,97000.0,12300.0,7.8861788617886175,48,57,52.5,109300.0,True,2018HU1088791,8
0,3400.0,0.0,0.0,65,62,63.5,3400.0,True,2018HU1088940,6
1,49200.0,12100.0,4.066115702479339,69,70,69.5,61300.0,True,2018HU1089473,7
0,42000.0,39000.0,1.0769230769230769,50,48,49.0,81000.0,True,2018HU1090166,5
3,408000.0,45000.0,9.066666666666666,63,61,62.0,453000.0,True,2018HU1090360,17
3,130000.0,0.0,0.0,48,47,47.5,130000.0,True,2018HU1090481,15
0,20500.0,21700.0,1.0585365853658537,69,66,67.5,42200.0,True,2018HU1090956,17
7,100100.0,200.0,500.5,54,55,54.5,100300.0,True,2018HU1091570,15
1,80000.0,70000.0,1.1428571428571428,39,32,35.5,150000.0,True,2018HU1091772,21
0,97900.0,0.0,0.0,62,59,60.5,97900.0,True,2018HU1092205,20
4,46000.0,405600.0,8.817391304347826,51,75,63.0,451600.0,True,2018HU1092259,13
7,156000.0,740.0,210.8108108108108,46,42,44.0,156740.0,True,2018HU1092811,19
1,42900.0,36300.0,1.1818181818181819,65,67,66.0,79200.0,True,2018HU1093549,8
2,860.0,6700.0,7.790697674418604,64,73,68.5,7560.0,True,2018HU1093637,15
4,78000.0,13000.0,6.0,23,26,24.5,91000.0,True,2018HU1094857,23
0,38400.0,60000.0,1.5625,29,41,35.0,98400.0,True,2018HU1095081,16
1,0.0,22000.0,0.0,28,29,28.5,22000.0,True,2018HU1095596,79
1,48000.0,13000.0,3.6923076923076925,41,27,34.0,61000.0,True,2018HU1096815,5
0,20000.0,0.0,0.0,41,31,36.0,20000.0,True,2018HU1096943,4
3,18000.0,115020.0,6.39,58,56,57.0,133020.0,True,2018HU1097528,4
8,229900.0,8200.0,28.036585365853657,86,86,86.0,238100.0,True,2018HU1098160,10
1,100000.0,56000.0,1.7857142857142858,42,53,47.5,156000.0,True,2018HU1098180,14
5,32000.0,700.0,45.714285714285715,28,30,29.0,32700.0,True,2018HU1098303,19
1,20600.0,6500.0,3.169230769230769,72,69,70.5,27100.0,True,2018HU1098796,15
0,21500.0,12000.0,1.7916666666666667,72,70,71.0,33500.0,True,2018HU1098854,20
1,50500.0,110000.0,2.1782178217821784,72,61,66.5,160500.0,True,2018HU1099360,9
2,202000.0,48000.0,4.208333333333333,65,64,64.5,250000.0,True,2018HU1100639,19
1,111500.0,76000.0,1.4671052631578947,68,69,68.5,187500.0,True,2018HU1102151,5
1,78640.0,17420.0,4.514351320321469,68,68,68.0,96060.0,True,2018HU1102453,34
1,108000.0,32000.0,3.375,38,40,39.0,140000.0,True,2018HU1102942,34
0,40100.0,60000.0,1.4962593516209477,33,33,33.0,100100.0,True,2018HU1103132,15
0,27000.0,39000.0,1.4444444444444444,77,69,73.0,66000.0,True,2018HU1103291,28
0,9000.0,12000.0,1.3333333333333333,67,64,65.5,21000.0,True,2018HU1103575,22
3,56000.0,3300.0,16.96969696969697,55,61,58.0,59300.0,True,2018HU1103647,25
1,39800.0,14000.0,2.842857142857143,63,35,49.0,53800.0,True,2018HU1104056,14
1,78000.0,56000.0,1.3928571428571428,57,53,55.0,134000.0,True,2018HU1105454,23
2,50500.0,9500.0,5.315789473684211,80,78,79.0,60000.0,True,2018HU1105892,17
0,30000.0,0.0,0.0,35,48,41.5,30000.0,True,2018HU1107426,15
4,276000.0,26400.0,10.454545454545455,74,68,71.0,302400.0,True,2018HU1107484,4
7,5000.0,150000.0,30.0,38,38,38.0,155000.0,True,2018HU1108044,2
2,123800.0,80000.0,1.5475,37,37,37.0,203800.0,True,2018HU1108229,35
0,40000.0,25000.0,1.6,34,36,35.0,65000.0,True,2018HU1108737,19
3,160000.0,0.0,0.0,66,61,63.5,160000.0,True,2018HU1109231,12
1,70000.0,15000.0,4.666666666666667,44,45,44.5,85000.0,True,2018HU1109258,12
2,6000.0,24000.0,4.0,49,47,48.0,30000.0,False,2018HU1109636,25
4,473000.0,28000.0,16.892857142857142,61,61,61.0,501000.0,True,2018HU1110045,18
1,65300.0,110100.0,1.6860643185298623,74,64,69.0,175400.0,True,2018HU1111126,27
3,118000.0,0.0,0.0,34,34,34.0,118000.0,True,2018HU1112691,7
1,84000.0,104000.0,1.2380952380952381,62,62,62.0,188000.0,True,2018HU1113016,54
1,29600.0,98100.0,3.314189189189189,62,62,62.0,127700.0,True,2018HU1113080,14
0,70000.0,0.0,0.0,52,44,48.0,70000.0,True,2018HU1113447,12
1,16800.0,80050.0,4.7648809523809526,65,65,65.0,96850.0,True,2018HU1113802,6
1,77200.0,26200.0,2.946564885496183,31,34,32.5,103400.0,True,2018HU1114633,19
0,0.0,100000.0,0.0,60,59,59.5,100000.0,True,2018HU1114784,35
0,50400.0,48000.0,1.05,36,37,36.5,98400.0,True,2018HU1114983,26
2,133000.0,19000.0,7.0,72,71,71.5,152000.0,True,2018HU1115486,37
2,180000.0,264000.0,1.4666666666666666,52,52,52.0,444000.0,True,2018HU1116334,18
4,97100.0,700.0,138.71428571428572,66,67,66.5,97800.0,True,2018HU1116758,11
0,60000.0,30000.0,2.0,66,66,66.0,90000.0,True,2018HU1117019,14
1,65000.0,124000.0,1.9076923076923078,40,41,40.5,189000.0,True,2018HU1117386,14
0,55300.0,22800.0,2.425438596491228,68,68,68.0,78100.0,True,2018HU1117469,5
0,50000.0,70000.0,1.4,66,73,69.5,120000.0,True,2018HU1118271,35
2,140000.0,154000.0,1.1,51,49,50.0,294000.0,True,2018HU1119206,14
1,85200.0,25000.0,3.408,42,43,42.5,110200.0,True,2018HU1119311,28
3,5900.0,500.0,11.8,56,56,56.0,6400.0,True,2018HU1119575,10
1,20000.0,36000.0,1.8,46,29,37.5,56000.0,True,2018HU1120549,11
0,45200.0,55500.0,1.2278761061946903,62,54,58.0,100700.0,True,2018HU1120742,15
1,40000.0,40000.0,1.0,48,44,46.0,80000.0,True,2018HU1121238,67
1,73000.0,58000.0,1.2586206896551724,31,31,31.0,131000.0,True,2018HU1121742,87
2,69600.0,120000.0,1.7241379310344827,28,29,28.5,189600.0,True,2018HU1121745,16
1,42000.0,0.0,0.0,29,27,28.0,42000.0,True,2018HU1122061,44
2,17400.0,101500.0,5.833333333333333,67,69,68.0,118900.0,True,2018HU1122278,13
0,32000.0,60000.0,1.875,43,46,44.5,92000.0,True,2018HU1123084,15
0,12100.0,0.0,0.0,69,57,63.0,12100.0,True,2018HU1123177,3
0,46200.0,0.0,0.0,66,65,65.5,46200.0,True,2018HU1124815,27
1,60040.0,93080.0,1.5502998001332444,53,56,54.5,153120.0,True,2018HU1125139,17
0,50000.0,45000.0,1.1111111111111112,67,65,66.0,95000.0,True,2018HU1125276,16
1,83000.0,52000.0,1.5961538461538463,45,42,43.5,135000.0,True,2018HU1126202,8
2,116300.0,95250.0,1.220997375328084,57,60,58.5,211550.0,True,2018HU1126842,16
1,51300.0,65000.0,1.267056530214425,39,37,38.0,116300.0,True,2018HU1128846,13
1,30700.0,35800.0,1.1661237785016287,55,56,55.5,66500.0,False,2018HU1129336,9
3,25000.0,7500.0,3.3333333333333335,22,23,22.5,32500.0,True,2018HU1129668,15
0,35000.0,40000.0,1.1428571428571428,45,48,46.5,75000.0,True,2018HU1130380,10
1,15750.0,20590.0,1.3073015873015874,76,96,86.0,36340.0,True,2018HU1130677,8
2,7300.0,43400.0,5.945205479452055,71,75,73.0,50700.0,True,2018HU1130738,20
2,180000.0,50000.0,3.6,44,43,43.5,230000.0,True,2018HU1131202,26
1,35000.0,36000.0,1.0285714285714285,34,56,45.0,71000.0,True,2018HU1131585,24
1,9300.0,32500.0,3.4946236559139785,71,71,71.0,41800.0,True,2018HU1132491,16
1,106000.0,91000.0,1.164835164835165,40,39,39.5,197000.0,True,2018HU1134373,16
0,8300.0,14000.0,1.6867469879518073,51,55,53.0,22300.0,True,2018HU1134413,15
3,145800.0,0.0,0.0,42,38,40.0,145800.0,True,2018HU1134902,10
4,56800.0,410000.0,7.21830985915493,48,48,48.0,466800.0,True,2018HU1135353,16
0,50000.0,89000.0,1.78,40,40,40.0,139000.0,True,2018HU1136257,10
0,35000.0,30000.0,1.1666666666666667,55,54,54.5,65000.0,True,2018HU1136320,14
3,155900.0,14000.0,11.135714285714286,53,58,55.5,169900.0,True,2018HU1136592,37
2,142000.0,65000.0,2.1846153846153844,50,48,49.0,207000.0,True,2018HU1137255,17
2,5800.0,35000.0,6.0344827586206895,50,46,48.0,40800.0,True,2018HU1137410,9
0,26200.0,67200.0,2.564885496183206,79,79,79.0,93400.0,True,2018HU1138245,4
0,35500.0,30250.0,1.1735537190082646,60,63,61.5,65750.0,True,2018HU1138522,15
0,5000.0,14000.0,2.8,60,57,58.5,19000.0,True,2018HU1139227,7
2,70000.0,12000.0,5.833333333333333,65,65,65.0,82000.0,True,2018HU1140043,28
2,9200.0,40000.0,4.3478260869565215,54,67,60.5,49200.0,True,2018HU1140457,8
3,192200.0,55300.0,3.4755877034358047,53,46,49.5,247500.0,True,2018HU1140805,34
2,123500.0,50200.0,2.460159362549801,70,67,68.5,173700.0,True,2018HU1140920,9
0,40800.0,41000.0,1.0049019607843137,40,42,41.0,81800.0,True,2018HU1141130,14
0,30000.0,10000.0,3.0,43,41,42.0,40000.0,True,2018HU1141321,66
0,44280.0,46600.0,1.052393857271906,62,63,62.5,90880.0,True,2018HU1141362,17
1,80000.0,93000.0,1.1625,57,60,58.5,173000.0,True,2018HU1141435,15
0,80000.0,30000.0,2.6666666666666665,50,50,50.0,110000.0,True,2018HU1142595,39
3,7000.0,34000.0,4.857142857142857,32,23,27.5,41000.0,False,2018HU1142744,13
2,66000.0,8000.0,8.25,39,39,39.0,74000.0,True,2018HU1143187,8
0,0.0,4800.0,0.0,59,66,62.5,4800.0,True,2018HU1145133,9
1,7200.0,33700.0,4.680555555555555,74,77,75.5,40900.0,True,2018HU1145576,16
1,0.0,23800.0,0.0,55,48,51.5,23800.0,False,2018HU1145994,12
0,65000.0,24000.0,2.7083333333333335,50,46,48.0,89000.0,True,2018HU1146166,17
1,20000.0,89000.0,4.45,39,40,39.5,109000.0,True,2018HU1148969,15
6,170000.0,9000.0,18.88888888888889,65,56,60.5,179000.0,True,2018HU1149366,14
1,25000.0,7200.0,3.4722222222222223,73,77,75.0,32200.0,True,2018HU1149378,4
3,114100.0,16000.0,7.13125,88,69,78.5,130100.0,True,2018HU1149483,4
1,20000.0,34300.0,1.715,83,76,79.5,54300.0,False,2018HU1149842,24
0,13200.0,36400.0,2.757575757575758,80,80,80.0,49600.0,True,2018HU1150711,17
2,100500.0,215000.0,2.1393034825870645,61,56,58.5,315500.0,True,2018HU1151215,30
0,31200.0,0.0,0.0,35,34,34.5,31200.0,True,2018HU1153244,39
8,211000.0,8800.0,23.977272727272727,86,86,86.0,219800.0,True,2018HU1153621,9
0,0.0,0.0,0.0,53,53,53.0,0.0,True,2018HU1153872,8
1,15000.0,7920.0,1.893939393939394,96,86,91.0,22920.0,True,2018HU1155229,19
0,80000.0,40000.0,2.0,33,35,34.0,120000.0,True,2018HU1155440,15
1,25000.0,0.0,0.0,52,32,42.0,25000.0,True,2018HU1155761,19
1,80600.0,63600.0,1.2672955974842768,53,53,53.0,144200.0,True,2018HU1156360,8
7,106000.0,2000.0,53.0,44,52,48.0,108000.0,True,2018HU1157278,10
1,62000.0,105000.0,1.6935483870967742,47,51,49.0,167000.0,True,2018HU1157586,14
3,430000.0,50000.0,8.6,76,72,74.0,480000.0,True,2018HU1157655,10
0,27600.0,14000.0,1.9714285714285715,38,31,34.5,41600.0,True,2018HU1157699,24
2,150000.0,51000.0,2.9411764705882355,40,38,39.0,201000.0,True,2018HU1157854,53
0,12000.0,32800.0,2.7333333333333334,71,70,70.5,44800.0,True,2018HU1158097,6
3,125000.0,100000.0,1.25,39,55,47.0,225000.0,True,2018HU1158408,23
0,7200.0,9000.0,1.25,40,37,38.5,16200.0,True,2018HU1158632,8
1,67000.0,124000.0,1.8507462686567164,36,40,38.0,191000.0,True,2018HU1159960,9
2,30900.0,6600.0,4.681818181818182,68,44,56.0,37500.0,True,2018HU1160545,18
0,0.0,84240.0,0.0,46,48,47.0,84240.0,True,2018HU1160739,33
1,30000.0,100000.0,3.3333333333333335,25,36,30.5,130000.0,True,2018HU1161041,15
0,45000.0,45000.0,1.0,53,52,52.5,90000.0,True,2018HU1161240,14
0,5000.0,10000.0,2.0,75,71,73.0,15000.0,True,2018HU1161721,5
2,5300.0,51400.0,9.69811320754717,72,70,71.0,56700.0,True,2018HU1162816,10
0,0.0,20100.0,0.0,52,58,55.0,20100.0,True,2018HU1162968,28
0,70000.0,0.0,0.0,54,51,52.5,70000.0,True,2018HU1163254,38
1,1300.0,0.0,0.0,31,48,39.5,1300.0,True,2018HU1163610,28
1,90000.0,53000.0,1.6981132075471699,57,58,57.5,143000.0,True,2018HU1163806,23
5,500.0,48000.0,96.0,32,34,33.0,48500.0,True,2018HU1163906,26
0,40100.0,20000.0,2.005,52,54,53.0,60100.0,True,2018HU1164045,12
0,75000.0,0.0,0.0,32,30,31.0,75000.0,True,2018HU1164701,13
0,100000.0,0.0,0.0,54,64,59.0,100000.0,True,2018HU1165239,10
1,92010.0,55850.0,1.6474485228290063,71,71,71.0,147860.0,True,2018HU1165548,6
4,77000.0,8500.0,9.058823529411764,28,27,27.5,85500.0,False,2018HU1165874,47
2,49800.0,9900.0,5.03030303030303,76,74,75.0,59700.0,True,2018HU1166375,5
0,36400.0,31200.0,1.1666666666666667,76,76,76.0,67600.0,True,2018HU1166888,14
5,300300.0,10000.0,30.03,65,67,66.0,310300.0,True,2018HU1167096,12
0,7300.0,7500.0,1.0273972602739727,70,76,73.0,14800.0,True,2018HU1169809,17
1,86600.0,0.0,0.0,56,37,46.5,86600.0,True,2018HU1171190,42
0,94000.0,40000.0,2.35,60,56,58.0,134000.0,True,2018HU1171343,16
0,50000.0,89000.0,1.78,40,48,44.0,139000.0,True,2018HU1171692,9
2,24000.0,174500.0,7.270833333333333,59,66,62.5,198500.0,True,2018HU1172992,17
3,5000.0,35000.0,7.0,61,32,46.5,40000.0,True,2018HU1173770,13
8,403000.0,3000.0,134.33333333333334,44,40,42.0,406000.0,True,2018HU1173778,9
0,40200.0,20700.0,1.9420289855072463,57,50,53.5,60900.0,True,2018HU1175073,16
0,19100.0,12500.0,1.528,75,79,77.0,31600.0,True,2018HU1175173,15
4,1350.0,50000.0,37.03703703703704,61,64,62.5,51350.0,True,2018HU1175193,12
4,2700.0,40000.0,14.814814814814815,29,29,29.0,42700.0,True,2018HU1175704,24
0,54000.0,0.0,0.0,74,79,76.5,54000.0,True,2018HU1176512,14
1,26600.0,9900.0,2.686868686868687,74,70,72.0,36500.0,True,2018HU1177006,4
1,69000.0,24000.0,2.875,64,38,51.0,93000.0,True,2018HU1177567,14
0,10800.0,13200.0,1.2222222222222223,70,68,69.0,24000.0,True,2018HU1177773,15
1,48000.0,40000.0,1.2,54,38,46.0,88000.0,True,2018HU1178282,13
3,175000.0,52000.0,3.3653846153846154,61,60,60.5,227000.0,True,2018HU1179036,12
0,41600.0,118500.0,2.8485576923076925,56,56,56.0,160100.0,True,2018HU1179328,18
0,44080.0,35000.0,1.2594285714285713,66,65,65.5,79080.0,True,2018HU1179405,21
3,122000.0,0.0,0.0,56,56,56.0,122000.0,True,2018HU1179411,13
1,105000.0,62800.0,1.6719745222929936,47,47,47.0,167800.0,True,2018HU1180336,67
1,54100.0,83900.0,1.5508317929759705,90,90,90.0,138000.0,True,2018HU1180677,29
1,13200.0,54200.0,4.106060606060606,69,66,67.5,67400.0,True,2018HU1181604,17
1,51300.0,0.0,0.0,65,60,62.5,51300.0,True,2018HU1181623,26
0,44500.0,19000.0,2.3421052631578947,38,41,39.5,63500.0,True,2018HU1182897,7
2,54000.0,9000.0,6.0,73,72,72.5,63000.0,True,2018HU1184231,40
0,51000.0,50000.0,1.02,34,46,40.0,101000.0,True,2018HU1184286,3
3,4800.0,60000.0,12.5,39,40,39.5,64800.0,True,2018HU1184979,31
0,33000.0,14400.0,2.2916666666666665,54,53,53.5,47400.0,True,2018HU1185174,9
1,60000.0,100000.0,1.6666666666666667,32,34,33.0,160000.0,True,2018HU1186710,14
2,135000.0,18000.0,7.5,57,46,51.5,153000.0,True,2018HU1186742,13
0,47700.0,34500.0,1.382608695652174,89,86,87.5,82200.0,True,2018HU1187300,19
2,153000.0,25000.0,6.12,57,48,52.5,178000.0,True,2018HU1189694,14
0,38900.0,14700.0,2.6462585034013606,76,76,76.0,53600.0,True,2018HU1189979,18
1,130000.0,70000.0,1.8571428571428572,41,40,40.5,200000.0,True,2018HU1190976,12
1,82000.0,52000.0,1.5769230769230769,32,32,32.0,134000.0,True,2018HU1191533,19
0,25200.0,9300.0,2.7096774193548385,67,61,64.0,34500.0,True,2018HU1192092,12
0,44200.0,95000.0,2.1493212669683257,44,45,44.5,139200.0,True,2018HU1193850,16
4,105000.0,10000.0,10.5,49,33,41.0,115000.0,True,2018HU1193852,16
1,55000.0,0.0,0.0,28,29,28.5,55000.0,True,2018HU1194504,17
1,19000.0,43100.0,2.268421052631579,60,59,59.5,62100.0,True,2018HU1195078,11
0,48000.0,24000.0,2.0,56,57,56.5,72000.0,True,2018HU1196046,4
0,0.0,43000.0,0.0,66,73,69.5,43000.0,True,2018HU1196630,6
0,35500.0,35000.0,1.0142857142857142,30,30,30.0,70500.0,True,2018HU1197873,37
3,129200.0,0.0,0.0,45,40,42.5,129200.0,True,2018HU1197886,10
2,94200.0,240000.0,2.5477707006369426,65,60,62.5,334200.0,True,2018HU1198033,14
0,80000.0,40000.0,2.0,42,31,36.5,120000.0,True,2018HU1198243,16
2,85000.0,90000.0,1.0588235294117647,28,46,37.0,175000.0,True,2018HU1198246,81
1,100000.0,20000.0,5.0,62,62,62.0,120000.0,True,2018HU1198615,17
0,18400.0,9700.0,1.8969072164948453,72,71,71.5,28100.0,True,2018HU1198868,33
3,8700.0,97600.0,11.218390804597702,61,70,65.5,106300.0,True,2018HU1200054,9
2,104000.0,55000.0,1.8909090909090909,47,63,55.0,159000.0,True,2018HU1200497,17
3,95000.0,5500.0,17.272727272727273,55,44,49.5,100500.0,True,2018HU1200557,15
0,24000.0,30000.0,1.25,41,32,36.5,54000.0,True,2018HU1200581,23
1,115100.0,50100.0,2.2974051896207586,37,43,40.0,165200.0,True,2018HU1201028,10
0,50000.0,25000.0,2.0,40,48,44.0,75000.0,True,2018HU1201281,26
0,45000.0,0.0,0.0,91,85,88.0,45000.0,True,2018HU1201697,17
1,94000.0,95000.0,1.0106382978723405,30,30,30.0,189000.0,True,2018HU1201792,18
1,110000.0,60000.0,1.8333333333333333,61,49,55.0,170000.0,True,2018HU1202242,12
4,55000.0,2000.0,27.5,34,32,33.0,57000.0,True,2018HU1202693,35
2,14400.0,100000.0,6.944444444444445,38,40,39.0,114400.0,True,2018HU1203241,3
8,153000.0,4400.0,34.77272727272727,61,63,62.0,157400.0,True,2018HU1204195,9
2,48000.0,200000.0,4.166666666666667,36,35,35.5,248000.0,True,2018HU1204684,10
1,27000.0,45900.0,1.7,37,39,38.0,72900.0,False,2018HU1204699,1
0,90400.0,45050.0,2.006659267480577,41,41,41.0,135450.0,True,2018HU1205385,27
3,243000.0,31000.0,7.838709677419355,72,72,72.0,274000.0,True,2018HU1205479,26
1,48000.0,13200.0,3.6363636363636362,51,55,53.0,61200.0,True,2018HU1205775,44
2,28000.0,21000.0,1.3333333333333333,71,60,65.5,49000.0,False,2018HU1206019,21
0,19200.0,34300.0,1.7864583333333333,71,75,73.0,53500.0,True,2018HU1207060,17
2,24500.0,123200.0,5.0285714285714285,76,86,81.0,147700.0,True,2018HU1207405,22
8,1900.0,403000.0,212.10526315789474,48,49,48.5,404900.0,True,2018HU1209721,16
4,2700.0,100000.0,37.03703703703704,43,43,43.0,102700.0,True,2018HU1209812,7
0,32820.0,12100.0,2.712396694214876,71,72,71.5,44920.0,True,2018HU1210046,2
2,147300.0,135400.0,1.0878877400295421,70,67,68.5,282700.0,True,2018HU1211489,17
2,130000.0,75000.0,1.7333333333333334,54,50,52.0,205000.0,True,2018HU1213117,9
3,10000.0,0.0,0.0,50,30,40.0,10000.0,False,2018HU1213771,22
1,72000.0,23400.0,3.076923076923077,42,42,42.0,95400.0,True,2018HU1214394,13
1,80000.0,60000.0,1.3333333333333333,41,40,40.5,140000.0,True,2018HU1214550,15
0,14400.0,20000.0,1.3888888888888888,37,36,36.5,34400.0,True,2018HU1215203,61
2,115000.0,105000.0,1.0952380952380953,41,49,45.0,220000.0,True,2018HU1215550,14
3,7000.0,79000.0,11.285714285714286,48,48,48.0,86000.0,True,2018HU1216151,50
2,57000.0,12000.0,4.75,38,31,34.5,69000.0,False,2018HU1219249,56
3,312700.0,49000.0,6.381632653061224,77,70,73.5,361700.0,True,2018HU1219421,33
0,38000.0,34100.0,1.1143695014662756,48,37,42.5,72100.0,True,2018HU1219700,14
2,10000.0,100000.0,10.0,55,57,56.0,110000.0,True,2018HU1220839,16
4,38000.0,200.0,190.0,33,33,33.0,38200.0,True,2018HU1220870,8
0,70000.0,0.0,0.0,39,37,38.0,70000.0,True,2018HU1222341,21
0,30000.0,70000.0,2.3333333333333335,44,42,43.0,100000.0,True,2018HU1223043,7
0,700.0,1400.0,2.0,65,60,62.5,2100.0,True,2018HU1223257,15
2,45200.0,5500.0,8.218181818181819,69,74,71.5,50700.0,True,2018HU1223303,9
1,50000.0,33000.0,1.5151515151515151,63,66,64.5,83000.0,False,2018HU1223471,10
4,97800.0,403000.0,4.120654396728017,72,68,70.0,500800.0,True,2018HU1223996,18
0,-1200.0,0.0,0.0,77,75,76.0,-1200.0,True,2018HU1224635,47
2,125000.0,225000.0,1.8,65,63,64.0,350000.0,True,2018HU1224865,9
0,50000.0,40000.0,1.25,56,48,52.0,90000.0,True,2018HU1224966,27
8,1200.0,403000.0,335.8333333333333,62,52,57.0,404200.0,True,2018HU1226038,41
0,60000.0,0.0,0.0,38,40,39.0,60000.0,True,2018HU1226769,17
0,24000.0,0.0,0.0,53,47,50.0,24000.0,True,2018HU1228122,5
4,403000.0,24000.0,16.791666666666668,58,47,52.5,427000.0,True,2018HU1229559,50
0,31000.0,70000.0,2.2580645161290325,50,50,50.0,101000.0,True,2018HU1229712,15
2,45000.0,192000.0,4.266666666666667,60,73,66.5,237000.0,True,2018HU1230009,12
4,60000.0,5000.0,12.0,46,43,44.5,65000.0,True,2018HU1231394,18
3,2400.0,29000.0,12.083333333333334,60,46,53.0,31400.0,True,2018HU1231876,16
3,25000.0,8000.0,3.125,23,23,23.0,33000.0,True,2018HU1233367,28
0,34600.0,81000.0,2.341040462427746,51,47,49.0,115600.0,True,2018HU1235375,46
0,8000.0,10000.0,1.25,57,49,53.0,18000.0,True,2018HU1235745,14
1,68080.0,66080.0,1.0302663438256658,58,57,57.5,134160.0,True,2018HU1236544,13
0,0.0,0.0,0.0,82,81,81.5,0.0,True,2018HU1236682,14
0,17200.0,27500.0,1.5988372093023255,75,88,81.5,44700.0,True,2018HU1237037,14
4,1600.0,40000.0,25.0,31,32,31.5,41600.0,True,2018HU1237360,5
0,80000.0,36200.0,2.2099447513812156,69,71,70.0,116200.0,True,2018HU1238415,27
0,9600.0,4800.0,2.0,64,61,62.5,14400.0,True,2018HU1238437,4
2,102000.0,16000.0,6.375,65,62,63.5,118000.0,True,2018HU1238518,12
1,48320.0,9800.0,4.930612244897959,71,68,69.5,58120.0,True,2018HU1238942,15
0,87000.0,35000.0,2.4857142857142858,57,52,54.5,122000.0,True,2018HU1239744,15
3,232460.0,32000.0,7.264375,74,68,71.0,264460.0,True,2018HU1240016,19
3,30000.0,110000.0,3.6666666666666665,23,26,24.5,140000.0,True,2018HU1242867,46
1,14000.0,59000.0,4.214285714285714,59,56,57.5,73000.0,True,2018HU1242993,45
0,42000.0,43000.0,1.0238095238095237,39,41,40.0,85000.0,True,2018HU1243206,29
2,35000.0,30800.0,1.1363636363636365,31,26,28.5,65800.0,False,2018HU1243272,13
2,92000.0,10400.0,8.846153846153847,57,60,58.5,102400.0,True,2018HU1243429,24
4,0.0,403000.0,0.0,40,35,37.5,403000.0,True,2018HU1244306,16
0,17800.0,19300.0,1.0842696629213484,82,78,80.0,37100.0,True,2018HU1246389,17
4,403000.0,40000.0,10.075,43,40,41.5,443000.0,True,2018HU1247118,26
0,30000.0,0.0,0.0,30,30,30.0,30000.0,True,2018HU1247967,111
0,16660.0,30200.0,1.8127250900360143,64,65,64.5,46860.0,True,2018HU1248023,15
1,26000.0,48000.0,1.8461538461538463,45,43,44.0,74000.0,False,2018HU1248621,31
0,0.0,41000.0,0.0,61,59,60.0,41000.0,True,2018HU1248969,13
2,116200.0,35000.0,3.32,29,28,28.5,151200.0,True,2018HU1250746,31
6,132400.0,9200.0,14.391304347826088,71,72,71.5,141600.0,True,2018HU1251535,9
2,140000.0,20000.0,7.0,57,46,51.5,160000.0,True,2018HU1251557,19
0,60300.0,21900.0,2.7534246575342465,71,75,73.0,82200.0,True,2018HU1251631,14
2,160000.0,48000.0,3.3333333333333335,66,57,61.5,208000.0,True,2018HU1251779,13
1,64000.0,60000.0,1.0666666666666667,32,36,34.0,124000.0,True,2018HU1251868,19
3,200000.0,30000.0,6.666666666666667,59,55,57.0,230000.0,True,2018HU1252730,9
1,30000.0,90000.0,3.0,32,32,32.0,120000.0,False,2018HU1253008,20
0,45000.0,45000.0,1.0,57,58,57.5,90000.0,True,2018HU1253324,51
0,25000.0,24000.0,1.0416666666666667,72,71,71.5,49000.0,True,2018HU1253746,13
1,75000.0,48000.0,1.5625,25,28,26.5,123000.0,True,2018HU1254331,97
0,23100.0,24000.0,1.0389610389610389,68,68,68.0,47100.0,True,2018HU1254419,15
0,8940.0,12400.0,1.3870246085011186,88,78,83.0,21340.0,True,2018HU1254955,15
3,210900.0,61200.0,3.446078431372549,68,68,68.0,272100.0,True,2018HU1255419,15
0,19200.0,16800.0,1.1428571428571428,70,80,75.0,36000.0,True,2018HU1255471,101
1,95000.0,75000.0,1.2666666666666666,55,55,55.0,170000.0,True,2018HU1257664,15
2,13000.0,89000.0,6.846153846153846,37,35,36.0,102000.0,True,2018HU1257898,22
2,89000.0,9300.0,9.56989247311828,84,80,82.0,98300.0,True,2018HU1257975,27
0,100000.0,36470.0,2.741979709350151,48,61,54.5,136470.0,True,2018HU1258228,17
0,74000.0,34000.0,2.176470588235294,51,47,49.0,108000.0,True,2018HU1259440,34
0,40000.0,90000.0,2.25,37,38,37.5,130000.0,True,2018HU1259633,15
0,35000.0,78700.0,2.2485714285714287,60,57,58.5,113700.0,True,2018HU1259797,3
1,50020.0,20000.0,2.501,29,29,29.0,70020.0,True,2018HU1260004,11
1,70000.0,20000.0,3.5,48,48,48.0,90000.0,True,2018HU1260986,16
0,115000.0,40000.0,2.875,48,52,50.0,155000.0,True,2018HU1261252,37
0,11600.0,0.0,0.0,91,90,90.5,11600.0,True,2018HU1261333,14
0,89000.0,0.0,0.0,45,45,45.0,89000.0,True,2018HU1261405,15
1,6500.0,11000.0,1.6923076923076923,74,49,61.5,17500.0,True,2018HU1261643,12
7,500.0,150000.0,300.0,55,58,56.5,150500.0,True,2018HU1263073,4
0,65000.0,0.0,0.0,57,66,61.5,65000.0,True,2018HU1264202,5
1,21700.0,5400.0,4.018518518518518,70,67,68.5,27100.0,True,2018HU1265856,13
0,9800.0,0.0,0.0,53,49,51.0,9800.0,True,2018HU1265860,8
4,403000.0,0.0,0.0,56,47,51.5,403000.0,True,2018HU1266483,4
1,33000.0,19200.0,1.71875,52,59,55.5,52200.0,False,2018HU1267659,12
0,13900.0,29700.0,2.1366906474820144,68,65,66.5,43600.0,True,2018HU1268025,15
3,65000.0,284000.0,4.369230769230769,36,38,37.0,349000.0,True,2018HU1268154,13
2,85000.0,12000.0,7.083333333333333,61,59,60.0,97000.0,True,2018HU1269105,8
2,104000.0,13500.0,7.703703703703703,36,37,36.5,117500.0,True,2018HU1269696,9
1,47500.0,39000.0,1.2179487179487178,76,76,76.0,86500.0,True,2018HU1269994,6
1,23000.0,108200.0,4.7043478260869565,59,60,59.5,131200.0,True,2018HU1270235,9
1,17500.0,70000.0,4.0,51,48,49.5,87500.0,True,2018HU1270399,27
1,116800.0,26140.0,4.468247895944912,72,74,73.0,142940.0,True,2018HU1271082,13
1,92500.0,25000.0,3.7,71,73,72.0,117500.0,True,2018HU1271601,11
0,33500.0,38000.0,1.1343283582089552,42,41,41.5,71500.0,True,2018HU1271986,45
2,90000.0,97000.0,1.0777777777777777,36,36,36.0,187000.0,False,2018HU1272000,20
0,49800.0,88800.0,1.783132530120482,71,78,74.5,138600.0,True,2018HU1273246,43
2,57000.0,122000.0,2.1403508771929824,54,52,53.0,179000.0,False,2018HU1273581,16
1,10800.0,38700.0,3.5833333333333335,61,65,63.0,49500.0,True,2018HU1273863,3
5,800.0,12100.0,15.125,19,72,45.5,12900.0,False,2018HU1274293,16
0,36000.0,48000.0,1.3333333333333333,52,52,52.0,84000.0,True,2018HU1275738,41
1,21300.0,65000.0,3.051643192488263,59,56,57.5,86300.0,True,2018HU1276072,9
0,38800.0,16100.0,2.409937888198758,60,67,63.5,54900.0,True,2018HU1276777,10
3,289400.0,38400.0,7.536458333333333,73,72,72.5,327800.0,True,2018HU1277296,14
2,14000.0,22000.0,1.5714285714285714,19,22,20.5,36000.0,True,2018HU1277337,19
1,88400.0,58900.0,1.500848896434635,67,68,67.5,147300.0,True,2018HU1278360,6
1,12000.0,3700.0,3.2432432432432434,55,62,58.5,15700.0,True,2018HU1280107,15
0,74200.0,48000.0,1.5458333333333334,38,33,35.5,122200.0,True,2018HU1281637,16
0,34800.0,70000.0,2.0114942528735633,71,65,68.0,104800.0,True,2018HU1282545,12
0,124000.0,48000.0,2.5833333333333335,51,55,53.0,172000.0,True,2018HU1283710,13
0,81000.0,31700.0,2.555205047318612,34,35,34.5,112700.0,True,2018HU1285073,14
1,117000.0,58000.0,2.0172413793103448,47,44,45.5,175000.0,True,2018HU1285554,14
0,11100.0,17600.0,1.5855855855855856,48,40,44.0,28700.0,True,2018HU1285708,12
1,120000.0,24000.0,5.0,43,45,44.0,144000.0,True,2018HU1286040,23
3,0.0,125000.0,0.0,40,40,40.0,125000.0,True,2018HU1286405,7
3,52000.0,5000.0,10.4,56,60,58.0,57000.0,True,2018HU1287051,14
1,63000.0,54300.0,1.160220994475138,59,65,62.0,117300.0,True,2018HU1288149,17
4,45800.0,1700.0,26.941176470588236,61,56,58.5,47500.0,True,2018HU1289463,14
1,18700.0,41000.0,2.192513368983957,51,35,43.0,59700.0,True,2018HU1290549,11
1,50000.0,15200.0,3.289473684210526,31,30,30.5,65200.0,True,2018HU1290670,22
0,74000.0,40000.0,1.85,48,42,45.0,114000.0,True,2018HU1290800,47
1,16000.0,7700.0,2.0779220779220777,39,40,39.5,23700.0,True,2018HU1291157,13
0,84600.0,28200.0,3.0,74,65,69.5,112800.0,True,2018HU1291282,7
0,75000.0,0.0,0.0,53,54,53.5,75000.0,True,2018HU1291366,13
0,36000.0,38100.0,1.0583333333333333,50,52,51.0,74100.0,True,2018HU1292235,43
1,118000.0,70000.0,1.6857142857142857,42,42,42.0,188000.0,True,2018HU1292656,18
0,14400.0,17500.0,1.2152777777777777,69,60,64.5,31900.0,True,2018HU1294417,7
0,9800.0,22000.0,2.2448979591836733,65,56,60.5,31800.0,True,2018HU1296158,14
0,38000.0,36800.0,1.0326086956521738,66,53,59.5,74800.0,True,2018HU1296213,9
3,58100.0,150000.0,2.5817555938037864,73,48,60.5,208100.0,True,2018HU1296278,29
1,60000.0,65000.0,1.0833333333333333,36,37,36.5,125000.0,True,2018HU1296284,20
1,105000.0,25000.0,4.2,43,41,42.0,130000.0,True,2018HU1296527,14
1,78000.0,60500.0,1.2892561983471074,63,63,63.0,138500.0,True,2018HU1296560,14
0,41050.0,29650.0,1.384485666104553,68,70,69.0,70700.0,True,2018HU1297695,17
3,0.0,150000.0,0.0,40,45,42.5,150000.0,True,2018HU1298122,9
2,261000.0,261000.0,1.0,59,57,58.0,522000.0,True,2018HU1299095,38
3,282000.0,71000.0,3.971830985915493,79,75,77.0,353000.0,True,2018HU1299276,29
1,40000.0,10000.0,4.0,62,59,60.5,50000.0,True,2018HU1299561,30
4,5000.0,72000.0,14.4,27,29,28.0,77000.0,True,2018HU1300038,8
0,29000.0,24000.0,1.2083333333333333,43,41,42.0,53000.0,True,2018HU1300109,8
0,70000.0,0.0,0.0,52,58,55.0,70000.0,True,2018HU1300186,14
0,33000.0,26800.0,1.2313432835820894,55,50,52.5,59800.0,True,2018HU1300423,19
3,65000.0,5400.0,12.037037037037036,48,55,51.5,70400.0,True,2018HU1300625,20
0,65200.0,33000.0,1.9757575757575758,50,48,49.0,98200.0,True,2018HU1301005,9
2,123800.0,77000.0,1.6077922077922078,58,58,58.0,200800.0,True,2018HU1301038,21
1,38000.0,115000.0,3.026315789473684,53,53,53.0,153000.0,True,2018HU1301285,6
3,264000.0,76000.0,3.473684210526316,68,68,68.0,340000.0,True,2018HU1301695,20
3,24000.0,200000.0,8.333333333333334,63,55,59.0,224000.0,True,2018HU1301786,42
0,77200.0,0.0,0.0,83,74,78.5,77200.0,True,2018HU1302493,2
0,20000.0,40000.0,2.0,25,35,30.0,60000.0,True,2018HU1303030,5
3,155000.0,0.0,0.0,41,40,40.5,155000.0,True,2018HU1304223,14
6,40000.0,100.0,400.0,24,25,24.5,40100.0,True,2018HU1305017,42
2,175000.0,25000.0,7.0,50,51,50.5,200000.0,True,2018HU1305281,16
0,38200.0,25200.0,1.5158730158730158,84,80,82.0,63400.0,True,2018HU1305312,36
0,30000.0,10000.0,3.0,63,63,63.0,40000.0,True,2018HU1306044,9
0,51500.0,29200.0,1.7636986301369864,82,79,80.5,80700.0,True,2018HU1306182,14
0,32700.0,36600.0,1.1192660550458715,69,69,69.0,69300.0,True,2018HU1306331,43
2,11900.0,36400.0,3.0588235294117645,86,82,84.0,48300.0,True,2018HU1306629,10
0,12000.0,14400.0,1.2,84,86,85.0,26400.0,True,2018HU1306925,4
0,74500.0,32400.0,2.299382716049383,76,77,76.5,106900.0,True,2018HU1308116,9
0,40000.0,0.0,0.0,47,36,41.5,40000.0,True,2018HU1308613,12
0,98600.0,41600.0,2.3701923076923075,76,74,75.0,140200.0,True,2018HU1309244,8
2,104000.0,106200.0,1.021153846153846,39,45,42.0,210200.0,True,2018HU1309939,32
1,8000.0,24000.0,3.0,59,59,59.0,32000.0,True,2018HU1309987,15
1,70000.0,48000.0,1.4583333333333333,56,57,56.5,118000.0,True,2018HU1311517,12
3,51000.0,193000.0,3.784313725490196,61,60,60.5,244000.0,True,2018HU1311601,23
1,65000.0,116000.0,1.7846153846153847,63,61,62.0,181000.0,True,2018HU1311911,14
0,40200.0,47700.0,1.1865671641791045,55,55,55.0,87900.0,True,2018HU1312382,11
0,0.0,60000.0,0.0,34,36,35.0,60000.0,True,2018HU1312808,6
0,83000.0,0.0,0.0,64,62,63.0,83000.0,True,2018HU1313389,4
2,107000.0,100000.0,1.07,66,55,60.5,207000.0,True,2018HU1313479,6
0,32250.0,33000.0,1.0232558139534884,72,74,73.0,65250.0,True,2018HU1314144,8
2,38500.0,4000.0,9.625,42,42,42.0,42500.0,True,2018HU1314237,30
3,298300.0,92000.0,3.242391304347826,72,67,69.5,390300.0,True,2018HU1314728,15
1,76000.0,90000.0,1.1842105263157894,40,40,40.0,166000.0,True,2018HU1315433,12
1,81100.0,20500.0,3.9560975609756097,75,76,75.5,101600.0,True,2018HU1315632,15
0,40000.0,0.0,0.0,28,39,33.5,40000.0,True,2018HU1315714,8
1,72000.0,69280.0,1.0392609699769053,59,60,59.5,141280.0,True,2018HU1317049,12
8,215000.0,20.0,10750.0,62,49,55.5,215020.0,True,2018HU1318085,12
0,87030.0,42020.0,2.0711565920990003,64,56,60.0,129050.0,True,2018HU1318536,14
1,80000.0,18000.0,4.444444444444445,53,57,55.0,98000.0,True,2018HU1319347,15
4,407000.0,0.0,0.0,51,48,49.5,407000.0,True,2018HU1319991,29
3,59500.0,5200.0,11.442307692307692,36,37,36.5,64700.0,True,2018HU1320109,4
0,90000.0,40000.0,2.25,32,29,30.5,130000.0,True,2018HU1320237,25
1,46000.0,30000.0,1.5333333333333334,45,49,47.0,76000.0,True,2018HU1320281,19
2,20000.0,21900.0,1.095,62,64,63.0,41900.0,False,2018HU1320708,23
1,23700.0,6900.0,3.4347826086956523,69,71,70.0,30600.0,True,2018HU1321388,5
1,75000.0,110000.0,1.4666666666666666,58,58,58.0,185000.0,True,2018HU1322180,35
1,58500.0,125000.0,2.1367521367521367,53,61,57.0,183500.0,True,2018HU1323185,15
2,24000.0,0.0,0.0,29,29,29.0,24000.0,True,2018HU1323495,33
1,70000.0,80000.0,1.1428571428571428,58,58,58.0,150000.0,True,2018HU1323742,9
0,52000.0,35000.0,1.4857142857142858,62,61,61.5,87000.0,True,2018HU1324551,3
1,41100.0,12000.0,3.425,66,67,66.5,53100.0,True,2018HU1325886,5
4,427000.0,0.0,0.0,61,62,61.5,427000.0,True,2018HU1326283,16
7,132100.0,350.0,377.42857142857144,50,50,50.0,132450.0,True,2018HU1326337,15
2,403000.0,185000.0,2.1783783783783783,47,46,46.5,588000.0,True,2018HU1326459,13
1,14500.0,51600.0,3.5586206896551724,75,77,76.0,66100.0,True,2018HU1326856,25
2,56800.0,103000.0,1.8133802816901408,35,36,35.5,159800.0,False,2018HU1327019,42
1,71200.0,84000.0,1.1797752808988764,55,57,56.0,155200.0,True,2018HU1327167,25
0,45000.0,41000.0,1.0975609756097562,34,41,37.5,86000.0,True,2018HU1327680,65
1,57000.0,65000.0,1.1403508771929824,68,57,62.5,122000.0,True,2018HU1328250,23
2,24000.0,76000.0,3.1666666666666665,51,53,52.0,100000.0,False,2018HU1328635,29
4,413000.0,0.0,0.0,61,60,60.5,413000.0,True,2018HU1329047,12
0,45000.0,28100.0,1.601423487544484,55,54,54.5,73100.0,True,2018HU1329246,25
0,70000.0,45000.0,1.5555555555555556,59,53,56.0,115000.0,True,2018HU1329403,9
1,4200.0,15800.0,3.761904761904762,67,67,67.0,20000.0,True,2018HU1329775,6
0,0.0,7600.0,0.0,39,41,40.0,7600.0,True,2018HU1330375,18
1,57000.0,12000.0,4.75,60,61,60.5,69000.0,True,2018HU1330419,15
2,44000.0,159000.0,3.6136363636363638,74,75,74.5,203000.0,True,2018HU1330549,15
5,70.0,26000.0,371.42857142857144,28,25,26.5,26070.0,True,2018HU1331647,26
4,94300.0,9000.0,10.477777777777778,86,77,81.5,103300.0,True,2018HU1333003,28
0,75000.0,0.0,0.0,58,47,52.5,75000.0,True,2018HU1333322,16
4,211000.0,0.0,0.0,56,49,52.5,211000.0,True,2018HU1333718,8
1,50000.0,42600.0,1.1737089201877935,51,67,59.0,92600.0,True,2018HU1333994,11
1,0.0,0.0,0.0,59,36,47.5,0.0,True,2018HU1334612,2
2,40000.0,127000.0,3.175,58,56,57.0,167000.0,True,2018HU1334785,15
2,70000.0,63000.0,1.1111111111111112,57,52,54.5,133000.0,False,2018HU1334856,5
0,85600.0,0.0,0.0,44,37,40.5,85600.0,True,2018HU1335419,20
1,35000.0,42000.0,1.2,26,25,25.5,77000.0,True,2018HU1335570,47
3,120000.0,403000.0,3.3583333333333334,44,46,45.0,523000.0,True,2018HU1336045,15
1,142700.0,53000.0,2.6924528301886794,59,57,58.0,195700.0,True,2018HU1336650,15
0,65000.0,35000.0,1.8571428571428572,42,50,46.0,100000.0,True,2018HU1336756,16
0,35000.0,85000.0,2.4285714285714284,44,47,45.5,120000.0,True,2018HU1337096,14
1,18000.0,68300.0,3.7944444444444443,75,67,71.0,86300.0,True,2018HU1337190,9
3,0.0,120500.0,0.0,53,53,53.0,120500.0,True,2018HU1338332,11
1,60000.0,100000.0,1.6666666666666667,37,46,41.5,160000.0,True,2018HU1339808,16
0,11900.0,11600.0,1.0258620689655173,86,84,85.0,23500.0,True,2018HU1341447,16
1,15000.0,0.0,0.0,65,67,66.0,15000.0,True,2018HU1341993,22
0,11500.0,10200.0,1.1274509803921569,61,60,60.5,21700.0,True,2018HU1342749,16
0,90000.0,45000.0,2.0,49,47,48.0,135000.0,True,2018HU1342973,3
0,100000.0,50000.0,2.0,43,39,41.0,150000.0,True,2018HU1343513,14
1,40800.0,27600.0,1.4782608695652173,62,50,56.0,68400.0,True,2018HU1343532,14
0,63000.0,0.0,0.0,39,37,38.0,63000.0,True,2018HU1343759,18
1,7000.0,11600.0,1.6571428571428573,73,71,72.0,18600.0,False,2018HU1344335,13
1,51000.0,63500.0,1.2450980392156863,45,52,48.5,114500.0,True,2018HU1344341,6
0,78000.0,40000.0,1.95,53,40,46.5,118000.0,True,2018HU1344392,15
0,14100.0,25500.0,1.8085106382978724,61,65,63.0,39600.0,True,2018HU1344785,14
0,112000.0,41600.0,2.6923076923076925,48,48,48.0,153600.0,True,2018HU1346185,4
3,122000.0,0.0,0.0,62,55,58.5,122000.0,True,2018HU1346353,21
1,28800.0,96000.0,3.3333333333333335,48,51,49.5,124800.0,True,2018HU1346434,4
0,40000.0,50000.0,1.25,43,42,42.5,90000.0,True,2018HU1347993,37
2,40000.0,0.0,0.0,21,24,22.5,40000.0,True,2018HU1348092,12
1,94200.0,26000.0,3.623076923076923,46,46,46.0,120200.0,True,2018HU1348510,23
0,47300.0,75000.0,1.5856236786469344,56,58,57.0,122300.0,True,2018HU1349011,24
3,113000.0,0.0,0.0,59,49,54.0,113000.0,True,2018HU1349553,7
0,8100.0,8100.0,1.0,80,78,79.0,16200.0,True,2018HU1349804,51
1,58600.0,57600.0,1.0173611111111112,81,78,79.5,116200.0,True,2018HU1350155,21
2,9600.0,60150.0,6.265625,76,78,77.0,69750.0,True,2018HU1350285,5
2,70000.0,18000.0,3.888888888888889,53,33,43.0,88000.0,True,2018HU1350301,12
0,0.0,36000.0,0.0,51,49,50.0,36000.0,True,2018HU1350431,62
1,75200.0,68900.0,1.0914368650217707,85,83,84.0,144100.0,True,2018HU1350607,8
0,39000.0,40000.0,1.0256410256410255,46,38,42.0,79000.0,True,2018HU1350666,4
1,22000.0,35500.0,1.6136363636363635,57,58,57.5,57500.0,True,2018HU1351396,15
2,42000.0,6000.0,7.0,33,29,31.0,48000.0,True,2018HU1351538,9
2,43000.0,16000.0,2.6875,23,22,22.5,59000.0,True,2018HU1351990,12
0,66000.0,33000.0,2.0,39,44,41.5,99000.0,True,2018HU1352298,4
1,95000.0,47000.0,2.021276595744681,27,32,29.5,142000.0,True,2018HU1352450,76
0,21000.0,21600.0,1.0285714285714285,72,75,73.5,42600.0,True,2018HU1354010,8
1,46300.0,18600.0,2.489247311827957,58,70,64.0,64900.0,True,2018HU1354191,12
3,52860.0,5100.0,10.364705882352942,71,63,67.0,57960.0,True,2018HU1354495,20
0,15250.0,25000.0,1.639344262295082,65,70,67.5,40250.0,True,2018HU1355049,26
1,40000.0,40000.0,1.0,30,38,34.0,80000.0,False,2018HU1355418,21
0,36000.0,0.0,0.0,58,61,59.5,36000.0,True,2018HU1355743,14
2,150000.0,119030.0,1.2601865076031253,56,56,56.0,269030.0,True,2018HU1355948,13
0,37300.0,25400.0,1.468503937007874,35,36,35.5,62700.0,True,2018HU1357997,22
1,86000.0,60000.0,1.4333333333333333,37,36,36.5,146000.0,True,2018HU1358031,16
1,115000.0,55000.0,2.090909090909091,62,61,61.5,170000.0,True,2018HU1358113,16
0,60000.0,36000.0,1.6666666666666667,44,47,45.5,96000.0,True,2018HU1358342,29
1,39600.0,19600.0,2.020408163265306,84,69,76.5,59200.0,True,2018HU1358374,54
0,12000.0,6000.0,2.0,75,69,72.0,18000.0,True,2018HU1359972,14
0,42250.0,54000.0,1.2781065088757397,62,63,62.5,96250.0,True,2018HU1360265,13
7,110000.0,3000.0,36.666666666666664,50,36,43.0,113000.0,True,2018HU1360266,19
1,100000.0,90000.0,1.1111111111111112,31,35,33.0,190000.0,True,2018HU1363115,29
0,23000.0,8400.0,2.738095238095238,71,65,68.0,31400.0,True,2018HU1363399,39
1,84400.0,69000.0,1.2231884057971014,67,60,63.5,153400.0,True,2018HU1363671,19
2,50000.0,50000.0,1.0,23,23,23.0,100000.0,True,2018HU1363913,39
0,18000.0,20000.0,1.1111111111111112,35,37,36.0,38000.0,True,2018HU1364094,15
5,1700.0,10400.0,6.117647058823529,22,23,22.5,12100.0,False,2018HU1365165,10
0,110000.0,50000.0,2.2,49,40,44.5,160000.0,True,2018HU1365318,18
1,41600.0,30000.0,1.3866666666666667,29,29,29.0,71600.0,True,2018HU1366084,4
2,264000.0,107000.0,2.467289719626168,60,65,62.5,371000.0,True,2018HU1366755,20
1,52500.0,63000.0,1.2,69,66,67.5,115500.0,True,2018HU1366813,5
1,75000.0,65000.0,1.1538461538461537,55,56,55.5,140000.0,True,2018HU1367121,42
0,78000.0,48000.0,1.625,55,57,56.0,126000.0,True,2018HU1367587,12
1,78000.0,25400.0,3.0708661417322833,76,74,75.0,103400.0,True,2018HU1367886,5
3,449000.0,112000.0,4.008928571428571,61,60,60.5,561000.0,True,2018HU1368168,9
0,27990.0,25300.0,1.1063241106719368,73,74,73.5,53290.0,True,2018HU1368394,7
0,45000.0,51000.0,1.1333333333333333,53,50,51.5,96000.0,True,2018HU1369241,27
1,30000.0,129000.0,4.3,44,49,46.5,159000.0,True,2018HU1369967,6
2,62000.0,100000.0,1.6129032258064515,56,45,50.5,162000.0,True,2018HU1370154,3
0,0.0,31990.0,0.0,45,46,45.5,31990.0,True,2018HU1370383,14
0,50000.0,38600.0,1.2953367875647668,59,59,59.0,88600.0,True,2018HU1372123,7
2,85000.0,8700.0,9.770114942528735,42,51,46.5,93700.0,True,2018HU1372821,13
4,678800.0,50000.0,13.576,66,52,59.0,728800.0,True,2018HU1375205,10
2,0.0,11700.0,0.0,65,68,66.5,11700.0,False,2018HU1375271,18
3,110000.0,0.0,0.0,51,49,50.0,110000.0,True,2018HU1375559,16
1,94200.0,19200.0,4.90625,53,38,45.5,113400.0,True,2018HU1376700,16
0,52000.0,36000.0,1.4444444444444444,40,35,37.5,88000.0,True,2018HU1376889,22
1,155100.0,36500.0,4.249315068493151,64,63,63.5,191600.0,True,2018HU1377889,25
7,105000.0,1300.0,80.76923076923077,33,29,31.0,106300.0,True,2018HU1378222,4
2,50200.0,8200.0,6.121951219512195,85,79,82.0,58400.0,True,2018HU1381662,18
3,6400.0,35000.0,5.46875,49,49,49.0,41400.0,False,2018HU1381687,11
0,55000.0,22000.0,2.5,45,38,41.5,77000.0,True,2018HU1381718,15
0,39500.0,16230.0,2.4337646333949476,84,85,84.5,55730.0,True,2018HU1381862,19
0,50000.0,127000.0,2.54,44,40,42.0,177000.0,True,2018HU1382230,17
2,21500.0,126000.0,5.8604651162790695,39,42,40.5,147500.0,True,2018HU1382603,15
1,63600.0,25700.0,2.4747081712062258,67,71,69.0,89300.0,True,2018HU1383973,14
7,140000.0,500.0,280.0,66,57,61.5,140500.0,True,2018HU1384171,57
0,0.0,24000.0,0.0,58,59,58.5,24000.0,True,2018HU1384258,5
0,24000.0,35000.0,1.4583333333333333,67,59,63.0,59000.0,True,2018HU1386184,8
0,-1200.0,12000.0,0.0,68,67,67.5,10800.0,True,2018HU1386193,6
1,60000.0,65000.0,1.0833333333333333,42,41,41.5,125000.0,True,2018HU1386317,40
0,28000.0,28400.0,1.0142857142857142,47,46,46.5,56400.0,True,2018HU1387426,28
0,48000.0,21600.0,2.2222222222222223,53,51,52.0,69600.0,True,2018HU1387843,45
7,120000.0,100.0,1200.0,50,49,49.5,120100.0,True,2018HU1388363,31
6,123200.0,7900.0,15.594936708860759,76,67,71.5,131100.0,True,2018HU1389347,18
1,69800.0,90300.0,1.2936962750716332,63,73,68.0,160100.0,True,2018HU1389406,35
3,175000.0,32200.0,5.434782608695652,62,61,61.5,207200.0,True,2018HU1389431,12
1,65000.0,20000.0,3.25,40,41,40.5,85000.0,True,2018HU1390697,32
3,145000.0,0.0,0.0,48,36,42.0,145000.0,True,2018HU1391312,13
1,85000.0,55000.0,1.5454545454545454,47,44,45.5,140000.0,True,2018HU1392567,3
1,67000.0,80000.0,1.1940298507462686,39,38,38.5,147000.0,True,2018HU1393466,3
2,3100.0,0.0,0.0,50,96,73.0,3100.0,False,2018HU1393724,18
0,46200.0,123500.0,2.673160173160173,66,70,68.0,169700.0,True,2018HU1394082,14
4,115000.0,0.0,0.0,50,34,42.0,115000.0,True,2018HU1394133,28
0,49000.0,28800.0,1.7013888888888888,80,74,77.0,77800.0,True,2018HU1394183,9
0,12400.0,15600.0,1.2580645161290323,78,83,80.5,28000.0,True,2018HU1395088,9
0,79000.0,28000.0,2.8214285714285716,59,60,59.5,107000.0,True,2018HU1396171,15
1,7700.0,30000.0,3.896103896103896,66,60,63.0,37700.0,True,2018HU1396538,14
8,4400.0,403000.0,91.5909090909091,63,64,63.5,407400.0,True,2018HU1397557,8
0,8400.0,13200.0,1.5714285714285714,71,68,69.5,21600.0,True,2018HU1397628,7
4,473000.0,60000.0,7.883333333333334,61,60,60.5,533000.0,True,2018HU1399523,24
1,61300.0,56000.0,1.0946428571428573,52,54,53.0,117300.0,True,2019HU0000131,2
2,109000.0,90000.0,1.211111111111111,42,44,43.0,199000.0,False,2019HU0000287,11
2,60000.0,60000.0,1.0,53,60,56.5,120000.0,True,2019HU0000987,8
2,68600.0,7300.0,9.397260273972602,84,82,83.0,75900.0,True,2019HU0001079,8
2,287000.0,275000.0,1.0436363636363637,76,68,72.0,562000.0,True,2019HU0001605,2
1,63000.0,78000.0,1.2380952380952381,50,53,51.5,141000.0,True,2019HU0001723,12
0,20000.0,50000.0,2.5,50,58,54.0,70000.0,True,2019HU0002177,20
1,52300.0,81200.0,1.5525812619502868,66,67,66.5,133500.0,True,2019HU0003306,12
2,96000.0,200000.0,2.0833333333333335,45,43,44.0,296000.0,True,2019HU0003655,19
1,61500.0,18000.0,3.4166666666666665,82,82,82.0,79500.0,True,2019HU0003922,14
1,55000.0,59000.0,1.0727272727272728,58,55,56.5,114000.0,True,2019HU0004769,27
0,64000.0,35200.0,1.8181818181818181,65,67,66.0,99200.0,True,2019HU0006516,7
1,100000.0,0.0,0.0,56,56,56.0,100000.0,True,2019HU0007534,8
2,42000.0,9600.0,4.375,66,69,67.5,51600.0,True,2019HU0007554,7
1,47000.0,13800.0,3.4057971014492754,60,54,57.0,60800.0,True,2019HU0008405,21
1,85000.0,70000.0,1.2142857142857142,66,64,65.0,155000.0,True,2019HU0008881,13
0,20000.0,0.0,0.0,92,88,90.0,20000.0,True,2019HU0009561,19
3,81000.0,18000.0,4.5,48,76,62.0,99000.0,False,2019HU0009625,15
2,111600.0,308000.0,2.759856630824373,68,70,69.0,419600.0,True,2019HU0009655,12
0,70000.0,0.0,0.0,63,61,62.0,70000.0,True,2019HU0009952,24
1,16100.0,58000.0,3.6024844720496896,54,53,53.5,74100.0,True,2019HU0010145,26
0,83900.0,30200.0,2.7781456953642385,78,74,76.0,114100.0,True,2019HU0010666,11
0,38300.0,0.0,0.0,50,59,54.5,38300.0,True,2019HU0012352,13
0,26300.0,23900.0,1.100418410041841,71,67,69.0,50200.0,True,2019HU0012719,9
2,28000.0,5000.0,5.6,42,39,40.5,33000.0,True,2019HU0013611,16
2,40000.0,6400.0,6.25,75,75,75.0,46400.0,True,2019HU0013831,10
0,33600.0,26100.0,1.2873563218390804,89,88,88.5,59700.0,True,2019HU0013979,7
1,103000.0,75000.0,1.3733333333333333,50,44,47.0,178000.0,True,2019HU0014580,10
1,83000.0,70000.0,1.1857142857142857,65,53,59.0,153000.0,True,2019HU0015140,52
0,5100.0,0.0,0.0,53,43,48.0,5100.0,True,2019HU0015619,35
1,24020.0,109400.0,4.554537885095754,50,58,54.0,133420.0,True,2019HU0017181,29
0,19900.0,27800.0,1.3969849246231156,76,85,80.5,47700.0,True,2019HU0017471,9
0,37400.0,21100.0,1.7725118483412323,95,89,92.0,58500.0,True,2019HU0018245,55
0,25000.0,30000.0,1.2,56,45,50.5,55000.0,True,2019HU0018341,20
1,48800.0,22800.0,2.1403508771929824,45,45,45.0,71600.0,False,2019HU0018375,24
2,57000.0,10000.0,5.7,58,58,58.0,67000.0,True,2019HU0018396,92
0,41400.0,48640.0,1.17487922705314,46,51,48.5,90040.0,True,2019HU0018898,18
1,54300.0,86000.0,1.583793738489871,76,76,76.0,140300.0,True,2019HU0019215,15
0,29000.0,60000.0,2.0689655172413794,58,59,58.5,89000.0,True,2019HU0019232,2
2,30700.0,156000.0,5.0814332247557,64,64,64.0,186700.0,True,2019HU0019289,15
0,72000.0,35400.0,2.0338983050847457,55,57,56.0,107400.0,True,2019HU0019308,51
0,51000.0,0.0,0.0,29,32,30.5,51000.0,True,2019HU0019315,26
1,22000.0,28000.0,1.2727272727272727,63,62,62.5,50000.0,False,2019HU0020032,14
0,50000.0,50000.0,1.0,50,49,49.5,100000.0,True,2019HU0020405,16
2,67600.0,70000.0,1.0355029585798816,61,63,62.0,137600.0,False,2019HU0020411,9
2,91900.0,10100.0,9.099009900990099,68,64,66.0,102000.0,True,2019HU0021314,15
3,100000.0,390010.0,3.9001,49,58,53.5,490010.0,True,2019HU0022021,51
3,0.0,125000.0,0.0,39,42,40.5,125000.0,True,2019HU0022121,23
0,50000.0,45900.0,1.0893246187363834,52,46,49.0,95900.0,True,2019HU0022153,17
1,0.0,0.0,0.0,73,55,64.0,0.0,True,2019HU0022330,15
3,84000.0,10000.0,8.4,41,43,42.0,94000.0,False,2019HU0022559,21
1,64000.0,85000.0,1.328125,54,56,55.0,149000.0,True,2019HU0022766,17
1,80000.0,50000.0,1.6,29,30,29.5,130000.0,True,2019HU0022791,20
2,12000.0,36640.0,3.0533333333333332,61,77,69.0,48640.0,True,2019HU0023236,27
0,34200.0,19700.0,1.736040609137056,74,72,73.0,53900.0,True,2019HU0023355,13
2,145000.0,76600.0,1.8929503916449086,67,74,70.5,221600.0,True,2019HU0024712,7
1,25050.0,100000.0,3.992015968063872,62,64,63.0,125050.0,True,2019HU0025996,14
0,14400.0,36000.0,2.5,56,68,62.0,50400.0,True,2019HU0026017,19
0,100000.0,46000.0,2.1739130434782608,56,52,54.0,146000.0,True,2019HU0026118,7
9,269600.0,7100.0,37.971830985915496,68,71,69.5,276700.0,True,2019HU0026828,5
0,24000.0,13200.0,1.8181818181818181,77,75,76.0,37200.0,True,2019HU0028476,82
3,9000.0,1000.0,9.0,44,27,35.5,10000.0,True,2019HU0030096,34
2,170000.0,50000.0,3.4,50,47,48.5,220000.0,True,2019HU0030446,13
4,85000.0,2000.0,42.5,35,34,34.5,87000.0,True,2019HU0030720,18
3,8600.0,90000.0,10.465116279069768,81,77,79.0,98600.0,True,2019HU0030966,13
2,56000.0,9000.0,6.222222222222222,38,41,39.5,65000.0,True,2019HU0031623,23
0,30000.0,85000.0,2.8333333333333335,47,45,46.0,115000.0,True,2019HU0031864,29
2,29100.0,0.0,0.0,22,22,22.0,29100.0,True,2019HU0031890,69
0,50000.0,39000.0,1.2820512820512822,78,77,77.5,89000.0,True,2019HU0032800,16
0,7900.0,18200.0,2.3037974683544302,75,80,77.5,26100.0,True,2019HU0033466,7
1,13000.0,33700.0,2.5923076923076924,83,74,78.5,46700.0,True,2019HU0034186,6
1,30000.0,63000.0,2.1,27,28,27.5,93000.0,True,2019HU0034459,15
5,1400.0,70000.0,50.0,51,50,50.5,71400.0,True,2019HU0034532,45
1,111000.0,27000.0,4.111111111111111,45,40,42.5,138000.0,True,2019HU0034559,8
3,176000.0,27500.0,6.4,34,33,33.5,203500.0,True,2019HU0034872,12
1,76000.0,48000.0,1.5833333333333333,63,46,54.5,124000.0,True,2019HU0035413,13
1,120000.0,60000.0,2.0,54,50,52.0,180000.0,True,2019HU0035452,29
0,24000.0,0.0,0.0,44,51,47.5,24000.0,True,2019HU0035656,36
3,165000.0,0.0,0.0,50,47,48.5,165000.0,True,2019HU0036455,6
0,31600.0,31300.0,1.0095846645367412,70,70,70.0,62900.0,True,2019HU0036521,27
1,84000.0,88000.0,1.0476190476190477,60,75,67.5,172000.0,True,2019HU0036717,4
1,65000.0,67000.0,1.0307692307692307,54,63,58.5,132000.0,True,2019HU0038397,12
3,299000.0,35000.0,8.542857142857143,76,66,71.0,334000.0,True,2019HU0038546,2
0,60000.0,30800.0,1.948051948051948,46,44,45.0,90800.0,True,2019HU0039280,59
1,14900.0,51700.0,3.469798657718121,67,68,67.5,66600.0,True,2019HU0040212,13
0,47200.0,55200.0,1.1694915254237288,64,65,64.5,102400.0,True,2019HU0040441,51
0,12500.0,0.0,0.0,60,58,59.0,12500.0,True,2019HU0040737,4
3,70000.0,70000.0,1.0,26,22,24.0,140000.0,True,2019HU0040938,15
3,412000.0,117000.0,3.5213675213675213,43,49,46.0,529000.0,True,2019HU0040957,20
3,390000.0,45000.0,8.666666666666666,56,54,55.0,435000.0,True,2019HU0041752,26
2,104000.0,20200.0,5.148514851485149,78,76,77.0,124200.0,True,2019HU0042871,18
0,0.0,12400.0,0.0,60,68,64.0,12400.0,True,2019HU0043067,6
3,65000.0,200000.0,3.076923076923077,53,46,49.5,265000.0,True,2019HU0043216,12
1,40000.0,70000.0,1.75,28,31,29.5,110000.0,True,2019HU0045012,3
2,48000.0,75000.0,1.5625,44,43,43.5,123000.0,False,2019HU0045283,19
1,65000.0,55000.0,1.1818181818181819,59,55,57.0,120000.0,True,2019HU0045560,8
0,0.0,70160.0,0.0,51,56,53.5,70160.0,True,2019HU0046105,19
1,24100.0,30000.0,1.2448132780082988,79,76,77.5,54100.0,True,2019HU0046743,13
0,43000.0,40000.0,1.075,58,68,63.0,83000.0,True,2019HU0046775,6
3,11300.0,149200.0,13.20353982300885,64,66,65.0,160500.0,True,2019HU0047840,3
0,46000.0,72000.0,1.565217391304348,65,55,60.0,118000.0,True,2019HU0048098,27
0,0.0,90000.0,0.0,46,46,46.0,90000.0,True,2019HU0048452,23
0,21200.0,35100.0,1.6556603773584906,80,79,79.5,56300.0,True,2019HU0050681,12
0,90000.0,0.0,0.0,64,64,64.0,90000.0,True,2019HU0050841,46
0,31800.0,78320.0,2.462893081761006,62,61,61.5,110120.0,True,2019HU0051793,8
1,69200.0,23000.0,3.008695652173913,58,56,57.0,92200.0,True,2019HU0053034,5
3,114200.0,0.0,0.0,40,40,40.0,114200.0,True,2019HU0053829,9
0,10800.0,9600.0,1.125,65,66,65.5,20400.0,True,2019HU0054257,80
2,260000.0,260000.0,1.0,62,68,65.0,520000.0,True,2019HU0054629,16
1,54000.0,48000.0,1.125,29,28,28.5,102000.0,True,2019HU0055092,16
1,50000.0,15600.0,3.2051282051282053,53,53,53.0,65600.0,True,2019HU0055156,16
3,4500.0,80000.0,17.77777777777778,30,30,30.0,84500.0,True,2019HU0055182,14
0,19000.0,15000.0,1.2666666666666666,45,43,44.0,34000.0,True,2019HU0055587,41
2,48100.0,9200.0,5.228260869565218,44,45,44.5,57300.0,True,2019HU0056061,17
0,75000.0,0.0,0.0,41,40,40.5,75000.0,True,2019HU0056943,60
0,148000.0,50000.0,2.96,47,44,45.5,198000.0,True,2019HU0058295,15
1,52000.0,85300.0,1.6403846153846153,66,66,66.0,137300.0,True,2019HU0059182,26
2,4500.0,900.0,5.0,33,24,28.5,5400.0,True,2019HU0059206,90
0,60000.0,39000.0,1.5384615384615385,46,37,41.5,99000.0,True,2019HU0059293,11
2,96000.0,120000.0,1.25,45,51,48.0,216000.0,True,2019HU0059483,13
0,70600.0,0.0,0.0,71,61,66.0,70600.0,True,2019HU0060029,21
1,70000.0,14400.0,4.861111111111111,61,74,67.5,84400.0,True,2019HU0060511,24
1,45000.0,153000.0,3.4,39,38,38.5,198000.0,True,2019HU0060679,19
1,140000.0,32000.0,4.375,48,43,45.5,172000.0,True,2019HU0061070,7
0,80000.0,40000.0,2.0,64,63,63.5,120000.0,True,2019HU0061764,16
0,20000.0,0.0,0.0,36,35,35.5,20000.0,True,2019HU0061827,7
1,51700.0,23800.0,2.172268907563025,62,60,61.0,75500.0,True,2019HU0062063,15
0,25000.0,40000.0,1.6,48,49,48.5,65000.0,True,2019HU0062995,28
1,108700.0,30000.0,3.6233333333333335,42,37,39.5,138700.0,True,2019HU0063101,4
0,31100.0,55200.0,1.77491961414791,72,72,72.0,86300.0,True,2019HU0063721,12
1,39600.0,12500.0,3.168,80,76,78.0,52100.0,True,2019HU0063911,10
3,42000.0,4300.0,9.767441860465116,66,67,66.5,46300.0,True,2019HU0063922,17
1,0.0,42000.0,0.0,54,48,51.0,42000.0,True,2019HU0064091,6
0,38000.0,68000.0,1.7894736842105263,30,31,30.5,106000.0,True,2019HU0064593,25
0,47300.0,25700.0,1.8404669260700388,38,38,38.0,73000.0,True,2019HU0064956,11
0,80300.0,0.0,0.0,33,36,34.5,80300.0,True,2019HU0064970,26
0,50000.0,150000.0,3.0,61,61,61.0,200000.0,True,2019HU0065166,9
3,39000.0,390000.0,10.0,55,51,53.0,429000.0,True,2019HU0065936,28
2,150000.0,150000.0,1.0,43,43,43.0,300000.0,True,2019HU0067801,16
1,56000.0,80000.0,1.4285714285714286,57,59,58.0,136000.0,True,2019HU0068223,19
4,45000.0,3000.0,15.0,28,28,28.0,48000.0,True,2019HU0068640,26
1,12040.0,2600.0,4.630769230769231,44,40,42.0,14640.0,True,2019HU0069803,16
2,130000.0,130000.0,1.0,51,41,46.0,260000.0,True,2019HU0069845,15
0,30000.0,15000.0,2.0,30,33,31.5,45000.0,True,2019HU0070253,44
0,45700.0,44400.0,1.0292792792792793,73,67,70.0,90100.0,True,2019HU0070735,14
8,5000.0,200000.0,40.0,44,39,41.5,205000.0,True,2019HU0070756,20
0,96000.0,0.0,0.0,41,43,42.0,96000.0,True,2019HU0070944,46
0,19100.0,15300.0,1.2483660130718954,68,69,68.5,34400.0,True,2019HU0071594,7
1,21000.0,9000.0,2.3333333333333335,26,25,25.5,30000.0,True,2019HU0072441,8
2,5000.0,50000.0,10.0,32,44,38.0,55000.0,True,2019HU0072563,22
2,54000.0,16000.0,3.375,37,32,34.5,70000.0,True,2019HU0073375,11
3,390000.0,80000.0,4.875,42,43,42.5,470000.0,True,2019HU0073873,28
0,14100.0,15000.0,1.0638297872340425,64,79,71.5,29100.0,True,2019HU0074111,6
1,34700.0,18000.0,1.9277777777777778,36,37,36.5,52700.0,True,2019HU0074146,12
0,80000.0,28000.0,2.857142857142857,53,53,53.0,108000.0,True,2019HU0075154,18
3,96600.0,200000.0,2.070393374741201,71,53,62.0,296600.0,True,2019HU0075518,6
2,16200.0,133000.0,8.209876543209877,73,74,73.5,149200.0,True,2019HU0075531,14
0,30000.0,60000.0,2.0,54,55,54.5,90000.0,True,2019HU0076813,14
2,7700.0,77000.0,10.0,63,57,60.0,84700.0,True,2019HU0076881,7
0,81000.0,41000.0,1.975609756097561,70,56,63.0,122000.0,True,2019HU0077954,12
2,40000.0,36000.0,1.1111111111111112,25,23,24.0,76000.0,True,2019HU0078362,35
0,28800.0,71500.0,2.482638888888889,69,76,72.5,100300.0,True,2019HU0078369,17
1,75000.0,54000.0,1.3888888888888888,59,54,56.5,129000.0,True,2019HU0078453,14
1,44800.0,20000.0,2.24,65,60,62.5,64800.0,True,2019HU0079416,35
2,33000.0,15000.0,2.2,21,27,24.0,48000.0,True,2019HU0080163,11
0,10000.0,3600.0,2.7777777777777777,71,70,70.5,13600.0,True,2019HU0082695,32
5,66000.0,2100.0,31.428571428571427,23,27,25.0,68100.0,True,2019HU0083463,17
0,100000.0,45000.0,2.2222222222222223,32,32,32.0,145000.0,True,2019HU0083906,38
0,25000.0,25000.0,1.0,68,66,67.0,50000.0,True,2019HU0084585,14
1,89000.0,89000.0,1.0,49,57,53.0,178000.0,True,2019HU0084834,15
1,89000.0,22800.0,3.9035087719298245,62,67,64.5,111800.0,True,2019HU0084957,47
5,6000.0,63450.0,10.575,54,63,58.5,69450.0,False,2019HU0085093,20
1,100000.0,85000.0,1.1764705882352942,45,45,45.0,185000.0,True,2019HU0086012,17
0,48000.0,48000.0,1.0,57,56,56.5,96000.0,True,2019HU0086416,15
1,21410.0,48310.0,2.256422232601588,77,42,59.5,69720.0,True,2019HU0087646,20
0,43750.0,39800.0,1.099246231155779,66,66,66.0,83550.0,True,2019HU0088252,20
0,49700.0,31500.0,1.5777777777777777,37,36,36.5,81200.0,True,2019HU0088261,28
1,92000.0,55000.0,1.6727272727272726,58,59,58.5,147000.0,True,2019HU0090499,7
1,72000.0,17200.0,4.186046511627907,60,73,66.5,89200.0,True,2019HU0090554,2
2,130800.0,130800.0,1.0,42,33,37.5,261600.0,True,2019HU0090731,20
0,53500.0,40300.0,1.3275434243176178,73,72,72.5,93800.0,True,2019HU0091165,8
1,121200.0,62200.0,1.9485530546623795,58,55,56.5,183400.0,True,2019HU0091835,18
3,118700.0,93000.0,1.2763440860215054,67,63,65.0,211700.0,True,2019HU0091861,24
1,84000.0,110000.0,1.3095238095238095,61,59,60.0,194000.0,True,2019HU0093030,12
3,60000.0,10000.0,6.0,39,41,40.0,70000.0,False,2019HU0093036,22
2,60200.0,154020.0,2.5584717607973424,50,55,52.5,214220.0,True,2019HU0093124,15
2,81000.0,153000.0,1.8888888888888888,79,78,78.5,234000.0,True,2019HU0093133,24
0,16740.0,43650.0,2.60752688172043,69,69,69.0,60390.0,True,2019HU0093769,4
1,51000.0,15100.0,3.377483443708609,74,74,74.0,66100.0,True,2019HU0095489,4
7,9000.0,121200.0,13.466666666666667,58,65,61.5,130200.0,True,2019HU0095660,25
2,85000.0,16200.0,5.246913580246914,56,50,53.0,101200.0,True,2019HU0095785,12
2,116100.0,91700.0,1.2660850599781897,71,67,69.0,207800.0,True,2019HU0095956,15
0,10400.0,9000.0,1.1555555555555554,84,84,84.0,19400.0,True,2019HU0097249,3
0,0.0,0.0,0.0,88,84,86.0,0.0,True,2019HU0097699,10
1,140000.0,56000.0,2.5,33,33,33.0,196000.0,True,2019HU0097993,25
0,50000.0,87500.0,1.75,57,60,58.5,137500.0,True,2019HU0098683,11
4,64000.0,340000.0,5.3125,68,70,69.0,404000.0,True,2019HU0099516,8
4,140000.0,12600.0,11.11111111111111,57,52,54.5,152600.0,True,2019HU0099548,3
0,50000.0,130000.0,2.6,56,59,57.5,180000.0,True,2019HU0100545,8
0,54000.0,0.0,0.0,34,34,34.0,54000.0,True,2019HU0101205,132
0,1500.0,1500.0,1.0,70,77,73.5,3000.0,True,2019HU0102390,5
2,15000.0,8250.0,1.8181818181818181,22,23,22.5,23250.0,True,2019HU0104079,15
0,70000.0,38000.0,1.8421052631578947,56,46,51.0,108000.0,True,2019HU0105232,14
1,6000.0,6000.0,1.0,59,53,56.0,12000.0,True,2019HU0105485,9
2,86750.0,14200.0,6.109154929577465,67,67,67.0,100950.0,True,2019HU0106159,10
0,36000.0,55000.0,1.5277777777777777,30,31,30.5,91000.0,True,2019HU0106795,27
2,146000.0,18900.0,7.724867724867725,63,68,65.5,164900.0,True,2019HU0107259,8
0,80000.0,0.0,0.0,51,46,48.5,80000.0,True,2019HU0108530,11
0,106000.0,37000.0,2.864864864864865,75,68,71.5,143000.0,True,2019HU0109439,9
0,62000.0,36300.0,1.7079889807162534,58,69,63.5,98300.0,True,2019HU0109742,17
2,150000.0,100000.0,1.5,56,57,56.5,250000.0,True,2019HU0110196,14
1,81100.0,35000.0,2.317142857142857,48,46,47.0,116100.0,True,2019HU0110332,20
1,49200.0,107000.0,2.1747967479674797,66,62,64.0,156200.0,True,2019HU0110548,16
0,58000.0,50000.0,1.16,59,61,60.0,108000.0,True,2019HU0110922,28
0,32000.0,30000.0,1.0666666666666667,52,48,50.0,62000.0,True,2019HU0111676,16
0,36000.0,60000.0,1.6666666666666667,46,50,48.0,96000.0,True,2019HU0112120,27
0,52000.0,29000.0,1.793103448275862,65,65,65.0,81000.0,True,2019HU0112716,16
0,57000.0,0.0,0.0,35,35,35.0,57000.0,True,2019HU0112763,13
2,125900.0,116000.0,1.085344827586207,49,51,50.0,241900.0,True,2019HU0114527,13
2,170000.0,35000.0,4.857142857142857,59,63,61.0,205000.0,True,2019HU0114943,87
2,44200.0,5900.0,7.491525423728813,69,67,68.0,50100.0,True,2019HU0115336,12
2,340000.0,288000.0,1.1805555555555556,41,39,40.0,628000.0,True,2019HU0115632,16
0,20000.0,24000.0,1.2,52,51,51.5,44000.0,True,2019HU0116238,5
1,32400.0,0.0,0.0,59,61,60.0,32400.0,False,2019HU0117047,63
0,62000.0,40000.0,1.55,34,32,33.0,102000.0,True,2019HU0118249,22
3,7300.0,1100.0,6.636363636363637,82,87,84.5,8400.0,True,2019HU0118472,15
0,34000.0,12000.0,2.8333333333333335,47,49,48.0,46000.0,True,2019HU0118542,11
7,148200.0,800.0,185.25,63,61,62.0,149000.0,True,2019HU0118960,12
1,81000.0,61000.0,1.3278688524590163,68,68,68.0,142000.0,True,2019HU0120051,14
0,52000.0,45000.0,1.1555555555555554,43,50,46.5,97000.0,True,2019HU0120930,14
4,350000.0,0.0,0.0,45,42,43.5,350000.0,True,2019HU0122713,28
0,43000.0,0.0,0.0,43,46,44.5,43000.0,True,2019HU0122998,17
0,11000.0,11000.0,1.0,90,95,92.5,22000.0,True,2019HU0123191,15
0,20000.0,42000.0,2.1,70,70,70.0,62000.0,True,2019HU0123545,23
1,52000.0,70000.0,1.3461538461538463,40,44,42.0,122000.0,True,2019HU0123738,33
1,93000.0,86000.0,1.0813953488372092,55,56,55.5,179000.0,True,2019HU0124407,12
0,60000.0,0.0,0.0,61,62,61.5,60000.0,True,2019HU0124919,12
2,62000.0,19000.0,3.263157894736842,28,27,27.5,81000.0,True,2019HU0125468,26
1,40000.0,160000.0,4.0,64,66,65.0,200000.0,True,2019HU0126645,22
2,22000.0,0.0,0.0,25,24,24.5,22000.0,True,2019HU0127212,7
0,55000.0,30000.0,1.8333333333333333,49,44,46.5,85000.0,True,2019HU0127349,16
2,16600.0,4200.0,3.9523809523809526,40,38,39.0,20800.0,False,2019HU0127584,9
1,31200.0,115000.0,3.6858974358974357,37,39,38.0,146200.0,True,2019HU0128772,31
1,44000.0,10400.0,4.230769230769231,72,68,70.0,54400.0,True,2019HU0129179,8
0,29200.0,61300.0,2.0993150684931505,66,67,66.5,90500.0,True,2019HU0129902,13
3,49000.0,5300.0,9.245283018867925,48,43,45.5,54300.0,True,2019HU0130135,15
0,18000.0,48000.0,2.6666666666666665,65,59,62.0,66000.0,True,2019HU0130675,10
0,17500.0,50700.0,2.8971428571428572,63,72,67.5,68200.0,True,2019HU0132145,16
0,40800.0,25000.0,1.632,60,55,57.5,65800.0,True,2019HU0132678,5
0,23600.0,59100.0,2.5042372881355934,65,67,66.0,82700.0,True,2019HU0132834,6
7,120000.0,1000.0,120.0,63,63,63.0,121000.0,True,2019HU0133170,20
0,54000.0,0.0,0.0,52,49,50.5,54000.0,True,2019HU0133759,25
2,90000.0,18000.0,5.0,34,38,36.0,108000.0,True,2019HU0134309,31
8,390000.0,280.0,1392.857142857143,49,53,51.0,390280.0,True,2019HU0135383,8
1,36000.0,22000.0,1.6363636363636365,41,38,39.5,58000.0,True,2019HU0136016,73
2,113500.0,230600.0,2.0317180616740087,46,43,44.5,344100.0,True,2019HU0136550,9
4,1900.0,43800.0,23.05263157894737,39,44,41.5,45700.0,True,2019HU0136721,6
0,50000.0,0.0,0.0,51,44,47.5,50000.0,True,2019HU0137020,10
2,217500.0,347000.0,1.5954022988505747,69,61,65.0,564500.0,True,2019HU0138028,12
0,81000.0,50000.0,1.62,36,36,36.0,131000.0,True,2019HU0138528,14
0,106800.0,45000.0,2.3733333333333335,53,54,53.5,151800.0,True,2019HU0138530,58
0,85000.0,50000.0,1.7,39,46,42.5,135000.0,True,2019HU0139715,28
3,100000.0,7200.0,13.88888888888889,57,58,57.5,107200.0,True,2019HU0140070,28
2,60000.0,80000.0,1.3333333333333333,52,54,53.0,140000.0,True,2019HU0140546,13
0,36500.0,80100.0,2.1945205479452055,60,59,59.5,116600.0,True,2019HU0140590,14
4,70000.0,1600.0,43.75,44,59,51.5,71600.0,True,2019HU0140666,15
0,60000.0,20000.0,3.0,54,57,55.5,80000.0,True,2019HU0141154,29
3,72400.0,13800.0,5.246376811594203,71,70,70.5,86200.0,True,2019HU0141207,12
0,45800.0,29000.0,1.5793103448275863,50,45,47.5,74800.0,True,2019HU0141342,7
0,46300.0,50000.0,1.079913606911447,45,47,46.0,96300.0,True,2019HU0141612,15
0,50000.0,60000.0,1.2,33,37,35.0,110000.0,True,2019HU0141985,29
0,26800.0,67000.0,2.5,59,59,59.0,93800.0,True,2019HU0142047,30
1,30000.0,8000.0,3.75,32,30,31.0,38000.0,True,2019HU0142219,28
0,19000.0,26000.0,1.368421052631579,38,44,41.0,45000.0,True,2019HU0142355,3
1,132800.0,39300.0,3.3791348600508906,72,69,70.5,172100.0,True,2019HU0142499,19
0,50000.0,42000.0,1.1904761904761905,69,63,66.0,92000.0,True,2019HU0142788,28
0,36000.0,48000.0,1.3333333333333333,57,60,58.5,84000.0,True,2019HU0143147,7
2,11000.0,60000.0,5.454545454545454,48,41,44.5,71000.0,True,2019HU0143240,17
0,25000.0,0.0,0.0,52,46,49.0,25000.0,True,2019HU0143893,10
4,58000.0,437000.0,7.5344827586206895,58,59,58.5,495000.0,True,2019HU0144504,9
1,60000.0,58000.0,1.0344827586206897,57,46,51.5,118000.0,True,2019HU0144565,7
0,25400.0,9600.0,2.6458333333333335,69,67,68.0,35000.0,True,2019HU0145822,19
2,47900.0,192000.0,4.008350730688935,41,39,40.0,239900.0,True,2019HU0147071,4
1,81000.0,54000.0,1.5,42,38,40.0,135000.0,True,2019HU0147598,5
0,54000.0,33700.0,1.6023738872403561,76,74,75.0,87700.0,True,2019HU0148491,9
3,30000.0,12000.0,2.5,27,22,24.5,42000.0,False,2019HU0148550,13
0,36000.0,0.0,0.0,29,32,30.5,36000.0,True,2019HU0150756,19
0,0.0,0.0,0.0,47,53,50.0,0.0,True,2019HU0151569,10
2,60300.0,30000.0,2.01,21,22,21.5,90300.0,True,2019HU0151730,11
2,40000.0,0.0,0.0,23,24,23.5,40000.0,True,2019HU0152317,34
0,56000.0,41600.0,1.3461538461538463,40,38,39.0,97600.0,True,2019HU0153348,30
1,57000.0,60000.0,1.0526315789473684,44,40,42.0,117000.0,True,2019HU0153981,16
1,55000.0,45000.0,1.2222222222222223,50,58,54.0,100000.0,False,2019HU0154194,77
0,45100.0,46700.0,1.0354767184035476,66,63,64.5,91800.0,True,2019HU0154505,15
2,100000.0,100000.0,1.0,57,51,54.0,200000.0,False,2019HU0154519,15
1,7700.0,37000.0,4.805194805194805,62,56,59.0,44700.0,True,2019HU0154649,3
2,13400.0,101400.0,7.567164179104478,74,76,75.0,114800.0,True,2019HU0154663,6
1,75400.0,65200.0,1.156441717791411,76,69,72.5,140600.0,True,2019HU0155003,12
0,28000.0,18000.0,1.5555555555555556,37,33,35.0,46000.0,True,2019HU0155212,35
1,76000.0,29000.0,2.6206896551724137,47,51,49.0,105000.0,True,2019HU0156291,22
1,47500.0,15000.0,3.1666666666666665,84,85,84.5,62500.0,True,2019HU0157201,33
2,110000.0,20000.0,5.5,34,38,36.0,130000.0,True,2019HU0158210,19
1,31200.0,29000.0,1.0758620689655172,71,65,68.0,60200.0,False,2019HU0158739,9
0,48170.0,26000.0,1.8526923076923076,75,75,75.0,74170.0,True,2019HU0159192,33
0,28200.0,42540.0,1.5085106382978724,68,67,67.5,70740.0,True,2019HU0159250,24
1,91000.0,90900.0,1.001100110011001,71,67,69.0,181900.0,True,2019HU0159279,8
0,40000.0,0.0,0.0,55,56,55.5,40000.0,True,2019HU0159551,16
2,67100.0,8400.0,7.988095238095238,70,68,69.0,75500.0,True,2019HU0159646,32
1,83000.0,75000.0,1.1066666666666667,47,49,48.0,158000.0,True,2019HU0159892,10
1,28000.0,31000.0,1.1071428571428572,44,52,48.0,59000.0,True,2019HU0160170,17
0,30000.0,0.0,0.0,85,76,80.5,30000.0,True,2019HU0161583,12
5,21300.0,100.0,213.0,54,60,57.0,21400.0,False,2019HU0161633,16
0,61000.0,32700.0,1.8654434250764527,58,58,58.0,93700.0,True,2019HU0162554,28
2,75000.0,54000.0,1.3888888888888888,49,43,46.0,129000.0,False,2019HU0163396,18
0,100000.0,0.0,0.0,48,44,46.0,100000.0,True,2019HU0163982,7
8,302900.0,3900.0,77.66666666666667,74,67,70.5,306800.0,True,2019HU0164181,17
0,60000.0,45000.0,1.3333333333333333,39,39,39.0,105000.0,True,2019HU0164306,14
0,10100.0,4500.0,2.2444444444444445,82,90,86.0,14600.0,True,2019HU0165070,35
3,110000.0,0.0,0.0,34,32,33.0,110000.0,True,2019HU0165370,9
0,56000.0,0.0,0.0,34,37,35.5,56000.0,True,2019HU0165706,16
1,66600.0,17800.0,3.741573033707865,81,75,78.0,84400.0,True,2019HU0165805,13
1,95000.0,62000.0,1.532258064516129,52,49,50.5,157000.0,True,2019HU0168162,14
1,82000.0,75000.0,1.0933333333333333,46,47,46.5,157000.0,True,2019HU0168178,13
4,686600.0,114900.0,5.975630983463882,68,66,67.0,801500.0,True,2019HU0168276,9
0,40000.0,0.0,0.0,55,55,55.0,40000.0,True,2019HU0168976,13
1,156000.0,32400.0,4.814814814814815,53,61,57.0,188400.0,True,2019HU0168989,22
0,42000.0,120000.0,2.857142857142857,45,43,44.0,162000.0,True,2019HU0169401,24
4,260000.0,0.0,0.0,69,64,66.5,260000.0,True,2019HU0171615,5
1,92000.0,27600.0,3.3333333333333335,65,72,68.5,119600.0,True,2019HU0172100,9
0,73000.0,0.0,0.0,60,58,59.0,73000.0,True,2019HU0172106,47
0,36000.0,0.0,0.0,43,42,42.5,36000.0,True,2019HU0172730,21
1,55000.0,55000.0,1.0,34,30,32.0,110000.0,True,2019HU0173758,21
0,72000.0,0.0,0.0,44,46,45.0,72000.0,True,2019HU0173890,27
0,95000.0,48000.0,1.9791666666666667,37,48,42.5,143000.0,True,2019HU0174036,14
1,75000.0,108100.0,1.4413333333333334,45,41,43.0,183100.0,True,2019HU0174198,26
1,60000.0,130000.0,2.1666666666666665,42,38,40.0,190000.0,True,2019HU0174296,24
2,30000.0,30000.0,1.0,21,20,20.5,60000.0,True,2019HU0175032,10
1,25000.0,10000.0,2.5,45,54,49.5,35000.0,True,2019HU0176208,9
0,37300.0,26000.0,1.4346153846153846,40,30,35.0,63300.0,True,2019HU0176849,12
1,21600.0,0.0,0.0,55,54,54.5,21600.0,True,2019HU0176880,9
7,106800.0,9400.0,11.361702127659575,70,68,69.0,116200.0,True,2019HU0177518,5
1,66000.0,66000.0,1.0,58,58,58.0,132000.0,True,2019HU0178501,14
1,28000.0,110000.0,3.9285714285714284,58,60,59.0,138000.0,True,2019HU0178536,4
1,91600.0,70000.0,1.3085714285714285,51,51,51.0,161600.0,True,2019HU0179172,15
1,90300.0,60100.0,1.502495840266223,55,56,55.5,150400.0,True,2019HU0179413,15
2,9800.0,91600.0,9.346938775510203,63,74,68.5,101400.0,True,2019HU0180338,6
0,50000.0,45000.0,1.1111111111111112,61,54,57.5,95000.0,True,2019HU0180434,31
7,134000.0,4410.0,30.385487528344672,42,37,39.5,138410.0,True,2019HU0180824,9
0,46800.0,17500.0,2.6742857142857144,84,85,84.5,64300.0,True,2019HU0181324,7
0,48700.0,25000.0,1.948,83,72,77.5,73700.0,True,2019HU0181542,14
0,16100.0,23600.0,1.4658385093167703,64,66,65.0,39700.0,True,2019HU0181828,4
0,27740.0,35100.0,1.2653208363374189,69,75,72.0,62840.0,True,2019HU0183010,15
0,68200.0,31200.0,2.1858974358974357,74,80,77.0,99400.0,True,2019HU0183267,11
5,100000.0,8500.0,11.764705882352942,28,24,26.0,108500.0,True,2019HU0183277,7
4,250400.0,0.0,0.0,61,57,59.0,250400.0,True,2019HU0183354,6
3,80000.0,4300.0,18.6046511627907,64,64,64.0,84300.0,True,2019HU0184662,15
1,105000.0,22700.0,4.6255506607929515,61,64,62.5,127700.0,True,2019HU0184731,11
0,48000.0,47800.0,1.00418410041841,62,61,61.5,95800.0,True,2019HU0184785,26
0,16500.0,0.0,0.0,66,66,66.0,16500.0,True,2019HU0186523,25
2,146000.0,16900.0,8.63905325443787,49,49,49.0,162900.0,True,2019HU0187277,6
0,60000.0,50000.0,1.2,33,31,32.0,110000.0,True,2019HU0187567,25
0,33800.0,32300.0,1.0464396284829722,51,52,51.5,66100.0,True,2019HU0187876,14
0,80000.0,0.0,0.0,32,34,33.0,80000.0,True,2019HU0188008,14
2,98820.0,10020.0,9.862275449101796,67,67,67.0,108840.0,True,2019HU0188397,5
1,62000.0,65000.0,1.0483870967741935,59,56,57.5,127000.0,True,2019HU0189139,14
3,90000.0,8400.0,10.714285714285714,37,39,38.0,98400.0,True,2019HU0189479,4
1,16800.0,6000.0,2.8,68,63,65.5,22800.0,True,2019HU0190082,13
1,127660.0,41380.0,3.0850652489125183,46,45,45.5,169040.0,True,2019HU0191144,29
1,32000.0,115000.0,3.59375,37,41,39.0,147000.0,True,2019HU0192231,20
3,11000.0,152000.0,13.818181818181818,37,43,40.0,163000.0,True,2019HU0192833,6
2,35000.0,27500.0,1.2727272727272727,30,28,29.0,62500.0,False,2019HU0193616,91
3,0.0,105000.0,0.0,38,43,40.5,105000.0,True,2019HU0194788,9
1,26000.0,26000.0,1.0,40,54,47.0,52000.0,True,2019HU0194853,13
0,50000.0,0.0,0.0,59,56,57.5,50000.0,True,2019HU0195473,29
3,12500.0,2300.0,5.434782608695652,82,51,66.5,14800.0,True,2019HU0195771,12
1,85650.0,82000.0,1.0445121951219511,59,54,56.5,167650.0,True,2019HU0196128,19
1,60800.0,117900.0,1.9391447368421053,79,78,78.5,178700.0,True,2019HU0197204,19
0,26400.0,28900.0,1.0946969696969697,74,72,73.0,55300.0,True,2019HU0197354,11
2,160600.0,55000.0,2.92,53,53,53.0,215600.0,True,2019HU0197620,19
2,140000.0,39000.0,3.58974358974359,53,71,62.0,179000.0,True,2019HU0197845,3
1,68900.0,55000.0,1.2527272727272727,36,33,34.5,123900.0,True,2019HU0197948,74
1,18300.0,66000.0,3.6065573770491803,80,77,78.5,84300.0,True,2019HU0198547,23
3,115700.0,0.0,0.0,69,56,62.5,115700.0,True,2019HU0199689,21
1,24000.0,7000.0,3.4285714285714284,79,79,79.0,31000.0,True,2019HU0199765,9
2,55000.0,65000.0,1.1818181818181819,61,59,60.0,120000.0,True,2019HU0199911,4
0,33100.0,20000.0,1.655,64,57,60.5,53100.0,True,2019HU0199938,15
0,29810.0,18300.0,1.6289617486338799,69,69,69.0,48110.0,True,2019HU0201928,21
0,30000.0,30000.0,1.0,54,55,54.5,60000.0,True,2019HU0202121,17
2,136000.0,158000.0,1.161764705882353,63,58,60.5,294000.0,True,2019HU0202247,24
1,45000.0,38600.0,1.16580310880829,69,49,59.0,83600.0,True,2019HU0202507,27
3,0.0,160000.0,0.0,39,42,40.5,160000.0,True,2019HU0203878,21
0,35000.0,53000.0,1.5142857142857142,49,51,50.0,88000.0,True,2019HU0204026,10
0,29000.0,30000.0,1.0344827586206897,33,33,33.0,59000.0,True,2019HU0204346,14
0,6800.0,2600.0,2.6153846153846154,73,75,74.0,9400.0,True,2019HU0205086,13
2,23300.0,90300.0,3.875536480686695,59,56,57.5,113600.0,True,2019HU0205566,3
0,13540.0,32000.0,2.363367799113737,77,81,79.0,45540.0,True,2019HU0206216,7
1,61000.0,108000.0,1.7704918032786885,43,51,47.0,169000.0,True,2019HU0206237,18
1,64800.0,71100.0,1.0972222222222223,68,76,72.0,135900.0,True,2019HU0206271,9
2,10000.0,65000.0,6.5,43,48,45.5,75000.0,True,2019HU0207173,24
0,0.0,-5800.0,0.0,50,54,52.0,-5800.0,True,2019HU0207189,13
2,96600.0,29000.0,3.331034482758621,67,67,67.0,125600.0,True,2019HU0207511,11
2,52000.0,5800.0,8.96551724137931,37,39,38.0,57800.0,True,2019HU0207616,29
2,150050.0,89000.0,1.6859550561797754,59,61,60.0,239050.0,True,2019HU0208069,13
0,78300.0,36000.0,2.175,31,30,30.5,114300.0,True,2019HU0208139,16
2,207500.0,125000.0,1.66,58,57,57.5,332500.0,True,2019HU0208269,4
1,51000.0,60000.0,1.1764705882352942,62,56,59.0,111000.0,True,2019HU0208501,50
2,66000.0,165000.0,2.5,44,55,49.5,231000.0,True,2019HU0208605,4
2,74000.0,11000.0,6.7272727272727275,80,79,79.5,85000.0,True,2019HU0208845,21
0,49400.0,44600.0,1.1076233183856503,84,85,84.5,94000.0,True,2019HU0209213,31
1,44000.0,36100.0,1.2188365650969528,66,66,66.0,80100.0,True,2019HU0209407,9
3,0.0,145000.0,0.0,52,61,56.5,145000.0,True,2019HU0209416,27
0,0.0,80600.0,0.0,55,58,56.5,80600.0,True,2019HU0209901,5
0,13200.0,13200.0,1.0,52,53,52.5,26400.0,True,2019HU0209941,16
0,44800.0,26400.0,1.696969696969697,76,73,74.5,71200.0,True,2019HU0210146,15
1,45500.0,12400.0,3.6693548387096775,82,72,77.0,57900.0,True,2019HU0210488,12
3,235000.0,24000.0,9.791666666666666,47,46,46.5,259000.0,True,2019HU0211095,2
1,30000.0,40000.0,1.3333333333333333,53,55,54.0,70000.0,True,2019HU0211151,2
0,75500.0,50000.0,1.51,44,47,45.5,125500.0,True,2019HU0211872,36
0,39400.0,85700.0,2.1751269035532994,67,71,69.0,125100.0,True,2019HU0211958,5
4,152230.0,0.0,0.0,51,35,43.0,152230.0,True,2019HU0212173,10
1,32000.0,100000.0,3.125,61,59,60.0,132000.0,True,2019HU0212239,11
0,54600.0,26700.0,2.044943820224719,83,81,82.0,81300.0,True,2019HU0212592,9
0,80000.0,50000.0,1.6,50,55,52.5,130000.0,True,2019HU0213155,9
4,100000.0,5000.0,20.0,61,63,62.0,105000.0,True,2019HU0213696,4
2,78100.0,64700.0,1.2071097372488409,71,69,70.0,142800.0,True,2019HU0214593,4
2,66000.0,80030.0,1.2125757575757576,49,50,49.5,146030.0,True,2019HU0214767,23
2,12000.0,0.0,0.0,24,25,24.5,12000.0,True,2019HU0215852,6
2,50000.0,5500.0,9.090909090909092,37,35,36.0,55500.0,True,2019HU0216254,30
1,50800.0,67000.0,1.3188976377952757,65,58,61.5,117800.0,True,2019HU0216261,39
0,42200.0,22840.0,1.8476357267950962,81,82,81.5,65040.0,True,2019HU0216395,19
2,108000.0,115600.0,1.0703703703703704,75,71,73.0,223600.0,True,2019HU0217216,13
0,46800.0,135600.0,2.8974358974358974,56,57,56.5,182400.0,True,2019HU0219368,13
0,20200.0,35000.0,1.7326732673267327,59,60,59.5,55200.0,True,2019HU0219702,2
1,45000.0,32500.0,1.3846153846153846,33,32,32.5,77500.0,False,2019HU0220011,16
0,60300.0,45700.0,1.3194748358862145,80,84,82.0,106000.0,True,2019HU0220064,14
3,112000.0,0.0,0.0,36,31,33.5,112000.0,True,2019HU0220694,20
2,200000.0,223000.0,1.115,52,49,50.5,423000.0,True,2019HU0221187,21
0,15600.0,15600.0,1.0,64,58,61.0,31200.0,True,2019HU0221209,10
1,70000.0,74000.0,1.0571428571428572,41,52,46.5,144000.0,True,2019HU0221553,36
0,84100.0,40000.0,2.1025,30,33,31.5,124100.0,True,2019HU0222077,22
1,37500.0,16000.0,2.34375,52,72,62.0,53500.0,True,2019HU0223457,6
0,42000.0,36000.0,1.1666666666666667,36,36,36.0,78000.0,True,2019HU0224578,21
2,158400.0,115000.0,1.377391304347826,41,37,39.0,273400.0,True,2019HU0225033,13
7,103030.0,5030.0,20.4831013916501,45,42,43.5,108060.0,True,2019HU0226753,17
1,103000.0,68000.0,1.5147058823529411,41,34,37.5,171000.0,True,2019HU0226934,24
0,10300.0,15700.0,1.5242718446601942,63,67,65.0,26000.0,True,2019HU0227710,16
7,128000.0,8200.0,15.609756097560975,56,81,68.5,136200.0,True,2019HU0227748,15
0,40000.0,85000.0,2.125,30,38,34.0,125000.0,True,2019HU0228453,8
2,70000.0,15000.0,4.666666666666667,43,27,35.0,85000.0,True,2019HU0228492,28
0,51000.0,25900.0,1.9691119691119692,35,34,34.5,76900.0,True,2019HU0229281,5
3,242500.0,30000.0,8.083333333333334,74,73,73.5,272500.0,True,2019HU0229451,32
1,60000.0,69000.0,1.15,77,77,77.0,129000.0,True,2019HU0229704,15
0,26400.0,0.0,0.0,39,37,38.0,26400.0,True,2019HU0229819,34
1,53800.0,67400.0,1.2527881040892193,67,67,67.0,121200.0,True,2019HU0230356,5
4,0.0,317090.0,0.0,55,54,54.5,317090.0,True,2019HU0230456,7
1,69600.0,52800.0,1.3181818181818181,72,74,73.0,122400.0,True,2019HU0231151,9
2,120000.0,120000.0,1.0,46,50,48.0,240000.0,True,2019HU0231765,10
4,63000.0,11100.0,5.675675675675675,21,24,22.5,74100.0,True,2019HU0232019,10
2,100000.0,124000.0,1.24,35,35,35.0,224000.0,True,2019HU0232203,17
0,0.0,30000.0,0.0,67,64,65.5,30000.0,True,2019HU0232282,11
1,102000.0,89000.0,1.146067415730337,39,39,39.0,191000.0,True,2019HU0232629,9
1,145790.0,30900.0,4.718122977346279,55,55,55.0,176690.0,True,2019HU0232713,2
1,80000.0,58800.0,1.3605442176870748,54,58,56.0,138800.0,True,2019HU0232949,12
3,195000.0,0.0,0.0,54,56,55.0,195000.0,True,2019HU0233720,18
2,107000.0,16300.0,6.564417177914111,58,64,61.0,123300.0,True,2019HU0233730,8
0,31300.0,21300.0,1.4694835680751173,81,71,76.0,52600.0,True,2019HU0234029,18
3,36000.0,4000.0,9.0,26,25,25.5,40000.0,True,2019HU0234392,13
1,56000.0,44000.0,1.2727272727272727,35,35,35.0,100000.0,False,2019HU0235130,5
0,20900.0,12000.0,1.7416666666666667,75,74,74.5,32900.0,True,2019HU0235211,11
0,35000.0,18600.0,1.881720430107527,68,68,68.0,53600.0,True,2019HU0235231,7
0,48400.0,50000.0,1.0330578512396693,30,30,30.0,98400.0,True,2019HU0236402,8
0,90000.0,0.0,0.0,35,33,34.0,90000.0,True,2019HU0236539,34
1,90000.0,70000.0,1.2857142857142858,48,56,52.0,160000.0,True,2019HU0237182,13
0,21440.0,28560.0,1.3320895522388059,65,64,64.5,50000.0,True,2019HU0237389,21
1,20170.0,33000.0,1.6360932077342587,67,66,66.5,53170.0,False,2019HU0238100,11
0,22000.0,45800.0,2.081818181818182,60,62,61.0,67800.0,True,2019HU0238193,25
5,396000.0,15000.0,26.4,48,58,53.0,411000.0,True,2019HU0238254,75
2,65000.0,46000.0,1.4130434782608696,53,59,56.0,111000.0,False,2019HU0238911,10
4,400000.0,60000.0,6.666666666666667,58,46,52.0,460000.0,True,2019HU0239511,8
0,92500.0,49400.0,1.8724696356275303,52,54,53.0,141900.0,True,2019HU0240735,31
1,64000.0,50000.0,1.28,41,62,51.5,114000.0,True,2019HU0241025,35
2,110000.0,220000.0,2.0,50,51,50.5,330000.0,True,2019HU0242154,13
0,6000.0,0.0,0.0,57,51,54.0,6000.0,True,2019HU0242961,88
4,1100.0,13200.0,12.0,64,68,66.0,14300.0,False,2019HU0243566,7
2,200000.0,40000.0,5.0,65,64,64.5,240000.0,True,2019HU0243587,27
1,25400.0,21100.0,1.2037914691943128,70,67,68.5,46500.0,False,2019HU0244381,29
1,93750.0,100000.0,1.0666666666666667,43,45,44.0,193750.0,True,2019HU0244782,26
2,106600.0,17000.0,6.270588235294118,82,81,81.5,123600.0,True,2019HU0245504,8
4,70900.0,224100.0,3.1607898448519043,49,68,58.5,295000.0,True,2019HU0246433,13
0,16000.0,12000.0,1.3333333333333333,53,49,51.0,28000.0,True,2019HU0247618,20
3,22900.0,227600.0,9.93886462882096,65,66,65.5,250500.0,True,2019HU0247855,22
0,58000.0,43000.0,1.3488372093023255,47,60,53.5,101000.0,True,2019HU0248210,3
0,16900.0,16800.0,1.005952380952381,73,74,73.5,33700.0,True,2019HU0250255,17
1,30000.0,40000.0,1.3333333333333333,27,26,26.5,70000.0,True,2019HU0251170,28
1,90000.0,36000.0,2.5,46,46,46.0,126000.0,True,2019HU0251349,56
1,23200.0,79000.0,3.4051724137931036,69,72,70.5,102200.0,True,2019HU0251833,13
1,27600.0,17000.0,1.6235294117647059,87,85,86.0,44600.0,False,2019HU0252094,30
7,114000.0,9600.0,11.875,73,74,73.5,123600.0,True,2019HU0252201,7
1,16200.0,72000.0,4.444444444444445,52,52,52.0,88200.0,True,2019HU0252438,22
3,24500.0,224800.0,9.175510204081633,66,65,65.5,249300.0,True,2019HU0252613,13
1,80600.0,84700.0,1.0508684863523574,91,86,88.5,165300.0,True,2019HU0253253,12
1,68000.0,60000.0,1.1333333333333333,66,65,65.5,128000.0,True,2019HU0253428,19
0,85000.0,50000.0,1.7,57,56,56.5,135000.0,True,2019HU0256321,27
2,40000.0,50000.0,1.25,45,40,42.5,90000.0,False,2019HU0258080,27
1,35400.0,106000.0,2.994350282485876,61,59,60.0,141400.0,True,2019HU0258598,5
0,27500.0,53000.0,1.9272727272727272,32,33,32.5,80500.0,True,2019HU0258651,32
2,150800.0,116500.0,1.2944206008583692,64,64,64.0,267300.0,True,2019HU0259196,9
2,158100.0,185000.0,1.170145477545857,57,53,55.0,343100.0,True,2019HU0259776,14
0,50600.0,0.0,0.0,68,68,68.0,50600.0,True,2019HU0259865,11
2,113000.0,110200.0,1.0254083484573502,56,52,54.0,223200.0,True,2019HU0259997,3
0,91000.0,39150.0,2.3243933588761174,69,78,73.5,130150.0,True,2019HU0260314,10
1,70000.0,22900.0,3.056768558951965,62,70,66.0,92900.0,True,2019HU0260493,18
0,52200.0,46000.0,1.1347826086956523,64,65,64.5,98200.0,True,2019HU0260830,32
3,150000.0,151000.0,1.0066666666666666,59,73,66.0,301000.0,True,2019HU0261112,13
0,25000.0,66000.0,2.64,66,54,60.0,91000.0,True,2019HU0261480,2
3,45000.0,231000.0,5.133333333333334,47,50,48.5,276000.0,True,2019HU0262168,31
1,70300.0,58000.0,1.2120689655172414,52,52,52.0,128300.0,True,2019HU0262242,15
3,235000.0,60000.0,3.9166666666666665,52,45,48.5,295000.0,True,2019HU0262362,13
0,73700.0,0.0,0.0,63,62,62.5,73700.0,True,2019HU0262390,5
1,0.0,0.0,0.0,55,42,48.5,0.0,False,2019HU0263722,21
0,25000.0,0.0,0.0,45,45,45.0,25000.0,True,2019HU0264736,9
0,30000.0,36000.0,1.2,39,39,39.0,66000.0,True,2019HU0265003,13
3,80000.0,4800.0,16.666666666666668,47,46,46.5,84800.0,True,2019HU0265720,43
2,16500.0,96000.0,5.818181818181818,73,75,74.0,112500.0,True,2019HU0265975,8
6,105800.0,9900.0,10.686868686868687,72,66,69.0,115700.0,True,2019HU0266326,22
0,50000.0,50000.0,1.0,33,33,33.0,100000.0,True,2019HU0266469,16
0,57500.0,28200.0,2.0390070921985815,80,74,77.0,85700.0,True,2019HU0266616,14
0,28400.0,19000.0,1.4947368421052631,76,77,76.5,47400.0,True,2019HU0267608,21
1,57000.0,80000.0,1.4035087719298245,35,31,33.0,137000.0,True,2019HU0268775,4
0,14100.0,6000.0,2.35,50,50,50.0,20100.0,True,2019HU0268861,7
1,59600.0,30000.0,1.9866666666666666,61,51,56.0,89600.0,True,2019HU0271487,74
2,151000.0,108000.0,1.3981481481481481,64,61,62.5,259000.0,True,2019HU0272090,9
0,44000.0,0.0,0.0,38,37,37.5,44000.0,True,2019HU0272227,19
4,106000.0,10000.0,10.6,49,23,36.0,116000.0,True,2019HU0273076,14
2,120000.0,110000.0,1.0909090909090908,40,34,37.0,230000.0,True,2019HU0273481,24
2,27000.0,6500.0,4.153846153846154,86,71,78.5,33500.0,True,2019HU0273574,12
1,28000.0,50000.0,1.7857142857142858,25,25,25.0,78000.0,True,2019HU0273710,17
0,42490.0,74000.0,1.7415862555895505,64,66,65.0,116490.0,True,2019HU0273921,14
6,117000.0,6000.0,19.5,41,34,37.5,123000.0,True,2019HU0275001,27
1,97000.0,55000.0,1.7636363636363637,42,55,48.5,152000.0,True,2019HU0275512,17
1,38600.0,20700.0,1.8647342995169083,73,55,64.0,59300.0,True,2019HU0276111,23
1,81000.0,25800.0,3.13953488372093,69,68,68.5,106800.0,True,2019HU0276200,14
0,29100.0,49900.0,1.7147766323024054,62,71,66.5,79000.0,True,2019HU0276281,18
0,46000.0,22000.0,2.090909090909091,58,45,51.5,68000.0,True,2019HU0276404,22
0,84000.0,0.0,0.0,35,36,35.5,84000.0,True,2019HU0277293,46
1,44000.0,0.0,0.0,68,28,48.0,44000.0,True,2019HU0278394,16
1,18400.0,71000.0,3.858695652173913,75,81,78.0,89400.0,True,2019HU0279007,2
2,82000.0,12000.0,6.833333333333333,61,68,64.5,94000.0,True,2019HU0279552,9
1,30000.0,45000.0,1.5,46,47,46.5,75000.0,False,2019HU0279719,28
0,40000.0,36000.0,1.1111111111111112,43,43,43.0,76000.0,True,2019HU0280081,14
0,33000.0,24000.0,1.375,55,69,62.0,57000.0,True,2019HU0280221,17
2,20000.0,10000.0,2.0,20,21,20.5,30000.0,True,2019HU0280499,11
4,58000.0,394200.0,6.796551724137931,63,57,60.0,452200.0,True,2019HU0280664,26
1,4800.0,6000.0,1.25,69,70,69.5,10800.0,True,2019HU0281141,60
1,121200.0,55000.0,2.2036363636363636,58,58,58.0,176200.0,True,2019HU0281594,28
2,70000.0,66000.0,1.0606060606060606,57,40,48.5,136000.0,True,2019HU0282305,14
0,47700.0,29200.0,1.6335616438356164,43,43,43.0,76900.0,True,2019HU0282537,10
0,10200.0,0.0,0.0,64,58,61.0,10200.0,True,2019HU0282697,8
3,5600.0,71000.0,12.678571428571429,63,59,61.0,76600.0,True,2019HU0283123,17
0,89000.0,0.0,0.0,37,34,35.5,89000.0,True,2019HU0284072,17
5,50000.0,1200.0,41.666666666666664,42,38,40.0,51200.0,False,2019HU0284373,17
1,115000.0,65000.0,1.7692307692307692,37,33,35.0,180000.0,True,2019HU0284979,20
0,30800.0,83000.0,2.6948051948051948,59,59,59.0,113800.0,True,2019HU0285167,43
2,167600.0,73000.0,2.2958904109589042,62,63,62.5,240600.0,True,2019HU0286662,23
3,99000.0,51530.0,1.9212109450805357,48,39,43.5,150530.0,False,2019HU0287060,30
2,17200.0,103000.0,5.988372093023256,81,81,81.0,120200.0,True,2019HU0287268,24
1,65000.0,55000.0,1.1818181818181819,40,39,39.5,120000.0,True,2019HU0287377,13
4,296000.0,0.0,0.0,59,57,58.0,296000.0,True,2019HU0287863,18
1,70400.0,83000.0,1.1789772727272727,60,62,61.0,153400.0,True,2019HU0287883,12
2,100000.0,13000.0,7.6923076923076925,54,62,58.0,113000.0,True,2019HU0288110,20
2,198200.0,90000.0,2.2022222222222223,59,62,60.5,288200.0,True,2019HU0288342,13
0,24000.0,14200.0,1.6901408450704225,57,69,63.0,38200.0,True,2019HU0288835,6
0,35000.0,33600.0,1.0416666666666667,38,43,40.5,68600.0,True,2019HU0288893,22
3,0.0,110000.0,0.0,51,48,49.5,110000.0,True,2019HU0289453,19
1,48000.0,48000.0,1.0,53,54,53.5,96000.0,True,2019HU0289809,15
0,20000.0,22100.0,1.105,65,68,66.5,42100.0,True,2019HU0290247,13
3,161500.0,10500.0,15.380952380952381,71,71,71.0,172000.0,True,2019HU0291755,11
0,100000.0,35000.0,2.857142857142857,54,43,48.5,135000.0,True,2019HU0291782,3
4,190900.0,16900.0,11.29585798816568,62,61,61.5,207800.0,True,2019HU0291865,6
2,90000.0,14400.0,6.25,38,32,35.0,104400.0,True,2019HU0292108,6
3,-1700.0,130000.0,0.0,34,34,34.0,128300.0,True,2019HU0292131,44
2,345000.0,181500.0,1.9008264462809918,69,68,68.5,526500.0,True,2019HU0292288,9
0,30000.0,26000.0,1.1538461538461537,60,53,56.5,56000.0,True,2019HU0292327,27
2,60100.0,20000.0,3.005,34,46,40.0,80100.0,False,2019HU0292756,16
1,30000.0,32000.0,1.0666666666666667,26,28,27.0,62000.0,True,2019HU0293541,18
0,4500.0,2500.0,1.8,69,67,68.0,7000.0,True,2019HU0293590,16
0,75000.0,36000.0,2.0833333333333335,55,66,60.5,111000.0,True,2019HU0294049,21
2,71500.0,10800.0,6.62037037037037,72,71,71.5,82300.0,True,2019HU0294189,13
2,157000.0,29400.0,5.340136054421769,66,68,67.0,186400.0,True,2019HU0294327,13
0,66000.0,42800.0,1.5420560747663552,54,50,52.0,108800.0,True,2019HU0294618,20
0,30000.0,47800.0,1.5933333333333333,48,40,44.0,77800.0,True,2019HU0295089,9
1,0.0,7600.0,0.0,79,78,78.5,7600.0,True,2019HU0295216,12
1,89500.0,100000.0,1.1173184357541899,59,60,59.5,189500.0,True,2019HU0295342,8
1,77000.0,0.0,0.0,64,59,61.5,77000.0,True,2019HU0295582,12
0,30000.0,12000.0,2.5,54,54,54.0,42000.0,True,2019HU0295604,17
2,40000.0,29100.0,1.3745704467353952,25,23,24.0,69100.0,True,2019HU0295829,15
0,52400.0,0.0,0.0,72,64,68.0,52400.0,True,2019HU0296205,12
1,89500.0,57500.0,1.5565217391304347,64,67,65.5,147000.0,True,2019HU0296536,10
1,52900.0,13000.0,4.069230769230769,65,69,67.0,65900.0,True,2019HU0296695,17
2,88500.0,10800.0,8.194444444444445,70,65,67.5,99300.0,True,2019HU0296948,11
2,42000.0,9600.0,4.375,72,73,72.5,51600.0,True,2019HU0297414,3
1,94460.0,96000.0,1.0163031971204743,48,60,54.0,190460.0,True,2019HU0297861,7
6,4600.0,55000.0,11.956521739130435,83,27,55.0,59600.0,False,2019HU0299405,16
0,61000.0,24200.0,2.520661157024793,50,47,48.5,85200.0,True,2019HU0299553,37
4,85000.0,1900.0,44.73684210526316,34,32,33.0,86900.0,True,2019HU0300102,42
5,25200.0,707500.0,28.075396825396826,42,42,42.0,732700.0,True,2019HU0301433,20
2,53300.0,11000.0,4.845454545454546,51,45,48.0,64300.0,False,2019HU0301677,2
0,31450.0,19200.0,1.6380208333333333,85,85,85.0,50650.0,True,2019HU0302042,17
0,14700.0,38000.0,2.5850340136054424,77,76,76.5,52700.0,True,2019HU0302148,16
1,10800.0,34100.0,3.1574074074074074,70,69,69.5,44900.0,True,2019HU0302249,13
8,4200.0,196000.0,46.666666666666664,70,65,67.5,200200.0,True,2019HU0305877,7
4,1400.0,32800.0,23.428571428571427,62,64,63.0,34200.0,True,2019HU0306339,63
0,83000.0,42500.0,1.9529411764705882,29,32,30.5,125500.0,True,2019HU0306388,44
1,120000.0,72000.0,1.6666666666666667,35,26,30.5,192000.0,True,2019HU0306807,17
1,48000.0,38000.0,1.263157894736842,50,50,50.0,86000.0,False,2019HU0308405,16
1,0.0,50000.0,0.0,43,42,42.5,50000.0,False,2019HU0308510,3
0,69800.0,38700.0,1.8036175710594315,73,73,73.0,108500.0,True,2019HU0308658,8
2,49300.0,7200.0,6.847222222222222,47,48,47.5,56500.0,True,2019HU0309192,7
3,5700.0,83700.0,14.68421052631579,85,89,87.0,89400.0,True,2019HU0312069,13
0,0.0,26000.0,0.0,44,32,38.0,26000.0,True,2019HU0312208,4
1,10700.0,50700.0,4.738317757009346,63,66,64.5,61400.0,True,2019HU0312409,20
0,28000.0,45000.0,1.6071428571428572,45,48,46.5,73000.0,True,2019HU0312491,3
0,51400.0,44000.0,1.1681818181818182,71,76,73.5,95400.0,True,2019HU0312550,23
0,41100.0,19900.0,2.0653266331658293,72,65,68.5,61000.0,True,2019HU0312749,15
1,17100.0,24800.0,1.4502923976608186,74,76,75.0,41900.0,True,2019HU0313209,103
1,0.0,26400.0,0.0,57,81,69.0,26400.0,True,2019HU0313490,26
2,100000.0,125000.0,1.25,39,37,38.0,225000.0,True,2019HU0313813,81
0,68000.0,24000.0,2.8333333333333335,51,47,49.0,92000.0,True,2019HU0314407,19
4,78500.0,3500.0,22.428571428571427,67,63,65.0,82000.0,True,2019HU0315270,14
0,55000.0,28000.0,1.9642857142857142,79,80,79.5,83000.0,True,2019HU0316040,16
0,35000.0,24000.0,1.4583333333333333,37,33,35.0,59000.0,True,2019HU0316059,12
0,68000.0,50000.0,1.36,56,48,52.0,118000.0,True,2019HU0316737,23
1,90000.0,85000.0,1.0588235294117647,35,41,38.0,175000.0,True,2019HU0316866,22
5,2230.0,51100.0,22.91479820627803,65,68,66.5,53330.0,False,2019HU0317006,9
0,36800.0,38000.0,1.0326086956521738,59,67,63.0,74800.0,True,2019HU0317061,9
1,29200.0,31400.0,1.0753424657534247,78,78,78.0,60600.0,True,2019HU0318322,8
3,1600.0,29600.0,18.5,29,33,31.0,31200.0,True,2019HU0318437,46
0,0.0,1400.0,0.0,75,72,73.5,1400.0,True,2019HU0318442,18
1,77000.0,92000.0,1.1948051948051948,43,43,43.0,169000.0,True,2019HU0318732,16
1,75000.0,48000.0,1.5625,51,43,47.0,123000.0,False,2019HU0319376,62
1,51000.0,70000.0,1.3725490196078431,60,61,60.5,121000.0,True,2019HU0319665,12
4,30000.0,3000.0,10.0,21,20,20.5,33000.0,True,2019HU0321298,8
3,49000.0,3500.0,14.0,65,64,64.5,52500.0,True,2019HU0321336,40
0,12000.0,7200.0,1.6666666666666667,62,64,63.0,19200.0,True,2019HU0322388,11
1,110700.0,50500.0,2.1920792079207922,39,32,35.5,161200.0,True,2019HU0323095,34
2,260000.0,467000.0,1.7961538461538462,64,66,65.0,727000.0,True,2019HU0323137,13
1,74000.0,30000.0,2.466666666666667,28,23,25.5,104000.0,True,2019HU0324441,34
2,7000.0,52000.0,7.428571428571429,35,34,34.5,59000.0,True,2019HU0324776,6
2,103400.0,15000.0,6.8933333333333335,71,72,71.5,118400.0,True,2019HU0324807,12
0,0.0,15600.0,0.0,62,63,62.5,15600.0,True,2019HU0325062,14
1,28000.0,110000.0,3.9285714285714284,32,38,35.0,138000.0,True,2019HU0325298,30
4,209000.0,55000.0,3.8,52,56,54.0,264000.0,True,2019HU0326303,10
2,70000.0,11000.0,6.363636363636363,57,49,53.0,81000.0,True,2019HU0326310,14
1,28300.0,119000.0,4.204946996466431,74,60,67.0,147300.0,True,2019HU0327178,9
4,190100.0,18000.0,10.561111111111112,73,64,68.5,208100.0,True,2019HU0328117,29
1,75000.0,20000.0,3.75,34,34,34.0,95000.0,True,2019HU0328575,29
2,140000.0,18000.0,7.777777777777778,49,46,47.5,158000.0,True,2019HU0330688,7
2,200000.0,110600.0,1.8083182640144666,64,64,64.0,310600.0,True,2019HU0330783,16
1,110000.0,65000.0,1.6923076923076923,63,61,62.0,175000.0,True,2019HU0330959,12
1,109300.0,36200.0,3.0193370165745854,74,78,76.0,145500.0,True,2019HU0331411,15
1,60000.0,75000.0,1.25,49,50,49.5,135000.0,True,2019HU0331893,18
4,0.0,390000.0,0.0,59,67,63.0,390000.0,True,2019HU0332759,1
0,18000.0,18000.0,1.0,68,62,65.0,36000.0,True,2019HU0334082,8
4,73000.0,330.0,221.21212121212122,51,46,48.5,73330.0,True,2019HU0334174,16
3,0.0,159700.0,0.0,59,66,62.5,159700.0,True,2019HU0334759,12
0,0.0,67000.0,0.0,29,31,30.0,67000.0,True,2019HU0334786,14
2,28000.0,13000.0,2.1538461538461537,21,20,20.5,41000.0,True,2019HU0335634,15
0,88100.0,43700.0,2.0160183066361554,59,62,60.5,131800.0,True,2019HU0336439,37
2,98000.0,15700.0,6.24203821656051,66,69,67.5,113700.0,True,2019HU0337080,8
0,78000.0,40000.0,1.95,37,37,37.0,118000.0,True,2019HU0337145,11
0,7900.0,13600.0,1.7215189873417722,75,73,74.0,21500.0,True,2019HU0339930,48
0,42000.0,60000.0,1.4285714285714286,52,51,51.5,102000.0,True,2019HU0340315,10
2,89400.0,87000.0,1.0275862068965518,73,72,72.5,176400.0,True,2019HU0341205,13
0,43200.0,24000.0,1.8,61,62,61.5,67200.0,True,2019HU0341328,14
0,0.0,50460.0,0.0,48,50,49.0,50460.0,True,2019HU0342579,11
0,48000.0,51000.0,1.0625,67,73,70.0,99000.0,True,2019HU0347136,11
4,120000.0,18800.0,6.382978723404255,54,84,69.0,138800.0,False,2019HU0347501,13
0,0.0,53000.0,0.0,70,73,71.5,53000.0,True,2019HU0349917,24
1,103000.0,31000.0,3.3225806451612905,46,48,47.0,134000.0,True,2019HU0350205,8
0,16000.0,0.0,0.0,56,52,54.0,16000.0,True,2019HU0350901,25
1,20000.0,85100.0,4.255,61,60,60.5,105100.0,True,2019HU0351147,11
3,102050.0,-1700.0,0.0,44,40,42.0,100350.0,True,2019HU0351530,8
1,23000.0,6900.0,3.3333333333333335,79,70,74.5,29900.0,True,2019HU0351728,60
3,15800.0,180000.0,11.39240506329114,56,50,53.0,195800.0,True,2019HU0351930,12
4,41800.0,431400.0,10.320574162679426,64,73,68.5,473200.0,True,2019HU0352715,10
1,100000.0,49200.0,2.032520325203252,54,69,61.5,149200.0,True,2019HU0353584,21
4,295000.0,24000.0,12.291666666666666,56,62,59.0,319000.0,True,2019HU0354765,26
3,185000.0,0.0,0.0,39,36,37.5,185000.0,True,2019HU0355671,8
0,80000.0,40000.0,2.0,57,56,56.5,120000.0,True,2019HU0355772,5
0,49000.0,32000.0,1.53125,39,40,39.5,81000.0,True,2019HU0355882,10
0,18700.0,13400.0,1.3955223880597014,55,60,57.5,32100.0,True,2019HU0356626,4
1,10000.0,0.0,0.0,35,35,35.0,10000.0,True,2019HU0356822,24
1,130000.0,69200.0,1.8786127167630058,57,66,61.5,199200.0,True,2019HU0358585,21
7,162300.0,7400.0,21.93243243243243,66,66,66.0,169700.0,True,2019HU0358750,7
1,83000.0,74000.0,1.1216216216216217,51,49,50.0,157000.0,True,2019HU0359321,15
3,120000.0,0.0,0.0,33,36,34.5,120000.0,True,2019HU0359807,12
0,34000.0,24200.0,1.4049586776859504,57,51,54.0,58200.0,True,2019HU0360191,17
4,56200.0,1700.0,33.05882352941177,75,72,73.5,57900.0,True,2019HU0360687,17
2,176000.0,50000.0,3.52,34,37,35.5,226000.0,True,2019HU0360854,16
3,85000.0,4700.0,18.085106382978722,59,62,60.5,89700.0,True,2019HU0361891,17
0,23700.0,21900.0,1.082191780821918,91,88,89.5,45600.0,True,2019HU0362014,15
1,32000.0,36000.0,1.125,25,25,25.0,68000.0,True,2019HU0362949,18
2,140000.0,100000.0,1.4,48,48,48.0,240000.0,True,2019HU0363097,14
4,160000.0,0.0,0.0,59,54,56.5,160000.0,True,2019HU0363398,6
0,52000.0,0.0,0.0,33,33,33.0,52000.0,True,2019HU0363625,31
1,131100.0,52900.0,2.4782608695652173,65,68,66.5,184000.0,True,2019HU0364827,24
3,211200.0,45000.0,4.693333333333333,66,44,55.0,256200.0,True,2019HU0364898,15
0,21800.0,26400.0,1.2110091743119267,69,60,64.5,48200.0,True,2019HU0364933,7
1,40000.0,16000.0,2.5,52,54,53.0,56000.0,True,2019HU0365359,15
1,75900.0,58100.0,1.306368330464716,76,75,75.5,134000.0,True,2019HU0368378,13
0,0.0,98000.0,0.0,53,56,54.5,98000.0,True,2019HU0368934,9
0,67000.0,48500.0,1.3814432989690721,56,56,56.0,115500.0,True,2019HU0369009,9
1,5400.0,19000.0,3.5185185185185186,37,52,44.5,24400.0,True,2019HU0369267,26
3,140300.0,0.0,0.0,51,47,49.0,140300.0,True,2019HU0369550,13
7,140000.0,1000.0,140.0,54,45,49.5,141000.0,True,2019HU0369952,9
0,49000.0,40000.0,1.225,34,38,36.0,89000.0,True,2019HU0370187,25
3,390.0,2900.0,7.435897435897436,58,63,60.5,3290.0,True,2019HU0370804,16
0,26400.0,33200.0,1.2575757575757576,75,78,76.5,59600.0,True,2019HU0371307,10
0,21000.0,21000.0,1.0,70,69,69.5,42000.0,True,2019HU0371315,4
0,42990.0,61600.0,1.4328913700860666,84,81,82.5,104590.0,True,2019HU0373222,18
1,60100.0,43900.0,1.3690205011389522,70,47,58.5,104000.0,True,2019HU0373267,14
0,133900.0,49500.0,2.705050505050505,53,55,54.0,183400.0,True,2019HU0373568,17
2,0.0,0.0,0.0,31,66,48.5,0.0,True,2019HU0373574,17
2,129000.0,89000.0,1.449438202247191,67,74,70.5,218000.0,True,2019HU0375350,43
0,31400.0,25000.0,1.256,60,62,61.0,56400.0,True,2019HU0375360,14
2,109300.0,97900.0,1.1164453524004085,79,79,79.0,207200.0,True,2019HU0376498,6
0,42620.0,65000.0,1.5251055842327546,65,64,64.5,107620.0,True,2019HU0376620,5
1,63600.0,19300.0,3.295336787564767,95,87,91.0,82900.0,True,2019HU0377070,71
0,20600.0,42200.0,2.0485436893203883,73,82,77.5,62800.0,True,2019HU0377323,12
1,110000.0,87000.0,1.264367816091954,47,45,46.0,197000.0,True,2019HU0377667,10
3,138000.0,0.0,0.0,44,44,44.0,138000.0,True,2019HU0378047,38
2,93000.0,120000.0,1.2903225806451613,59,60,59.5,213000.0,True,2019HU0378719,25
2,108000.0,14200.0,7.605633802816901,79,74,76.5,122200.0,True,2019HU0380348,12
0,34800.0,40000.0,1.1494252873563218,44,34,39.0,74800.0,True,2019HU0380453,4
0,14400.0,10030.0,1.4356929212362912,63,64,63.5,24430.0,True,2019HU0380548,13
1,64000.0,18400.0,3.4782608695652173,66,66,66.0,82400.0,True,2019HU0381726,29
2,130000.0,24000.0,5.416666666666667,64,65,64.5,154000.0,True,2019HU0381985,13
0,70000.0,37000.0,1.8918918918918919,64,56,60.0,107000.0,True,2019HU0382513,14
1,48000.0,0.0,0.0,69,46,57.5,48000.0,True,2019HU0382625,14
0,4800.0,7800.0,1.625,89,86,87.5,12600.0,True,2019HU0382642,7
7,2400.0,120000.0,50.0,42,40,41.0,122400.0,True,2019HU0383532,8
3,1500.0,8200.0,5.466666666666667,79,75,77.0,9700.0,True,2019HU0383780,7
0,12000.0,26400.0,2.2,76,82,79.0,38400.0,True,2019HU0384212,4
0,6000.0,9600.0,1.6,47,49,48.0,15600.0,True,2019HU0384339,2
0,60800.0,47200.0,1.2881355932203389,68,68,68.0,108000.0,True,2019HU0384628,22
0,41500.0,28600.0,1.451048951048951,58,64,61.0,70100.0,True,2019HU0384916,10
0,39000.0,39000.0,1.0,56,56,56.0,78000.0,True,2019HU0386346,19
0,40000.0,18000.0,2.2222222222222223,45,54,49.5,58000.0,True,2019HU0386956,23
2,2000.0,20000.0,10.0,71,65,68.0,22000.0,True,2019HU0387954,23
1,78600.0,22600.0,3.47787610619469,67,67,67.0,101200.0,True,2019HU0388019,23
3,51300.0,4300.0,11.930232558139535,75,77,76.0,55600.0,True,2019HU0388583,12
0,7700.0,19100.0,2.4805194805194803,87,84,85.5,26800.0,True,2019HU0388699,16
1,129000.0,60000.0,2.15,54,54,54.0,189000.0,True,2019HU0389783,25
1,98000.0,55000.0,1.7818181818181817,46,42,44.0,153000.0,True,2019HU0389817,39
3,150000.0,0.0,0.0,35,30,32.5,150000.0,True,2019HU0391072,15
1,95000.0,60000.0,1.5833333333333333,50,50,50.0,155000.0,True,2019HU0391903,43
3,194000.0,0.0,0.0,71,61,66.0,194000.0,True,2019HU0391918,20
0,37200.0,13100.0,2.8396946564885495,77,75,76.0,50300.0,True,2019HU0392324,13
3,114000.0,400250.0,3.5109649122807016,46,48,47.0,514250.0,True,2019HU0392343,17
2,170000.0,105000.0,1.619047619047619,43,43,43.0,275000.0,True,2019HU0392348,3
0,30000.0,24000.0,1.25,30,31,30.5,54000.0,True,2019HU0393453,24
0,23500.0,67000.0,2.851063829787234,59,57,58.0,90500.0,True,2019HU0393828,15
1,92900.0,19500.0,4.764102564102564,71,66,68.5,112400.0,True,2019HU0394033,3
3,37500.0,10400.0,3.605769230769231,23,22,22.5,47900.0,True,2019HU0394076,20
0,55000.0,24000.0,2.2916666666666665,76,66,71.0,79000.0,True,2019HU0394887,9
1,44000.0,9300.0,4.731182795698925,68,61,64.5,53300.0,True,2019HU0395569,10
0,47500.0,32000.0,1.484375,70,59,64.5,79500.0,True,2019HU0396251,15
0,0.0,35000.0,0.0,29,34,31.5,35000.0,True,2019HU0396493,36
8,196000.0,7500.0,26.133333333333333,76,73,74.5,203500.0,True,2019HU0396500,6
2,90000.0,16800.0,5.357142857142857,58,58,58.0,106800.0,True,2019HU0397422,15
0,9300.0,0.0,0.0,64,58,61.0,9300.0,True,2019HU0397581,22
0,42900.0,95200.0,2.219114219114219,66,64,65.0,138100.0,True,2019HU0397812,8
1,90000.0,70000.0,1.2857142857142858,53,56,54.5,160000.0,True,2019HU0398163,7
0,32400.0,66700.0,2.058641975308642,71,77,74.0,99100.0,True,2019HU0399509,14
7,142100.0,7200.0,19.73611111111111,86,81,83.5,149300.0,True,2019HU0400185,15
0,0.0,96000.0,0.0,49,50,49.5,96000.0,True,2019HU0400604,10
0,18300.0,0.0,0.0,55,59,57.0,18300.0,True,2019HU0401307,14
1,126200.0,73000.0,1.7287671232876711,74,62,68.0,199200.0,True,2019HU0401686,21
1,91000.0,69000.0,1.318840579710145,37,35,36.0,160000.0,True,2019HU0402064,11
1,56800.0,68800.0,1.2112676056338028,83,84,83.5,125600.0,True,2019HU0402251,38
0,20900.0,10800.0,1.9351851851851851,79,79,79.0,31700.0,True,2019HU0402683,13
0,32700.0,53700.0,1.6422018348623852,71,71,71.0,86400.0,True,2019HU0402780,30
1,27300.0,31200.0,1.1428571428571428,65,65,65.0,58500.0,True,2019HU0404173,3
2,110000.0,103600.0,1.0617760617760619,46,56,51.0,213600.0,True,2019HU0405268,11
1,110000.0,75000.0,1.4666666666666666,43,44,43.5,185000.0,True,2019HU0405630,10
1,46500.0,0.0,0.0,31,28,29.5,46500.0,True,2019HU0405641,21
2,142100.0,122400.0,1.1609477124183007,70,70,70.0,264500.0,True,2019HU0406181,13
4,1400.0,90000.0,64.28571428571429,66,67,66.5,91400.0,True,2019HU0407509,16
8,131000.0,1400.0,93.57142857142857,43,43,43.0,132400.0,True,2019HU0407670,66
3,180000.0,317000.0,1.761111111111111,53,52,52.5,497000.0,True,2019HU0407803,8
1,14400.0,10800.0,1.3333333333333333,81,61,71.0,25200.0,True,2019HU0407865,25
2,75600.0,74000.0,1.0216216216216216,64,69,66.5,149600.0,True,2019HU0408212,15
0,45400.0,49300.0,1.0859030837004404,67,68,67.5,94700.0,True,2019HU0408326,9
0,45000.0,52000.0,1.1555555555555554,42,38,40.0,97000.0,True,2019HU0408780,23
2,27200.0,153960.0,5.660294117647059,67,72,69.5,181160.0,True,2019HU0410498,15
2,38300.0,88200.0,2.3028720626631856,65,81,73.0,126500.0,True,2019HU0411278,3
3,6000.0,30000.0,5.0,31,28,29.5,36000.0,False,2019HU0411809,6
1,58000.0,68000.0,1.1724137931034482,79,76,77.5,126000.0,True,2019HU0411822,13
1,18100.0,9800.0,1.846938775510204,75,82,78.5,27900.0,True,2019HU0411958,3
4,12000.0,221000.0,18.416666666666668,61,62,61.5,233000.0,True,2019HU0411983,15
1,60000.0,110000.0,1.8333333333333333,57,55,56.0,170000.0,True,2019HU0412220,22
0,45400.0,0.0,0.0,45,47,46.0,45400.0,True,2019HU0412247,39
1,72000.0,0.0,0.0,55,55,55.0,72000.0,False,2019HU0412473,8
0,55000.0,40000.0,1.375,36,37,36.5,95000.0,True,2019HU0412860,27
2,5200.0,40000.0,7.6923076923076925,36,35,35.5,45200.0,True,2019HU0413722,15
0,81700.0,38500.0,2.122077922077922,43,35,39.0,120200.0,True,2019HU0413963,29
0,21500.0,32600.0,1.5162790697674418,64,62,63.0,54100.0,True,2019HU0414617,2
4,30000.0,50.0,600.0,56,62,59.0,30050.0,True,2019HU0414838,21
0,28500.0,17900.0,1.5921787709497206,66,68,67.0,46400.0,True,2019HU0414847,36
5,25000.0,317000.0,12.68,42,45,43.5,342000.0,False,2019HU0415427,8
1,16800.0,8400.0,2.0,69,67,68.0,25200.0,False,2019HU0416585,5
0,80000.0,34500.0,2.318840579710145,58,57,57.5,114500.0,True,2019HU0417381,14
1,77200.0,32000.0,2.4125,31,26,28.5,109200.0,True,2019HU0418362,46
3,44500.0,6600.0,6.742424242424242,59,83,71.0,51100.0,True,2019HU0418463,4
4,350000.0,0.0,0.0,48,45,46.5,350000.0,True,2019HU0419914,7
4,40000.0,431400.0,10.785,62,75,68.5,471400.0,True,2019HU0420708,7
0,7000.0,0.0,0.0,48,39,43.5,7000.0,True,2019HU0420814,2
3,31000.0,180000.0,5.806451612903226,41,56,48.5,211000.0,True,2019HU0420935,3
0,0.0,59000.0,0.0,50,36,43.0,59000.0,True,2019HU0421156,17
3,317000.0,390000.0,1.2302839116719242,28,29,28.5,707000.0,True,2019HU0421865,9
0,40000.0,49000.0,1.225,54,55,54.5,89000.0,True,2019HU0421914,17
4,460000.0,36000.0,12.777777777777779,60,54,57.0,496000.0,True,2019HU0422475,10
0,24000.0,50000.0,2.0833333333333335,33,35,34.0,74000.0,True,2019HU0422740,26
2,140000.0,220000.0,1.5714285714285714,55,53,54.0,360000.0,True,2019HU0422827,14
1,90000.0,18000.0,5.0,51,53,52.0,108000.0,True,2019HU0422873,12
4,421000.0,55600.0,7.571942446043166,79,76,77.5,476600.0,True,2019HU0423576,2
2,343400.0,308000.0,1.114935064935065,73,72,72.5,651400.0,True,2019HU0424168,4
3,190400.0,29100.0,6.542955326460481,61,64,62.5,219500.0,True,2019HU0424701,19
1,31800.0,0.0,0.0,26,26,26.0,31800.0,True,2019HU0425733,25
0,16000.0,16000.0,1.0,41,36,38.5,32000.0,True,2019HU0427201,22
8,463300.0,9500.0,48.76842105263158,59,58,58.5,472800.0,True,2019HU0427321,13
1,79000.0,75000.0,1.0533333333333332,46,45,45.5,154000.0,True,2019HU0427739,24
1,100000.0,95000.0,1.0526315789473684,64,55,59.5,195000.0,True,2019HU0428031,12
2,120000.0,38000.0,3.1578947368421053,28,27,27.5,158000.0,True,2019HU0428115,16
2,199700.0,105000.0,1.901904761904762,84,76,80.0,304700.0,True,2019HU0428608,22
0,26460.0,11800.0,2.2423728813559323,67,67,67.0,38260.0,True,2019HU0428934,10
4,99000.0,4000.0,24.75,85,95,90.0,103000.0,True,2019HU0429163,18
0,114000.0,49000.0,2.326530612244898,51,57,54.0,163000.0,True,2019HU0429202,2
0,30000.0,40000.0,1.3333333333333333,47,53,50.0,70000.0,True,2019HU0429422,10
2,111000.0,96000.0,1.15625,39,35,37.0,207000.0,True,2019HU0430387,5
1,116000.0,70000.0,1.6571428571428573,48,47,47.5,186000.0,True,2019HU0430466,9
0,54500.0,35000.0,1.5571428571428572,49,38,43.5,89500.0,True,2019HU0430753,6
1,81500.0,22900.0,3.558951965065502,88,79,83.5,104400.0,True,2019HU0431244,16
2,130000.0,101000.0,1.2871287128712872,70,69,69.5,231000.0,True,2019HU0432274,12
2,17700.0,141000.0,7.966101694915254,49,48,48.5,158700.0,True,2019HU0432312,10
1,54000.0,70000.0,1.2962962962962963,33,32,32.5,124000.0,True,2019HU0432943,21
2,5800.0,23300.0,4.017241379310345,70,57,63.5,29100.0,False,2019HU0433834,18
3,110000.0,18000.0,6.111111111111111,38,36,37.0,128000.0,True,2019HU0434021,16
0,26000.0,35000.0,1.3461538461538463,30,30,30.0,61000.0,True,2019HU0435275,47
3,50000.0,3500.0,14.285714285714286,63,58,60.5,53500.0,True,2019HU0435395,14
0,31500.0,10600.0,2.9716981132075473,64,68,66.0,42100.0,True,2019HU0435936,3
1,120000.0,40000.0,3.0,42,37,39.5,160000.0,True,2019HU0435964,36
1,94000.0,81300.0,1.1562115621156213,71,73,72.0,175300.0,True,2019HU0436278,11
1,100000.0,100000.0,1.0,47,45,46.0,200000.0,True,2019HU0436333,5
2,107000.0,15000.0,7.133333333333334,63,65,64.0,122000.0,True,2019HU0437319,12
4,1400.0,55100.0,39.357142857142854,65,66,65.5,56500.0,True,2019HU0437705,20
1,98300.0,60000.0,1.6383333333333334,38,40,39.0,158300.0,True,2019HU0437734,11
2,136000.0,80000.0,1.7,59,58,58.5,216000.0,True,2019HU0438478,17
4,307700.0,65600.0,4.690548780487805,62,67,64.5,373300.0,True,2019HU0439121,9
0,12000.0,0.0,0.0,46,45,45.5,12000.0,True,2019HU0439686,15
6,8900.0,170100.0,19.1123595505618,74,75,74.5,179000.0,True,2019HU0440681,5
0,40900.0,33400.0,1.2245508982035929,86,79,82.5,74300.0,True,2019HU0441955,8
1,0.0,30000.0,0.0,27,24,25.5,30000.0,True,2019HU0442050,7
0,35000.0,45000.0,1.2857142857142858,53,54,53.5,80000.0,True,2019HU0442237,5
1,52000.0,56000.0,1.0769230769230769,53,56,54.5,108000.0,True,2019HU0442396,80
0,99000.0,49000.0,2.020408163265306,59,60,59.5,148000.0,True,2019HU0443323,4
2,56000.0,10500.0,5.333333333333333,58,65,61.5,66500.0,True,2019HU0443571,12
1,36000.0,18000.0,2.0,46,43,44.5,54000.0,True,2019HU0443680,8
1,75000.0,83000.0,1.1066666666666667,29,31,30.0,158000.0,True,2019HU0443718,20
6,110000.0,6500.0,16.923076923076923,60,58,59.0,116500.0,True,2019HU0443926,14
3,5800.0,75000.0,12.931034482758621,37,38,37.5,80800.0,True,2019HU0444876,7
1,58000.0,12300.0,4.715447154471545,75,77,76.0,70300.0,True,2019HU0445591,24
1,50100.0,52100.0,1.0399201596806387,70,76,73.0,102200.0,True,2019HU0445947,45
0,21000.0,50500.0,2.4047619047619047,63,68,65.5,71500.0,True,2019HU0446743,10
0,39400.0,0.0,0.0,49,50,49.5,39400.0,True,2019HU0447173,30
4,420000.0,60000.0,7.0,70,71,70.5,480000.0,True,2019HU0447368,12
3,127700.0,10000.0,12.77,62,69,65.5,137700.0,True,2019HU0447914,14
1,28000.0,100000.0,3.5714285714285716,62,53,57.5,128000.0,True,2019HU0448393,14
0,38800.0,17000.0,2.2823529411764705,58,61,59.5,55800.0,True,2019HU0449103,11
0,24000.0,11000.0,2.1818181818181817,70,72,71.0,35000.0,True,2019HU0449149,24
1,49700.0,11000.0,4.5181818181818185,65,68,66.5,60700.0,True,2019HU0449448,10
0,0.0,0.0,0.0,69,66,67.5,0.0,True,2019HU0449515,31
0,43000.0,0.0,0.0,61,63,62.0,43000.0,True,2019HU0449700,4
0,50000.0,30000.0,1.6666666666666667,52,57,54.5,80000.0,True,2019HU0450922,36
3,10000.0,150000.0,15.0,47,47,47.0,160000.0,True,2019HU0451324,11
6,104500.0,8400.0,12.44047619047619,73,70,71.5,112900.0,True,2019HU0452125,17
3,369600.0,47000.0,7.863829787234042,82,82,82.0,416600.0,True,2019HU0453313,10
2,173810.0,59500.0,2.9211764705882355,74,74,74.0,233310.0,True,2019HU0456712,2
1,60000.0,60000.0,1.0,46,50,48.0,120000.0,True,2019HU0456935,17
5,70000.0,6000.0,11.666666666666666,25,23,24.0,76000.0,True,2019HU0457012,18
3,34000.0,42000.0,1.2352941176470589,64,44,54.0,76000.0,False,2019HU0458006,29
0,36000.0,24400.0,1.4754098360655739,68,70,69.0,60400.0,True,2019HU0458340,12
0,66100.0,40000.0,1.6525,36,35,35.5,106100.0,True,2019HU0458730,17
0,50000.0,70000.0,1.4,41,37,39.0,120000.0,True,2019HU0459066,7
1,110000.0,34500.0,3.1884057971014492,49,51,50.0,144500.0,True,2019HU0459095,10
1,58000.0,12000.0,4.833333333333333,75,74,74.5,70000.0,True,2019HU0461650,7
3,120000.0,0.0,0.0,36,31,33.5,120000.0,True,2019HU0462548,8
0,13200.0,24000.0,1.8181818181818181,62,63,62.5,37200.0,True,2019HU0462725,18
1,0.0,0.0,0.0,47,47,47.0,0.0,False,2019HU0462782,12
1,22800.0,96000.0,4.2105263157894735,71,67,69.0,118800.0,True,2019HU0463192,83
2,10000.0,80000.0,8.0,67,67,67.0,90000.0,True,2019HU0463238,5
1,38400.0,31000.0,1.238709677419355,72,66,69.0,69400.0,True,2019HU0464047,6
0,36400.0,30000.0,1.2133333333333334,89,86,87.5,66400.0,True,2019HU0465266,13
1,95100.0,93000.0,1.0225806451612902,39,34,36.5,188100.0,True,2019HU0465960,16
1,73000.0,86000.0,1.178082191780822,61,62,61.5,159000.0,True,2019HU0466978,9
2,10000.0,80000.0,8.0,58,55,56.5,90000.0,True,2019HU0467250,9
0,30000.0,68000.0,2.2666666666666666,95,86,90.5,98000.0,True,2019HU0467558,17
3,336400.0,39500.0,8.51645569620253,67,63,65.0,375900.0,True,2019HU0467962,4
0,30000.0,35000.0,1.1666666666666667,48,48,48.0,65000.0,True,2019HU0468785,15
0,28520.0,45050.0,1.579593267882188,67,63,65.0,73570.0,True,2019HU0469484,16
3,5400.0,64800.0,12.0,74,81,77.5,70200.0,True,2019HU0470081,10
1,70000.0,106000.0,1.5142857142857142,43,47,45.0,176000.0,True,2019HU0470101,13
1,11400.0,8100.0,1.4074074074074074,72,75,73.5,19500.0,True,2019HU0471866,23
0,10000.0,10000.0,1.0,76,76,76.0,20000.0,True,2019HU0473010,10
4,70000.0,1300.0,53.84615384615385,58,60,59.0,71300.0,True,2019HU0473131,13
5,1950.0,73700.0,37.794871794871796,73,70,71.5,75650.0,True,2019HU0473600,14
0,38730.0,53550.0,1.3826491092176607,74,68,71.0,92280.0,True,2019HU0473801,36
2,33260.0,4000.0,8.315,70,67,68.5,37260.0,True,2019HU0473897,11
0,29200.0,82000.0,2.808219178082192,43,47,45.0,111200.0,True,2019HU0473959,3
1,51200.0,13000.0,3.9384615384615387,49,53,51.0,64200.0,True,2019HU0474066,5
3,78000.0,140000.0,1.794871794871795,55,55,55.0,218000.0,True,2019HU0474102,15
1,20000.0,60000.0,3.0,50,55,52.5,80000.0,True,2019HU0474330,11
0,51200.0,50000.0,1.024,65,63,64.0,101200.0,True,2019HU0474835,18
0,38200.0,31100.0,1.2282958199356913,65,64,64.5,69300.0,True,2019HU0476646,5
0,29800.0,17200.0,1.7325581395348837,78,82,80.0,47000.0,True,2019HU0476648,15
0,26000.0,68400.0,2.6307692307692307,76,66,71.0,94400.0,True,2019HU0476980,44
3,132200.0,0.0,0.0,68,61,64.5,132200.0,True,2019HU0477432,19
0,26500.0,38900.0,1.4679245283018867,77,66,71.5,65400.0,True,2019HU0478195,38
1,20900.0,26000.0,1.244019138755981,86,86,86.0,46900.0,True,2019HU0478241,17
1,67000.0,0.0,0.0,42,35,38.5,67000.0,False,2019HU0479027,47
1,19200.0,35000.0,1.8229166666666667,53,53,53.0,54200.0,False,2019HU0479427,81
0,83000.0,37900.0,2.1899736147757256,52,55,53.5,120900.0,True,2019HU0480134,3
3,290000.0,68000.0,4.264705882352941,78,77,77.5,358000.0,True,2019HU0480557,14
0,120000.0,40000.0,3.0,48,46,47.0,160000.0,True,2019HU0480658,18
2,95400.0,105000.0,1.10062893081761,36,35,35.5,200400.0,True,2019HU0481347,18
0,40500.0,18800.0,2.154255319148936,40,43,41.5,59300.0,True,2019HU0481353,85
0,48000.0,60000.0,1.25,44,45,44.5,108000.0,True,2019HU0481489,6
0,11500.0,18000.0,1.565217391304348,70,70,70.0,29500.0,True,2019HU0481685,16
3,114000.0,0.0,0.0,47,47,47.0,114000.0,True,2019HU0482499,20
4,45000.0,2000.0,22.5,44,44,44.0,47000.0,True,2019HU0485601,17
2,60000.0,85000.0,1.4166666666666667,39,43,41.0,145000.0,False,2019HU0486070,7
0,37000.0,71000.0,1.9189189189189189,54,57,55.5,108000.0,True,2019HU0486222,9
0,54000.0,50000.0,1.08,53,52,52.5,104000.0,True,2019HU0486371,10
0,43800.0,36000.0,1.2166666666666666,30,34,32.0,79800.0,True,2019HU0486437,26
0,9300.0,0.0,0.0,66,56,61.0,9300.0,True,2019HU0486499,18
4,70000.0,508000.0,7.257142857142857,73,75,74.0,578000.0,True,2019HU0487101,6
0,100000.0,40000.0,2.5,52,50,51.0,140000.0,True,2019HU0487337,26
1,52000.0,96000.0,1.8461538461538463,46,43,44.5,148000.0,True,2019HU0487409,46
1,20000.0,37000.0,1.85,26,26,26.0,57000.0,True,2019HU0487952,18
0,36700.0,60900.0,1.659400544959128,78,77,77.5,97600.0,True,2019HU0488398,19
0,42150.0,20490.0,2.05710102489019,95,87,91.0,62640.0,True,2019HU0489053,10
1,105000.0,30000.0,3.5,51,45,48.0,135000.0,True,2019HU0489526,14
1,98300.0,57000.0,1.724561403508772,57,58,57.5,155300.0,True,2019HU0489649,13
0,36000.0,0.0,0.0,37,35,36.0,36000.0,True,2019HU0490393,16
2,100000.0,134000.0,1.34,34,34,34.0,234000.0,True,2019HU0491604,24
3,0.0,105000.0,0.0,59,61,60.0,105000.0,True,2019HU0492212,11
0,0.0,65000.0,0.0,62,65,63.5,65000.0,True,2019HU0492409,14
0,23000.0,14400.0,1.5972222222222223,63,66,64.5,37400.0,True,2019HU0494285,27
2,67000.0,78000.0,1.164179104477612,53,56,54.5,145000.0,True,2019HU0494830,19
2,80000.0,180000.0,2.25,50,44,47.0,260000.0,True,2019HU0495252,9
1,0.0,48000.0,0.0,40,47,43.5,48000.0,True,2019HU0497112,63
2,200000.0,83900.0,2.3837902264600714,75,75,75.0,283900.0,True,2019HU0497145,10
3,120000.0,13200.0,9.090909090909092,33,26,29.5,133200.0,True,2019HU0497401,18
1,91600.0,75000.0,1.2213333333333334,63,67,65.0,166600.0,True,2019HU0497482,22
0,100000.0,40000.0,2.5,43,36,39.5,140000.0,True,2019HU0497654,18
4,80000.0,100.0,800.0,50,45,47.5,80100.0,True,2019HU0497771,13
0,48000.0,40000.0,1.2,45,44,44.5,88000.0,True,2019HU0501063,26
7,110000.0,2000.0,55.0,38,38,38.0,112000.0,True,2019HU0501801,28
0,50000.0,22500.0,2.2222222222222223,49,48,48.5,72500.0,True,2019HU0502407,14
0,36000.0,36000.0,1.0,78,78,78.0,72000.0,True,2019HU0502886,19
0,43100.0,79000.0,1.8329466357308584,56,60,58.0,122100.0,True,2019HU0502937,19
0,65000.0,0.0,0.0,41,46,43.5,65000.0,True,2019HU0504507,16
2,32000.0,23500.0,1.3617021276595744,24,23,23.5,55500.0,True,2019HU0505044,6
4,105500.0,0.0,0.0,62,62,62.0,105500.0,True,2019HU0505275,13
0,69100.0,0.0,0.0,60,62,61.0,69100.0,True,2019HU0505287,19
0,40000.0,70000.0,1.75,42,40,41.0,110000.0,True,2019HU0505451,8
3,84100.0,10200.0,8.245098039215685,76,70,73.0,94300.0,True,2019HU0505501,10
4,390000.0,25000.0,15.6,65,65,65.0,415000.0,True,2019HU0505522,18
0,27200.0,20600.0,1.3203883495145632,81,87,84.0,47800.0,True,2019HU0505604,19
1,65100.0,24100.0,2.7012448132780085,75,38,56.5,89200.0,True,2019HU0506102,13
1,43700.0,37400.0,1.1684491978609626,62,62,62.0,81100.0,True,2019HU0506360,14
1,58000.0,62000.0,1.0689655172413792,34,35,34.5,120000.0,True,2019HU0506851,18
1,12000.0,30000.0,2.5,61,61,61.0,42000.0,True,2019HU0507211,15
0,95000.0,40000.0,2.375,37,34,35.5,135000.0,True,2019HU0509048,15
6,10000.0,340000.0,34.0,72,71,71.5,350000.0,True,2019HU0509158,8
1,98500.0,24100.0,4.087136929460581,76,70,73.0,122600.0,True,2019HU0509200,24
1,75000.0,50000.0,1.5,57,48,52.5,125000.0,False,2019HU0509578,10
0,12000.0,22200.0,1.85,78,79,78.5,34200.0,True,2019HU0509666,61
4,437000.0,100000.0,4.37,35,32,33.5,537000.0,True,2019HU0509790,19
2,132500.0,101300.0,1.3079960513326752,37,37,37.0,233800.0,True,2019HU0509812,11
0,36000.0,70000.0,1.9444444444444444,53,54,53.5,106000.0,True,2019HU0509818,18
0,0.0,70000.0,0.0,55,57,56.0,70000.0,True,2019HU0510638,3
0,47900.0,0.0,0.0,68,59,63.5,47900.0,True,2019HU0510645,14
0,98080.0,0.0,0.0,43,41,42.0,98080.0,True,2019HU0511343,8
0,100000.0,0.0,0.0,50,48,49.0,100000.0,True,2019HU0512275,37
0,41800.0,26900.0,1.553903345724907,63,64,63.5,68700.0,True,2019HU0512551,9
1,85900.0,0.0,0.0,52,36,44.0,85900.0,True,2019HU0512912,42
0,15800.0,0.0,0.0,47,38,42.5,15800.0,True,2019HU0513603,8
0,46000.0,51000.0,1.108695652173913,52,52,52.0,97000.0,True,2019HU0513851,10
1,78000.0,17600.0,4.431818181818182,51,47,49.0,95600.0,True,2019HU0515532,16
3,5300.0,26800.0,5.056603773584905,66,95,80.5,32100.0,True,2019HU0515654,14
0,115000.0,40000.0,2.875,38,39,38.5,155000.0,True,2019HU0516573,10
5,390000.0,24100.0,16.182572614107883,63,62,62.5,414100.0,True,2019HU0517321,15
0,52600.0,42000.0,1.2523809523809524,66,70,68.0,94600.0,True,2019HU0517783,17
4,261300.0,13900.0,18.798561151079138,69,72,70.5,275200.0,True,2019HU0518660,2
1,34000.0,38400.0,1.1294117647058823,70,65,67.5,72400.0,True,2019HU0520013,59
2,130000.0,95000.0,1.368421052631579,65,66,65.5,225000.0,True,2019HU0520233,13
7,330.0,119000.0,360.6060606060606,56,63,59.5,119330.0,True,2019HU0520299,16
0,124000.0,50000.0,2.48,36,36,36.0,174000.0,True,2019HU0520414,6
3,299000.0,35000.0,8.542857142857143,73,67,70.0,334000.0,True,2019HU0520478,3
3,13350.0,78500.0,5.880149812734082,70,65,67.5,91850.0,True,2019HU0520896,15
2,3500.0,19000.0,5.428571428571429,52,53,52.5,22500.0,True,2019HU0521057,15
2,118300.0,13200.0,8.962121212121213,44,43,43.5,131500.0,True,2019HU0522183,9
1,14900.0,42120.0,2.8268456375838924,32,33,32.5,57020.0,True,2019HU0522231,15
2,77000.0,22000.0,3.5,47,48,47.5,99000.0,False,2019HU0522628,15
0,45000.0,15750.0,2.857142857142857,54,54,54.0,60750.0,True,2019HU0522715,21
1,42700.0,30900.0,1.3818770226537216,65,65,65.0,73600.0,True,2019HU0523189,10
2,26000.0,5000.0,5.2,31,30,30.5,31000.0,True,2019HU0523290,5
2,100000.0,140000.0,1.4,55,56,55.5,240000.0,True,2019HU0523848,19
0,33100.0,33000.0,1.003030303030303,42,52,47.0,66100.0,True,2019HU0524644,167
1,117000.0,64000.0,1.828125,53,56,54.5,181000.0,True,2019HU0524798,9
3,0.0,45000.0,0.0,21,24,22.5,45000.0,False,2019HU0525747,20
2,87000.0,12500.0,6.96,50,47,48.5,99500.0,True,2019HU0526035,11
0,43400.0,42000.0,1.0333333333333334,71,64,67.5,85400.0,True,2019HU0526036,16
4,3000.0,100000.0,33.333333333333336,55,62,58.5,103000.0,True,2019HU0526154,17
2,36000.0,155700.0,4.325,53,63,58.0,191700.0,True,2019HU0526984,11
3,0.0,105000.0,0.0,60,64,62.0,105000.0,True,2019HU0527117,11
1,58900.0,35700.0,1.649859943977591,69,89,79.0,94600.0,True,2019HU0527607,13
1,8400.0,11800.0,1.4047619047619047,71,73,72.0,20200.0,True,2019HU0528100,14
2,60000.0,125000.0,2.0833333333333335,41,42,41.5,185000.0,True,2019HU0528222,18
1,72500.0,17000.0,4.264705882352941,69,73,71.0,89500.0,True,2019HU0528465,27
2,137500.0,102500.0,1.3414634146341464,43,42,42.5,240000.0,True,2019HU0529771,15
5,13700.0,423900.0,30.94160583941606,71,75,73.0,437600.0,True,2019HU0530009,9
0,28300.0,22700.0,1.2466960352422907,73,73,73.0,51000.0,True,2019HU0530338,2
0,0.0,41000.0,0.0,58,61,59.5,41000.0,True,2019HU0530603,6
0,40000.0,80000.0,2.0,41,53,47.0,120000.0,True,2019HU0531230,12
1,66000.0,21000.0,3.142857142857143,70,65,67.5,87000.0,True,2019HU0531460,9
0,93100.0,50000.0,1.862,57,57,57.0,143100.0,True,2019HU0531690,14
0,80000.0,0.0,0.0,49,49,49.0,80000.0,True,2019HU0531928,10
0,49600.0,47100.0,1.0530785562632696,68,73,70.5,96700.0,True,2019HU0532575,14
4,380.0,75500.0,198.68421052631578,63,69,66.0,75880.0,True,2019HU0532672,13
0,100000.0,0.0,0.0,51,53,52.0,100000.0,True,2019HU0533606,16
1,61000.0,0.0,0.0,52,52,52.0,61000.0,True,2019HU0534804,31
0,24100.0,42000.0,1.7427385892116183,65,65,65.0,66100.0,True,2019HU0534895,12
2,5000.0,24000.0,4.8,44,53,48.5,29000.0,True,2019HU0535901,14
1,65000.0,50000.0,1.3,50,52,51.0,115000.0,True,2019HU0536151,14
1,91000.0,90200.0,1.0088691796008868,56,46,51.0,181200.0,True,2019HU0536343,13
4,187600.0,13100.0,14.320610687022901,68,63,65.5,200700.0,True,2019HU0536754,13
3,126600.0,0.0,0.0,43,43,43.0,126600.0,True,2019HU0537457,30
0,70000.0,40000.0,1.75,58,59,58.5,110000.0,True,2019HU0538419,18
1,54800.0,16700.0,3.281437125748503,78,81,79.5,71500.0,True,2019HU0539562,17
2,120700.0,38400.0,3.1432291666666665,56,40,48.0,159100.0,True,2019HU0539636,13
0,23000.0,46800.0,2.034782608695652,64,71,67.5,69800.0,True,2019HU0539950,12
0,50000.0,24000.0,2.0833333333333335,60,58,59.0,74000.0,True,2019HU0540409,46
1,86000.0,86000.0,1.0,38,33,35.5,172000.0,True,2019HU0540916,143
0,90000.0,0.0,0.0,30,36,33.0,90000.0,True,2019HU0541238,16
1,80000.0,60000.0,1.3333333333333333,45,44,44.5,140000.0,True,2019HU0541378,13
3,175000.0,15000.0,11.666666666666666,58,61,59.5,190000.0,True,2019HU0541592,7
1,75000.0,64300.0,1.166407465007776,41,46,43.5,139300.0,True,2019HU0541846,21
0,68300.0,46300.0,1.4751619870410366,68,71,69.5,114600.0,True,2019HU0543509,15
0,51800.0,49900.0,1.0380761523046091,73,79,76.0,101700.0,True,2019HU0543644,8
2,30000.0,0.0,0.0,24,24,24.0,30000.0,True,2019HU0543789,25
0,39000.0,24900.0,1.5662650602409638,66,64,65.0,63900.0,True,2019HU0544573,28
0,9400.0,3500.0,2.6857142857142855,38,43,40.5,12900.0,True,2019HU0544814,28
1,13000.0,0.0,0.0,34,34,34.0,13000.0,True,2019HU0545547,6
2,59500.0,10100.0,5.891089108910891,71,63,67.0,69600.0,True,2019HU0546158,8
0,40000.0,0.0,0.0,44,36,40.0,40000.0,True,2019HU0546731,6
1,80000.0,80000.0,1.0,59,59,59.0,160000.0,True,2019HU0546950,16
5,55300.0,339400.0,6.137432188065099,55,69,62.0,394700.0,True,2019HU0547373,9
0,10000.0,10000.0,1.0,60,64,62.0,20000.0,True,2019HU0548236,17
1,65000.0,55000.0,1.1818181818181819,57,56,56.5,120000.0,True,2019HU0548498,24
0,11300.0,16800.0,1.4867256637168142,66,63,64.5,28100.0,True,2019HU0548634,22
8,100.0,171700.0,1717.0,62,63,62.5,171800.0,True,2019HU0549015,15
2,120000.0,120000.0,1.0,60,59,59.5,240000.0,True,2019HU0549337,13
0,22100.0,30000.0,1.3574660633484164,62,68,65.0,52100.0,True,2019HU0550397,9
3,113110.0,10000.0,11.311,63,64,63.5,123110.0,True,2019HU0550717,5
0,66100.0,49000.0,1.3489795918367347,71,65,68.0,115100.0,True,2019HU0552624,12
4,31000.0,1400.0,22.142857142857142,83,86,84.5,32400.0,True,2019HU0553142,13
4,130500.0,0.0,0.0,69,65,67.0,130500.0,True,2019HU0553632,37
0,62900.0,0.0,0.0,69,68,68.5,62900.0,True,2019HU0553805,10
0,24300.0,18000.0,1.35,65,70,67.5,42300.0,True,2019HU0553911,15
0,21900.0,22500.0,1.0273972602739727,73,70,71.5,44400.0,True,2019HU0554910,7
0,20500.0,0.0,0.0,52,55,53.5,20500.0,True,2019HU0554949,27
0,0.0,30000.0,0.0,60,62,61.0,30000.0,True,2019HU0555542,3
0,20200.0,15600.0,1.294871794871795,83,73,78.0,35800.0,True,2019HU0556001,10
2,170000.0,100000.0,1.7,37,37,37.0,270000.0,True,2019HU0556622,27
2,9650.0,90000.0,9.32642487046632,67,61,64.0,99650.0,True,2019HU0557434,23
1,70000.0,120000.0,1.7142857142857142,58,57,57.5,190000.0,True,2019HU0557940,14
2,40000.0,40000.0,1.0,21,21,21.0,80000.0,True,2019HU0558132,20
9,5000.0,325000.0,65.0,39,35,37.0,330000.0,False,2019HU0558233,9
0,17900.0,9600.0,1.8645833333333333,69,70,69.5,27500.0,True,2019HU0558340,33
0,60000.0,0.0,0.0,62,58,60.0,60000.0,True,2019HU0558732,49
0,21600.0,25000.0,1.1574074074074074,67,63,65.0,46600.0,True,2019HU0559079,10
1,60000.0,60000.0,1.0,39,48,43.5,120000.0,True,2019HU0560617,23
5,52920.0,520.0,101.76923076923077,62,62,62.0,53440.0,False,2019HU0561308,22
0,60000.0,0.0,0.0,39,40,39.5,60000.0,True,2019HU0563653,8
0,12810.0,28130.0,2.1959406713505074,67,64,65.5,40940.0,True,2019HU0563801,3
0,100000.0,0.0,0.0,57,56,56.5,100000.0,True,2019HU0564201,8
1,44900.0,88000.0,1.9599109131403119,28,28,28.0,132900.0,True,2019HU0564700,16
1,31400.0,101100.0,3.2197452229299364,70,69,69.5,132500.0,True,2019HU0565542,15
0,7200.0,16400.0,2.2777777777777777,62,66,64.0,23600.0,True,2019HU0566004,37
0,70000.0,35000.0,2.0,53,53,53.0,105000.0,True,2019HU0566124,17
1,34400.0,67000.0,1.947674418604651,69,66,67.5,101400.0,True,2019HU0566246,4
0,22000.0,0.0,0.0,31,32,31.5,22000.0,True,2019HU0568486,15
2,70000.0,57000.0,1.2280701754385965,36,38,37.0,127000.0,True,2019HU0570293,20
4,32300.0,1000.0,32.3,67,63,65.0,33300.0,True,2019HU0571240,10
2,80000.0,36000.0,2.2222222222222223,28,30,29.0,116000.0,True,2019HU0572272,8
3,175000.0,0.0,0.0,41,40,40.5,175000.0,True,2019HU0572496,20
2,15600.0,120000.0,7.6923076923076925,55,46,50.5,135600.0,True,2019HU0572947,18
0,33910.0,37800.0,1.1147154231790033,86,83,84.5,71710.0,True,2019HU0573202,12
4,38100.0,520.0,73.26923076923077,64,65,64.5,38620.0,True,2019HU0573484,14
1,22500.0,36440.0,1.6195555555555556,72,66,69.0,58940.0,False,2019HU0574637,18
0,0.0,0.0,0.0,75,71,73.0,0.0,True,2019HU0574766,10
0,25200.0,63500.0,2.5198412698412698,67,64,65.5,88700.0,True,2019HU0576192,14
1,124000.0,63000.0,1.9682539682539681,75,68,71.5,187000.0,True,2019HU0576445,22
2,80000.0,90000.0,1.125,41,38,39.5,170000.0,True,2019HU0577195,18
2,23300.0,3600.0,6.472222222222222,73,73,73.0,26900.0,True,2019HU0577295,3
1,109600.0,59600.0,1.8389261744966443,60,57,58.5,169200.0,True,2019HU0577740,21
3,40000.0,284000.0,7.1,53,54,53.5,324000.0,True,2019HU0577768,15
4,0.0,390000.0,0.0,60,60,60.0,390000.0,True,2019HU0578511,12
0,22000.0,50000.0,2.272727272727273,66,62,64.0,72000.0,True,2019HU0579311,11
3,150000.0,0.0,0.0,54,58,56.0,150000.0,True,2019HU0579404,5
1,65000.0,36000.0,1.8055555555555556,60,52,56.0,101000.0,False,2019HU0579602,25
2,100030.0,20000.0,5.0015,63,61,62.0,120030.0,True,2019HU0579625,14
2,10500.0,55000.0,5.238095238095238,29,31,30.0,65500.0,True,2019HU0580329,78
4,454400.0,90700.0,5.009922822491731,61,66,63.5,545100.0,True,2019HU0580497,18
2,30000.0,24000.0,1.25,21,20,20.5,54000.0,True,2019HU0580863,44
0,0.0,65000.0,0.0,36,42,39.0,65000.0,True,2019HU0582078,9
0,60000.0,40000.0,1.5,57,57,57.0,100000.0,True,2019HU0583344,13
0,45000.0,65000.0,1.4444444444444444,56,53,54.5,110000.0,True,2019HU0583742,14
2,0.0,23000.0,0.0,38,38,38.0,23000.0,False,2019HU0583926,13
2,180000.0,70000.0,2.5714285714285716,59,57,58.0,250000.0,True,2019HU0584915,19
2,112810.0,127600.0,1.1311053984575836,76,71,73.5,240410.0,True,2019HU0585208,18
4,96000.0,40.0,2400.0,47,51,49.0,96040.0,True,2019HU0586270,5
0,64100.0,24000.0,2.6708333333333334,66,63,64.5,88100.0,True,2019HU0587530,5
0,19600.0,19000.0,1.0315789473684212,67,66,66.5,38600.0,True,2019HU0588148,27
1,41700.0,9720.0,4.290123456790123,78,76,77.0,51420.0,True,2019HU0588306,20
8,6700.0,179900.0,26.850746268656717,55,73,64.0,186600.0,True,2019HU0589153,5
2,96000.0,15750.0,6.095238095238095,50,50,50.0,111750.0,True,2019HU0589165,80
1,82530.0,0.0,0.0,69,61,65.0,82530.0,True,2019HU0590567,13
1,35310.0,79990.0,2.265363919569527,62,58,60.0,115300.0,False,2019HU0591720,22
1,62500.0,109000.0,1.744,47,44,45.5,171500.0,True,2019HU0592336,33
1,49340.0,14000.0,3.5242857142857145,75,70,72.5,63340.0,True,2019HU0592498,13
1,100000.0,70000.0,1.4285714285714286,36,38,37.0,170000.0,True,2019HU0592580,27
1,46000.0,48000.0,1.0434782608695652,57,57,57.0,94000.0,True,2019HU0592752,44
0,60000.0,23000.0,2.608695652173913,49,41,45.0,83000.0,True,2019HU0592815,12
2,39500.0,7000.0,5.642857142857143,60,55,57.5,46500.0,True,2019HU0593531,32
0,3000.0,3600.0,1.2,58,62,60.0,6600.0,True,2019HU0594040,18
0,18000.0,24000.0,1.3333333333333333,56,53,54.5,42000.0,True,2019HU0594167,14
1,64900.0,77000.0,1.1864406779661016,63,62,62.5,141900.0,True,2019HU0594440,9
4,60000.0,1000.0,60.0,53,50,51.5,61000.0,True,2019HU0594798,14
0,34800.0,33600.0,1.0357142857142858,67,68,67.5,68400.0,True,2019HU0594846,4
0,73000.0,42000.0,1.7380952380952381,57,54,55.5,115000.0,True,2019HU0594895,13
3,308500.0,80000.0,3.85625,67,63,65.0,388500.0,True,2019HU0595030,8
4,76800.0,5600.0,13.714285714285714,74,75,74.5,82400.0,True,2019HU0595366,14
2,29500.0,40000.0,1.3559322033898304,63,57,60.0,69500.0,False,2019HU0596881,14
3,77000.0,4200.0,18.333333333333332,53,58,55.5,81200.0,True,2019HU0596957,13
0,32400.0,60000.0,1.8518518518518519,49,51,50.0,92400.0,True,2019HU0598283,10
0,58000.0,0.0,0.0,69,59,64.0,58000.0,True,2019HU0598998,31
0,25000.0,50000.0,2.0,37,45,41.0,75000.0,True,2019HU0599749,77
2,115500.0,20000.0,5.775,57,56,56.5,135500.0,True,2019HU0599820,10
0,18250.0,14300.0,1.2762237762237763,72,67,69.5,32550.0,True,2019HU0599884,11
0,0.0,60010.0,0.0,35,36,35.5,60010.0,True,2019HU0600052,44
1,70020.0,60200.0,1.1631229235880398,46,44,45.0,130220.0,True,2019HU0600689,14
1,68000.0,17500.0,3.8857142857142857,79,80,79.5,85500.0,True,2019HU0600869,27
3,200000.0,24000.0,8.333333333333334,41,40,40.5,224000.0,True,2019HU0601173,19
0,72000.0,50000.0,1.44,36,41,38.5,122000.0,True,2019HU0601214,57
0,28000.0,30900.0,1.1035714285714286,67,71,69.0,58900.0,True,2019HU0603893,4
1,90700.0,59000.0,1.5372881355932204,59,53,56.0,149700.0,True,2019HU0603917,12
1,63200.0,57200.0,1.1048951048951048,72,73,72.5,120400.0,True,2019HU0605407,31
0,30200.0,18400.0,1.641304347826087,72,75,73.5,48600.0,True,2019HU0606269,15
7,3500.0,130000.0,37.142857142857146,42,40,41.0,133500.0,True,2019HU0606562,10
0,32000.0,0.0,0.0,33,29,31.0,32000.0,True,2019HU0607089,23
0,10000.0,20000.0,2.0,68,64,66.0,30000.0,True,2019HU0608539,24
0,11100.0,15600.0,1.4054054054054055,72,70,71.0,26700.0,True,2019HU0609299,23
1,43000.0,0.0,0.0,56,57,56.5,43000.0,True,2019HU0609358,4
1,84000.0,27000.0,3.111111111111111,63,67,65.0,111000.0,True,2019HU0610539,23
3,156000.0,10600.0,14.716981132075471,73,65,69.0,166600.0,True,2019HU0611169,30
0,54000.0,0.0,0.0,50,48,49.0,54000.0,True,2019HU0611283,23
0,70000.0,42000.0,1.6666666666666667,50,48,49.0,112000.0,True,2019HU0612534,9
4,330.0,53300.0,161.5151515151515,40,42,41.0,53630.0,True,2019HU0612957,64
0,8400.0,4200.0,2.0,69,67,68.0,12600.0,True,2019HU0613064,25
2,5500.0,28200.0,5.127272727272727,69,70,69.5,33700.0,True,2019HU0613583,13
1,130000.0,30000.0,4.333333333333333,72,72,72.0,160000.0,True,2019HU0613925,46
4,190100.0,10800.0,17.60185185185185,81,77,79.0,200900.0,True,2019HU0614173,20
7,123000.0,1000.0,123.0,52,59,55.5,124000.0,True,2019HU0614189,15
4,50000.0,10800.0,4.62962962962963,59,85,72.0,60800.0,False,2019HU0614211,9
1,36600.0,22000.0,1.6636363636363636,80,63,71.5,58600.0,True,2019HU0614556,4
0,131000.0,50000.0,2.62,41,41,41.0,181000.0,True,2019HU0614573,14
0,48000.0,36000.0,1.3333333333333333,58,57,57.5,84000.0,True,2019HU0614781,23
2,131000.0,121000.0,1.0826446280991735,50,51,50.5,252000.0,True,2019HU0615744,22
0,44500.0,56000.0,1.2584269662921348,57,57,57.0,100500.0,True,2019HU0615821,14
2,100000.0,13000.0,7.6923076923076925,57,64,60.5,113000.0,True,2019HU0615982,12
2,276800.0,296600.0,1.0715317919075145,72,74,73.0,573400.0,True,2019HU0617026,14
0,70000.0,50000.0,1.4,33,29,31.0,120000.0,True,2019HU0617931,10
2,148200.0,126000.0,1.1761904761904762,59,63,61.0,274200.0,True,2019HU0618627,17
1,93000.0,53000.0,1.7547169811320755,76,69,72.5,146000.0,True,2019HU0620729,27
2,105000.0,39500.0,2.6582278481012658,48,48,48.0,144500.0,False,2019HU0622034,43
2,100000.0,150000.0,1.5,53,52,52.5,250000.0,True,2019HU0622566,14
2,110000.0,83000.0,1.3253012048192772,69,67,68.0,193000.0,True,2019HU0622694,10
3,291600.0,30200.0,9.655629139072847,70,70,70.0,321800.0,True,2019HU0622729,15
0,42700.0,0.0,0.0,58,63,60.5,42700.0,True,2019HU0623368,12
1,76100.0,36000.0,2.113888888888889,31,24,27.5,112100.0,True,2019HU0623452,62
0,96000.0,0.0,0.0,59,59,59.0,96000.0,True,2019HU0623492,22
2,154200.0,133800.0,1.1524663677130045,68,69,68.5,288000.0,True,2019HU0623520,3
0,27000.0,42200.0,1.5629629629629629,71,69,70.0,69200.0,True,2019HU0624548,126
0,19000.0,50700.0,2.668421052631579,80,79,79.5,69700.0,True,2019HU0624945,14
1,128400.0,63000.0,2.038095238095238,56,58,57.0,191400.0,True,2019HU0625926,10
0,62000.0,45000.0,1.3777777777777778,42,43,42.5,107000.0,True,2019HU0626417,26
1,0.0,82800.0,0.0,64,64,64.0,82800.0,True,2019HU0627033,6
1,67000.0,14500.0,4.620689655172414,55,56,55.5,81500.0,True,2019HU0627155,21
4,54400.0,200.0,272.0,71,57,64.0,54600.0,True,2019HU0627235,6
0,20000.0,0.0,0.0,62,62,62.0,20000.0,True,2019HU0628244,3
4,406000.0,0.0,0.0,44,43,43.5,406000.0,True,2019HU0628452,16
0,21500.0,33000.0,1.5348837209302326,80,78,79.0,54500.0,True,2019HU0628870,16
0,0.0,12000.0,0.0,63,64,63.5,12000.0,True,2019HU0629115,13
1,68000.0,73000.0,1.0735294117647058,66,62,64.0,141000.0,True,2019HU0629877,26
3,411600.0,110000.0,3.7418181818181817,50,46,48.0,521600.0,True,2019HU0630665,4
2,38400.0,24000.0,1.6,40,32,36.0,62400.0,False,2019HU0630875,41
2,18000.0,96000.0,5.333333333333333,75,75,75.0,114000.0,True,2019HU0631048,7
4,470600.0,80000.0,5.8825,73,73,73.0,550600.0,True,2019HU0631310,13
7,115000.0,5000.0,23.0,39,37,38.0,120000.0,True,2019HU0631331,17
1,103500.0,36000.0,2.875,64,37,50.5,139500.0,True,2019HU0631343,13
0,28800.0,36200.0,1.2569444444444444,65,65,65.0,65000.0,True,2019HU0631676,42
1,94400.0,26200.0,3.6030534351145036,67,76,71.5,120600.0,True,2019HU0631773,48
1,26000.0,80000.0,3.076923076923077,39,44,41.5,106000.0,True,2019HU0631934,22
0,38000.0,0.0,0.0,44,42,43.0,38000.0,True,2019HU0632284,17
0,60000.0,22000.0,2.727272727272727,34,32,33.0,82000.0,True,2019HU0632437,16
2,80000.0,24000.0,3.3333333333333335,30,27,28.5,104000.0,True,2019HU0634449,18
2,100000.0,105000.0,1.05,47,47,47.0,205000.0,True,2019HU0634670,13
0,27400.0,10100.0,2.712871287128713,75,75,75.0,37500.0,True,2019HU0635284,30
0,60000.0,21600.0,2.7777777777777777,47,47,47.0,81600.0,True,2019HU0635710,34
1,21000.0,23600.0,1.1238095238095238,57,72,64.5,44600.0,True,2019HU0635995,12
0,12000.0,36000.0,3.0,61,62,61.5,48000.0,True,2019HU0636290,7
2,65000.0,11500.0,5.6521739130434785,68,65,66.5,76500.0,True,2019HU0636374,13
5,3500.0,100.0,35.0,60,55,57.5,3600.0,True,2019HU0636492,24
3,6800.0,69800.0,10.264705882352942,70,71,70.5,76600.0,True,2019HU0637383,4
0,22500.0,7700.0,2.9220779220779223,40,36,38.0,30200.0,True,2019HU0637548,34
7,173600.0,800.0,217.0,65,71,68.0,174400.0,True,2019HU0637595,11
3,5000.0,84000.0,16.8,38,47,42.5,89000.0,True,2019HU0637832,20
2,150000.0,120000.0,1.25,43,53,48.0,270000.0,True,2019HU0637878,25
4,600.0,11000.0,18.333333333333332,60,43,51.5,11600.0,True,2019HU0637889,5
3,184500.0,60000.0,3.075,60,51,55.5,244500.0,True,2019HU0638139,8
4,100000.0,1000.0,100.0,49,50,49.5,101000.0,True,2019HU0638349,51
0,25600.0,22000.0,1.1636363636363636,59,60,59.5,47600.0,True,2019HU0638374,27
1,24000.0,6000.0,4.0,80,74,77.0,30000.0,True,2019HU0638647,34
0,94000.0,40000.0,2.35,45,45,45.0,134000.0,True,2019HU0639206,8
1,20400.0,31000.0,1.5196078431372548,46,45,45.5,51400.0,False,2019HU0639265,12
2,150650.0,18920.0,7.9624735729386895,78,67,72.5,169570.0,True,2019HU0640341,17
0,60600.0,36200.0,1.6740331491712708,42,41,41.5,96800.0,True,2019HU0641471,3
4,200000.0,10000.0,20.0,45,46,45.5,210000.0,True,2019HU0641611,16
2,200000.0,107000.0,1.8691588785046729,66,64,65.0,307000.0,True,2019HU0643175,12
0,90900.0,0.0,0.0,63,65,64.0,90900.0,True,2019HU0643222,12
0,9800.0,4300.0,2.2790697674418605,73,70,71.5,14100.0,True,2019HU0643284,15
3,130000.0,0.0,0.0,59,45,52.0,130000.0,True,2019HU0644520,10
1,89500.0,28200.0,3.173758865248227,77,77,77.0,117700.0,True,2019HU0644546,14
1,78300.0,80030.0,1.0220945083014048,61,50,55.5,158330.0,True,2019HU0645166,10
1,86700.0,80000.0,1.08375,54,53,53.5,166700.0,True,2019HU0645460,6
1,85000.0,75000.0,1.1333333333333333,52,47,49.5,160000.0,True,2019HU0646031,12
2,139000.0,62400.0,2.2275641025641026,66,75,70.5,201400.0,True,2019HU0646798,6
0,18000.0,25700.0,1.4277777777777778,64,70,67.0,43700.0,True,2019HU0647330,32
0,0.0,29600.0,0.0,72,71,71.5,29600.0,True,2019HU0648238,3
0,20500.0,45000.0,2.1951219512195124,54,52,53.0,65500.0,True,2019HU0648413,25
0,74900.0,36000.0,2.0805555555555557,49,50,49.5,110900.0,True,2019HU0648673,33
2,82000.0,26000.0,3.1538461538461537,41,41,41.0,108000.0,True,2019HU0648716,11
2,126000.0,190000.0,1.507936507936508,48,48,48.0,316000.0,True,2019HU0649569,15
0,26900.0,14800.0,1.8175675675675675,68,71,69.5,41700.0,True,2019HU0649899,11
0,73800.0,26700.0,2.764044943820225,36,36,36.0,100500.0,True,2019HU0651325,19
1,28300.0,19000.0,1.4894736842105263,72,79,75.5,47300.0,True,2019HU0651916,11
0,70000.0,33000.0,2.121212121212121,47,47,47.0,103000.0,True,2019HU0652284,18
1,71000.0,109000.0,1.5352112676056338,71,69,70.0,180000.0,True,2019HU0652679,21
0,14000.0,10400.0,1.3461538461538463,33,33,33.0,24400.0,True,2019HU0653078,24
1,37400.0,0.0,0.0,72,56,64.0,37400.0,True,2019HU0653211,5
0,0.0,78000.0,0.0,34,32,33.0,78000.0,True,2019HU0653415,12
1,106000.0,88000.0,1.2045454545454546,59,59,59.0,194000.0,True,2019HU0653617,21
3,135900.0,0.0,0.0,69,69,69.0,135900.0,True,2019HU0653835,42
0,59000.0,45700.0,1.2910284463894968,41,40,40.5,104700.0,True,2019HU0653923,41
3,8000.0,85000.0,10.625,42,44,43.0,93000.0,True,2019HU0654547,29
0,60000.0,35000.0,1.7142857142857142,45,45,45.0,95000.0,True,2019HU0654876,33
8,272900.0,9400.0,29.03191489361702,76,76,76.0,282300.0,True,2019HU0655745,10
1,90000.0,25000.0,3.6,47,41,44.0,115000.0,True,2019HU0656687,8
0,60000.0,46000.0,1.3043478260869565,44,43,43.5,106000.0,True,2019HU0657382,3
0,30000.0,70000.0,2.3333333333333335,44,50,47.0,100000.0,True,2019HU0657833,18
1,81000.0,60300.0,1.3432835820895523,78,78,78.0,141300.0,True,2019HU0659153,15
1,62000.0,27000.0,2.2962962962962963,74,78,76.0,89000.0,False,2019HU0659714,9
0,27000.0,14000.0,1.9285714285714286,65,60,62.5,41000.0,True,2019HU0660359,13
2,155000.0,61200.0,2.5326797385620914,70,70,70.0,216200.0,True,2019HU0660600,16
1,86000.0,45000.0,1.9111111111111112,33,32,32.5,131000.0,False,2019HU0661525,17
2,155000.0,125000.0,1.24,36,35,35.5,280000.0,True,2019HU0662163,12
0,87000.0,33000.0,2.6363636363636362,73,73,73.0,120000.0,True,2019HU0662185,12
2,69000.0,0.0,0.0,25,24,24.5,69000.0,True,2019HU0662578,36
4,134200.0,11200.0,11.982142857142858,82,76,79.0,145400.0,False,2019HU0662774,20
0,24000.0,12600.0,1.9047619047619047,65,72,68.5,36600.0,True,2019HU0663755,13
4,201200.0,0.0,0.0,68,58,63.0,201200.0,True,2019HU0663765,9
1,100000.0,90000.0,1.1111111111111112,46,44,45.0,190000.0,True,2019HU0663987,15
3,110000.0,0.0,0.0,52,63,57.5,110000.0,True,2019HU0664326,2
1,9000.0,44000.0,4.888888888888889,28,37,32.5,53000.0,True,2019HU0664901,18
0,20480.0,0.0,0.0,52,52,52.0,20480.0,True,2019HU0665671,10
1,44300.0,0.0,0.0,26,25,25.5,44300.0,True,2019HU0666540,19
3,287000.0,42000.0,6.833333333333333,36,36,36.0,329000.0,True,2019HU0666599,17
4,78000.0,7000.0,11.142857142857142,38,42,40.0,85000.0,True,2019HU0666912,34
1,66000.0,39150.0,1.685823754789272,80,86,83.0,105150.0,True,2019HU0667721,47
4,100000.0,2550.0,39.21568627450981,53,55,54.0,102550.0,True,2019HU0667803,15
2,411600.0,160000.0,2.5725,38,38,38.0,571600.0,True,2019HU0669270,19
0,76000.0,42000.0,1.8095238095238095,55,54,54.5,118000.0,True,2019HU0669679,15
0,65000.0,50000.0,1.3,42,43,42.5,115000.0,True,2019HU0669821,17
4,480.0,96600.0,201.25,64,76,70.0,97080.0,True,2019HU0670296,7
1,65000.0,58600.0,1.1092150170648465,41,49,45.0,123600.0,True,2019HU0670499,12
0,0.0,64000.0,0.0,38,43,40.5,64000.0,True,2019HU0670503,22
1,30100.0,23100.0,1.303030303030303,57,74,65.5,53200.0,True,2019HU0671060,35
1,1600.0,7200.0,4.5,69,77,73.0,8800.0,True,2019HU0671310,14
1,100500.0,75000.0,1.34,43,42,42.5,175500.0,True,2019HU0672283,17
1,50600.0,110000.0,2.1739130434782608,65,60,62.5,160600.0,True,2019HU0673187,41
2,2600.0,23200.0,8.923076923076923,64,54,59.0,25800.0,True,2019HU0674374,2
0,6500.0,12000.0,1.8461538461538463,56,41,48.5,18500.0,True,2019HU0674378,12
2,110000.0,17800.0,6.179775280898877,65,75,70.0,127800.0,True,2019HU0675497,11
2,49100.0,7000.0,7.014285714285714,75,75,75.0,56100.0,True,2019HU0675592,3
0,70000.0,35000.0,2.0,65,64,64.5,105000.0,True,2019HU0675723,11
0,0.0,40000.0,0.0,32,33,32.5,40000.0,True,2019HU0676516,4
0,14000.0,20800.0,1.4857142857142858,51,59,55.0,34800.0,True,2019HU0676851,14
0,22800.0,61700.0,2.706140350877193,78,72,75.0,84500.0,True,2019HU0676869,17
0,42000.0,45000.0,1.0714285714285714,45,59,52.0,87000.0,True,2019HU0677454,18
0,39000.0,42000.0,1.0769230769230769,32,29,30.5,81000.0,True,2019HU0678177,21
0,36800.0,20000.0,1.84,68,64,66.0,56800.0,True,2019HU0678967,10
3,160200.0,0.0,0.0,35,31,33.0,160200.0,True,2019HU0679286,15
1,84000.0,50900.0,1.650294695481336,72,83,77.5,134900.0,True,2019HU0679344,8
0,75000.0,50000.0,1.5,31,32,31.5,125000.0,True,2019HU0680618,22
2,36600.0,5300.0,6.90566037735849,63,65,64.0,41900.0,True,2019HU0681354,66
2,33000.0,95200.0,2.8848484848484848,51,48,49.5,128200.0,False,2019HU0681930,14
1,150000.0,45000.0,3.3333333333333335,37,34,35.5,195000.0,True,2019HU0682533,31
2,279000.0,260000.0,1.073076923076923,61,59,60.0,539000.0,True,2019HU0683298,10
0,42800.0,60800.0,1.4205607476635513,76,78,77.0,103600.0,True,2019HU0685800,23
1,95000.0,73000.0,1.3013698630136987,53,54,53.5,168000.0,True,2019HU0686642,4
0,49000.0,52000.0,1.0612244897959184,63,54,58.5,101000.0,True,2019HU0686822,27
1,0.0,70000.0,0.0,62,63,62.5,70000.0,True,2019HU0687207,3
3,128900.0,13000.0,9.915384615384616,54,31,42.5,141900.0,True,2019HU0687315,21
0,54000.0,20000.0,2.7,60,64,62.0,74000.0,True,2019HU0689041,54
3,109840.0,0.0,0.0,66,59,62.5,109840.0,True,2019HU0689496,13
1,24000.0,33000.0,1.375,58,59,58.5,57000.0,True,2019HU0689511,16
2,15800.0,3100.0,5.096774193548387,70,68,69.0,18900.0,True,2019HU0690391,13
0,30000.0,40000.0,1.3333333333333333,58,57,57.5,70000.0,True,2019HU0690633,22
1,12400.0,13000.0,1.0483870967741935,53,39,46.0,25400.0,False,2019HU0690852,28
0,16000.0,16000.0,1.0,54,51,52.5,32000.0,True,2019HU0690957,17
4,49200.0,800.0,61.5,65,55,60.0,50000.0,True,2019HU0692232,7
0,28000.0,50300.0,1.7964285714285715,64,63,63.5,78300.0,True,2019HU0692880,12
2,70000.0,77000.0,1.1,36,41,38.5,147000.0,False,2019HU0693176,22
1,78800.0,0.0,0.0,81,57,69.0,78800.0,True,2019HU0693354,15
1,85000.0,105000.0,1.2352941176470589,32,32,32.0,190000.0,True,2019HU0694724,32
3,65000.0,7200.0,9.027777777777779,52,57,54.5,72200.0,True,2019HU0695387,16
2,90000.0,16000.0,5.625,73,69,71.0,106000.0,True,2019HU0695663,25
1,55000.0,30000.0,1.8333333333333333,46,43,44.5,85000.0,True,2019HU0695675,72
1,58000.0,26500.0,2.188679245283019,55,46,50.5,84500.0,True,2019HU0695991,6
0,75000.0,50000.0,1.5,36,35,35.5,125000.0,True,2019HU0697122,48
0,72800.0,35100.0,2.074074074074074,69,70,69.5,107900.0,True,2019HU0697750,21
0,23000.0,14200.0,1.619718309859155,81,77,79.0,37200.0,True,2019HU0697786,12
2,33600.0,0.0,0.0,24,24,24.0,33600.0,True,2019HU0697788,24
0,38000.0,0.0,0.0,31,37,34.0,38000.0,True,2019HU0697932,66
3,0.0,151000.0,0.0,58,69,63.5,151000.0,True,2019HU0698194,25
1,0.0,20000.0,0.0,47,45,46.0,20000.0,False,2019HU0698331,14
1,85000.0,95000.0,1.1176470588235294,46,49,47.5,180000.0,True,2019HU0699422,14
0,56920.0,21000.0,2.7104761904761903,71,64,67.5,77920.0,True,2019HU0699554,12
0,40000.0,36900.0,1.084010840108401,49,62,55.5,76900.0,True,2019HU0700254,37
3,100000.0,15000.0,6.666666666666667,33,35,34.0,115000.0,True,2019HU0701662,17
1,23000.0,10000.0,2.3,80,80,80.0,33000.0,False,2019HU0702178,14
0,36600.0,30000.0,1.22,71,68,69.5,66600.0,True,2019HU0702659,16
1,16300.0,63000.0,3.8650306748466257,64,67,65.5,79300.0,True,2019HU0702736,3
1,109000.0,36000.0,3.0277777777777777,47,47,47.0,145000.0,True,2019HU0702971,30
1,125000.0,72000.0,1.7361111111111112,51,55,53.0,197000.0,True,2019HU0704111,7
4,589900.0,70250.0,8.397153024911033,40,38,39.0,660150.0,True,2019HU0704552,37
3,6300.0,45000.0,7.142857142857143,59,58,58.5,51300.0,True,2019HU0704620,11
2,100000.0,17000.0,5.882352941176471,41,41,41.0,117000.0,True,2019HU0705235,2
1,65300.0,54000.0,1.2092592592592593,67,70,68.5,119300.0,True,2019HU0705266,22
3,115000.0,0.0,0.0,33,32,32.5,115000.0,True,2019HU0706001,33
1,23000.0,0.0,0.0,57,59,58.0,23000.0,True,2019HU0706341,17
0,29000.0,31000.0,1.0689655172413792,50,57,53.5,60000.0,True,2019HU0707193,11
0,52000.0,21600.0,2.4074074074074074,70,70,70.0,73600.0,True,2019HU0710536,7
2,121000.0,125010.0,1.0331404958677686,64,59,61.5,246010.0,True,2019HU0711094,14
3,195000.0,29000.0,6.724137931034483,50,47,48.5,224000.0,True,2019HU0711179,39
2,20000.0,60000.0,3.0,59,40,49.5,80000.0,False,2019HU0711714,34
1,12600.0,55000.0,4.365079365079365,41,48,44.5,67600.0,True,2019HU0712187,32
0,42000.0,16000.0,2.625,54,53,53.5,58000.0,True,2019HU0712231,10
1,46000.0,11800.0,3.8983050847457625,34,33,33.5,57800.0,True,2019HU0712292,15
1,51700.0,18600.0,2.7795698924731185,65,76,70.5,70300.0,True,2019HU0712537,13
1,30000.0,100000.0,3.3333333333333335,54,61,57.5,130000.0,True,2019HU0712916,21
0,31000.0,31000.0,1.0,37,37,37.0,62000.0,True,2019HU0713146,16
2,36000.0,10000.0,3.6,26,24,25.0,46000.0,True,2019HU0713213,13
0,38700.0,0.0,0.0,67,68,67.5,38700.0,True,2019HU0714998,4
0,92100.0,40000.0,2.3025,63,64,63.5,132100.0,True,2019HU0715243,9
2,73300.0,10100.0,7.257425742574258,71,77,74.0,83400.0,True,2019HU0715796,11
0,9100.0,0.0,0.0,53,54,53.5,9100.0,True,2019HU0715857,15
0,20000.0,20000.0,1.0,55,56,55.5,40000.0,True,2019HU0715932,7
5,3000.0,93000.0,31.0,74,76,75.0,96000.0,True,2019HU0717209,14
1,60000.0,48000.0,1.25,31,38,34.5,108000.0,False,2019HU0717480,10
0,18000.0,6000.0,3.0,41,41,41.0,24000.0,True,2019HU0717586,49
3,236470.0,36780.0,6.429309407286569,65,65,65.0,273250.0,True,2019HU0717874,23
2,10000.0,76000.0,7.6,54,54,54.0,86000.0,True,2019HU0718233,58
0,38400.0,53990.0,1.4059895833333333,67,68,67.5,92390.0,True,2019HU0718333,13
2,148000.0,145000.0,1.0206896551724138,46,46,46.0,293000.0,True,2019HU0718797,17
1,76000.0,0.0,0.0,64,65,64.5,76000.0,False,2019HU0720135,13
1,75000.0,15000.0,5.0,32,31,31.5,90000.0,True,2019HU0720674,28
1,56000.0,85000.0,1.5178571428571428,36,41,38.5,141000.0,True,2019HU0720976,15
0,41300.0,41000.0,1.0073170731707317,63,62,62.5,82300.0,True,2019HU0721499,11
0,60000.0,40000.0,1.5,36,31,33.5,100000.0,True,2019HU0721813,22
0,40000.0,30000.0,1.3333333333333333,61,60,60.5,70000.0,True,2019HU0722229,5
3,390000.0,42000.0,9.285714285714286,62,50,56.0,432000.0,True,2019HU0722472,5
0,52000.0,23700.0,2.1940928270042193,73,70,71.5,75700.0,True,2019HU0722640,11
0,48200.0,32400.0,1.4876543209876543,63,65,64.0,80600.0,True,2019HU0723883,7
1,48000.0,25000.0,1.92,33,37,35.0,73000.0,False,2019HU0723888,37
2,153000.0,130000.0,1.176923076923077,45,48,46.5,283000.0,True,2019HU0724466,31
1,48000.0,11000.0,4.363636363636363,36,36,36.0,59000.0,True,2019HU0724598,23
0,43800.0,126000.0,2.8767123287671232,61,57,59.0,169800.0,True,2019HU0725849,13
4,296600.0,27000.0,10.985185185185186,78,80,79.0,323600.0,True,2019HU0725936,7
1,18800.0,14300.0,1.3146853146853146,82,82,82.0,33100.0,True,2019HU0725944,55
1,26000.0,85000.0,3.269230769230769,42,46,44.0,111000.0,True,2019HU0726137,30
1,70000.0,70000.0,1.0,45,45,45.0,140000.0,True,2019HU0726704,23
1,19800.0,62800.0,3.1717171717171717,75,76,75.5,82600.0,True,2019HU0726709,15
1,20700.0,25200.0,1.2173913043478262,29,29,29.0,45900.0,True,2019HU0728039,37
4,51000.0,405000.0,7.9411764705882355,57,54,55.5,456000.0,True,2019HU0728651,7
0,0.0,83000.0,0.0,57,70,63.5,83000.0,True,2019HU0729310,24
3,192000.0,0.0,0.0,55,55,55.0,192000.0,True,2019HU0730906,28
3,44300.0,2300.0,19.26086956521739,31,31,31.0,46600.0,True,2019HU0731232,19
3,3400.0,56500.0,16.61764705882353,66,76,71.0,59900.0,True,2019HU0731911,5
1,41100.0,10800.0,3.8055555555555554,74,81,77.5,51900.0,True,2019HU0732378,8
0,19500.0,29000.0,1.4871794871794872,57,46,51.5,48500.0,True,2019HU0732673,13
2,7910.0,7800.0,1.014102564102564,71,55,63.0,15710.0,False,2019HU0733905,12
1,76000.0,84150.0,1.1072368421052632,55,55,55.0,160150.0,True,2019HU0734798,13
0,100000.0,0.0,0.0,53,59,56.0,100000.0,True,2019HU0735751,37
0,48300.0,48000.0,1.00625,54,54,54.0,96300.0,True,2019HU0735846,22
3,390000.0,40000.0,9.75,49,45,47.0,430000.0,True,2019HU0735957,21
1,110000.0,35000.0,3.142857142857143,38,36,37.0,145000.0,True,2019HU0736144,96
1,53000.0,0.0,0.0,67,26,46.5,53000.0,True,2019HU0736237,13
1,30000.0,0.0,0.0,50,61,55.5,30000.0,False,2019HU0736880,17
4,110000.0,474000.0,4.3090909090909095,71,43,57.0,584000.0,True,2019HU0737210,14
0,23400.0,38700.0,1.6538461538461537,66,67,66.5,62100.0,True,2019HU0737432,8
0,31450.0,19650.0,1.6005089058524173,76,72,74.0,51100.0,True,2019HU0738345,8
0,4100.0,5000.0,1.2195121951219512,81,77,79.0,9100.0,True,2019HU0738701,9
0,65000.0,45000.0,1.4444444444444444,32,37,34.5,110000.0,True,2019HU0738724,15
0,9500.0,11600.0,1.2210526315789474,55,58,56.5,21100.0,True,2019HU0739668,12
0,54680.0,28600.0,1.911888111888112,82,84,83.0,83280.0,True,2019HU0741769,12
0,41400.0,22700.0,1.8237885462555066,87,84,85.5,64100.0,True,2019HU0741888,16
0,22200.0,52600.0,2.369369369369369,68,69,68.5,74800.0,True,2019HU0742243,21
0,30900.0,29700.0,1.0404040404040404,65,68,66.5,60600.0,True,2019HU0742373,9
1,24100.0,43200.0,1.7925311203319503,62,66,64.0,67300.0,False,2019HU0742423,18
0,82300.0,48250.0,1.705699481865285,80,79,79.5,130550.0,True,2019HU0742488,4
2,62000.0,170000.0,2.7419354838709675,44,42,43.0,232000.0,True,2019HU0742743,23
0,35500.0,34000.0,1.0441176470588236,65,59,62.0,69500.0,True,2019HU0744039,8
1,36000.0,9600.0,3.75,49,44,46.5,45600.0,True,2019HU0744312,2
2,36500.0,6000.0,6.083333333333333,54,48,51.0,42500.0,True,2019HU0744478,4
4,323400.0,19400.0,16.670103092783506,75,81,78.0,342800.0,True,2019HU0744536,14
1,80000.0,70000.0,1.1428571428571428,47,49,48.0,150000.0,True,2019HU0745158,18
1,100400.0,29200.0,3.4383561643835616,75,83,79.0,129600.0,True,2019HU0746318,28
2,185000.0,125000.0,1.48,42,40,41.0,310000.0,True,2019HU0746573,19
0,50000.0,24000.0,2.0833333333333335,48,48,48.0,74000.0,True,2019HU0747599,19
2,2000.0,12000.0,6.0,58,66,62.0,14000.0,True,2019HU0747777,24
0,34000.0,68000.0,2.0,30,31,30.5,102000.0,True,2019HU0747782,14
1,7800.0,28500.0,3.6538461538461537,37,38,37.5,36300.0,True,2019HU0749201,10
1,42000.0,36000.0,1.1666666666666667,34,25,29.5,78000.0,True,2019HU0749313,44
1,30000.0,30000.0,1.0,84,84,84.0,60000.0,True,2019HU0749673,30
0,50000.0,17000.0,2.9411764705882355,37,30,33.5,67000.0,True,2019HU0749835,44
0,0.0,30000.0,0.0,28,32,30.0,30000.0,True,2019HU0750099,9
1,91000.0,23000.0,3.9565217391304346,60,59,59.5,114000.0,True,2019HU0750115,10
2,21200.0,104600.0,4.933962264150943,73,76,74.5,125800.0,True,2019HU0750429,20
4,173600.0,52800.0,3.287878787878788,90,85,87.5,226400.0,True,2019HU0751292,18
0,0.0,85000.0,0.0,31,32,31.5,85000.0,True,2019HU0751498,34
2,201000.0,180000.0,1.1166666666666667,63,65,64.0,381000.0,True,2019HU0752296,18
2,79000.0,15000.0,5.266666666666667,59,68,63.5,94000.0,True,2019HU0752423,27
0,85000.0,40000.0,2.125,45,45,45.0,125000.0,True,2019HU0752456,10
0,52000.0,48000.0,1.0833333333333333,51,49,50.0,100000.0,True,2019HU0754085,4
0,89000.0,0.0,0.0,55,56,55.5,89000.0,True,2019HU0754413,11
0,85600.0,50000.0,1.712,67,70,68.5,135600.0,True,2019HU0754558,9
2,61400.0,12000.0,5.116666666666666,72,59,65.5,73400.0,True,2019HU0755035,4
1,135000.0,27500.0,4.909090909090909,31,33,32.0,162500.0,True,2019HU0756288,32
0,50000.0,106000.0,2.12,44,46,45.0,156000.0,True,2019HU0756509,6
0,6300.0,0.0,0.0,69,63,66.0,6300.0,True,2019HU0756980,21
0,20000.0,0.0,0.0,80,72,76.0,20000.0,True,2019HU0757158,3
0,33500.0,90000.0,2.6865671641791047,49,53,51.0,123500.0,True,2019HU0757972,13
1,20000.0,15000.0,1.3333333333333333,36,27,31.5,35000.0,True,2019HU0758374,5
3,0.0,132800.0,0.0,63,67,65.0,132800.0,True,2019HU0758858,2
4,200.0,50000.0,250.0,36,34,35.0,50200.0,True,2019HU0759411,62
2,25000.0,40000.0,1.6,22,23,22.5,65000.0,True,2019HU0759444,11
1,33000.0,115000.0,3.484848484848485,48,51,49.5,148000.0,True,2019HU0759696,3
1,29000.0,8000.0,3.625,42,39,40.5,37000.0,True,2019HU0759968,30
0,60000.0,0.0,0.0,61,67,64.0,60000.0,True,2019HU0760536,23
2,76800.0,12000.0,6.4,62,62,62.0,88800.0,True,2019HU0761747,12
2,156000.0,58000.0,2.689655172413793,62,63,62.5,214000.0,True,2019HU0762446,14
1,15000.0,43000.0,2.8666666666666667,46,45,45.5,58000.0,True,2019HU0763863,12
0,65000.0,50000.0,1.3,55,60,57.5,115000.0,True,2019HU0764805,20
1,20000.0,5100.0,3.9215686274509802,74,78,76.0,25100.0,True,2019HU0766132,19
1,0.0,25200.0,0.0,45,33,39.0,25200.0,False,2019HU0767250,26
4,99500.0,2000.0,49.75,49,48,48.5,101500.0,True,2019HU0767666,16
1,58000.0,72000.0,1.2413793103448276,50,49,49.5,130000.0,True,2019HU0767707,17
1,14400.0,3700.0,3.891891891891892,65,75,70.0,18100.0,True,2019HU0768217,13
2,60000.0,8000.0,7.5,54,57,55.5,68000.0,True,2019HU0768276,5
1,42000.0,0.0,0.0,26,25,25.5,42000.0,True,2019HU0768673,8
0,36000.0,0.0,0.0,36,45,40.5,36000.0,True,2019HU0771097,14
0,47600.0,29400.0,1.619047619047619,72,74,73.0,77000.0,True,2019HU0771418,13
1,126090.0,27400.0,4.601824817518248,51,50,50.5,153490.0,True,2019HU0771680,41
0,55000.0,35400.0,1.5536723163841808,49,55,52.0,90400.0,True,2019HU0772002,72
0,22100.0,16800.0,1.3154761904761905,77,80,78.5,38900.0,True,2019HU0773119,21
0,52000.0,0.0,0.0,52,42,47.0,52000.0,True,2019HU0773735,13
0,20000.0,0.0,0.0,43,39,41.0,20000.0,True,2019HU0775110,133
0,14600.0,7200.0,2.0277777777777777,72,76,74.0,21800.0,True,2019HU0775789,16
1,36000.0,90000.0,2.5,54,56,55.0,126000.0,True,2019HU0776476,8
2,167400.0,85000.0,1.9694117647058824,44,45,44.5,252400.0,True,2019HU0777191,27
3,7500.0,80000.0,10.666666666666666,69,56,62.5,87500.0,True,2019HU0777348,4
1,35000.0,95000.0,2.7142857142857144,24,26,25.0,130000.0,True,2019HU0777705,20
0,45000.0,15500.0,2.903225806451613,61,62,61.5,60500.0,True,2019HU0777819,20
1,98300.0,85000.0,1.1564705882352941,71,72,71.5,183300.0,True,2019HU0777823,11
1,67200.0,96700.0,1.4389880952380953,70,67,68.5,163900.0,True,2019HU0778688,11
4,34000.0,284000.0,8.352941176470589,45,52,48.5,318000.0,True,2019HU0778914,24
0,30400.0,21300.0,1.4272300469483568,77,76,76.5,51700.0,True,2019HU0779300,2
3,130000.0,0.0,0.0,38,33,35.5,130000.0,True,2019HU0780329,14
4,326000.0,0.0,0.0,80,81,80.5,326000.0,True,2019HU0781151,3
0,59000.0,0.0,0.0,33,33,33.0,59000.0,True,2019HU0781319,28
2,28000.0,85000.0,3.0357142857142856,66,45,55.5,113000.0,True,2019HU0781396,9
0,0.0,30000.0,0.0,35,42,38.5,30000.0,True,2019HU0781698,26
0,55000.0,28000.0,1.9642857142857142,53,53,53.0,83000.0,True,2019HU0781870,20
2,128000.0,80000.0,1.6,37,30,33.5,208000.0,True,2019HU0781956,56
2,155100.0,69900.0,2.218884120171674,87,85,86.0,225000.0,True,2019HU0782334,13
4,4000.0,35000.0,8.75,25,24,24.5,39000.0,True,2019HU0782532,9
5,38000.0,1500.0,25.333333333333332,29,26,27.5,39500.0,True,2019HU0783661,21
4,8300.0,50000.0,6.024096385542169,22,23,22.5,58300.0,True,2019HU0783875,16
1,53000.0,56000.0,1.0566037735849056,55,54,54.5,109000.0,True,2019HU0785017,23
0,85000.0,32000.0,2.65625,38,28,33.0,117000.0,True,2019HU0785516,26
2,23000.0,7500.0,3.066666666666667,38,38,38.0,30500.0,False,2019HU0785795,6
4,5000.0,60000.0,12.0,37,35,36.0,65000.0,False,2019HU0785835,22
1,106000.0,65000.0,1.6307692307692307,35,34,34.5,171000.0,True,2019HU0785938,18
3,93000.0,16900.0,5.502958579881657,65,34,49.5,109900.0,True,2019HU0787076,9
1,58000.0,85000.0,1.4655172413793103,54,55,54.5,143000.0,True,2019HU0787254,41
1,27200.0,16000.0,1.7,68,51,59.5,43200.0,True,2019HU0787491,13
3,60000.0,65000.0,1.0833333333333333,24,25,24.5,125000.0,True,2019HU0787984,18
0,12000.0,0.0,0.0,71,72,71.5,12000.0,True,2019HU0788074,5
1,70000.0,84500.0,1.207142857142857,68,69,68.5,154500.0,True,2019HU0789129,14
0,57500.0,35000.0,1.6428571428571428,86,71,78.5,92500.0,True,2019HU0789218,7
3,185000.0,35000.0,5.285714285714286,47,46,46.5,220000.0,True,2019HU0789619,13
1,79900.0,71900.0,1.1112656467315716,68,74,71.0,151800.0,True,2019HU0789722,11
1,90000.0,66000.0,1.3636363636363635,60,62,61.0,156000.0,True,2019HU0790640,11
3,14400.0,111000.0,7.708333333333333,82,86,84.0,125400.0,True,2019HU0791576,15
0,13200.0,15200.0,1.1515151515151516,66,66,66.0,28400.0,True,2019HU0791727,33
1,35100.0,8700.0,4.0344827586206895,66,67,66.5,43800.0,True,2019HU0791879,9
2,0.0,58500.0,0.0,56,58,57.0,58500.0,False,2019HU0793870,16
3,185600.0,20000.0,9.28,77,71,74.0,205600.0,True,2019HU0794542,12
2,9100.0,41200.0,4.527472527472527,66,68,67.0,50300.0,True,2019HU0795173,14
0,44800.0,100000.0,2.232142857142857,42,42,42.0,144800.0,True,2019HU0796400,31
0,48000.0,49000.0,1.0208333333333333,51,51,51.0,97000.0,True,2019HU0797035,11
0,27810.0,13300.0,2.0909774436090225,95,95,95.0,41110.0,True,2019HU0797206,17
0,27000.0,79000.0,2.925925925925926,72,75,73.5,106000.0,True,2019HU0797345,13
2,15000.0,92000.0,6.133333333333334,39,41,40.0,107000.0,True,2019HU0797468,28
0,28300.0,52000.0,1.8374558303886925,65,58,61.5,80300.0,True,2019HU0797565,7
0,5800.0,0.0,0.0,64,50,57.0,5800.0,True,2019HU0799056,34
0,-1700.0,-1700.0,0.0,68,62,65.0,-3400.0,True,2019HU0799924,6
0,48000.0,62800.0,1.3083333333333333,68,71,69.5,110800.0,True,2019HU0800020,16
3,53400.0,3600.0,14.833333333333334,32,32,32.0,57000.0,True,2019HU0800078,13
0,4000.0,12000.0,3.0,57,57,57.0,16000.0,True,2019HU0800339,4
2,130000.0,140000.0,1.0769230769230769,52,51,51.5,270000.0,True,2019HU0800644,17
2,49200.0,7400.0,6.648648648648648,65,50,57.5,56600.0,True,2019HU0800744,12
0,64000.0,40000.0,1.6,38,40,39.0,104000.0,True,2019HU0800857,4
0,29200.0,70800.0,2.4246575342465753,63,76,69.5,100000.0,True,2019HU0801036,17
1,73000.0,111000.0,1.5205479452054795,54,54,54.0,184000.0,True,2019HU0801199,27
0,70130.0,36900.0,1.9005420054200541,76,77,76.5,107030.0,True,2019HU0801252,10
7,106600.0,4000.0,26.65,69,63,66.0,110600.0,True,2019HU0801482,30
0,60000.0,0.0,0.0,47,42,44.5,60000.0,True,2019HU0801571,10
2,13600.0,70000.0,5.147058823529412,53,56,54.5,83600.0,True,2019HU0801675,28
3,92400.0,198000.0,2.142857142857143,69,70,69.5,290400.0,True,2019HU0801695,25
0,7000.0,5000.0,1.4,36,33,34.5,12000.0,True,2019HU0802573,19
0,10800.0,0.0,0.0,82,76,79.0,10800.0,True,2019HU0802781,38
0,49400.0,82620.0,1.6724696356275304,75,66,70.5,132020.0,True,2019HU0803210,23
1,8200.0,14400.0,1.7560975609756098,70,71,70.5,22600.0,True,2019HU0803635,2
3,15000.0,70000.0,4.666666666666667,86,51,68.5,85000.0,False,2019HU0805304,4
1,42800.0,10200.0,4.196078431372549,88,85,86.5,53000.0,True,2019HU0806526,16
3,6100.0,90000.0,14.754098360655737,43,45,44.0,96100.0,True,2019HU0807440,30
1,52000.0,60100.0,1.1557692307692307,72,70,71.0,112100.0,True,2019HU0807644,5
0,62000.0,44000.0,1.4090909090909092,43,35,39.0,106000.0,True,2019HU0809425,30
2,8400.0,58800.0,7.0,49,57,53.0,67200.0,True,2019HU0809953,33
0,53200.0,40500.0,1.3135802469135802,67,71,69.0,93700.0,True,2019HU0810158,3
3,60000.0,9000.0,6.666666666666667,43,50,46.5,69000.0,False,2019HU0810468,4
0,14300.0,8740.0,1.6361556064073226,67,68,67.5,23040.0,True,2019HU0810603,11
1,-1696.0,300.0,0.0,31,26,28.5,-1396.0,True,2019HU0811464,7
1,51200.0,79200.0,1.546875,65,66,65.5,130400.0,True,2019HU0812017,15
2,101000.0,100000.0,1.01,33,34,33.5,201000.0,True,2019HU0812144,19
1,38000.0,59900.0,1.5763157894736841,68,68,68.0,97900.0,True,2019HU0812274,12
3,3600.0,33000.0,9.166666666666666,74,78,76.0,36600.0,True,2019HU0812351,56
2,54000.0,7200.0,7.5,58,71,64.5,61200.0,True,2019HU0812545,12
2,6000.0,41300.0,6.883333333333334,51,52,51.5,47300.0,True,2019HU0812756,8
1,48000.0,49000.0,1.0208333333333333,36,37,36.5,97000.0,True,2019HU0813289,16
1,51100.0,84500.0,1.6536203522504893,64,66,65.0,135600.0,True,2019HU0814494,14
3,4700.0,300.0,15.666666666666666,59,54,56.5,5000.0,True,2019HU0814695,20
0,23210.0,60740.0,2.6169754416199913,87,80,83.5,83950.0,True,2019HU0814727,15
0,40000.0,0.0,0.0,23,37,30.0,40000.0,True,2019HU0814800,16
0,79700.0,27800.0,2.866906474820144,79,75,77.0,107500.0,True,2019HU0814947,16
1,46000.0,37000.0,1.2432432432432432,51,50,50.5,83000.0,True,2019HU0815662,35
1,63400.0,36800.0,1.7228260869565217,47,33,40.0,100200.0,False,2019HU0816445,20
0,20500.0,8500.0,2.411764705882353,53,45,49.0,29000.0,True,2019HU0816584,8
2,42000.0,23000.0,1.826086956521739,53,36,44.5,65000.0,True,2019HU0816707,7
2,75000.0,75000.0,1.0,33,33,33.0,150000.0,True,2019HU0816807,20
1,85000.0,55000.0,1.5454545454545454,58,58,58.0,140000.0,True,2019HU0817275,26
0,31680.0,24780.0,1.278450363196126,84,77,80.5,56460.0,True,2019HU0819747,14
0,10000.0,0.0,0.0,27,36,31.5,10000.0,True,2019HU0820220,12
0,46410.0,76600.0,1.6505063563887092,71,71,71.0,123010.0,True,2019HU0820268,2
0,24000.0,48000.0,2.0,50,52,51.0,72000.0,True,2019HU0820352,48
2,63000.0,57000.0,1.105263157894737,65,65,65.0,120000.0,True,2019HU0820793,13
1,23000.0,0.0,0.0,53,37,45.0,23000.0,True,2019HU0821453,6
1,62000.0,62000.0,1.0,76,78,77.0,124000.0,True,2019HU0822784,2
1,19700.0,74000.0,3.7563451776649748,62,59,60.5,93700.0,True,2019HU0822868,27
9,293000.0,5200.0,56.34615384615385,74,68,71.0,298200.0,True,2019HU0824416,8
1,12000.0,0.0,0.0,56,59,57.5,12000.0,False,2019HU0824512,7
2,40000.0,122000.0,3.05,63,63,63.0,162000.0,True,2019HU0825017,13
2,114600.0,149900.0,1.3080279232111693,67,65,66.0,264500.0,True,2019HU0825701,15
2,125000.0,15100.0,8.278145695364238,48,47,47.5,140100.0,True,2019HU0825730,8
3,170000.0,0.0,0.0,62,59,60.5,170000.0,True,2019HU0825775,10
0,50500.0,33000.0,1.5303030303030303,66,62,64.0,83500.0,True,2019HU0826681,10
0,11390.0,11600.0,1.0184372256365233,36,30,33.0,22990.0,True,2019HU0826716,12
1,2100.0,8000.0,3.8095238095238093,79,76,77.5,10100.0,True,2019HU0827003,22
1,55000.0,58000.0,1.0545454545454545,50,48,49.0,113000.0,True,2019HU0827030,57
2,9450.0,69930.0,7.4,75,78,76.5,79380.0,True,2019HU0827756,96
2,92000.0,20000.0,4.6,25,34,29.5,112000.0,True,2019HU0829002,4
7,600.0,133000.0,221.66666666666666,35,35,35.0,133600.0,True,2019HU0829208,11
3,6000.0,70000.0,11.666666666666666,40,42,41.0,76000.0,True,2019HU0830254,4
1,42800.0,60000.0,1.4018691588785046,45,51,48.0,102800.0,False,2019HU0830344,68
3,267400.0,64500.0,4.145736434108527,70,66,68.0,331900.0,True,2019HU0830464,6
0,24000.0,0.0,0.0,58,59,58.5,24000.0,True,2019HU0830922,7
3,79330.0,390000.0,4.9161729484432115,64,64,64.0,469330.0,True,2019HU0831016,10
2,17000.0,95500.0,5.617647058823529,64,55,59.5,112500.0,True,2019HU0831397,14
1,56870.0,51190.0,1.1109591717132252,84,83,83.5,108060.0,True,2019HU0831619,19
1,75000.0,56000.0,1.3392857142857142,38,39,38.5,131000.0,True,2019HU0832412,17
0,105000.0,45000.0,2.3333333333333335,45,43,44.0,150000.0,True,2019HU0833427,25
3,40000.0,42000.0,1.05,40,19,29.5,82000.0,False,2019HU0833691,23
1,51000.0,113000.0,2.215686274509804,60,57,58.5,164000.0,True,2019HU0834791,14
0,26400.0,41200.0,1.5606060606060606,65,68,66.5,67600.0,True,2019HU0834900,8
3,108000.0,0.0,0.0,47,47,47.0,108000.0,True,2019HU0834973,16
1,88600.0,32200.0,2.751552795031056,54,44,49.0,120800.0,False,2019HU0835200,80
0,67600.0,46000.0,1.4695652173913043,70,68,69.0,113600.0,True,2019HU0835699,8
6,25000.0,600.0,41.666666666666664,20,20,20.0,25600.0,True,2019HU0836088,9
1,74700.0,24200.0,3.0867768595041323,71,70,70.5,98900.0,True,2019HU0836101,11
1,60000.0,60000.0,1.0,62,62,62.0,120000.0,True,2019HU0836984,10
0,28000.0,30000.0,1.0714285714285714,60,57,58.5,58000.0,True,2019HU0837808,23
2,168200.0,45000.0,3.7377777777777776,53,47,50.0,213200.0,True,2019HU0838104,18
0,38000.0,50000.0,1.3157894736842106,56,54,55.0,88000.0,True,2019HU0838800,3
3,390000.0,80800.0,4.826732673267327,51,49,50.0,470800.0,True,2019HU0838887,12
2,13390.0,53000.0,3.9581777445855115,64,74,69.0,66390.0,True,2019HU0839521,3
0,29400.0,45400.0,1.5442176870748299,75,76,75.5,74800.0,True,2019HU0839623,4
2,100000.0,230600.0,2.306,38,38,38.0,330600.0,True,2019HU0839767,21
0,38700.0,43200.0,1.1162790697674418,72,73,72.5,81900.0,True,2019HU0839803,16
0,52000.0,20000.0,2.6,42,43,42.5,72000.0,True,2019HU0840044,5
0,15400.0,6000.0,2.566666666666667,65,69,67.0,21400.0,True,2019HU0840069,12
2,10400.0,44400.0,4.269230769230769,71,32,51.5,54800.0,True,2019HU0840226,12
3,57700.0,239000.0,4.1421143847487,66,61,63.5,296700.0,True,2019HU0840312,10
1,40000.0,0.0,0.0,31,27,29.0,40000.0,True,2019HU0840545,5
3,190000.0,0.0,0.0,73,69,71.0,190000.0,True,2019HU0841067,6
1,150000.0,34000.0,4.411764705882353,52,49,50.5,184000.0,True,2019HU0841231,4
2,5500.0,41000.0,7.454545454545454,60,60,60.0,46500.0,True,2019HU0842618,27
0,42000.0,38000.0,1.105263157894737,57,70,63.5,80000.0,True,2019HU0843620,4
1,89300.0,87500.0,1.0205714285714285,57,57,57.0,176800.0,True,2019HU0843683,8
0,36800.0,58000.0,1.576086956521739,58,57,57.5,94800.0,True,2019HU0844077,12
7,180000.0,4000.0,45.0,56,41,48.5,184000.0,True,2019HU0844364,16
2,76900.0,12000.0,6.408333333333333,62,63,62.5,88900.0,True,2019HU0844945,10
0,44200.0,47700.0,1.079185520361991,67,67,67.0,91900.0,True,2019HU0846911,30
0,20000.0,24000.0,1.2,55,53,54.0,44000.0,True,2019HU0847393,4
0,65000.0,40000.0,1.625,49,61,55.0,105000.0,True,2019HU0849159,19
1,106900.0,24400.0,4.381147540983607,75,69,72.0,131300.0,True,2019HU0850477,10
2,30000.0,5300.0,5.660377358490566,32,34,33.0,35300.0,True,2019HU0851810,17
0,65000.0,30000.0,2.1666666666666665,54,54,54.0,95000.0,True,2019HU0851881,13
1,21000.0,16200.0,1.2962962962962963,75,76,75.5,37200.0,True,2019HU0852010,18
0,71800.0,0.0,0.0,34,29,31.5,71800.0,True,2019HU0852492,28
2,117550.0,20800.0,5.6514423076923075,78,78,78.0,138350.0,True,2019HU0852891,13
0,87400.0,39200.0,2.229591836734694,72,74,73.0,126600.0,True,2019HU0852945,86
0,6600.0,7600.0,1.1515151515151516,59,56,57.5,14200.0,True,2019HU0853471,10
1,50000.0,75000.0,1.5,59,59,59.0,125000.0,True,2019HU0853698,20
0,21000.0,35000.0,1.6666666666666667,53,47,50.0,56000.0,True,2019HU0854091,13
2,37000.0,7200.0,5.138888888888889,74,73,73.5,44200.0,True,2019HU0854590,21
1,30200.0,121600.0,4.026490066225166,68,69,68.5,151800.0,True,2019HU0854629,12
2,100000.0,55000.0,1.8181818181818181,46,40,43.0,155000.0,False,2019HU0855936,12
0,40000.0,0.0,0.0,49,38,43.5,40000.0,True,2019HU0856664,11
1,87000.0,85000.0,1.0235294117647058,36,37,36.5,172000.0,True,2019HU0856874,63
0,50000.0,26000.0,1.9230769230769231,60,51,55.5,76000.0,True,2019HU0857464,6
0,12000.0,9600.0,1.25,46,52,49.0,21600.0,True,2019HU0858231,45
2,168000.0,35000.0,4.8,55,51,53.0,203000.0,True,2019HU0858723,17
1,90000.0,25000.0,3.6,47,50,48.5,115000.0,True,2019HU0858778,12
1,77000.0,75000.0,1.0266666666666666,38,41,39.5,152000.0,True,2019HU0859153,8
4,28800.0,5000.0,5.76,23,25,24.0,33800.0,True,2019HU0860270,27
1,112200.0,77800.0,1.442159383033419,65,65,65.0,190000.0,True,2019HU0860462,15
0,17000.0,35000.0,2.0588235294117645,40,42,41.0,52000.0,True,2019HU0860813,4
1,71000.0,80000.0,1.1267605633802817,39,38,38.5,151000.0,True,2019HU0861018,37
0,37000.0,60000.0,1.6216216216216217,38,40,39.0,97000.0,True,2019HU0861294,27
2,160000.0,43000.0,3.7209302325581395,41,42,41.5,203000.0,True,2019HU0861932,8
4,390000.0,20400.0,19.11764705882353,63,68,65.5,410400.0,True,2019HU0862422,10
2,60000.0,10000.0,6.0,52,53,52.5,70000.0,True,2019HU0862843,7
3,1200.0,4600.0,3.8333333333333335,22,24,23.0,5800.0,True,2019HU0863223,46
0,29200.0,10800.0,2.7037037037037037,95,87,91.0,40000.0,True,2019HU0863300,26
2,19000.0,3550.0,5.352112676056338,45,45,45.0,22550.0,True,2019HU0863575,32
1,50000.0,29820.0,1.676727028839705,25,30,27.5,79820.0,True,2019HU0864175,48
1,56300.0,80200.0,1.4245115452930728,45,48,46.5,136500.0,True,2019HU0864425,7
1,21700.0,71200.0,3.28110599078341,64,67,65.5,92900.0,True,2019HU0864586,14
2,9000.0,55000.0,6.111111111111111,60,60,60.0,64000.0,True,2019HU0864938,9
0,10000.0,20000.0,2.0,52,56,54.0,30000.0,True,2019HU0865950,14
0,0.0,38400.0,0.0,64,69,66.5,38400.0,True,2019HU0866304,9
0,12700.0,17400.0,1.3700787401574803,67,63,65.0,30100.0,True,2019HU0866645,2
1,75300.0,0.0,0.0,75,35,55.0,75300.0,True,2019HU0867019,20
3,110000.0,0.0,0.0,40,40,40.0,110000.0,True,2019HU0868652,8
0,71000.0,0.0,0.0,59,63,61.0,71000.0,True,2019HU0868960,35
0,9000.0,0.0,0.0,54,54,54.0,9000.0,True,2019HU0869183,7
0,0.0,24000.0,0.0,48,49,48.5,24000.0,True,2019HU0869658,58
2,68000.0,10000.0,6.8,89,90,89.5,78000.0,True,2019HU0870431,10
3,60000.0,3000.0,20.0,56,56,56.0,63000.0,True,2019HU0870971,14
0,70000.0,30000.0,2.3333333333333335,57,54,55.5,100000.0,True,2019HU0871258,43
1,39000.0,0.0,0.0,62,60,61.0,39000.0,True,2019HU0871458,5
1,7200.0,7200.0,1.0,82,82,82.0,14400.0,True,2019HU0871499,9
1,145000.0,48000.0,3.0208333333333335,57,53,55.0,193000.0,True,2019HU0871531,24
7,3000.0,119600.0,39.86666666666667,65,66,65.5,122600.0,True,2019HU0873199,13
0,30000.0,30000.0,1.0,45,43,44.0,60000.0,True,2019HU0873215,28
0,50000.0,100000.0,2.0,45,52,48.5,150000.0,True,2019HU0873368,36
1,92000.0,30000.0,3.066666666666667,60,58,59.0,122000.0,True,2019HU0873919,7
1,52000.0,53000.0,1.0192307692307692,32,33,32.5,105000.0,True,2019HU0874431,13
0,48000.0,62000.0,1.2916666666666667,46,49,47.5,110000.0,True,2019HU0874902,16
4,100000.0,3500.0,28.571428571428573,49,47,48.0,103500.0,True,2019HU0875133,11
0,42100.0,55000.0,1.3064133016627077,58,60,59.0,97100.0,True,2019HU0875377,9
1,51000.0,100000.0,1.9607843137254901,41,38,39.5,151000.0,True,2019HU0876484,14
1,100000.0,20000.0,5.0,46,46,46.0,120000.0,True,2019HU0877062,12
1,60300.0,15200.0,3.9671052631578947,72,68,70.0,75500.0,True,2019HU0877377,32
1,35000.0,25000.0,1.4,29,22,25.5,60000.0,True,2019HU0877387,21
0,18000.0,49000.0,2.7222222222222223,42,50,46.0,67000.0,True,2019HU0878169,47
1,52000.0,100000.0,1.9230769230769231,34,39,36.5,152000.0,True,2019HU0878477,18
0,48900.0,44400.0,1.1013513513513513,74,75,74.5,93300.0,True,2019HU0878838,17
1,104500.0,87000.0,1.2011494252873562,64,64,64.0,191500.0,True,2019HU0879340,24
7,150000.0,100.0,1500.0,69,56,62.5,150100.0,True,2019HU0879396,8
3,356100.0,260000.0,1.3696153846153847,68,55,61.5,616100.0,False,2019HU0879546,12
2,94700.0,107000.0,1.1298838437170011,61,62,61.5,201700.0,True,2019HU0880013,25
2,112680.0,120400.0,1.068512602058928,59,70,64.5,233080.0,True,2019HU0881183,5
0,45800.0,21600.0,2.1203703703703702,69,67,68.0,67400.0,True,2019HU0881528,13
2,75600.0,166600.0,2.2037037037037037,77,71,74.0,242200.0,True,2019HU0881856,15
0,36200.0,35600.0,1.0168539325842696,76,74,75.0,71800.0,True,2019HU0883240,14
0,35000.0,33000.0,1.0606060606060606,65,64,64.5,68000.0,True,2019HU0883412,20
5,3500.0,80000.0,22.857142857142858,68,52,60.0,83500.0,True,2019HU0883564,15
0,42000.0,18400.0,2.282608695652174,42,38,40.0,60400.0,True,2019HU0884010,10
1,60200.0,65000.0,1.079734219269103,73,73,73.0,125200.0,True,2019HU0884194,16
0,82000.0,0.0,0.0,41,37,39.0,82000.0,True,2019HU0884239,46
1,70000.0,50300.0,1.3916500994035785,58,64,61.0,120300.0,True,2019HU0884948,8
7,102000.0,4000.0,25.5,57,64,60.5,106000.0,True,2019HU0886051,4
0,51200.0,32900.0,1.5562310030395137,62,57,59.5,84100.0,True,2019HU0887609,16
1,36000.0,24000.0,1.5,55,62,58.5,60000.0,True,2019HU0887813,25
1,48200.0,0.0,0.0,59,56,57.5,48200.0,True,2019HU0888786,13
3,132000.0,117300.0,1.1253196930946292,49,67,58.0,249300.0,True,2019HU0889295,3
0,70100.0,41000.0,1.7097560975609756,60,56,58.0,111100.0,True,2019HU0889355,24
2,68100.0,13000.0,5.2384615384615385,59,62,60.5,81100.0,True,2019HU0890637,40
7,152650.0,2000.0,76.325,64,60,62.0,154650.0,True,2019HU0891018,4
1,75000.0,20000.0,3.75,38,53,45.5,95000.0,True,2019HU0891700,21
2,104400.0,14000.0,7.457142857142857,34,41,37.5,118400.0,True,2019HU0892894,42
1,100000.0,56500.0,1.7699115044247788,74,73,73.5,156500.0,True,2019HU0895316,13
2,120000.0,20000.0,6.0,32,33,32.5,140000.0,True,2019HU0895662,15
0,18000.0,6600.0,2.727272727272727,81,86,83.5,24600.0,True,2019HU0896381,35
3,100000.0,6000.0,16.666666666666668,37,36,36.5,106000.0,True,2019HU0896589,13
0,36800.0,16800.0,2.1904761904761907,72,64,68.0,53600.0,True,2019HU0896967,13
1,79000.0,70000.0,1.1285714285714286,49,48,48.5,149000.0,True,2019HU0897728,10
1,19000.0,0.0,0.0,25,27,26.0,19000.0,True,2019HU0897770,16
2,82620.0,10000.0,8.262,85,83,84.0,92620.0,True,2019HU0897915,15
0,52000.0,36000.0,1.4444444444444444,49,48,48.5,88000.0,True,2019HU0898341,24
0,3700.0,0.0,0.0,51,52,51.5,3700.0,True,2019HU0899013,6
3,40400.0,3550.0,11.380281690140846,58,54,56.0,43950.0,True,2019HU0899200,9
1,80000.0,52000.0,1.5384615384615385,36,37,36.5,132000.0,True,2019HU0901936,15
0,84000.0,47000.0,1.7872340425531914,71,71,71.0,131000.0,True,2019HU0902311,15
2,66000.0,60000.0,1.1,30,28,29.0,126000.0,True,2019HU0903286,16
2,130000.0,25000.0,5.2,50,58,54.0,155000.0,True,2019HU0903686,18
0,70000.0,45000.0,1.5555555555555556,55,53,54.0,115000.0,True,2019HU0903986,17
3,195000.0,24500.0,7.959183673469388,47,47,47.0,219500.0,True,2019HU0904055,14
1,72080.0,98300.0,1.363762486126526,45,47,46.0,170380.0,True,2019HU0904469,13
1,56000.0,57000.0,1.0178571428571428,43,40,41.5,113000.0,True,2019HU0904874,5
3,160800.0,0.0,0.0,37,45,41.0,160800.0,True,2019HU0905062,9
1,105000.0,76200.0,1.3779527559055118,57,49,53.0,181200.0,True,2019HU0905128,16
4,227500.0,0.0,0.0,68,68,68.0,227500.0,True,2019HU0905566,8
1,0.0,60000.0,0.0,28,29,28.5,60000.0,True,2019HU0906436,22
0,28380.0,75480.0,2.6596194503171247,64,58,61.0,103860.0,True,2019HU0906707,23
1,34900.0,70160.0,2.010315186246418,63,59,61.0,105060.0,False,2019HU0907718,7
0,48000.0,0.0,0.0,54,49,51.5,48000.0,True,2019HU0907734,13
2,50000.0,20000.0,2.5,21,20,20.5,70000.0,True,2019HU0907861,12
3,390000.0,102200.0,3.816046966731898,70,65,67.5,492200.0,True,2019HU0908149,17
2,45000.0,75000.0,1.6666666666666667,46,43,44.5,120000.0,False,2019HU0910186,122
0,74100.0,44800.0,1.6540178571428572,75,69,72.0,118900.0,True,2019HU0912030,23
2,100000.0,80000.0,1.25,43,43,43.0,180000.0,True,2019HU0912969,24
2,120500.0,20000.0,6.025,55,64,59.5,140500.0,True,2019HU0912995,14
0,28500.0,40400.0,1.4175438596491228,47,46,46.5,68900.0,True,2019HU0913040,41
3,18000.0,1100.0,16.363636363636363,30,30,30.0,19100.0,True,2019HU0913363,21
3,0.0,200000.0,0.0,55,57,56.0,200000.0,True,2019HU0913397,21
1,43000.0,151000.0,3.511627906976744,63,64,63.5,194000.0,True,2019HU0913648,12
0,50000.0,70000.0,1.4,49,51,50.0,120000.0,True,2019HU0913773,10
2,28000.0,18000.0,1.5555555555555556,25,23,24.0,46000.0,True,2019HU0914883,9
1,126000.0,36000.0,3.5,62,47,54.5,162000.0,True,2019HU0915942,18
1,21100.0,17700.0,1.192090395480226,59,62,60.5,38800.0,False,2019HU0915984,16
0,36000.0,73000.0,2.0277777777777777,37,47,42.0,109000.0,True,2019HU0916145,91
1,33200.0,8600.0,3.86046511627907,55,41,48.0,41800.0,True,2019HU0916661,15
1,120000.0,35000.0,3.4285714285714284,31,30,30.5,155000.0,True,2019HU0916687,6
0,7800.0,6300.0,1.2380952380952381,91,92,91.5,14100.0,True,2019HU0918000,14
0,35500.0,35500.0,1.0,50,50,50.0,71000.0,True,2019HU0918288,20
2,62000.0,18000.0,3.4444444444444446,67,69,68.0,80000.0,True,2019HU0919429,13
0,23100.0,0.0,0.0,56,58,57.0,23100.0,True,2019HU0920097,16
0,33400.0,47500.0,1.4221556886227544,65,64,64.5,80900.0,True,2019HU0920958,19
5,23000.0,1900.0,12.105263157894736,23,24,23.5,24900.0,True,2019HU0921129,23
1,75000.0,59000.0,1.271186440677966,52,50,51.0,134000.0,True,2019HU0921147,8
4,390000.0,24100.0,16.182572614107883,57,55,56.0,414100.0,True,2019HU0921199,13
2,73360.0,110000.0,1.499454743729553,48,39,43.5,183360.0,True,2019HU0921776,7
2,5100.0,44700.0,8.764705882352942,54,46,50.0,49800.0,True,2019HU0922388,4
2,97200.0,117300.0,1.2067901234567902,50,54,52.0,214500.0,True,2019HU0923404,7
2,57000.0,150000.0,2.6315789473684212,56,55,55.5,207000.0,True,2019HU0923439,13
1,18500.0,33000.0,1.7837837837837838,70,45,57.5,51500.0,True,2019HU0924197,23
0,4500.0,6000.0,1.3333333333333333,55,49,52.0,10500.0,True,2019HU0925854,7
0,22790.0,22590.0,1.008853474988933,68,75,71.5,45380.0,True,2019HU0926255,22
1,12000.0,38400.0,3.2,67,68,67.5,50400.0,True,2019HU0926360,5
0,61000.0,32900.0,1.8541033434650456,65,69,67.0,93900.0,True,2019HU0926502,7
1,20000.0,100000.0,5.0,48,44,46.0,120000.0,True,2019HU0926706,42
1,62500.0,97700.0,1.5632,73,73,73.0,160200.0,True,2019HU0928835,15
0,33100.0,48100.0,1.4531722054380665,90,95,92.5,81200.0,True,2019HU0929042,17
0,65000.0,24000.0,2.7083333333333335,54,48,51.0,89000.0,True,2019HU0929450,7
2,0.0,33300.0,0.0,29,27,28.0,33300.0,False,2019HU0930236,13
1,106500.0,80500.0,1.3229813664596273,71,79,75.0,187000.0,True,2019HU0930543,17
0,91000.0,50000.0,1.82,57,59,58.0,141000.0,True,2019HU0931278,15
1,68500.0,16800.0,4.0773809523809526,72,72,72.0,85300.0,True,2019HU0931597,8
0,43300.0,23000.0,1.882608695652174,74,63,68.5,66300.0,True,2019HU0932701,6
1,29400.0,102100.0,3.4727891156462585,72,72,72.0,131500.0,True,2019HU0932986,12
2,200700.0,44000.0,4.5613636363636365,67,68,67.5,244700.0,True,2019HU0935012,5
4,0.0,140000.0,0.0,33,50,41.5,140000.0,True,2019HU0935320,8
5,390000.0,10000.0,39.0,35,36,35.5,400000.0,True,2019HU0935475,15
3,318700.0,260000.0,1.2257692307692307,69,67,68.0,578700.0,False,2019HU0935637,14
7,4400.0,183800.0,41.77272727272727,64,65,64.5,188200.0,True,2019HU0935673,13
1,55000.0,65000.0,1.1818181818181819,47,48,47.5,120000.0,True,2019HU0935763,18
5,469700.0,15000.0,31.313333333333333,77,73,75.0,484700.0,True,2019HU0936188,13
2,0.0,36000.0,0.0,21,20,20.5,36000.0,True,2019HU0939761,15
1,96000.0,52000.0,1.8461538461538463,60,59,59.5,148000.0,True,2019HU0940369,8
5,2300.0,30000.0,13.043478260869565,28,30,29.0,32300.0,True,2019HU0940563,7
1,75000.0,24000.0,3.125,43,39,41.0,99000.0,True,2019HU0940718,11
1,21200.0,88000.0,4.150943396226415,31,30,30.5,109200.0,True,2019HU0940858,14
2,80000.0,80000.0,1.0,28,27,27.5,160000.0,True,2019HU0943179,20
0,58000.0,48000.0,1.2083333333333333,58,58,58.0,106000.0,True,2019HU0943311,9
3,65000.0,8000.0,8.125,38,51,44.5,73000.0,True,2019HU0943561,8
1,76000.0,120000.0,1.5789473684210527,58,58,58.0,196000.0,True,2019HU0944687,17
1,56000.0,85000.0,1.5178571428571428,56,61,58.5,141000.0,True,2019HU0945582,23
0,40000.0,40000.0,1.0,53,48,50.5,80000.0,True,2019HU0946050,16
2,75000.0,100000.0,1.3333333333333333,57,57,57.0,175000.0,False,2019HU0946131,15
0,49200.0,44800.0,1.0982142857142858,79,78,78.5,94000.0,True,2019HU0946917,10
5,217900.0,21100.0,10.327014218009479,60,58,59.0,239000.0,True,2019HU0947089,12
0,16220.0,7000.0,2.317142857142857,85,80,82.5,23220.0,True,2019HU0947282,22
1,58000.0,41600.0,1.3942307692307692,42,41,41.5,99600.0,True,2019HU0947320,8
3,103900.0,0.0,0.0,34,34,34.0,103900.0,True,2019HU0949541,13
2,4100.0,30000.0,7.317073170731708,31,31,31.0,34100.0,True,2019HU0950532,6
1,58100.0,57500.0,1.0104347826086957,70,69,69.5,115600.0,True,2019HU0951348,20
1,62000.0,40000.0,1.55,37,38,37.5,102000.0,True,2019HU0952402,12
3,87000.0,5100.0,17.058823529411764,53,58,55.5,92100.0,True,2019HU0953846,6
3,175000.0,70000.0,2.5,51,51,51.0,245000.0,False,2019HU0954865,14
1,35400.0,42200.0,1.192090395480226,38,38,38.0,77600.0,False,2019HU0955249,57
1,75600.0,74600.0,1.0134048257372654,85,85,85.0,150200.0,True,2019HU0955355,8
2,132000.0,24000.0,5.5,61,61,61.0,156000.0,True,2019HU0955533,49
6,122500.0,9200.0,13.315217391304348,75,71,73.0,131700.0,True,2019HU0955598,13
2,16800.0,109400.0,6.511904761904762,60,56,58.0,126200.0,True,2019HU0957316,17
0,40000.0,56000.0,1.4,41,39,40.0,96000.0,True,2019HU0957514,28
2,95000.0,110000.0,1.1578947368421053,61,53,57.0,205000.0,True,2019HU0957980,15
2,185000.0,73800.0,2.5067750677506777,57,55,56.0,258800.0,True,2019HU0958945,13
2,1000.0,10000.0,10.0,61,55,58.0,11000.0,True,2019HU0959419,8
1,126300.0,36000.0,3.5083333333333333,65,65,65.0,162300.0,True,2019HU0960600,7
1,38000.0,56400.0,1.4842105263157894,81,77,79.0,94400.0,False,2019HU0961076,10
0,44800.0,0.0,0.0,71,60,65.5,44800.0,True,2019HU0961380,19
0,80000.0,0.0,0.0,57,61,59.0,80000.0,True,2019HU0961502,14
0,12000.0,0.0,0.0,73,63,68.0,12000.0,True,2019HU0961864,31
2,70000.0,15000.0,4.666666666666667,27,28,27.5,85000.0,True,2019HU0961935,17
2,14200.0,2400.0,5.916666666666667,65,64,64.5,16600.0,True,2019HU0963204,11
0,70500.0,26000.0,2.7115384615384617,70,72,71.0,96500.0,True,2019HU0963430,4
0,65000.0,50000.0,1.3,54,54,54.0,115000.0,True,2019HU0964513,22
0,10800.0,19700.0,1.8240740740740742,77,78,77.5,30500.0,True,2019HU0964859,6
1,76000.0,100000.0,1.3157894736842106,52,52,52.0,176000.0,True,2019HU0965091,25
1,71200.0,52000.0,1.3692307692307693,59,61,60.0,123200.0,True,2019HU0965779,27
0,15900.0,8900.0,1.7865168539325842,72,66,69.0,24800.0,True,2019HU0965821,11
1,46000.0,94000.0,2.0434782608695654,43,42,42.5,140000.0,False,2019HU0965884,11
1,70000.0,110000.0,1.5714285714285714,54,55,54.5,180000.0,True,2019HU0966884,13
2,98000.0,12000.0,8.166666666666666,50,52,51.0,110000.0,True,2019HU0967705,13
1,113000.0,24600.0,4.59349593495935,54,53,53.5,137600.0,True,2019HU0970969,21
0,46100.0,49700.0,1.0780911062906724,44,47,45.5,95800.0,True,2019HU0974270,18
1,23000.0,0.0,0.0,58,55,56.5,23000.0,False,2019HU0974774,22
0,60000.0,36500.0,1.643835616438356,69,68,68.5,96500.0,True,2019HU0974789,24
1,63000.0,80000.0,1.2698412698412698,40,49,44.5,143000.0,True,2019HU0975491,14
5,318400.0,18000.0,17.68888888888889,56,41,48.5,336400.0,True,2019HU0975775,5
0,62000.0,46300.0,1.3390928725701945,80,71,75.5,108300.0,True,2019HU0975906,3
1,41600.0,12000.0,3.466666666666667,82,83,82.5,53600.0,True,2019HU0975968,10
1,70000.0,102000.0,1.457142857142857,57,62,59.5,172000.0,True,2019HU0975971,14
3,66600.0,250000.0,3.7537537537537538,80,82,81.0,316600.0,True,2019HU0976094,17
0,19200.0,56800.0,2.9583333333333335,67,76,71.5,76000.0,True,2019HU0976377,24
1,73000.0,60500.0,1.2066115702479339,32,33,32.5,133500.0,True,2019HU0977268,12
0,41280.0,58400.0,1.4147286821705427,70,71,70.5,99680.0,True,2019HU0977504,12
0,32600.0,48000.0,1.4723926380368098,40,39,39.5,80600.0,True,2019HU0978558,32
0,0.0,68400.0,0.0,47,59,53.0,68400.0,True,2019HU0978583,11
2,33780.0,60000.0,1.7761989342806395,22,25,23.5,93780.0,True,2019HU0978813,21
0,38000.0,51600.0,1.3578947368421053,55,66,60.5,89600.0,True,2019HU0979800,13
0,30000.0,42000.0,1.4,52,59,55.5,72000.0,True,2019HU0980015,6
0,60050.0,30010.0,2.0009996667777408,62,63,62.5,90060.0,True,2019HU0980272,11
1,51400.0,72900.0,1.4182879377431907,62,61,61.5,124300.0,True,2019HU0980789,15
7,2100.0,122100.0,58.142857142857146,32,35,33.5,124200.0,True,2019HU0981123,44
0,31700.0,0.0,0.0,62,53,57.5,31700.0,True,2019HU0981352,48
1,54500.0,11000.0,4.954545454545454,67,64,65.5,65500.0,True,2019HU0981660,30
1,71100.0,66700.0,1.065967016491754,69,66,67.5,137800.0,True,2019HU0981875,13
9,284000.0,600.0,473.3333333333333,81,62,71.5,284600.0,True,2019HU0982050,26
1,89000.0,65000.0,1.3692307692307693,50,40,45.0,154000.0,True,2019HU0982843,8
0,54600.0,39500.0,1.3822784810126583,68,62,65.0,94100.0,True,2019HU0982899,16
0,32400.0,14700.0,2.204081632653061,87,88,87.5,47100.0,True,2019HU0983777,29
3,190000.0,0.0,0.0,48,42,45.0,190000.0,True,2019HU0984976,17
0,53500.0,22500.0,2.3777777777777778,86,91,88.5,76000.0,True,2019HU0986110,13
0,94500.0,0.0,0.0,36,31,33.5,94500.0,True,2019HU0986241,14
2,95000.0,135000.0,1.4210526315789473,47,54,50.5,230000.0,True,2019HU0986604,30
2,56400.0,40000.0,1.41,76,50,63.0,96400.0,False,2019HU0987150,25
3,68000.0,10000.0,6.8,59,57,58.0,78000.0,True,2019HU0987152,14
1,80100.0,118000.0,1.4731585518102372,44,37,40.5,198100.0,True,2019HU0987378,22
0,19300.0,16700.0,1.155688622754491,73,76,74.5,36000.0,True,2019HU0987871,14
1,11500.0,8500.0,1.3529411764705883,77,57,67.0,20000.0,True,2019HU0988708,23
0,44600.0,38100.0,1.1706036745406825,76,76,76.0,82700.0,True,2019HU0988767,19
3,10000.0,55000.0,5.5,24,28,26.0,65000.0,True,2019HU0988939,39
1,8400.0,28000.0,3.3333333333333335,42,33,37.5,36400.0,True,2019HU0989218,41
0,100000.0,0.0,0.0,35,35,35.0,100000.0,True,2019HU0989479,11
0,0.0,100000.0,0.0,29,31,30.0,100000.0,True,2019HU0989918,24
4,1100.0,70000.0,63.63636363636363,33,35,34.0,71100.0,True,2019HU0990295,24
0,58700.0,38200.0,1.536649214659686,50,53,51.5,96900.0,True,2019HU0990410,35
1,30000.0,9600.0,3.125,43,47,45.0,39600.0,True,2019HU0990794,28
1,125000.0,72000.0,1.7361111111111112,53,55,54.0,197000.0,True,2019HU0990892,7
3,87000.0,16000.0,5.4375,49,31,40.0,103000.0,True,2019HU0991339,12
6,107350.0,9100.0,11.796703296703297,56,67,61.5,116450.0,True,2019HU0992630,11
1,120000.0,72000.0,1.6666666666666667,41,39,40.0,192000.0,True,2019HU0995754,5
2,65000.0,140000.0,2.1538461538461537,42,52,47.0,205000.0,True,2019HU0997495,29
1,71000.0,95000.0,1.3380281690140845,66,67,66.5,166000.0,True,2019HU0998070,11
1,85900.0,68000.0,1.263235294117647,38,38,38.0,153900.0,True,2019HU0998229,12
1,107000.0,54800.0,1.9525547445255473,55,57,56.0,161800.0,True,2019HU0999426,15
0,0.0,50000.0,0.0,33,30,31.5,50000.0,True,2019HU0999829,32
4,26100.0,390000.0,14.942528735632184,30,39,34.5,416100.0,True,2019HU1001119,10
3,80000.0,15000.0,5.333333333333333,56,52,54.0,95000.0,False,2019HU1001172,3
0,95700.0,41900.0,2.2840095465393793,61,47,54.0,137600.0,True,2019HU1001335,8
0,27000.0,61400.0,2.274074074074074,69,70,69.5,88400.0,True,2019HU1001548,14
2,24000.0,56000.0,2.3333333333333335,28,27,27.5,80000.0,True,2019HU1001870,15
2,7300.0,9600.0,1.3150684931506849,20,19,19.5,16900.0,True,2019HU1001900,8
0,82620.0,34800.0,2.3741379310344826,71,71,71.0,117420.0,True,2019HU1002002,15
2,71600.0,7200.0,9.944444444444445,56,59,57.5,78800.0,True,2019HU1002890,10
0,53000.0,0.0,0.0,34,37,35.5,53000.0,True,2019HU1003165,33
0,30000.0,60000.0,2.0,29,34,31.5,90000.0,True,2019HU1003428,33
2,42650.0,5100.0,8.362745098039216,87,81,84.0,47750.0,True,2019HU1003883,9
3,15000.0,173000.0,11.533333333333333,41,42,41.5,188000.0,True,2019HU1004769,6
1,70000.0,65000.0,1.0769230769230769,46,47,46.5,135000.0,True,2019HU1004794,5
0,85000.0,0.0,0.0,47,36,41.5,85000.0,True,2019HU1005584,54
2,100000.0,15000.0,6.666666666666667,56,54,55.0,115000.0,True,2019HU1005887,17
5,63600.0,390000.0,6.132075471698113,37,35,36.0,453600.0,True,2019HU1006081,14
1,47000.0,60000.0,1.2765957446808511,53,55,54.0,107000.0,True,2019HU1006142,11
8,215000.0,1200.0,179.16666666666666,57,56,56.5,216200.0,True,2019HU1006458,15
0,33000.0,11700.0,2.8205128205128207,56,55,55.5,44700.0,True,2019HU1006487,16
0,35000.0,0.0,0.0,52,58,55.0,35000.0,True,2019HU1006813,33
0,38000.0,40000.0,1.0526315789473684,32,42,37.0,78000.0,True,2019HU1006949,3
0,25800.0,17580.0,1.4675767918088738,77,81,79.0,43380.0,True,2019HU1006961,60
0,35000.0,37400.0,1.0685714285714285,60,59,59.5,72400.0,True,2019HU1007626,15
1,70000.0,65000.0,1.0769230769230769,40,35,37.5,135000.0,True,2019HU1008317,55
1,46000.0,12000.0,3.8333333333333335,56,55,55.5,58000.0,True,2019HU1008777,67
0,0.0,0.0,0.0,31,42,36.5,0.0,True,2019HU1008802,23
0,20100.0,28800.0,1.4328358208955223,86,76,81.0,48900.0,True,2019HU1008943,3
2,60000.0,75000.0,1.25,44,44,44.0,135000.0,True,2019HU1009403,10
2,64400.0,140000.0,2.1739130434782608,51,52,51.5,204400.0,True,2019HU1009493,8
0,85000.0,50000.0,1.7,41,40,40.5,135000.0,True,2019HU1009979,12
2,9100.0,48000.0,5.274725274725275,55,60,57.5,57100.0,True,2019HU1010377,14
0,44200.0,27400.0,1.6131386861313868,74,69,71.5,71600.0,True,2019HU1010423,16
0,34000.0,60000.0,1.7647058823529411,48,52,50.0,94000.0,True,2019HU1010829,35
0,50000.0,40000.0,1.25,53,55,54.0,90000.0,True,2019HU1010912,8
1,89400.0,60000.0,1.49,62,62,62.0,149400.0,True,2019HU1011085,20
0,0.0,0.0,0.0,58,65,61.5,0.0,True,2019HU1011413,19
1,65000.0,45500.0,1.4285714285714286,83,80,81.5,110500.0,True,2019HU1011858,17
2,89700.0,13900.0,6.453237410071942,76,75,75.5,103600.0,True,2019HU1012428,2
2,70000.0,10300.0,6.796116504854369,61,72,66.5,80300.0,True,2019HU1013116,19
1,57000.0,14100.0,4.042553191489362,50,50,50.0,71100.0,True,2019HU1013301,38
4,100.0,30850.0,308.5,76,78,77.0,30950.0,True,2019HU1013606,60
1,72500.0,100000.0,1.3793103448275863,68,63,65.5,172500.0,True,2019HU1013770,12
1,44500.0,13000.0,3.423076923076923,53,53,53.0,57500.0,True,2019HU1015352,8
1,60000.0,60000.0,1.0,35,35,35.0,120000.0,True,2019HU1015938,20
3,200000.0,25000.0,8.0,44,45,44.5,225000.0,True,2019HU1016261,16
1,84200.0,63300.0,1.330173775671406,83,77,80.0,147500.0,True,2019HU1016307,14
1,10800.0,50400.0,4.666666666666667,81,77,79.0,61200.0,True,2019HU1017503,20
2,64000.0,9600.0,6.666666666666667,69,71,70.0,73600.0,True,2019HU1017878,12
0,40000.0,22000.0,1.8181818181818181,34,35,34.5,62000.0,True,2019HU1018235,14
0,14600.0,29000.0,1.9863013698630136,64,61,62.5,43600.0,True,2019HU1018432,17
0,58000.0,26000.0,2.230769230769231,39,39,39.0,84000.0,True,2019HU1018577,13
0,17400.0,10800.0,1.6111111111111112,51,51,51.0,28200.0,True,2019HU1019122,12
0,30000.0,68400.0,2.28,57,66,61.5,98400.0,True,2019HU1019726,3
1,46600.0,31900.0,1.4608150470219436,60,59,59.5,78500.0,True,2019HU1019740,15
1,42200.0,42000.0,1.0047619047619047,78,46,62.0,84200.0,True,2019HU1020318,24
2,260000.0,390000.0,1.5,45,48,46.5,650000.0,True,2019HU1020330,23
0,100000.0,50000.0,2.0,39,42,40.5,150000.0,True,2019HU1020562,4
2,114400.0,13100.0,8.732824427480915,89,90,89.5,127500.0,True,2019HU1020958,16
1,96000.0,29400.0,3.2653061224489797,45,38,41.5,125400.0,True,2019HU1021579,23
4,710500.0,121000.0,5.871900826446281,47,42,44.5,831500.0,True,2019HU1023078,23
2,24000.0,133000.0,5.541666666666667,35,35,35.0,157000.0,True,2019HU1023727,16
1,15000.0,0.0,0.0,24,26,25.0,15000.0,True,2019HU1025255,15
3,34500.0,283700.0,8.223188405797101,70,73,71.5,318200.0,True,2019HU1025499,15
1,121000.0,32600.0,3.7116564417177913,46,45,45.5,153600.0,True,2019HU1026687,12
0,46600.0,81600.0,1.7510729613733906,65,68,66.5,128200.0,True,2019HU1026823,4
2,22100.0,173200.0,7.83710407239819,65,65,65.0,195300.0,True,2019HU1027221,10
0,21440.0,36000.0,1.6791044776119404,69,64,66.5,57440.0,True,2019HU1027409,2
0,48000.0,90000.0,1.875,56,63,59.5,138000.0,True,2019HU1027973,29
3,111000.0,0.0,0.0,58,59,58.5,111000.0,True,2019HU1029581,11
1,85000.0,38000.0,2.236842105263158,42,39,40.5,123000.0,True,2019HU1029828,11
2,45000.0,175000.0,3.888888888888889,53,52,52.5,220000.0,True,2019HU1030058,38
0,37000.0,88000.0,2.3783783783783785,59,60,59.5,125000.0,True,2019HU1031487,3
0,50000.0,60000.0,1.2,69,61,65.0,110000.0,True,2019HU1031893,23
0,41000.0,50000.0,1.2195121951219512,56,55,55.5,91000.0,True,2019HU1032574,8
0,20000.0,8600.0,2.3255813953488373,71,65,68.0,28600.0,True,2019HU1034603,5
2,75000.0,10000.0,7.5,59,50,54.5,85000.0,True,2019HU1034629,11
0,44100.0,111200.0,2.5215419501133787,49,61,55.0,155300.0,True,2019HU1035268,15
0,28000.0,75000.0,2.6785714285714284,52,52,52.0,103000.0,True,2019HU1036251,2
0,57600.0,25000.0,2.304,62,52,57.0,82600.0,True,2019HU1037646,16
0,70000.0,0.0,0.0,56,54,55.0,70000.0,True,2019HU1037764,10
0,34800.0,96000.0,2.7586206896551726,35,39,37.0,130800.0,True,2019HU1037939,5
3,85000.0,6000.0,14.166666666666666,63,61,62.0,91000.0,True,2019HU1038663,15
0,45600.0,46000.0,1.0087719298245614,58,49,53.5,91600.0,True,2019HU1038822,49
2,168000.0,20000.0,8.4,65,66,65.5,188000.0,True,2019HU1039492,11
1,8900.0,33400.0,3.752808988764045,73,80,76.5,42300.0,True,2019HU1039531,6
1,6300.0,24800.0,3.9365079365079363,66,67,66.5,31100.0,True,2019HU1040604,29
4,313000.0,0.0,0.0,71,61,66.0,313000.0,True,2019HU1040757,5
0,18000.0,16800.0,1.0714285714285714,54,68,61.0,34800.0,True,2019HU1041323,39
3,96000.0,8000.0,12.0,76,77,76.5,104000.0,True,2019HU1041727,9
0,80000.0,30000.0,2.6666666666666665,55,56,55.5,110000.0,True,2019HU1041899,3
0,40000.0,0.0,0.0,34,36,35.0,40000.0,True,2019HU1043052,11
0,30000.0,16000.0,1.875,62,55,58.5,46000.0,True,2019HU1044234,15
1,128000.0,40000.0,3.2,32,33,32.5,168000.0,True,2019HU1044309,33
0,0.0,31000.0,0.0,65,64,64.5,31000.0,True,2019HU1044881,15
3,31800.0,207000.0,6.509433962264151,65,62,63.5,238800.0,True,2019HU1045179,26
8,4000.0,102300.0,25.575,48,46,47.0,106300.0,True,2019HU1045452,35
0,39000.0,36000.0,1.0833333333333333,62,66,64.0,75000.0,True,2019HU1045483,8
0,50000.0,20000.0,2.5,34,32,33.0,70000.0,True,2019HU1045903,2
0,0.0,33200.0,0.0,30,35,32.5,33200.0,True,2019HU1046425,27
2,125000.0,75200.0,1.6622340425531914,47,47,47.0,200200.0,True,2019HU1046875,23
1,117000.0,56000.0,2.0892857142857144,57,54,55.5,173000.0,True,2019HU1047021,9
3,63000.0,5000.0,12.6,47,47,47.0,68000.0,True,2019HU1047364,21
2,51300.0,6300.0,8.142857142857142,67,67,67.0,57600.0,True,2019HU1047552,6
4,270.0,42800.0,158.5185185185185,82,76,79.0,43070.0,True,2019HU1047700,8
1,151020.0,38000.0,3.9742105263157894,70,58,64.0,189020.0,True,2019HU1048002,2
2,61000.0,51000.0,1.196078431372549,63,80,71.5,112000.0,True,2019HU1048770,13
2,12000.0,30000.0,2.5,20,19,19.5,42000.0,True,2019HU1048881,18
3,175000.0,51000.0,3.4313725490196076,69,64,66.5,226000.0,True,2019HU1048919,10
8,271200.0,3300.0,82.18181818181819,86,78,82.0,274500.0,True,2019HU1049062,5
0,5000.0,5000.0,1.0,59,59,59.0,10000.0,True,2019HU1051125,14
2,50000.0,10000.0,5.0,44,27,35.5,60000.0,True,2019HU1051428,9
1,67500.0,60000.0,1.125,68,63,65.5,127500.0,True,2019HU1052223,23
0,59300.0,23100.0,2.567099567099567,65,70,67.5,82400.0,True,2019HU1052665,22
2,8700.0,64000.0,7.35632183908046,59,58,58.5,72700.0,True,2019HU1052903,2
0,9000.0,7000.0,1.2857142857142858,60,67,63.5,16000.0,True,2019HU1053555,18
0,20310.0,12300.0,1.6512195121951219,72,73,72.5,32610.0,True,2019HU1053864,41
1,90000.0,0.0,0.0,36,54,45.0,90000.0,True,2019HU1054378,60
1,110000.0,25000.0,4.4,46,36,41.0,135000.0,True,2019HU1055451,8
1,85500.0,58000.0,1.4741379310344827,76,73,74.5,143500.0,True,2019HU1055726,8
1,21600.0,24000.0,1.1111111111111112,74,58,66.0,45600.0,True,2019HU1055878,31
3,171900.0,32000.0,5.371875,57,52,54.5,203900.0,True,2019HU1056497,43
0,29200.0,20000.0,1.46,66,67,66.5,49200.0,True,2019HU1057586,45
7,61800.0,3000.0,20.6,49,82,65.5,64800.0,False,2019HU1059038,13
0,44900.0,55000.0,1.2249443207126949,54,54,54.0,99900.0,True,2019HU1059238,9
2,47200.0,4900.0,9.63265306122449,31,40,35.5,52100.0,True,2019HU1059516,6
0,30750.0,23020.0,1.3357949609035622,82,78,80.0,53770.0,True,2019HU1059899,2
1,60000.0,0.0,0.0,39,38,38.5,60000.0,False,2019HU1060098,13
2,120000.0,72000.0,1.6666666666666667,61,56,58.5,192000.0,True,2019HU1060781,14
0,23500.0,21100.0,1.113744075829384,60,61,60.5,44600.0,True,2019HU1061263,2
1,90900.0,68000.0,1.3367647058823529,67,68,67.5,158900.0,True,2019HU1061283,22
1,62000.0,87000.0,1.403225806451613,50,42,46.0,149000.0,True,2019HU1061312,15
3,222200.0,64900.0,3.4237288135593222,73,72,72.5,287100.0,True,2019HU1061355,16
2,107000.0,198000.0,1.8504672897196262,75,73,74.0,305000.0,True,2019HU1061889,10
1,16000.0,10400.0,1.5384615384615385,68,66,67.0,26400.0,True,2019HU1062144,7
0,70400.0,35000.0,2.0114285714285716,64,60,62.0,105400.0,True,2019HU1062160,26
0,65000.0,45000.0,1.4444444444444444,63,63,63.0,110000.0,True,2019HU1062343,18
1,98000.0,45000.0,2.1777777777777776,31,29,30.0,143000.0,True,2019HU1062441,23
0,51000.0,45000.0,1.1333333333333333,32,30,31.0,96000.0,True,2019HU1063675,22
0,0.0,66000.0,0.0,65,69,67.0,66000.0,True,2019HU1064262,16
1,120000.0,30000.0,4.0,41,56,48.5,150000.0,True,2019HU1065254,20
2,20600.0,154500.0,7.5,70,73,71.5,175100.0,True,2019HU1065282,8
0,22000.0,25000.0,1.1363636363636365,69,60,64.5,47000.0,True,2019HU1065303,34
0,64500.0,35000.0,1.8428571428571427,80,83,81.5,99500.0,True,2019HU1065445,15
0,48000.0,70000.0,1.4583333333333333,48,55,51.5,118000.0,True,2019HU1065630,11
1,100000.0,80000.0,1.25,43,39,41.0,180000.0,True,2019HU1066060,30
0,28000.0,48000.0,1.7142857142857142,45,48,46.5,76000.0,True,2019HU1066485,15
1,22900.0,71500.0,3.1222707423580784,67,67,67.0,94400.0,True,2019HU1066731,24
2,51600.0,111000.0,2.1511627906976742,49,46,47.5,162600.0,False,2019HU1066917,112
0,18800.0,7900.0,2.3797468354430378,86,82,84.0,26700.0,True,2019HU1067710,13
0,85300.0,47700.0,1.7882599580712788,53,58,55.5,133000.0,True,2019HU1067823,20
0,22000.0,53000.0,2.409090909090909,56,57,56.5,75000.0,True,2019HU1068077,21
2,99000.0,115000.0,1.1616161616161615,53,54,53.5,214000.0,True,2019HU1069279,13
2,200000.0,68000.0,2.9411764705882355,33,33,33.0,268000.0,True,2019HU1069493,9
0,19600.0,8900.0,2.202247191011236,69,69,69.0,28500.0,True,2019HU1070333,4
1,115000.0,65000.0,1.7692307692307692,70,65,67.5,180000.0,True,2019HU1070712,11
2,150000.0,150000.0,1.0,55,58,56.5,300000.0,True,2019HU1071213,4
0,20000.0,60000.0,3.0,33,30,31.5,80000.0,True,2019HU1071782,84
2,105610.0,11000.0,9.600909090909092,64,72,68.0,116610.0,True,2019HU1072121,11
0,26000.0,30000.0,1.1538461538461537,60,62,61.0,56000.0,True,2019HU1072498,8
1,75150.0,70250.0,1.0697508896797152,39,44,41.5,145400.0,True,2019HU1075124,36
0,29800.0,0.0,0.0,70,59,64.5,29800.0,True,2019HU1075341,4
1,45700.0,31100.0,1.4694533762057878,76,55,65.5,76800.0,True,2019HU1077137,12
1,83600.0,36700.0,2.2779291553133514,66,66,66.0,120300.0,True,2019HU1077333,8
1,134000.0,40000.0,3.35,39,45,42.0,174000.0,True,2019HU1078435,5
1,13600.0,50900.0,3.7426470588235294,30,31,30.5,64500.0,True,2019HU1078690,14
0,50000.0,110000.0,2.2,53,51,52.0,160000.0,True,2019HU1078940,11
0,60000.0,25000.0,2.4,49,52,50.5,85000.0,True,2019HU1079821,23
1,31000.0,24000.0,1.2916666666666667,52,43,47.5,55000.0,True,2019HU1080611,12
4,92500.0,510000.0,5.513513513513513,60,60,60.0,602500.0,True,2019HU1080987,16
1,45300.0,55000.0,1.2141280353200883,26,27,26.5,100300.0,True,2019HU1081334,22
4,0.0,390000.0,0.0,55,54,54.5,390000.0,True,2019HU1081394,16
0,36000.0,73700.0,2.047222222222222,62,54,58.0,109700.0,True,2019HU1082197,15
0,25000.0,0.0,0.0,42,32,37.0,25000.0,True,2019HU1082476,18
0,65000.0,45000.0,1.4444444444444444,59,58,58.5,110000.0,True,2019HU1085251,16
1,61000.0,92000.0,1.5081967213114753,71,72,71.5,153000.0,True,2019HU1086657,8
3,120000.0,0.0,0.0,44,44,44.0,120000.0,True,2019HU1087544,15
1,65000.0,98300.0,1.5123076923076924,50,53,51.5,163300.0,True,2019HU1089878,64
2,160000.0,55000.0,2.909090909090909,38,39,38.5,215000.0,True,2019HU1089971,28
2,30000.0,13000.0,2.3076923076923075,24,21,22.5,43000.0,True,2019HU1090118,14
2,151000.0,30000.0,5.033333333333333,38,37,37.5,181000.0,True,2019HU1092073,37
2,100000.0,19600.0,5.1020408163265305,47,41,44.0,119600.0,True,2019HU1092461,10
3,164600.0,11000.0,14.963636363636363,72,73,72.5,175600.0,True,2019HU1094193,14
4,402000.0,-2800.0,0.0,32,30,31.0,399200.0,True,2019HU1094707,26
2,77000.0,24400.0,3.1557377049180326,64,63,63.5,101400.0,False,2019HU1094845,6
0,30000.0,61500.0,2.05,64,69,66.5,91500.0,True,2019HU1094994,1
0,6100.0,13500.0,2.2131147540983607,77,81,79.0,19600.0,True,2019HU1096105,12
0,40000.0,39800.0,1.0050251256281406,65,72,68.5,79800.0,True,2019HU1096443,6
0,5680.0,5200.0,1.0923076923076922,58,59,58.5,10880.0,True,2019HU1096746,8
2,75000.0,60000.0,1.25,29,29,29.0,135000.0,True,2019HU1096856,21
0,36900.0,0.0,0.0,32,28,30.0,36900.0,True,2019HU1097953,4
0,46000.0,24800.0,1.8548387096774193,63,66,64.5,70800.0,True,2019HU1097995,13
2,151000.0,156600.0,1.0370860927152319,61,62,61.5,307600.0,True,2019HU1098176,29
4,388300.0,0.0,0.0,61,59,60.0,388300.0,True,2019HU1098273,13
0,100000.0,41000.0,2.4390243902439024,36,44,40.0,141000.0,True,2019HU1099486,32
0,70000.0,50000.0,1.4,37,34,35.5,120000.0,True,2019HU1101535,23
0,10800.0,9800.0,1.1020408163265305,59,58,58.5,20600.0,True,2019HU1102711,20
0,46000.0,25000.0,1.84,63,64,63.5,71000.0,True,2019HU1103053,45
1,23200.0,42000.0,1.8103448275862069,69,44,56.5,65200.0,True,2019HU1103410,21
1,37000.0,11000.0,3.3636363636363638,66,65,65.5,48000.0,True,2019HU1103624,12
0,16800.0,48000.0,2.857142857142857,42,44,43.0,64800.0,True,2019HU1104047,50
1,36000.0,28000.0,1.2857142857142858,88,61,74.5,64000.0,True,2019HU1104778,6
3,4600.0,70000.0,15.217391304347826,69,57,63.0,74600.0,True,2019HU1105770,17
1,42000.0,50000.0,1.1904761904761905,26,29,27.5,92000.0,True,2019HU1106080,59
7,156000.0,3100.0,50.32258064516129,42,44,43.0,159100.0,True,2019HU1106520,19
2,128000.0,108200.0,1.1829944547134936,66,72,69.0,236200.0,True,2019HU1106600,27
6,151000.0,9400.0,16.06382978723404,67,64,65.5,160400.0,True,2019HU1107086,13
0,21800.0,35000.0,1.6055045871559632,68,56,62.0,56800.0,True,2019HU1107471,6
2,77100.0,10000.0,7.71,75,61,68.0,87100.0,True,2019HU1107526,19
2,20000.0,110000.0,5.5,35,37,36.0,130000.0,True,2019HU1107536,16
2,200000.0,90000.0,2.2222222222222223,36,41,38.5,290000.0,True,2019HU1107668,16
1,18000.0,36000.0,2.0,35,34,34.5,54000.0,True,2019HU1108438,5
1,74000.0,83000.0,1.1216216216216217,35,33,34.0,157000.0,True,2019HU1108489,15
0,40000.0,95000.0,2.375,59,60,59.5,135000.0,True,2019HU1108532,13
1,19000.0,81000.0,4.2631578947368425,56,55,55.5,100000.0,True,2019HU1109379,3
7,150000.0,7000.0,21.428571428571427,65,58,61.5,157000.0,True,2019HU1109619,11
4,900.0,65010.0,72.23333333333333,43,51,47.0,65910.0,True,2019HU1109756,25
0,71800.0,40100.0,1.7905236907730673,78,71,74.5,111900.0,True,2019HU1109839,12
2,160000.0,18000.0,8.88888888888889,68,62,65.0,178000.0,True,2019HU1110125,19
1,105000.0,22500.0,4.666666666666667,92,91,91.5,127500.0,True,2019HU1110800,7
0,60000.0,0.0,0.0,31,29,30.0,60000.0,True,2019HU1111072,12
2,12120.0,95000.0,7.838283828382838,64,63,63.5,107120.0,True,2019HU1112080,22
0,80000.0,0.0,0.0,63,56,59.5,80000.0,True,2019HU1113291,20
2,49000.0,6000.0,8.166666666666666,34,26,30.0,55000.0,True,2019HU1113491,60
4,72000.0,2400.0,30.0,63,62,62.5,74400.0,True,2019HU1114261,3
2,81600.0,12000.0,6.8,91,89,90.0,93600.0,True,2019HU1115051,18
0,25710.0,54000.0,2.100350058343057,63,56,59.5,79710.0,True,2019HU1115073,45
3,0.0,135000.0,0.0,63,59,61.0,135000.0,True,2019HU1115217,15
2,52000.0,105000.0,2.019230769230769,43,44,43.5,157000.0,True,2019HU1116038,14
1,118000.0,24000.0,4.916666666666667,47,45,46.0,142000.0,True,2019HU1116633,10
0,39600.0,20400.0,1.9411764705882353,74,76,75.0,60000.0,True,2019HU1117033,14
0,72800.0,0.0,0.0,32,31,31.5,72800.0,True,2019HU1118462,18
0,12000.0,18000.0,1.5,62,66,64.0,30000.0,True,2019HU1118628,19
3,120000.0,0.0,0.0,50,46,48.0,120000.0,True,2019HU1119788,16
1,76000.0,90000.0,1.1842105263157894,40,38,39.0,166000.0,True,2019HU1119872,5
0,66700.0,0.0,0.0,57,60,58.5,66700.0,True,2019HU1121156,19
0,70000.0,50000.0,1.4,32,32,32.0,120000.0,True,2019HU1121247,11
2,60600.0,58000.0,1.0448275862068965,38,41,39.5,118600.0,True,2019HU1121370,14
0,52300.0,31000.0,1.6870967741935483,82,68,75.0,83300.0,True,2019HU1121555,18
1,50000.0,42000.0,1.1904761904761905,36,35,35.5,92000.0,False,2019HU1121845,8
1,3600.0,15600.0,4.333333333333333,65,69,67.0,19200.0,True,2019HU1122167,33
0,80000.0,43000.0,1.8604651162790697,37,39,38.0,123000.0,True,2019HU1122461,22
2,55000.0,55000.0,1.0,28,29,28.5,110000.0,True,2019HU1123471,25
1,65000.0,65000.0,1.0,64,57,60.5,130000.0,True,2019HU1124684,12
1,74000.0,75000.0,1.0135135135135136,44,43,43.5,149000.0,True,2019HU1124900,57
0,27500.0,43200.0,1.5709090909090908,73,77,75.0,70700.0,True,2019HU1125956,18
1,30000.0,0.0,0.0,30,28,29.0,30000.0,True,2019HU1126091,7
1,40000.0,19800.0,2.0202020202020203,57,52,54.5,59800.0,True,2019HU1126257,19
0,12020.0,13610.0,1.132279534109817,62,62,62.0,25630.0,True,2019HU1126805,6
0,40000.0,40000.0,1.0,36,36,36.0,80000.0,True,2019HU1126812,30
2,30900.0,100020.0,3.236893203883495,40,37,38.5,130920.0,False,2019HU1126922,21
1,40000.0,40000.0,1.0,30,28,29.0,80000.0,True,2019HU1126946,14
1,86200.0,23800.0,3.6218487394957983,69,64,66.5,110000.0,True,2019HU1126967,4
0,45700.0,114900.0,2.5142231947483586,71,79,75.0,160600.0,True,2019HU1127120,5
1,25000.0,43900.0,1.756,51,50,50.5,68900.0,True,2019HU1127791,4
1,79000.0,21100.0,3.744075829383886,65,70,67.5,100100.0,True,2019HU1128097,12
0,55000.0,36000.0,1.5277777777777777,62,62,62.0,91000.0,True,2019HU1128735,13
1,66000.0,100000.0,1.5151515151515151,37,36,36.5,166000.0,True,2019HU1129305,26
1,12500.0,39000.0,3.12,63,65,64.0,51500.0,True,2019HU1129505,5
4,130000.0,0.0,0.0,30,28,29.0,130000.0,True,2019HU1130138,7
2,5700.0,44700.0,7.842105263157895,40,36,38.0,50400.0,True,2019HU1130386,20
4,90.0,80000.0,888.8888888888889,55,55,55.0,80090.0,True,2019HU1131358,12
1,151000.0,35500.0,4.253521126760563,58,58,58.0,186500.0,True,2019HU1131395,16
0,13100.0,10900.0,1.201834862385321,57,56,56.5,24000.0,True,2019HU1131454,5
1,67000.0,110000.0,1.6417910447761195,38,41,39.5,177000.0,True,2019HU1131628,49
1,115000.0,70000.0,1.6428571428571428,42,44,43.0,185000.0,True,2019HU1131777,16
3,123000.0,0.0,0.0,34,30,32.0,123000.0,True,2019HU1131955,20
0,34500.0,21100.0,1.6350710900473933,52,59,55.5,55600.0,True,2019HU1133673,18
0,40000.0,80000.0,2.0,42,39,40.5,120000.0,True,2019HU1134019,7
5,250700.0,23300.0,10.759656652360515,55,59,57.0,274000.0,True,2019HU1134478,8
0,50800.0,24100.0,2.107883817427386,68,65,66.5,74900.0,True,2019HU1136134,9
2,110000.0,120000.0,1.0909090909090908,49,49,49.0,230000.0,True,2019HU1140618,35
2,4900.0,45000.0,9.183673469387756,38,36,37.0,49900.0,True,2019HU1141603,13
3,22050.0,3200.0,6.890625,85,69,77.0,25250.0,True,2019HU1141891,17
1,61400.0,87600.0,1.4267100977198697,78,78,78.0,149000.0,True,2019HU1143614,54
0,75500.0,39400.0,1.916243654822335,68,66,67.0,114900.0,True,2019HU1144296,12
0,32050.0,36050.0,1.1248049921996879,63,61,62.0,68100.0,True,2019HU1144830,5
0,41800.0,16400.0,2.548780487804878,84,71,77.5,58200.0,True,2019HU1145992,90
2,40000.0,0.0,0.0,23,24,23.5,40000.0,True,2019HU1146274,9
4,70100.0,390000.0,5.563480741797433,53,52,52.5,460100.0,True,2019HU1147142,33
1,146000.0,36000.0,4.055555555555555,62,61,61.5,182000.0,True,2019HU1148641,5
4,176200.0,10800.0,16.314814814814813,85,74,79.5,187000.0,False,2019HU1148675,21
0,150000.0,50000.0,3.0,52,57,54.5,200000.0,True,2019HU1148740,16
0,36000.0,39000.0,1.0833333333333333,40,34,37.0,75000.0,True,2019HU1148804,21
3,95400.0,146800.0,1.5387840670859538,55,48,51.5,242200.0,True,2019HU1149724,15
2,5000.0,50000.0,10.0,39,42,40.5,55000.0,True,2019HU1150336,8
1,35000.0,17000.0,2.0588235294117645,26,25,25.5,52000.0,True,2019HU1151204,22
0,66000.0,44000.0,1.5,49,48,48.5,110000.0,True,2019HU1151949,16
0,46500.0,20400.0,2.2794117647058822,66,66,66.0,66900.0,True,2019HU1152189,18
2,20000.0,108000.0,5.4,36,39,37.5,128000.0,True,2019HU1152403,30
7,120080.0,6000.0,20.013333333333332,49,47,48.0,126080.0,True,2019HU1152876,84
3,158600.0,0.0,0.0,54,54,54.0,158600.0,True,2019HU1154009,20
2,85000.0,120000.0,1.411764705882353,61,59,60.0,205000.0,True,2019HU1154474,9
1,74500.0,80000.0,1.0738255033557047,66,60,63.0,154500.0,True,2019HU1154495,27
0,50000.0,30000.0,1.6666666666666667,52,49,50.5,80000.0,True,2019HU1155880,33
1,8790.0,4100.0,2.1439024390243904,69,66,67.5,12890.0,False,2019HU1156477,26
1,107020.0,80000.0,1.33775,34,37,35.5,187020.0,True,2019HU1156742,10
0,24000.0,32000.0,1.3333333333333333,50,54,52.0,56000.0,True,2019HU1156963,24
1,108000.0,63000.0,1.7142857142857142,62,64,63.0,171000.0,True,2019HU1157869,11
1,104000.0,65000.0,1.6,53,49,51.0,169000.0,True,2019HU1158994,10
0,25200.0,42000.0,1.6666666666666667,70,74,72.0,67200.0,True,2019HU1159503,13
0,40000.0,56000.0,1.4,62,61,61.5,96000.0,True,2019HU1159644,9
7,163800.0,1000.0,163.8,50,48,49.0,164800.0,True,2019HU1159857,60
4,36000.0,400.0,90.0,35,35,35.0,36400.0,True,2019HU1159955,20
3,21250.0,181500.0,8.541176470588235,72,67,69.5,202750.0,True,2019HU1160023,14
0,0.0,20800.0,0.0,56,55,55.5,20800.0,True,2019HU1160208,3
1,28600.0,8000.0,3.575,95,92,93.5,36600.0,True,2019HU1161081,9
5,334000.0,0.0,0.0,85,78,81.5,334000.0,True,2019HU1161269,6
0,100000.0,50000.0,2.0,37,38,37.5,150000.0,True,2019HU1161510,18
0,29600.0,29600.0,1.0,70,65,67.5,59200.0,True,2019HU1163469,10
1,70000.0,55000.0,1.2727272727272727,32,32,32.0,125000.0,True,2019HU1163569,59
2,131200.0,390840.0,2.9789634146341464,76,63,69.5,522040.0,True,2019HU1164076,9
2,135000.0,22000.0,6.136363636363637,46,48,47.0,157000.0,True,2019HU1164877,20
1,0.0,30000.0,0.0,24,27,25.5,30000.0,True,2019HU1166740,18
1,35000.0,20400.0,1.7156862745098038,67,66,66.5,55400.0,True,2019HU1166932,21
2,60000.0,75800.0,1.2633333333333334,59,36,47.5,135800.0,True,2019HU1167406,20
6,9900.0,123000.0,12.424242424242424,43,47,45.0,132900.0,True,2019HU1167610,4
1,0.0,40000.0,0.0,68,66,67.0,40000.0,False,2019HU1168782,11
1,81700.0,100400.0,1.2288861689106487,87,82,84.5,182100.0,True,2019HU1168955,9
1,88000.0,25000.0,3.52,57,53,55.0,113000.0,True,2019HU1169612,4
0,53000.0,0.0,0.0,35,35,35.0,53000.0,True,2019HU1169855,18
1,94500.0,60000.0,1.575,58,57,57.5,154500.0,True,2019HU1170586,17
0,35000.0,50000.0,1.4285714285714286,35,38,36.5,85000.0,True,2019HU1170598,35
3,30400.0,285900.0,9.404605263157896,78,79,78.5,316300.0,True,2019HU1171106,13
0,0.0,25000.0,0.0,56,63,59.5,25000.0,True,2019HU1172152,4
1,26300.0,60000.0,2.2813688212927756,28,27,27.5,86300.0,True,2019HU1172224,31
0,48000.0,39800.0,1.2060301507537687,68,68,68.0,87800.0,True,2019HU1172956,11
1,40000.0,70000.0,1.75,55,58,56.5,110000.0,True,2019HU1173723,3
3,129800.0,11700.0,11.094017094017094,53,45,49.0,141500.0,True,2019HU1174122,77
3,30390.0,1600.0,18.99375,31,31,31.0,31990.0,True,2019HU1176205,8
0,0.0,22000.0,0.0,52,45,48.5,22000.0,True,2019HU1176643,6
2,45000.0,45000.0,1.0,22,24,23.0,90000.0,True,2019HU1177458,56
5,11000.0,390200.0,35.472727272727276,45,50,47.5,401200.0,True,2019HU1177742,16
1,69800.0,17500.0,3.9885714285714284,61,67,64.0,87300.0,True,2019HU1178815,10
1,40100.0,9600.0,4.177083333333333,68,64,66.0,49700.0,True,2019HU1179083,28
2,185000.0,110000.0,1.6818181818181819,49,46,47.5,295000.0,True,2019HU1179730,13
1,26800.0,100000.0,3.7313432835820897,70,60,65.0,126800.0,True,2019HU1180487,12
2,12800.0,50000.0,3.90625,30,31,30.5,62800.0,True,2019HU1180777,27
4,195030.0,17000.0,11.47235294117647,70,63,66.5,212030.0,True,2019HU1180791,5
0,15000.0,0.0,0.0,58,55,56.5,15000.0,True,2019HU1181536,38
4,450.0,85000.0,188.88888888888889,64,58,61.0,85450.0,True,2019HU1181773,13
3,290000.0,30000.0,9.666666666666666,43,35,39.0,320000.0,True,2019HU1182186,17
1,62000.0,21000.0,2.9523809523809526,70,73,71.5,83000.0,True,2019HU1184211,15
3,165000.0,22000.0,7.5,61,50,55.5,187000.0,False,2019HU1184425,16
0,84000.0,34300.0,2.4489795918367347,56,52,54.0,118300.0,True,2019HU1186774,11
0,50000.0,0.0,0.0,33,34,33.5,50000.0,True,2019HU1187207,12
3,80000.0,130000.0,1.625,58,53,55.5,210000.0,True,2019HU1188320,14
2,151600.0,50000.0,3.032,47,48,47.5,201600.0,True,2019HU1188531,20
2,124200.0,101000.0,1.2297029702970297,62,64,63.0,225200.0,True,2019HU1188533,18
2,24010.0,90400.0,3.765097875885048,45,46,45.5,114410.0,True,2019HU1188840,47
2,67000.0,9600.0,6.979166666666667,38,36,37.0,76600.0,True,2019HU1189048,31
1,51800.0,91000.0,1.7567567567567568,79,66,72.5,142800.0,True,2019HU1189522,15
2,17700.0,12000.0,1.475,63,57,60.0,29700.0,False,2019HU1189747,14
0,90000.0,45000.0,2.0,39,35,37.0,135000.0,True,2019HU1189885,16
4,200500.0,11500.0,17.434782608695652,77,87,82.0,212000.0,True,2019HU1189913,17
7,153000.0,10.0,15300.0,36,36,36.0,153010.0,True,2019HU1190051,19
0,26400.0,72600.0,2.75,70,65,67.5,99000.0,True,2019HU1190106,4
2,7000.0,54000.0,7.714285714285714,62,71,66.5,61000.0,True,2019HU1190338,9
2,31900.0,30000.0,1.0633333333333332,23,23,23.0,61900.0,True,2019HU1190565,10
0,59000.0,20000.0,2.95,70,55,62.5,79000.0,True,2019HU1191335,19
0,60000.0,0.0,0.0,41,49,45.0,60000.0,True,2019HU1191594,31
2,64100.0,144600.0,2.2558502340093605,65,69,67.0,208700.0,True,2019HU1191753,16
4,42000.0,9400.0,4.468085106382978,41,66,53.5,51400.0,False,2019HU1192283,15
2,30800.0,98700.0,3.2045454545454546,66,76,71.0,129500.0,True,2019HU1192885,8
0,15000.0,27900.0,1.86,90,86,88.0,42900.0,True,2019HU1192993,10
1,60000.0,126000.0,2.1,56,59,57.5,186000.0,True,2019HU1193030,17
2,425300.0,390300.0,1.0896746092749168,53,55,54.0,815600.0,True,2019HU1194289,9
2,99000.0,17600.0,5.625,58,45,51.5,116600.0,True,2019HU1194326,38
1,94000.0,100000.0,1.0638297872340425,44,44,44.0,194000.0,True,2019HU1194501,6
2,262000.0,267200.0,1.0198473282442748,81,79,80.0,529200.0,True,2019HU1194873,5
2,150000.0,313900.0,2.0926666666666667,56,55,55.5,463900.0,True,2019HU1195144,5
0,29300.0,22000.0,1.3318181818181818,68,81,74.5,51300.0,True,2019HU1195726,19
0,92000.0,0.0,0.0,57,57,57.0,92000.0,True,2019HU1195772,29
1,10000.0,2000.0,5.0,62,64,63.0,12000.0,True,2019HU1196328,12
1,48000.0,0.0,0.0,40,35,37.5,48000.0,True,2019HU1196637,17
1,143800.0,56000.0,2.567857142857143,81,69,75.0,199800.0,True,2019HU1197017,20
2,9200.0,83000.0,9.021739130434783,64,64,64.0,92200.0,True,2019HU1197830,19
1,128200.0,40000.0,3.205,65,65,65.0,168200.0,True,2019HU1197873,3
0,30800.0,32000.0,1.0389610389610389,71,77,74.0,62800.0,True,2019HU1199521,12
1,16000.0,20000.0,1.25,62,50,56.0,36000.0,False,2019HU1199739,13
0,103900.0,37900.0,2.741424802110818,39,31,35.0,141800.0,True,2019HU1199744,13
1,114000.0,23600.0,4.830508474576271,71,70,70.5,137600.0,True,2019HU1201005,15
0,26100.0,50000.0,1.9157088122605364,47,47,47.0,76100.0,True,2019HU1201070,22
1,86850.0,78000.0,1.1134615384615385,41,42,41.5,164850.0,True,2019HU1201606,27
1,103200.0,27000.0,3.8222222222222224,78,75,76.5,130200.0,True,2019HU1201943,17
1,58150.0,58000.0,1.0025862068965516,52,59,55.5,116150.0,True,2019HU1202343,3
1,60500.0,38700.0,1.5633074935400517,64,39,51.5,99200.0,True,2019HU1202742,10
3,56000.0,23210.0,2.4127531236535975,39,73,56.0,79210.0,False,2019HU1202961,18
0,19000.0,20000.0,1.0526315789473684,44,47,45.5,39000.0,True,2019HU1203349,8
4,77300.0,2900.0,26.655172413793103,37,47,42.0,80200.0,True,2019HU1203482,17
4,207000.0,0.0,0.0,43,43,43.0,207000.0,True,2019HU1203579,17
1,54000.0,12000.0,4.5,56,54,55.0,66000.0,True,2019HU1203622,48
3,150000.0,10000.0,15.0,53,55,54.0,160000.0,True,2019HU1204370,21
2,55000.0,159750.0,2.9045454545454548,34,35,34.5,214750.0,True,2019HU1204412,62
1,70000.0,71000.0,1.0142857142857142,56,62,59.0,141000.0,True,2019HU1204866,33
4,3000.0,72000.0,24.0,38,35,36.5,75000.0,True,2019HU1205670,13
1,27000.0,0.0,0.0,50,53,51.5,27000.0,False,2019HU1206167,12
6,153600.0,9300.0,16.516129032258064,71,73,72.0,162900.0,True,2019HU1206812,7
2,82260.0,134260.0,1.6321419888159494,51,54,52.5,216520.0,True,2019HU1207164,24
4,6000.0,62800.0,10.466666666666667,75,71,73.0,68800.0,True,2019HU1207786,10
2,98700.0,14800.0,6.668918918918919,74,72,73.0,113500.0,True,2019HU1208822,13
0,33500.0,48100.0,1.4358208955223881,70,71,70.5,81600.0,True,2019HU1208938,10
1,65000.0,52000.0,1.25,58,65,61.5,117000.0,True,2019HU1209334,12
2,33000.0,15000.0,2.2,21,23,22.0,48000.0,True,2019HU1209750,16
2,80000.0,52000.0,1.5384615384615385,54,49,51.5,132000.0,False,2019HU1210360,21
2,62000.0,7200.0,8.61111111111111,70,72,71.0,69200.0,True,2019HU1211922,21
1,24000.0,24000.0,1.0,57,57,57.0,48000.0,False,2019HU1212009,16
0,0.0,48000.0,0.0,50,54,52.0,48000.0,True,2019HU1213417,4
0,40000.0,23900.0,1.6736401673640167,53,48,50.5,63900.0,True,2019HU1213475,11
2,9000.0,36000.0,4.0,68,69,68.5,45000.0,True,2019HU1213660,3
2,26400.0,4000.0,6.6,74,77,75.5,30400.0,True,2019HU1213896,4
2,-1700.0,0.0,0.0,74,34,54.0,-1700.0,True,2019HU1214160,10
0,31200.0,92000.0,2.948717948717949,51,65,58.0,123200.0,True,2019HU1215002,20
1,54200.0,56500.0,1.0424354243542435,72,71,71.5,110700.0,True,2019HU1215005,12
2,55000.0,9000.0,6.111111111111111,35,36,35.5,64000.0,True,2019HU1215239,21
0,50000.0,25000.0,2.0,55,57,56.0,75000.0,True,2019HU1215500,34
4,30000.0,2000.0,15.0,30,29,29.5,32000.0,True,2019HU1215633,7
0,10000.0,4000.0,2.5,33,36,34.5,14000.0,True,2019HU1215818,41
2,12560.0,2500.0,5.024,60,65,62.5,15060.0,True,2019HU1216528,8
1,61900.0,58800.0,1.0527210884353742,68,68,68.0,120700.0,True,2019HU1217863,7
2,82200.0,10200.0,8.058823529411764,69,68,68.5,92400.0,True,2019HU1218051,5
1,5400.0,9600.0,1.7777777777777777,78,76,77.0,15000.0,False,2019HU1218574,19
0,36000.0,19400.0,1.8556701030927836,32,30,31.0,55400.0,True,2019HU1219148,17
2,38000.0,4300.0,8.837209302325581,32,33,32.5,42300.0,True,2019HU1219258,23
1,56000.0,12800.0,4.375,63,60,61.5,68800.0,True,2019HU1219384,24
0,41000.0,33000.0,1.2424242424242424,77,70,73.5,74000.0,True,2019HU1220608,18
1,70000.0,50000.0,1.4,40,46,43.0,120000.0,False,2019HU1220984,22
1,42360.0,55000.0,1.2983947119924457,52,53,52.5,97360.0,True,2019HU1221023,6
0,29300.0,29400.0,1.0034129692832765,76,72,74.0,58700.0,True,2019HU1221744,12
4,65000.0,69000.0,1.0615384615384615,58,27,42.5,134000.0,False,2019HU1221953,8
0,35000.0,15000.0,2.3333333333333335,49,51,50.0,50000.0,True,2019HU1222671,15
0,26200.0,0.0,0.0,66,59,62.5,26200.0,True,2019HU1222788,12
3,24600.0,185000.0,7.520325203252033,55,52,53.5,209600.0,True,2019HU1224833,12
0,76000.0,40000.0,1.9,59,54,56.5,116000.0,True,2019HU1224842,28
1,69000.0,67000.0,1.0298507462686568,41,37,39.0,136000.0,True,2019HU1225096,18
1,30780.0,120800.0,3.9246263807667314,39,39,39.0,151580.0,True,2019HU1225466,37
3,18600.0,1800.0,10.333333333333334,65,58,61.5,20400.0,True,2019HU1225682,18
0,52000.0,48000.0,1.0833333333333333,53,63,58.0,100000.0,True,2019HU1225755,4
0,40000.0,90000.0,2.25,48,51,49.5,130000.0,True,2019HU1226521,25
2,13300.0,69000.0,5.18796992481203,64,59,61.5,82300.0,True,2019HU1226789,13
0,47600.0,30000.0,1.5866666666666667,50,50,50.0,77600.0,True,2019HU1227113,59
1,0.0,60000.0,0.0,59,59,59.0,60000.0,True,2019HU1227369,20
0,80000.0,50000.0,1.6,49,42,45.5,130000.0,True,2019HU1227375,16
0,2300.0,2400.0,1.0434782608695652,28,39,33.5,4700.0,True,2019HU1229106,14
0,45000.0,46000.0,1.0222222222222221,49,49,49.0,91000.0,True,2019HU1229417,7
6,117000.0,9300.0,12.580645161290322,62,63,62.5,126300.0,True,2019HU1229695,12
1,47000.0,47000.0,1.0,39,39,39.0,94000.0,False,2019HU1229856,37
4,372000.0,60000.0,6.2,57,57,57.0,432000.0,True,2019HU1231141,45
1,100000.0,100000.0,1.0,39,33,36.0,200000.0,True,2019HU1231553,7
1,68000.0,91000.0,1.338235294117647,65,73,69.0,159000.0,True,2019HU1232408,8
2,130000.0,25000.0,5.2,65,64,64.5,155000.0,True,2019HU1233002,32
1,62000.0,59000.0,1.0508474576271187,71,72,71.5,121000.0,True,2019HU1233771,13
0,50000.0,50000.0,1.0,48,59,53.5,100000.0,True,2019HU1234430,2
0,31000.0,39400.0,1.270967741935484,69,70,69.5,70400.0,True,2019HU1234445,9
1,12000.0,41500.0,3.4583333333333335,72,71,71.5,53500.0,True,2019HU1234775,10
0,46000.0,27000.0,1.7037037037037037,60,66,63.0,73000.0,True,2019HU1235504,8
4,0.0,450000.0,0.0,47,47,47.0,450000.0,True,2019HU1236230,19
2,100000.0,27000.0,3.7037037037037037,28,26,27.0,127000.0,True,2019HU1236798,15
3,30000.0,9400.0,3.1914893617021276,63,62,62.5,39400.0,False,2019HU1237083,3
0,46800.0,67000.0,1.4316239316239316,43,41,42.0,113800.0,True,2019HU1237938,15
2,83000.0,9200.0,9.021739130434783,67,62,64.5,92200.0,True,2019HU1238303,11
3,42000.0,8000.0,5.25,43,45,44.0,50000.0,True,2019HU1238595,33
0,32000.0,36000.0,1.125,64,64,64.0,68000.0,True,2019HU1239108,4
1,44000.0,53000.0,1.2045454545454546,81,74,77.5,97000.0,True,2019HU1239366,9
3,0.0,160000.0,0.0,35,47,41.0,160000.0,True,2019HU1239439,14
4,400.0,89000.0,222.5,33,32,32.5,89400.0,True,2019HU1240884,14
1,80000.0,80000.0,1.0,50,63,56.5,160000.0,True,2019HU1240982,20
1,2200.0,10800.0,4.909090909090909,78,75,76.5,13000.0,True,2019HU1243431,49
0,44400.0,110000.0,2.4774774774774775,69,69,69.0,154400.0,True,2019HU1243944,38
2,33500.0,20000.0,1.675,23,22,22.5,53500.0,True,2019HU1243993,17
2,85000.0,9000.0,9.444444444444445,50,47,48.5,94000.0,True,2019HU1244261,12
1,112000.0,55000.0,2.036363636363636,64,68,66.0,167000.0,True,2019HU1244844,3
2,65000.0,82900.0,1.2753846153846153,50,59,54.5,147900.0,True,2019HU1245218,1
1,109000.0,27300.0,3.9926739926739927,59,55,57.0,136300.0,True,2019HU1246641,27
1,9600.0,8400.0,1.1428571428571428,74,76,75.0,18000.0,True,2019HU1247098,74
0,47000.0,67000.0,1.425531914893617,55,55,55.0,114000.0,True,2019HU1247597,6
7,6000.0,166000.0,27.666666666666668,60,67,63.5,172000.0,True,2019HU1248682,3
1,103800.0,22000.0,4.718181818181818,64,60,62.0,125800.0,True,2019HU1248951,38
0,62000.0,45800.0,1.3537117903930131,34,37,35.5,107800.0,True,2019HU1249014,14
0,120000.0,48000.0,2.5,64,64,64.0,168000.0,True,2019HU1249520,8
1,20800.0,73900.0,3.5528846153846154,70,72,71.0,94700.0,True,2019HU1249538,2
3,56000.0,56000.0,1.0,23,22,22.5,112000.0,True,2019HU1249656,41
0,200.0,200.0,1.0,56,45,50.5,400.0,True,2019HU1249706,21
2,145000.0,60000.0,2.4166666666666665,54,49,51.5,205000.0,True,2019HU1249804,21
0,40000.0,40000.0,1.0,39,37,38.0,80000.0,True,2019HU1251192,10
2,76000.0,8000.0,9.5,63,58,60.5,84000.0,True,2019HU1251575,20
1,108800.0,36000.0,3.022222222222222,37,45,41.0,144800.0,True,2019HU1252432,9
2,71500.0,12000.0,5.958333333333333,79,78,78.5,83500.0,True,2019HU1252909,19
2,149600.0,87600.0,1.7077625570776256,76,76,76.0,237200.0,True,2019HU1253430,16
0,26000.0,56000.0,2.1538461538461537,48,49,48.5,82000.0,True,2019HU1253694,9
2,59000.0,9000.0,6.555555555555555,77,74,75.5,68000.0,True,2019HU1254781,15
2,70200.0,150000.0,2.1367521367521367,51,50,50.5,220200.0,True,2019HU1255246,7
2,67000.0,13000.0,5.153846153846154,42,48,45.0,80000.0,True,2019HU1255514,7
5,14300.0,313900.0,21.95104895104895,64,57,60.5,328200.0,True,2019HU1256454,14
0,45600.0,22600.0,2.017699115044248,71,72,71.5,68200.0,True,2019HU1256925,32
1,129700.0,63500.0,2.04251968503937,72,70,71.0,193200.0,True,2019HU1257464,9
1,38400.0,40000.0,1.0416666666666667,43,42,42.5,78400.0,True,2019HU1257674,17
1,13900.0,54000.0,3.884892086330935,79,85,82.0,67900.0,True,2019HU1258019,14
0,15400.0,18000.0,1.1688311688311688,62,65,63.5,33400.0,True,2019HU1258427,30
1,60000.0,40000.0,1.5,26,26,26.0,100000.0,True,2019HU1259092,45
1,52000.0,0.0,0.0,25,26,25.5,52000.0,True,2019HU1259660,19
0,16000.0,17000.0,1.0625,54,54,54.0,33000.0,True,2019HU1259811,24
2,110000.0,21600.0,5.092592592592593,46,47,46.5,131600.0,True,2019HU1260007,17
0,65000.0,41600.0,1.5625,37,38,37.5,106600.0,True,2019HU1260122,18
0,17200.0,12000.0,1.4333333333333333,46,45,45.5,29200.0,True,2019HU1260291,15
0,45000.0,60000.0,1.3333333333333333,64,50,57.0,105000.0,True,2019HU1260560,29
2,88000.0,59000.0,1.4915254237288136,44,61,52.5,147000.0,True,2019HU1260960,32
0,40400.0,68000.0,1.683168316831683,69,72,70.5,108400.0,True,2019HU1261676,16
1,69300.0,16700.0,4.149700598802395,66,62,64.0,86000.0,True,2019HU1261789,26
1,49200.0,105300.0,2.1402439024390243,78,86,82.0,154500.0,True,2019HU1263557,12
0,82000.0,40000.0,2.05,58,61,59.5,122000.0,True,2019HU1263570,9
0,100000.0,50000.0,2.0,50,49,49.5,150000.0,True,2019HU1263795,17
1,52400.0,0.0,0.0,82,44,63.0,52400.0,True,2019HU1264250,24
2,68000.0,13200.0,5.151515151515151,64,64,64.0,81200.0,True,2019HU1264597,28
3,73000.0,6000.0,12.166666666666666,40,40,40.0,79000.0,True,2019HU1264841,33
8,4000.0,474000.0,118.5,46,43,44.5,478000.0,True,2019HU1265330,18
2,150000.0,390000.0,2.6,63,58,60.5,540000.0,True,2019HU1265555,32
2,45200.0,5400.0,8.37037037037037,95,92,93.5,50600.0,True,2019HU1265976,15
1,25400.0,76800.0,3.0236220472440944,70,68,69.0,102200.0,True,2019HU1266187,7
0,33100.0,16800.0,1.9702380952380953,84,89,86.5,49900.0,True,2019HU1266701,20
1,36000.0,35200.0,1.0227272727272727,74,65,69.5,71200.0,True,2019HU1268017,10
4,307700.0,16200.0,18.993827160493826,64,61,62.5,323900.0,True,2019HU1268324,19
0,84000.0,40000.0,2.1,64,64,64.0,124000.0,True,2019HU1269704,18
5,21800.0,707000.0,32.43119266055046,46,56,51.0,728800.0,True,2019HU1270332,14
2,40000.0,0.0,0.0,60,56,58.0,40000.0,False,2019HU1270450,2
1,101000.0,28300.0,3.568904593639576,62,62,62.0,129300.0,True,2019HU1271263,2
0,26600.0,39500.0,1.4849624060150375,54,49,51.5,66100.0,True,2019HU1271474,43
7,4000.0,103000.0,25.75,31,40,35.5,107000.0,True,2019HU1271841,11
0,23500.0,15400.0,1.525974025974026,58,65,61.5,38900.0,True,2019HU1271896,11
2,3600.0,25200.0,7.0,53,55,54.0,28800.0,True,2019HU1272334,5
2,60000.0,32000.0,1.875,23,21,22.0,92000.0,True,2019HU1272618,8
0,60000.0,0.0,0.0,34,32,33.0,60000.0,True,2019HU1273672,11
0,24000.0,40000.0,1.6666666666666667,64,60,62.0,64000.0,True,2019HU1274291,25
0,14700.0,35000.0,2.380952380952381,66,64,65.0,49700.0,True,2019HU1275448,9
8,401900.0,8700.0,46.195402298850574,45,43,44.0,410600.0,True,2019HU1275844,28
5,65000.0,330.0,196.96969696969697,53,60,56.5,65330.0,False,2019HU1276890,18
3,100820.0,0.0,0.0,71,56,63.5,100820.0,True,2019HU1277556,5
0,58000.0,50000.0,1.16,46,40,43.0,108000.0,True,2019HU1277703,22
2,105000.0,77000.0,1.3636363636363635,36,34,35.0,182000.0,False,2019HU1277734,3
0,0.0,53050.0,0.0,40,40,40.0,53050.0,True,2019HU1277878,24
2,6000.0,30000.0,5.0,69,85,77.0,36000.0,True,2019HU1278267,19
0,63000.0,39500.0,1.5949367088607596,71,63,67.0,102500.0,True,2019HU1278563,6
0,40300.0,40300.0,1.0,50,57,53.5,80600.0,True,2019HU1278773,2
1,75000.0,36000.0,2.0833333333333335,30,28,29.0,111000.0,True,2019HU1278972,20
0,60000.0,50000.0,1.2,37,37,37.0,110000.0,True,2019HU1279627,23
0,30000.0,28800.0,1.0416666666666667,58,62,60.0,58800.0,True,2019HU1280778,2
0,62000.0,41900.0,1.4797136038186158,50,52,51.0,103900.0,True,2019HU1281451,15
0,30000.0,28000.0,1.0714285714285714,32,35,33.5,58000.0,True,2019HU1282194,9
2,60000.0,6500.0,9.23076923076923,31,32,31.5,66500.0,True,2019HU1283337,12
1,15500.0,5000.0,3.1,64,53,58.5,20500.0,True,2019HU1283347,50
2,30000.0,21600.0,1.3888888888888888,52,34,43.0,51600.0,False,2019HU1283439,53
1,151000.0,42000.0,3.5952380952380953,58,54,56.0,193000.0,True,2019HU1283646,3
3,120000.0,0.0,0.0,56,51,53.5,120000.0,True,2019HU1284756,13
2,17300.0,40000.0,2.3121387283236996,90,58,74.0,57300.0,False,2019HU1285007,7
3,129100.0,83300.0,1.5498199279711884,88,72,80.0,212400.0,True,2019HU1285395,16
0,118300.0,40000.0,2.9575,36,34,35.0,158300.0,True,2019HU1285814,42
1,14300.0,56000.0,3.9160839160839163,50,52,51.0,70300.0,True,2019HU1286494,20
3,44000.0,9000.0,4.888888888888889,22,21,21.5,53000.0,True,2019HU1288394,13
1,9000.0,40100.0,4.455555555555556,57,57,57.0,49100.0,True,2019HU1288753,16
4,517000.0,0.0,0.0,61,62,61.5,517000.0,True,2019HU1289824,6
2,210600.0,150800.0,1.396551724137931,74,73,73.5,361400.0,True,2019HU1289836,24
2,78400.0,207100.0,2.641581632653061,67,71,69.0,285500.0,True,2019HU1291256,16
1,57400.0,78700.0,1.3710801393728222,59,64,61.5,136100.0,True,2019HU1292983,24
2,92080.0,77000.0,1.195844155844156,29,27,28.0,169080.0,True,2019HU1293599,36
1,148300.0,30000.0,4.943333333333333,68,69,68.5,178300.0,True,2019HU1294602,15
0,42900.0,76000.0,1.7715617715617715,68,60,64.0,118900.0,True,2019HU1295483,15
0,71000.0,44300.0,1.602708803611738,54,51,52.5,115300.0,True,2019HU1296545,13
0,89600.0,46600.0,1.9227467811158798,89,95,92.0,136200.0,True,2019HU1296881,8
1,0.0,34400.0,0.0,62,64,63.0,34400.0,True,2019HU1297544,2
0,29200.0,22600.0,1.2920353982300885,90,83,86.5,51800.0,True,2019HU1298804,15
0,59000.0,0.0,0.0,33,43,38.0,59000.0,True,2019HU1299293,32
2,3400.0,13100.0,3.8529411764705883,74,73,73.5,16500.0,True,2019HU1300479,9
0,26400.0,29000.0,1.0984848484848484,51,47,49.0,55400.0,True,2019HU1301319,26
1,41000.0,0.0,0.0,66,60,63.0,41000.0,False,2019HU1301894,32
1,70000.0,75000.0,1.0714285714285714,36,36,36.0,145000.0,True,2019HU1302323,20
0,20000.0,24500.0,1.225,66,67,66.5,44500.0,True,2019HU1302520,9
3,113000.0,0.0,0.0,35,32,33.5,113000.0,True,2019HU1302636,70
0,41600.0,19000.0,2.1894736842105265,75,75,75.0,60600.0,True,2019HU1303343,14
0,90000.0,40000.0,2.25,54,57,55.5,130000.0,True,2019HU1303383,10
8,8300.0,317000.0,38.19277108433735,60,60,60.0,325300.0,True,2019HU1303617,32
1,80000.0,60000.0,1.3333333333333333,34,33,33.5,140000.0,True,2019HU1304383,27
0,100000.0,36000.0,2.7777777777777777,38,38,38.0,136000.0,True,2019HU1304583,69
1,62000.0,19600.0,3.163265306122449,58,59,58.5,81600.0,True,2019HU1304682,13
3,52500.0,6000.0,8.75,69,50,59.5,58500.0,True,2019HU1304773,11
6,8500.0,149300.0,17.564705882352943,72,65,68.5,157800.0,True,2019HU1305320,4
0,50000.0,45000.0,1.1111111111111112,51,57,54.0,95000.0,True,2019HU1306254,87
1,51720.0,75150.0,1.453016241299304,73,69,71.0,126870.0,True,2019HU1306837,21
1,102900.0,57000.0,1.805263157894737,55,59,57.0,159900.0,True,2019HU1307034,17
2,27000.0,100000.0,3.7037037037037037,36,35,35.5,127000.0,True,2019HU1308123,31
1,45000.0,11000.0,4.090909090909091,56,44,50.0,56000.0,True,2019HU1308382,58
1,85000.0,65000.0,1.3076923076923077,32,30,31.0,150000.0,True,2019HU1308573,16
0,77000.0,0.0,0.0,65,65,65.0,77000.0,True,2019HU1309243,29
0,22400.0,15800.0,1.4177215189873418,79,71,75.0,38200.0,True,2019HU1310087,7
3,391200.0,80200.0,4.87780548628429,50,50,50.0,471400.0,True,2019HU1310204,16
3,68700.0,5580.0,12.311827956989248,79,76,77.5,74280.0,True,2019HU1310839,48
0,0.0,35000.0,0.0,33,28,30.5,35000.0,True,2019HU1311005,7
1,50000.0,34300.0,1.4577259475218658,42,31,36.5,84300.0,False,2019HU1312013,25
4,67400.0,400.0,168.5,39,38,38.5,67800.0,True,2019HU1312340,2
0,50000.0,0.0,0.0,66,63,64.5,50000.0,True,2019HU1312346,17
0,6100.0,16200.0,2.6557377049180326,83,85,84.0,22300.0,True,2019HU1312459,15
2,260000.0,260000.0,1.0,69,70,69.5,520000.0,True,2019HU1312605,6
0,49000.0,91200.0,1.8612244897959183,37,37,37.0,140200.0,True,2019HU1313805,19
1,86500.0,36000.0,2.4027777777777777,65,67,66.0,122500.0,True,2019HU1313828,12
0,46800.0,0.0,0.0,37,39,38.0,46800.0,True,2019HU1314367,16
1,10900.0,52000.0,4.770642201834862,66,77,71.5,62900.0,True,2019HU1314746,3
0,67900.0,32100.0,2.115264797507788,80,79,79.5,100000.0,True,2019HU1317030,12
0,37780.0,54300.0,1.4372683959767072,77,77,77.0,92080.0,True,2019HU1317452,28
0,6000.0,7800.0,1.3,78,70,74.0,13800.0,True,2019HU1317819,15
1,56000.0,14900.0,3.7583892617449663,84,80,82.0,70900.0,True,2019HU1318151,30
1,87000.0,52000.0,1.6730769230769231,38,49,43.5,139000.0,True,2019HU1318321,9
1,60000.0,70000.0,1.1666666666666667,64,59,61.5,130000.0,True,2019HU1319543,11
1,27200.0,120000.0,4.411764705882353,33,38,35.5,147200.0,True,2019HU1319906,10
0,12000.0,9600.0,1.25,56,57,56.5,21600.0,True,2019HU1320024,18
2,120000.0,110000.0,1.0909090909090908,37,41,39.0,230000.0,True,2019HU1320359,19
0,100000.0,0.0,0.0,38,42,40.0,100000.0,True,2019HU1321369,10
0,20000.0,48000.0,2.4,48,47,47.5,68000.0,True,2019HU1322232,23
2,151000.0,151000.0,1.0,72,60,66.0,302000.0,True,2019HU1323450,14
4,17620.0,224800.0,12.75822928490352,69,65,67.0,242420.0,True,2019HU1323462,2
2,75600.0,10000.0,7.56,72,66,69.0,85600.0,True,2019HU1323589,8
1,55000.0,55000.0,1.0,48,44,46.0,110000.0,True,2019HU1323813,18
1,82000.0,108000.0,1.3170731707317074,44,51,47.5,190000.0,True,2019HU1324121,17
3,90000.0,4800.0,18.75,52,51,51.5,94800.0,True,2019HU1324221,9
1,85000.0,23000.0,3.6956521739130435,39,40,39.5,108000.0,True,2019HU1325191,20
3,172000.0,10300.0,16.699029126213592,68,67,67.5,182300.0,True,2019HU1325243,12
1,46000.0,25000.0,1.84,39,52,45.5,71000.0,True,2019HU1325265,54
0,48000.0,50000.0,1.0416666666666667,44,49,46.5,98000.0,True,2019HU1325600,16
1,21000.0,70000.0,3.3333333333333335,51,49,50.0,91000.0,True,2019HU1326364,1
0,112000.0,40000.0,2.8,58,60,59.0,152000.0,True,2019HU1326530,20
0,36000.0,30000.0,1.2,45,40,42.5,66000.0,True,2019HU1326683,7
0,75000.0,30000.0,2.5,51,50,50.5,105000.0,True,2019HU1326729,15
3,83000.0,7200.0,11.527777777777779,65,65,65.0,90200.0,True,2019HU1326779,28
0,57120.0,43100.0,1.325290023201856,66,74,70.0,100220.0,True,2019HU1327065,28
0,35000.0,60000.0,1.7142857142857142,56,55,55.5,95000.0,True,2019HU1327338,11
1,62000.0,14800.0,4.1891891891891895,45,47,46.0,76800.0,True,2019HU1329548,4
3,71200.0,11500.0,6.191304347826087,54,41,47.5,82700.0,True,2019HU1330508,18
1,98000.0,90000.0,1.0888888888888888,51,47,49.0,188000.0,True,2019HU1330536,15
0,0.0,70000.0,0.0,38,42,40.0,70000.0,True,2019HU1330605,28
0,28000.0,30000.0,1.0714285714285714,35,36,35.5,58000.0,True,2019HU1331568,24
1,34000.0,80000.0,2.3529411764705883,38,31,34.5,114000.0,True,2019HU1332194,21
1,31900.0,11800.0,2.7033898305084745,67,67,67.0,43700.0,False,2019HU1332478,17
0,51300.0,22900.0,2.2401746724890828,83,70,76.5,74200.0,True,2019HU1332601,15
6,120000.0,6700.0,17.91044776119403,49,56,52.5,126700.0,True,2019HU1332614,13
1,70080.0,93300.0,1.331335616438356,62,63,62.5,163380.0,True,2019HU1333208,25
2,7900.0,14000.0,1.7721518987341771,65,45,55.0,21900.0,True,2019HU1333923,29
4,296600.0,24100.0,12.307053941908714,73,67,70.0,320700.0,True,2019HU1334943,8
1,26000.0,65000.0,2.5,30,39,34.5,91000.0,False,2019HU1336586,24
2,136000.0,84000.0,1.619047619047619,49,46,47.5,220000.0,True,2019HU1336926,15
0,9300.0,12000.0,1.2903225806451613,68,66,67.0,21300.0,True,2019HU1337039,20
3,55000.0,8400.0,6.5476190476190474,69,74,71.5,63400.0,True,2019HU1337301,7
2,0.0,7200.0,0.0,55,81,68.0,7200.0,True,2019HU1338241,6
0,56800.0,43500.0,1.3057471264367817,79,68,73.5,100300.0,True,2019HU1338435,5
0,3600.0,2600.0,1.3846153846153846,66,63,64.5,6200.0,True,2019HU1339522,2
0,45000.0,93000.0,2.066666666666667,38,39,38.5,138000.0,True,2019HU1341056,12
4,0.0,390000.0,0.0,36,46,41.0,390000.0,True,2019HU1342484,61
2,98300.0,10800.0,9.101851851851851,68,68,68.0,109100.0,True,2019HU1342652,15
0,16200.0,17000.0,1.0493827160493827,41,47,44.0,33200.0,True,2019HU1343383,6
0,52500.0,48000.0,1.09375,66,67,66.5,100500.0,True,2019HU1343786,33
0,10000.0,25000.0,2.5,74,80,77.0,35000.0,True,2019HU1343955,74
0,48200.0,48300.0,1.0020746887966805,70,73,71.5,96500.0,True,2019HU1344124,21
0,85000.0,0.0,0.0,44,44,44.0,85000.0,True,2019HU1344711,19
2,8000.0,75000.0,9.375,50,51,50.5,83000.0,True,2019HU1344831,4
0,7100.0,13600.0,1.9154929577464788,74,85,79.5,20700.0,True,2019HU1345835,7
0,106000.0,36600.0,2.8961748633879782,63,69,66.0,142600.0,True,2019HU1346212,13
0,58000.0,48000.0,1.2083333333333333,49,41,45.0,106000.0,True,2019HU1347556,27
3,0.0,12500.0,0.0,40,20,30.0,12500.0,False,2019HU1347648,5
4,105000.0,56000.0,1.875,47,28,37.5,161000.0,False,2019HU1347882,12
0,18800.0,20000.0,1.0638297872340425,63,63,63.0,38800.0,True,2019HU1348860,3
3,4840.0,65000.0,13.429752066115702,30,30,30.0,69840.0,True,2019HU1349018,15
1,33000.0,36000.0,1.0909090909090908,26,26,26.0,69000.0,True,2019HU1349420,13
4,11500.0,203000.0,17.652173913043477,71,58,64.5,214500.0,True,2019HU1350303,8
0,17500.0,38200.0,2.182857142857143,62,70,66.0,55700.0,True,2019HU1350644,15
3,150000.0,0.0,0.0,52,50,51.0,150000.0,True,2019HU1351166,16
1,52000.0,26000.0,2.0,60,65,62.5,78000.0,False,2019HU1351750,12
1,40550.0,18400.0,2.203804347826087,40,65,52.5,58950.0,True,2019HU1351955,17
2,98400.0,10700.0,9.19626168224299,71,65,68.0,109100.0,True,2019HU1352247,3
2,120000.0,15000.0,8.0,40,40,40.0,135000.0,True,2019HU1352422,27
0,0.0,100000.0,0.0,33,34,33.5,100000.0,True,2019HU1352988,5
0,43200.0,57100.0,1.3217592592592593,76,79,77.5,100300.0,True,2019HU1353000,15
0,0.0,63000.0,0.0,58,63,60.5,63000.0,True,2019HU1353156,4
0,50000.0,66800.0,1.336,71,72,71.5,116800.0,True,2019HU1353501,13
0,0.0,80000.0,0.0,42,44,43.0,80000.0,True,2019HU1353878,7
2,0.0,38000.0,0.0,24,25,24.5,38000.0,True,2019HU1354674,7
0,45000.0,49800.0,1.1066666666666667,62,61,61.5,94800.0,True,2019HU1355809,15
0,55000.0,0.0,0.0,60,58,59.0,55000.0,True,2019HU1355998,17
2,20000.0,0.0,0.0,21,21,21.0,20000.0,True,2019HU1356045,10
0,23000.0,0.0,0.0,45,40,42.5,23000.0,True,2019HU1356195,8
1,95600.0,80000.0,1.195,68,61,64.5,175600.0,True,2019HU1356438,14
1,39280.0,12600.0,3.1174603174603175,76,69,72.5,51880.0,True,2019HU1356440,25
1,57000.0,92000.0,1.6140350877192982,45,37,41.0,149000.0,True,2019HU1356768,18
8,2000.0,184000.0,92.0,57,57,57.0,186000.0,False,2019HU1357289,20
2,260000.0,260000.0,1.0,79,77,78.0,520000.0,True,2019HU1357772,22
4,0.0,390000.0,0.0,42,43,42.5,390000.0,True,2019HU1358131,11
1,20000.0,20000.0,1.0,44,46,45.0,40000.0,False,2019HU1358589,18
0,9200.0,18300.0,1.9891304347826086,59,56,57.5,27500.0,True,2019HU1358877,23
3,127000.0,21200.0,5.990566037735849,62,95,78.5,148200.0,True,2019HU1359121,50
2,38800.0,11200.0,3.4642857142857144,53,53,53.0,50000.0,False,2019HU1360204,7
2,7500.0,42700.0,5.693333333333333,62,61,61.5,50200.0,True,2019HU1360448,20
2,95800.0,12000.0,7.983333333333333,67,68,67.5,107800.0,True,2019HU1360641,21
1,75000.0,106000.0,1.4133333333333333,48,47,47.5,181000.0,True,2019HU1361252,19
0,24000.0,13000.0,1.8461538461538463,86,78,82.0,37000.0,True,2019HU1361360,16
4,47900.0,1300.0,36.84615384615385,40,37,38.5,49200.0,True,2019HU1361632,14
7,153600.0,6800.0,22.58823529411765,68,67,67.5,160400.0,True,2019HU1362019,19
0,35000.0,33700.0,1.0385756676557865,32,33,32.5,68700.0,True,2019HU1362866,30
0,8400.0,11800.0,1.4047619047619047,66,64,65.0,20200.0,True,2019HU1363091,4
1,116000.0,78000.0,1.4871794871794872,52,53,52.5,194000.0,True,2019HU1363242,12
0,81000.0,30400.0,2.664473684210526,70,57,63.5,111400.0,True,2019HU1364240,20
3,15000.0,108000.0,7.2,38,42,40.0,123000.0,True,2019HU1364689,19
2,11600.0,78000.0,6.724137931034483,52,59,55.5,89600.0,True,2019HU1365217,37
1,37900.0,19700.0,1.9238578680203047,74,69,71.5,57600.0,True,2019HU1365328,4
0,0.0,62010.0,0.0,44,46,45.0,62010.0,True,2019HU1365387,43
1,61800.0,92100.0,1.4902912621359223,66,75,70.5,153900.0,True,2019HU1365552,5
1,120000.0,69000.0,1.7391304347826086,37,44,40.5,189000.0,True,2019HU1366865,18
1,14500.0,3900.0,3.717948717948718,83,73,78.0,18400.0,True,2019HU1367687,16
0,34700.0,37700.0,1.0864553314121037,73,78,75.5,72400.0,True,2019HU1367734,10
7,180000.0,7000.0,25.714285714285715,59,58,58.5,187000.0,True,2019HU1367819,16
1,40000.0,28000.0,1.4285714285714286,27,27,27.0,68000.0,True,2019HU1368301,10
0,37800.0,97000.0,2.566137566137566,40,39,39.5,134800.0,True,2019HU1369438,19
0,58500.0,40000.0,1.4625,60,60,60.0,98500.0,True,2019HU1369642,26
2,188300.0,94000.0,2.003191489361702,43,50,46.5,282300.0,True,2019HU1369923,9
1,99700.0,80000.0,1.24625,33,33,33.0,179700.0,True,2019HU1370278,10
0,40700.0,0.0,0.0,74,62,68.0,40700.0,True,2019HU1370288,16
1,57000.0,103000.0,1.8070175438596492,52,51,51.5,160000.0,True,2019HU1370439,20
2,123000.0,117000.0,1.0512820512820513,31,31,31.0,240000.0,True,2019HU1370465,15
1,112000.0,24700.0,4.534412955465587,46,40,43.0,136700.0,True,2019HU1370480,21
5,8000.0,59000.0,7.375,20,36,28.0,67000.0,False,2019HU1370657,18
2,28000.0,25000.0,1.12,62,55,58.5,53000.0,False,2019HU1370833,38
7,3000.0,117300.0,39.1,46,47,46.5,120300.0,True,2019HU1371304,4
0,72000.0,26000.0,2.769230769230769,67,67,67.0,98000.0,True,2019HU1371404,23
0,45260.0,55400.0,1.2240388864339373,74,66,70.0,100660.0,True,2019HU1371921,13
1,30000.0,10000.0,3.0,33,33,33.0,40000.0,False,2019HU1372421,24
2,75000.0,140000.0,1.8666666666666667,31,34,32.5,215000.0,True,2019HU1372428,14
0,40000.0,30000.0,1.3333333333333333,59,62,60.5,70000.0,True,2019HU1373716,94
4,60000.0,200.0,300.0,57,54,55.5,60200.0,True,2019HU1374752,13
1,15700.0,73500.0,4.681528662420382,63,64,63.5,89200.0,True,2019HU1374885,21
0,39700.0,50500.0,1.2720403022670026,67,72,69.5,90200.0,True,2019HU1374920,16
0,28000.0,60000.0,2.142857142857143,46,49,47.5,88000.0,True,2019HU1374970,63
0,12000.0,11800.0,1.0169491525423728,76,72,74.0,23800.0,True,2019HU1375031,51
1,22500.0,25400.0,1.1288888888888888,88,87,87.5,47900.0,True,2019HU1375255,17
1,119300.0,65460.0,1.8224870149709747,73,58,65.5,184760.0,True,2019HU1376030,15
1,40000.0,20000.0,2.0,25,25,25.0,60000.0,True,2019HU1376109,74
1,100000.0,23000.0,4.3478260869565215,63,67,65.0,123000.0,True,2019HU1377948,14
2,30000.0,5000.0,6.0,31,30,30.5,35000.0,True,2019HU1378832,8
0,50000.0,44000.0,1.1363636363636365,54,49,51.5,94000.0,True,2019HU1378868,79
3,517000.0,125500.0,4.1195219123505975,58,64,61.0,642500.0,True,2019HU1379556,7
0,82000.0,50000.0,1.64,51,50,50.5,132000.0,True,2019HU1379711,9
2,0.0,50000.0,0.0,23,24,23.5,50000.0,True,2019HU1379852,9
6,8400.0,101300.0,12.05952380952381,78,80,79.0,109700.0,True,2019HU1380054,24
1,35600.0,22100.0,1.6108597285067874,62,67,64.5,57700.0,False,2019HU1380437,3
0,44000.0,30000.0,1.4666666666666666,63,61,62.0,74000.0,True,2019HU1380716,26
0,24100.0,48400.0,2.008298755186722,31,32,31.5,72500.0,True,2019HU1382372,37
2,10000.0,46000.0,4.6,67,66,66.5,56000.0,False,2019HU1382544,4
0,29600.0,13600.0,2.176470588235294,85,83,84.0,43200.0,True,2019HU1384577,18
2,54000.0,65000.0,1.2037037037037037,40,44,42.0,119000.0,True,2019HU1386172,19
1,38000.0,25000.0,1.52,75,42,58.5,63000.0,True,2019HU1387591,23
2,59000.0,15900.0,3.710691823899371,61,49,55.0,74900.0,False,2019HU1387962,15
0,24100.0,35100.0,1.4564315352697095,64,62,63.0,59200.0,True,2019HU1388405,28
2,120000.0,100000.0,1.2,64,60,62.0,220000.0,True,2019HU1388767,24
0,9600.0,26550.0,2.765625,70,68,69.0,36150.0,True,2019HU1389150,7
1,81000.0,51000.0,1.588235294117647,55,56,55.5,132000.0,True,2019HU1389196,19
2,156600.0,59000.0,2.6542372881355933,69,64,66.5,215600.0,True,2019HU1389853,10
0,-1700.0,-400.0,0.0,90,78,84.0,-2100.0,True,2019HU1389970,13
0,32000.0,31200.0,1.0256410256410255,41,47,44.0,63200.0,True,2019HU1390807,40
3,26460.0,96000.0,3.6281179138321997,69,54,61.5,122460.0,False,2019HU1392075,12
2,176000.0,90000.0,1.9555555555555555,60,58,59.0,266000.0,True,2019HU1392452,6
1,11700.0,39500.0,3.376068376068376,72,73,72.5,51200.0,True,2019HU1392788,4
6,35100.0,205000.0,5.84045584045584,33,63,48.0,240100.0,False,2019HU1393425,15
3,0.0,111000.0,0.0,34,35,34.5,111000.0,True,2019HU1393488,48
4,3100.0,56500.0,18.225806451612904,73,73,73.0,59600.0,True,2019HU1394062,10
0,100000.0,0.0,0.0,42,40,41.0,100000.0,True,2019HU1394711,16
0,50000.0,0.0,0.0,64,59,61.5,50000.0,True,2019HU1394863,5
1,60000.0,60000.0,1.0,32,31,31.5,120000.0,True,2019HU1395050,11
3,110000.0,0.0,0.0,34,36,35.0,110000.0,True,2019HU1395658,9
1,38000.0,24000.0,1.5833333333333333,66,36,51.0,62000.0,True,2019HU1395694,20
0,33600.0,55000.0,1.6369047619047619,61,59,60.0,88600.0,True,2019HU1396249,10
3,30000.0,6000.0,5.0,25,24,24.5,36000.0,True,2019HU1396277,18
2,58400.0,72400.0,1.2397260273972603,66,68,67.0,130800.0,False,2019HU1396811,14
0,11100.0,17000.0,1.5315315315315314,66,60,63.0,28100.0,True,2019HU1397109,4
0,40000.0,71000.0,1.775,49,57,53.0,111000.0,True,2019HU1397543,4
1,30000.0,45000.0,1.5,62,45,53.5,75000.0,True,2019HU1397842,14
0,105000.0,42000.0,2.5,57,54,55.5,147000.0,True,2019HU1397853,5
0,23800.0,55000.0,2.310924369747899,41,36,38.5,78800.0,True,2019HU1399048,20
0,48700.0,23000.0,2.117391304347826,30,33,31.5,71700.0,True,2019HU1399491,17
0,40400.0,95000.0,2.3514851485148514,58,63,60.5,135400.0,True,2019HU1399504,47
0,12200.0,11100.0,1.0990990990990992,73,84,78.5,23300.0,True,2019HU1400808,18
1,50000.0,20000.0,2.5,58,58,58.0,70000.0,True,2019HU1400878,28
2,22800.0,15200.0,1.5,95,66,80.5,38000.0,True,2019HU1401113,9
2,9300.0,90000.0,9.67741935483871,41,42,41.5,99300.0,True,2019HU1402461,15
1,12000.0,12000.0,1.0,46,52,49.0,24000.0,False,2019HU1402887,6
2,80000.0,10000.0,8.0,54,56,55.0,90000.0,True,2019HU1404016,3
3,140000.0,0.0,0.0,45,38,41.5,140000.0,True,2019HU1404967,22
0,44000.0,25000.0,1.76,65,59,62.0,69000.0,True,2019HU1405590,5
0,45200.0,22200.0,2.036036036036036,68,67,67.5,67400.0,True,2019HU1405694,12
1,91000.0,70000.0,1.3,45,49,47.0,161000.0,True,2019HU1405830,16
4,440000.0,0.0,0.0,59,56,57.5,440000.0,True,2019HU1407286,15
1,40400.0,49400.0,1.2227722772277227,68,69,68.5,89800.0,True,2019HU1407581,24
5,900.0,38000.0,42.22222222222222,41,39,40.0,38900.0,True,2019HU1407690,16
3,180000.0,0.0,0.0,56,56,56.0,180000.0,True,2019HU1408014,13
3,390000.0,40000.0,9.75,68,67,67.5,430000.0,True,2019HU1408647,14
2,125600.0,127000.0,1.0111464968152866,43,43,43.0,252600.0,True,2019HU1408775,15
1,98700.0,20000.0,4.935,48,45,46.5,118700.0,True,2019HU1409185,15
7,104000.0,2100.0,49.523809523809526,32,31,31.5,106100.0,True,2019HU1410170,48
2,31200.0,6200.0,5.032258064516129,54,52,53.0,37400.0,True,2019HU1410247,3
1,45200.0,46100.0,1.0199115044247788,82,82,82.0,91300.0,True,2019HU1410336,5
2,45500.0,29000.0,1.5689655172413792,62,43,52.5,74500.0,False,2019HU1411166,4
2,22000.0,0.0,0.0,39,65,52.0,22000.0,False,2019HU1412275,47
2,175000.0,100050.0,1.7491254372813594,76,70,73.0,275050.0,True,2019HU1412303,27
2,183500.0,79000.0,2.3227848101265822,57,70,63.5,262500.0,True,2020HU0000021,9
3,60000.0,6000.0,10.0,25,25,25.0,66000.0,True,2020HU0000395,95
4,1700.0,45000.0,26.470588235294116,73,74,73.5,46700.0,True,2020HU0000471,1
0,28600.0,12000.0,2.3833333333333333,65,64,64.5,40600.0,True,2020HU0000651,9
0,95000.0,0.0,0.0,64,67,65.5,95000.0,True,2020HU0000707,2
2,65000.0,9400.0,6.914893617021277,38,40,39.0,74400.0,True,2020HU0000903,15
1,62800.0,64000.0,1.019108280254777,54,57,55.5,126800.0,True,2020HU0001684,14
0,70000.0,0.0,0.0,69,67,68.0,70000.0,True,2020HU0002310,4
3,7200.0,30500.0,4.236111111111111,72,64,68.0,37700.0,False,2020HU0002519,6
0,113100.0,47000.0,2.4063829787234043,79,79,79.0,160100.0,True,2020HU0002791,5
0,101200.0,40000.0,2.53,45,47,46.0,141200.0,True,2020HU0003440,23
2,170000.0,412800.0,2.428235294117647,52,54,53.0,582800.0,True,2020HU0003736,24
0,65000.0,38000.0,1.7105263157894737,61,57,59.0,103000.0,True,2020HU0003788,5
1,59100.0,0.0,0.0,68,61,64.5,59100.0,False,2020HU0003807,2
1,9400.0,2400.0,3.9166666666666665,71,72,71.5,11800.0,True,2020HU0003862,18
2,75000.0,14000.0,5.357142857142857,38,36,37.0,89000.0,True,2020HU0003965,37
1,92000.0,50000.0,1.84,38,36,37.0,142000.0,True,2020HU0004002,15
0,8200.0,5400.0,1.5185185185185186,65,64,64.5,13600.0,True,2020HU0004386,8
4,292300.0,35000.0,8.351428571428572,79,61,70.0,327300.0,True,2020HU0004617,3
1,29000.0,21000.0,1.380952380952381,38,33,35.5,50000.0,False,2020HU0004999,17
0,10200.0,10800.0,1.0588235294117647,72,71,71.5,21000.0,True,2020HU0005529,25
4,394000.0,0.0,0.0,59,58,58.5,394000.0,True,2020HU0005957,9
0,55600.0,19000.0,2.9263157894736844,69,69,69.0,74600.0,True,2020HU0006226,12
1,62200.0,82000.0,1.3183279742765273,56,58,57.0,144200.0,True,2020HU0006365,66
1,20000.0,82000.0,4.1,47,55,51.0,102000.0,True,2020HU0007120,10
0,111200.0,40900.0,2.7188264058679708,75,75,75.0,152100.0,True,2020HU0007308,6
0,42400.0,40000.0,1.06,29,42,35.5,82400.0,True,2020HU0007654,49
1,60000.0,100000.0,1.6666666666666667,58,61,59.5,160000.0,True,2020HU0008111,18
1,70000.0,90000.0,1.2857142857142858,58,59,58.5,160000.0,True,2020HU0009092,35
1,3050.0,0.0,0.0,69,64,66.5,3050.0,True,2020HU0010569,1
1,45000.0,12000.0,3.75,50,47,48.5,57000.0,True,2020HU0011792,3
4,26400.0,2300.0,11.478260869565217,44,38,41.0,28700.0,False,2020HU0012523,139
0,56600.0,41000.0,1.3804878048780487,68,66,67.0,97600.0,True,2020HU0012829,5
0,72000.0,0.0,0.0,74,70,72.0,72000.0,True,2020HU0012869,11
3,128500.0,0.0,0.0,67,65,66.0,128500.0,True,2020HU0012990,3
0,26800.0,60000.0,2.2388059701492535,66,64,65.0,86800.0,True,2020HU0013277,1
8,7000.0,405900.0,57.98571428571429,69,65,67.0,412900.0,True,2020HU0014266,9
1,12800.0,40900.0,3.1953125,84,76,80.0,53700.0,True,2020HU0015110,13
3,42000.0,2400.0,17.5,60,63,61.5,44400.0,True,2020HU0015133,31
2,14300.0,114600.0,8.013986013986013,63,64,63.5,128900.0,True,2020HU0015780,11
0,31800.0,0.0,0.0,63,54,58.5,31800.0,True,2020HU0016807,5
2,37000.0,0.0,0.0,24,23,23.5,37000.0,True,2020HU0017203,15
0,30300.0,55400.0,1.8283828382838283,71,74,72.5,85700.0,True,2020HU0017625,7
3,112000.0,0.0,0.0,50,46,48.0,112000.0,True,2020HU0017766,6
1,32300.0,125410.0,3.8826625386996905,66,59,62.5,157710.0,True,2020HU0017924,19
1,11400.0,0.0,0.0,45,45,45.0,11400.0,False,2020HU0018060,39
1,75300.0,53000.0,1.420754716981132,32,32,32.0,128300.0,True,2020HU0018659,28
0,10200.0,28200.0,2.764705882352941,68,70,69.0,38400.0,True,2020HU0019483,4
0,15000.0,43000.0,2.8666666666666667,88,90,89.0,58000.0,True,2020HU0019528,16
0,12000.0,8000.0,1.5,57,57,57.0,20000.0,True,2020HU0020920,7
4,70000.0,2000.0,35.0,34,38,36.0,72000.0,True,2020HU0021339,9
1,70000.0,110000.0,1.5714285714285714,45,36,40.5,180000.0,True,2020HU0021990,11
0,22100.0,0.0,0.0,72,86,79.0,22100.0,True,2020HU0023589,17
2,146000.0,45000.0,3.2444444444444445,62,59,60.5,191000.0,True,2020HU0023917,19
1,45000.0,24000.0,1.875,41,32,36.5,69000.0,False,2020HU0024185,2
0,25400.0,37700.0,1.484251968503937,86,92,89.0,63100.0,True,2020HU0024356,21
1,76000.0,70850.0,1.0726887791107975,72,72,72.0,146850.0,True,2020HU0024950,15
4,105000.0,10000.0,10.5,67,68,67.5,115000.0,True,2020HU0025187,1
0,75000.0,0.0,0.0,44,31,37.5,75000.0,True,2020HU0025920,3
1,0.0,50000.0,0.0,55,51,53.0,50000.0,False,2020HU0025993,20
2,105000.0,175000.0,1.6666666666666667,50,54,52.0,280000.0,True,2020HU0026169,36
2,38400.0,33800.0,1.136094674556213,56,55,55.5,72200.0,False,2020HU0026215,19
2,144900.0,20500.0,7.068292682926829,81,75,78.0,165400.0,True,2020HU0026670,13
0,44600.0,30000.0,1.4866666666666666,53,53,53.0,74600.0,True,2020HU0027560,24
0,50000.0,80000.0,1.6,54,55,54.5,130000.0,True,2020HU0028327,14
0,14700.0,13600.0,1.0808823529411764,67,76,71.5,28300.0,True,2020HU0029269,51
0,0.0,0.0,0.0,62,52,57.0,0.0,True,2020HU0029482,9
1,54000.0,65000.0,1.2037037037037037,35,36,35.5,119000.0,True,2020HU0029876,1
0,35000.0,15000.0,2.3333333333333335,44,30,37.0,50000.0,True,2020HU0030542,5
2,15000.0,130000.0,8.666666666666666,46,48,47.0,145000.0,True,2020HU0030545,3
2,61000.0,58000.0,1.0517241379310345,53,56,54.5,119000.0,False,2020HU0031025,59
2,104000.0,20000.0,5.2,40,41,40.5,124000.0,True,2020HU0031691,116
2,6310.0,50000.0,7.9239302694136295,77,69,73.0,56310.0,True,2020HU0031879,16
2,146000.0,91000.0,1.6043956043956045,78,83,80.5,237000.0,True,2020HU0032346,57
7,125000.0,4000.0,31.25,54,45,49.5,129000.0,True,2020HU0032714,2
0,65000.0,27500.0,2.3636363636363638,69,66,67.5,92500.0,True,2020HU0032874,3
1,73850.0,22350.0,3.3042505592841165,74,74,74.0,96200.0,True,2020HU0032957,61
1,80000.0,70000.0,1.1428571428571428,46,42,44.0,150000.0,True,2020HU0033354,8
4,88000.0,1800.0,48.888888888888886,51,58,54.5,89800.0,True,2020HU0034283,25
1,56000.0,52000.0,1.0769230769230769,30,30,30.0,108000.0,True,2020HU0034299,10
0,41000.0,38300.0,1.0704960835509139,68,73,70.5,79300.0,True,2020HU0034785,2
1,84900.0,22800.0,3.723684210526316,76,77,76.5,107700.0,True,2020HU0035541,56
1,0.0,8000.0,0.0,63,64,63.5,8000.0,True,2020HU0035546,53
1,68000.0,54000.0,1.2592592592592593,63,66,64.5,122000.0,True,2020HU0035822,3
1,59600.0,26150.0,2.2791586998087956,88,84,86.0,85750.0,False,2020HU0036042,16
2,94390.0,65000.0,1.4521538461538461,58,59,58.5,159390.0,True,2020HU0036053,2
0,0.0,63000.0,0.0,58,59,58.5,63000.0,True,2020HU0036184,3
1,41300.0,9200.0,4.489130434782608,67,73,70.0,50500.0,True,2020HU0036445,1
1,82000.0,90000.0,1.0975609756097562,36,37,36.5,172000.0,True,2020HU0037375,16
4,120000.0,0.0,0.0,73,57,65.0,120000.0,True,2020HU0037669,2
0,46380.0,0.0,0.0,64,51,57.5,46380.0,True,2020HU0038763,9
0,95000.0,0.0,0.0,37,35,36.0,95000.0,True,2020HU0039361,13
2,5700.0,35000.0,6.140350877192983,77,77,77.0,40700.0,True,2020HU0039468,13
0,88600.0,48000.0,1.8458333333333334,31,32,31.5,136600.0,True,2020HU0039536,24
0,47000.0,45000.0,1.0444444444444445,53,51,52.0,92000.0,True,2020HU0039717,8
1,132000.0,67000.0,1.9701492537313432,39,36,37.5,199000.0,True,2020HU0039735,4
2,6000.0,42000.0,7.0,88,89,88.5,48000.0,True,2020HU0039801,1
7,6000.0,105000.0,17.5,28,31,29.5,111000.0,True,2020HU0040013,71
0,21600.0,55000.0,2.5462962962962963,52,55,53.5,76600.0,True,2020HU0040507,20
1,60520.0,101820.0,1.6824190350297423,40,40,40.0,162340.0,True,2020HU0041539,103
0,60000.0,40000.0,1.5,60,62,61.0,100000.0,True,2020HU0042032,22
7,126100.0,2500.0,50.44,37,35,36.0,128600.0,True,2020HU0042298,57
2,149000.0,15000.0,9.933333333333334,72,68,70.0,164000.0,True,2020HU0042422,1
0,40000.0,20000.0,2.0,52,52,52.0,60000.0,True,2020HU0042666,13
2,55000.0,110000.0,2.0,49,39,44.0,165000.0,False,2020HU0044950,3
6,120000.0,6000.0,20.0,53,57,55.0,126000.0,True,2020HU0045003,4
3,0.0,110000.0,0.0,61,65,63.0,110000.0,True,2020HU0045571,16
2,138000.0,66000.0,2.090909090909091,53,57,55.0,204000.0,True,2020HU0045731,9
1,80000.0,100000.0,1.25,62,59,60.5,180000.0,True,2020HU0045908,3
1,69800.0,56000.0,1.2464285714285714,39,42,40.5,125800.0,True,2020HU0046355,10
3,134000.0,15630.0,8.573256557901471,74,68,71.0,149630.0,True,2020HU0046615,7
0,31200.0,35200.0,1.1282051282051282,85,76,80.5,66400.0,True,2020HU0046847,11
1,45000.0,32200.0,1.3975155279503106,56,57,56.5,77200.0,True,2020HU0047240,18
0,24520.0,15220.0,1.6110381077529565,71,64,67.5,39740.0,True,2020HU0048141,1
1,64010.0,51000.0,1.2550980392156863,31,30,30.5,115010.0,True,2020HU0048187,12
0,47900.0,53000.0,1.1064718162839249,59,58,58.5,100900.0,True,2020HU0048335,2
3,170000.0,43800.0,3.8812785388127855,48,47,47.5,213800.0,True,2020HU0048350,10
2,0.0,12000.0,0.0,67,20,43.5,12000.0,True,2020HU0049957,1
0,30500.0,18600.0,1.6397849462365592,68,65,66.5,49100.0,True,2020HU0050104,2
2,40300.0,7800.0,5.166666666666667,79,74,76.5,48100.0,True,2020HU0050186,14
1,63000.0,56000.0,1.125,37,35,36.0,119000.0,True,2020HU0050596,8
4,286000.0,0.0,0.0,41,40,40.5,286000.0,True,2020HU0050744,8
0,24700.0,0.0,0.0,59,59,59.0,24700.0,True,2020HU0050778,29
3,10000.0,36000.0,3.6,21,23,22.0,46000.0,True,2020HU0051131,11
1,22600.0,50000.0,2.2123893805309733,58,49,53.5,72600.0,True,2020HU0052135,3
2,5700.0,55000.0,9.649122807017545,47,48,47.5,60700.0,True,2020HU0052423,20
3,22000.0,183500.0,8.340909090909092,52,56,54.0,205500.0,True,2020HU0052818,4
0,0.0,60000.0,0.0,39,40,39.5,60000.0,True,2020HU0053164,67
1,74400.0,16300.0,4.564417177914111,72,66,69.0,90700.0,True,2020HU0053581,7
2,14000.0,4800.0,2.9166666666666665,87,87,87.0,18800.0,False,2020HU0053654,101
0,41200.0,22000.0,1.8727272727272728,38,44,41.0,63200.0,True,2020HU0053765,85
0,100000.0,0.0,0.0,63,63,63.0,100000.0,True,2020HU0053805,1
2,130000.0,30000.0,4.333333333333333,57,49,53.0,160000.0,False,2020HU0054386,3
3,120000.0,0.0,0.0,65,63,64.0,120000.0,True,2020HU0054735,4
3,199000.0,54000.0,3.685185185185185,60,61,60.5,253000.0,True,2020HU0055001,40
1,42000.0,20400.0,2.0588235294117645,59,66,62.5,62400.0,True,2020HU0055866,13
2,60000.0,8000.0,7.5,57,63,60.0,68000.0,True,2020HU0055926,17
0,72000.0,46000.0,1.565217391304348,49,46,47.5,118000.0,True,2020HU0057172,57
2,180300.0,63500.0,2.8393700787401577,79,65,72.0,243800.0,True,2020HU0057431,12
1,40000.0,55000.0,1.375,39,38,38.5,95000.0,False,2020HU0057735,10
1,0.0,45000.0,0.0,37,41,39.0,45000.0,True,2020HU0058034,3
0,63000.0,35000.0,1.8,62,61,61.5,98000.0,True,2020HU0059026,35
0,38300.0,24000.0,1.5958333333333334,72,74,73.0,62300.0,True,2020HU0059171,14
2,18000.0,2100.0,8.571428571428571,52,57,54.5,20100.0,True,2020HU0059331,12
0,23500.0,52800.0,2.246808510638298,66,62,64.0,76300.0,True,2020HU0060140,5
0,4500.0,11800.0,2.6222222222222222,65,75,70.0,16300.0,True,2020HU0060644,1
2,31900.0,7200.0,4.430555555555555,66,60,63.0,39100.0,True,2020HU0061245,4
0,130000.0,50000.0,2.6,69,73,71.0,180000.0,True,2020HU0062316,59
6,26400.0,560.0,47.142857142857146,20,19,19.5,26960.0,True,2020HU0062756,20
1,60000.0,60000.0,1.0,50,51,50.5,120000.0,True,2020HU0062900,88
0,128000.0,43000.0,2.9767441860465116,51,43,47.0,171000.0,True,2020HU0063043,36
0,9500.0,0.0,0.0,53,51,52.0,9500.0,True,2020HU0063648,2
1,67400.0,65400.0,1.0305810397553516,78,77,77.5,132800.0,True,2020HU0064297,25
0,37000.0,21500.0,1.7209302325581395,71,72,71.5,58500.0,True,2020HU0064821,12
0,59000.0,49000.0,1.2040816326530612,51,46,48.5,108000.0,True,2020HU0064904,13
0,36000.0,50000.0,1.3888888888888888,39,40,39.5,86000.0,True,2020HU0065314,13
0,24500.0,23300.0,1.0515021459227467,76,78,77.0,47800.0,True,2020HU0065888,5
1,50500.0,60000.0,1.188118811881188,70,64,67.0,110500.0,True,2020HU0066198,6
0,61700.0,36400.0,1.695054945054945,67,70,68.5,98100.0,True,2020HU0066244,25
2,35200.0,9000.0,3.911111111111111,65,69,67.0,44200.0,True,2020HU0066851,4
0,33500.0,58000.0,1.7313432835820894,72,72,72.0,91500.0,True,2020HU0066944,13
0,26000.0,46800.0,1.8,63,71,67.0,72800.0,True,2020HU0066994,14
0,48200.0,43900.0,1.0979498861047836,73,72,72.5,92100.0,True,2020HU0067191,3
1,117250.0,60250.0,1.946058091286307,37,38,37.5,177500.0,True,2020HU0067978,12
2,45000.0,30000.0,1.5,23,21,22.0,75000.0,True,2020HU0068154,25
0,13000.0,11300.0,1.1504424778761062,73,69,71.0,24300.0,True,2020HU0069111,26
1,15300.0,23200.0,1.5163398692810457,70,55,62.5,38500.0,True,2020HU0069137,20
0,13100.0,10100.0,1.297029702970297,70,68,69.0,23200.0,True,2020HU0069294,1
1,98000.0,65000.0,1.5076923076923077,46,41,43.5,163000.0,True,2020HU0069922,10
6,16000.0,890.0,17.97752808988764,32,63,47.5,16890.0,False,2020HU0069981,34
1,56000.0,129300.0,2.3089285714285714,62,66,64.0,185300.0,True,2020HU0069991,12
3,100000.0,16200.0,6.172839506172839,59,67,63.0,116200.0,True,2020HU0070080,17
3,9000.0,70000.0,7.777777777777778,74,46,60.0,79000.0,True,2020HU0070201,6
1,52300.0,55000.0,1.0516252390057361,66,57,61.5,107300.0,True,2020HU0070786,1
1,57600.0,81000.0,1.40625,55,54,54.5,138600.0,True,2020HU0071523,66
1,95000.0,75000.0,1.2666666666666666,49,47,48.0,170000.0,True,2020HU0072193,13
0,-1600.0,4000.0,0.0,59,62,60.5,2400.0,True,2020HU0072657,22
0,65000.0,24000.0,2.7083333333333335,44,54,49.0,89000.0,True,2020HU0072800,4
0,14000.0,20600.0,1.4714285714285715,89,86,87.5,34600.0,True,2020HU0073309,13
1,135000.0,53000.0,2.547169811320755,67,64,65.5,188000.0,True,2020HU0073542,7
2,48000.0,15000.0,3.2,78,73,75.5,63000.0,True,2020HU0073592,11
0,48200.0,32800.0,1.4695121951219512,58,58,58.0,81000.0,True,2020HU0073919,2
0,30000.0,16800.0,1.7857142857142858,80,85,82.5,46800.0,True,2020HU0073981,1
2,74400.0,13200.0,5.636363636363637,56,63,59.5,87600.0,True,2020HU0074477,22
1,56000.0,72000.0,1.2857142857142858,40,43,41.5,128000.0,True,2020HU0075555,8
0,23000.0,35200.0,1.5304347826086957,67,56,61.5,58200.0,True,2020HU0075772,20
3,130000.0,0.0,0.0,63,64,63.5,130000.0,True,2020HU0075777,16
2,13850.0,93500.0,6.750902527075812,70,73,71.5,107350.0,True,2020HU0075988,3
2,48700.0,12400.0,3.9274193548387095,84,81,82.5,61100.0,True,2020HU0076475,21
0,37600.0,30000.0,1.2533333333333334,54,56,55.0,67600.0,True,2020HU0077011,7
1,80000.0,83000.0,1.0375,45,45,45.0,163000.0,True,2020HU0077105,39
2,13300.0,94000.0,7.067669172932331,59,63,61.0,107300.0,True,2020HU0077737,17
1,77000.0,33000.0,2.3333333333333335,56,41,48.5,110000.0,True,2020HU0077900,2
1,27270.0,8000.0,3.40875,59,59,59.0,35270.0,True,2020HU0077943,2
1,8400.0,33800.0,4.023809523809524,70,68,69.0,42200.0,True,2020HU0078798,11
1,34400.0,78000.0,2.2674418604651163,61,67,64.0,112400.0,True,2020HU0079143,65
2,85000.0,108000.0,1.2705882352941176,29,28,28.5,193000.0,True,2020HU0079145,21
1,105500.0,32000.0,3.296875,75,73,74.0,137500.0,True,2020HU0079277,3
0,0.0,0.0,0.0,75,73,74.0,0.0,True,2020HU0079395,2
1,59000.0,40000.0,1.475,67,57,62.0,99000.0,False,2020HU0079714,2
3,165000.0,11000.0,15.0,63,64,63.5,176000.0,True,2020HU0080161,5
1,97000.0,87000.0,1.1149425287356323,37,31,34.0,184000.0,True,2020HU0081849,173
2,120000.0,86000.0,1.3953488372093024,43,42,42.5,206000.0,True,2020HU0082756,16
0,7200.0,12000.0,1.6666666666666667,72,71,71.5,19200.0,True,2020HU0083075,107
2,175000.0,60000.0,2.9166666666666665,39,39,39.0,235000.0,True,2020HU0084382,18
0,57000.0,43000.0,1.3255813953488371,33,29,31.0,100000.0,True,2020HU0084559,169
2,1500.0,14000.0,9.333333333333334,60,61,60.5,15500.0,True,2020HU0085271,22
0,28300.0,35000.0,1.2367491166077738,35,35,35.0,63300.0,True,2020HU0085457,30
3,50000.0,9600.0,5.208333333333333,46,49,47.5,59600.0,True,2020HU0086054,2
1,138000.0,30000.0,4.6,75,69,72.0,168000.0,True,2020HU0086293,5
1,93000.0,0.0,0.0,55,59,57.0,93000.0,True,2020HU0086535,27
2,23000.0,120000.0,5.217391304347826,47,47,47.0,143000.0,True,2020HU0086554,11
2,45000.0,9600.0,4.6875,57,54,55.5,54600.0,True,2020HU0086586,39
1,12000.0,50400.0,4.2,70,71,70.5,62400.0,True,2020HU0086620,1
0,40300.0,14000.0,2.8785714285714286,41,39,40.0,54300.0,True,2020HU0087549,1
1,62000.0,52000.0,1.1923076923076923,63,63,63.0,114000.0,True,2020HU0087733,5
1,15000.0,60000.0,4.0,59,51,55.0,75000.0,True,2020HU0087946,3
0,40900.0,14500.0,2.820689655172414,79,72,75.5,55400.0,True,2020HU0088692,44
1,26900.0,9000.0,2.988888888888889,50,53,51.5,35900.0,True,2020HU0089116,2
2,22050.0,8000.0,2.75625,19,20,19.5,30050.0,True,2020HU0089432,8
7,172600.0,1300.0,132.76923076923077,67,66,66.5,173900.0,True,2020HU0090082,1
2,111000.0,12000.0,9.25,61,58,59.5,123000.0,True,2020HU0090241,24
0,51800.0,42300.0,1.2245862884160756,35,29,32.0,94100.0,True,2020HU0090880,72
0,24000.0,10000.0,2.4,52,59,55.5,34000.0,True,2020HU0091092,7
3,50000.0,160000.0,3.2,60,59,59.5,210000.0,False,2020HU0091347,36
9,244700.0,8800.0,27.806818181818183,51,43,47.0,253500.0,True,2020HU0092036,15
2,47000.0,14270.0,3.2936229852838124,37,45,41.0,61270.0,False,2020HU0093151,40
0,55100.0,39200.0,1.405612244897959,78,77,77.5,94300.0,True,2020HU0093519,21
0,26500.0,48000.0,1.8113207547169812,72,72,72.0,74500.0,True,2020HU0094098,83
0,36000.0,60000.0,1.6666666666666667,70,63,66.5,96000.0,True,2020HU0094316,1
1,35620.0,156300.0,4.387984278495227,62,56,59.0,191920.0,True,2020HU0094633,2
1,35000.0,10800.0,3.240740740740741,61,68,64.5,45800.0,True,2020HU0094863,3
0,38300.0,37400.0,1.0240641711229947,67,54,60.5,75700.0,True,2020HU0095319,12
6,9100.0,110100.0,12.098901098901099,67,72,69.5,119200.0,True,2020HU0095706,54
0,50000.0,53000.0,1.06,63,63,63.0,103000.0,True,2020HU0096201,9
1,41300.0,12500.0,3.304,70,68,69.0,53800.0,True,2020HU0096884,14
1,57800.0,32000.0,1.80625,66,70,68.0,89800.0,True,2020HU0097105,5
6,19000.0,1500.0,12.666666666666666,50,30,40.0,20500.0,False,2020HU0097173,29
3,80000.0,8200.0,9.75609756097561,46,46,46.0,88200.0,True,2020HU0098366,5
2,135000.0,66000.0,2.0454545454545454,49,42,45.5,201000.0,True,2020HU0098475,2
0,70200.0,37600.0,1.8670212765957446,76,68,72.0,107800.0,True,2020HU0098593,6
1,34210.0,7970.0,4.292346298619824,55,61,58.0,42180.0,True,2020HU0098619,7
2,159000.0,124000.0,1.282258064516129,40,50,45.0,283000.0,True,2020HU0099013,18
7,110000.0,3000.0,36.666666666666664,42,41,41.5,113000.0,True,2020HU0099446,11
2,157790.0,49000.0,3.220204081632653,60,61,60.5,206790.0,True,2020HU0099506,10
0,83000.0,0.0,0.0,45,45,45.0,83000.0,True,2020HU0099982,10
3,135000.0,12780.0,10.56338028169014,64,69,66.5,147780.0,True,2020HU0100035,84
5,16000.0,404000.0,25.25,54,57,55.5,420000.0,True,2020HU0100091,11
1,78000.0,37700.0,2.0689655172413794,62,59,60.5,115700.0,True,2020HU0100883,7
0,45550.0,71520.0,1.5701427003293085,70,69,69.5,117070.0,True,2020HU0101430,2
2,111000.0,99050.0,1.1206461383139827,36,43,39.5,210050.0,True,2020HU0101600,116
7,119000.0,2200.0,54.09090909090909,33,35,34.0,121200.0,True,2020HU0104174,9
1,8000.0,17500.0,2.1875,24,27,25.5,25500.0,True,2020HU0104855,2
7,112000.0,2050.0,54.63414634146341,37,36,36.5,114050.0,True,2020HU0105064,4
0,80000.0,0.0,0.0,42,43,42.5,80000.0,True,2020HU0106844,15
1,67000.0,57000.0,1.1754385964912282,40,41,40.5,124000.0,True,2020HU0107019,6
0,17600.0,8800.0,2.0,60,70,65.0,26400.0,True,2020HU0107261,1
4,620000.0,0.0,0.0,66,63,64.5,620000.0,True,2020HU0107891,9
0,38100.0,53400.0,1.4015748031496063,72,76,74.0,91500.0,True,2020HU0107993,55
1,2000.0,4800.0,2.4,41,39,40.0,6800.0,False,2020HU0108070,32
8,220000.0,500.0,440.0,38,39,38.5,220500.0,True,2020HU0108712,70
1,1610.0,6100.0,3.7888198757763973,73,71,72.0,7710.0,True,2020HU0110949,7
4,73600.0,2900.0,25.379310344827587,38,35,36.5,76500.0,True,2020HU0111470,16
5,394500.0,10000.0,39.45,65,65,65.0,404500.0,True,2020HU0111793,4
3,33000.0,200000.0,6.0606060606060606,47,43,45.0,233000.0,True,2020HU0111831,4
0,19800.0,39000.0,1.9696969696969697,58,61,59.5,58800.0,True,2020HU0112523,2
2,66500.0,10000.0,6.65,96,96,96.0,76500.0,True,2020HU0113321,11
3,6000.0,31000.0,5.166666666666667,69,59,64.0,37000.0,False,2020HU0113634,7
2,10050.0,62000.0,6.169154228855722,71,63,67.0,72050.0,True,2020HU0114097,20
1,50000.0,12000.0,4.166666666666667,76,72,74.0,62000.0,True,2020HU0114269,8
1,120000.0,60000.0,2.0,53,55,54.0,180000.0,True,2020HU0114983,4
0,-6900.0,-6900.0,0.0,61,48,54.5,-13800.0,True,2020HU0115101,9
0,20000.0,11000.0,1.8181818181818181,47,37,42.0,31000.0,True,2020HU0115823,2
4,416000.0,0.0,0.0,37,42,39.5,416000.0,True,2020HU0115868,92
0,40000.0,60000.0,1.5,55,57,56.0,100000.0,True,2020HU0116577,6
6,9600.0,110000.0,11.458333333333334,66,63,64.5,119600.0,True,2020HU0116685,3
1,84000.0,37400.0,2.2459893048128343,54,50,52.0,121400.0,True,2020HU0118002,15
0,7200.0,8400.0,1.1666666666666667,61,70,65.5,15600.0,True,2020HU0118164,5
2,100000.0,205000.0,2.05,36,43,39.5,305000.0,True,2020HU0118264,8
2,111500.0,15800.0,7.056962025316456,44,42,43.0,127300.0,True,2020HU0118447,141
0,24700.0,72300.0,2.9271255060728745,78,73,75.5,97000.0,True,2020HU0118890,6
0,45600.0,45000.0,1.0133333333333334,46,51,48.5,90600.0,True,2020HU0119579,15
2,79000.0,47000.0,1.6808510638297873,74,60,67.0,126000.0,False,2020HU0119821,5
0,28400.0,44070.0,1.5517605633802818,89,89,89.0,72470.0,True,2020HU0120247,7
0,62200.0,40700.0,1.5282555282555284,59,57,58.0,102900.0,True,2020HU0120810,35
1,20000.0,90000.0,4.5,33,37,35.0,110000.0,True,2020HU0121079,6
0,100000.0,0.0,0.0,35,35,35.0,100000.0,True,2020HU0121124,27
0,24400.0,16800.0,1.4523809523809523,74,74,74.0,41200.0,True,2020HU0121533,2
0,50000.0,50000.0,1.0,38,41,39.5,100000.0,True,2020HU0121852,12
0,28800.0,30500.0,1.0590277777777777,70,75,72.5,59300.0,True,2020HU0121992,6
2,42600.0,9200.0,4.630434782608695,57,57,57.0,51800.0,False,2020HU0122169,20
1,68270.0,56000.0,1.219107142857143,57,56,56.5,124270.0,True,2020HU0122963,1
2,110000.0,112000.0,1.018181818181818,66,62,64.0,222000.0,True,2020HU0123082,22
1,99800.0,87000.0,1.1471264367816092,62,60,61.0,186800.0,True,2020HU0124069,10
1,55000.0,78200.0,1.4218181818181819,76,72,74.0,133200.0,True,2020HU0125685,5
0,38800.0,20200.0,1.9207920792079207,57,43,50.0,59000.0,True,2020HU0126625,21
0,0.0,80000.0,0.0,66,63,64.5,80000.0,True,2020HU0126745,7
1,34000.0,0.0,0.0,28,24,26.0,34000.0,True,2020HU0127150,27
1,57600.0,18000.0,3.2,64,57,60.5,75600.0,True,2020HU0127533,25
0,17300.0,30800.0,1.7803468208092486,67,63,65.0,48100.0,True,2020HU0127745,7
0,0.0,36000.0,0.0,32,32,32.0,36000.0,True,2020HU0127776,23
4,432300.0,77100.0,5.607003891050583,87,86,86.5,509400.0,True,2020HU0128128,36
1,59800.0,99600.0,1.665551839464883,39,40,39.5,159400.0,True,2020HU0129055,24
2,0.0,60000.0,0.0,25,25,25.0,60000.0,False,2020HU0129437,5
8,2000.0,110000.0,55.0,30,39,34.5,112000.0,False,2020HU0129526,15
4,660300.0,0.0,0.0,69,62,65.5,660300.0,True,2020HU0129739,91
0,50000.0,47000.0,1.0638297872340425,54,57,55.5,97000.0,True,2020HU0130471,8
2,86000.0,9250.0,9.297297297297296,71,69,70.0,95250.0,True,2020HU0130562,21
1,130050.0,60000.0,2.1675,49,41,45.0,190050.0,True,2020HU0130973,7
0,40000.0,33820.0,1.1827321111768185,59,58,58.5,73820.0,True,2020HU0131002,9
7,146000.0,1900.0,76.84210526315789,56,54,55.0,147900.0,True,2020HU0131518,15
6,48200.0,2400.0,20.083333333333332,72,38,55.0,50600.0,False,2020HU0132753,2
1,64000.0,45000.0,1.4222222222222223,42,35,38.5,109000.0,True,2020HU0134616,8
0,5000.0,10000.0,2.0,33,33,33.0,15000.0,True,2020HU0134988,14
0,12000.0,35000.0,2.9166666666666665,36,36,36.0,47000.0,True,2020HU0135348,9
3,116000.0,26000.0,4.461538461538462,67,46,56.5,142000.0,True,2020HU0136491,13
1,28500.0,11000.0,2.590909090909091,69,60,64.5,39500.0,False,2020HU0136710,11
1,68000.0,95000.0,1.3970588235294117,63,63,63.0,163000.0,True,2020HU0137743,13
2,138000.0,138000.0,1.0,76,76,76.0,276000.0,True,2020HU0137843,1
3,171300.0,15520.0,11.037371134020619,67,70,68.5,186820.0,True,2020HU0138008,12
1,99000.0,66700.0,1.4842578710644678,64,72,68.0,165700.0,True,2020HU0138319,62
2,36900.0,4500.0,8.2,46,54,50.0,41400.0,True,2020HU0138374,2
4,31200.0,1300.0,24.0,62,60,61.0,32500.0,True,2020HU0138429,29
0,45000.0,85000.0,1.8888888888888888,40,46,43.0,130000.0,True,2020HU0138721,2
1,9500.0,45300.0,4.768421052631579,68,71,69.5,54800.0,True,2020HU0139146,7
2,14100.0,72000.0,5.1063829787234045,63,51,57.0,86100.0,True,2020HU0139274,28
5,75000.0,3000.0,25.0,46,40,43.0,78000.0,True,2020HU0139590,3
0,45000.0,28000.0,1.6071428571428572,44,43,43.5,73000.0,True,2020HU0140062,15
0,21800.0,20000.0,1.09,47,45,46.0,41800.0,True,2020HU0141553,3
1,36000.0,29000.0,1.2413793103448276,64,30,47.0,65000.0,True,2020HU0143148,16
1,45000.0,103000.0,2.2888888888888888,68,66,67.0,148000.0,True,2020HU0143282,22
2,90000.0,75000.0,1.2,48,46,47.0,165000.0,True,2020HU0143420,5
1,123020.0,54010.0,2.277726346972783,45,56,50.5,177030.0,True,2020HU0144429,68
3,220000.0,52000.0,4.230769230769231,44,46,45.0,272000.0,True,2020HU0145372,4
0,24000.0,61200.0,2.55,71,72,71.5,85200.0,True,2020HU0145863,15
1,78400.0,24000.0,3.2666666666666666,60,61,60.5,102400.0,True,2020HU0146316,15
2,8500.0,32000.0,3.764705882352941,26,25,25.5,40500.0,True,2020HU0146489,10
1,60020.0,38000.0,1.5794736842105264,32,27,29.5,98020.0,True,2020HU0146579,30
8,654000.0,5000.0,130.8,69,68,68.5,659000.0,True,2020HU0146729,4
2,20000.0,20000.0,1.0,25,22,23.5,40000.0,True,2020HU0147334,9
4,0.0,110000.0,0.0,26,27,26.5,110000.0,True,2020HU0148064,4
5,271000.0,20000.0,13.55,70,70,70.0,291000.0,True,2020HU0148217,5
0,12400.0,9400.0,1.3191489361702127,54,60,57.0,21800.0,True,2020HU0148245,1
0,75000.0,0.0,0.0,47,39,43.0,75000.0,True,2020HU0148416,25
4,33000.0,1500.0,22.0,62,63,62.5,34500.0,True,2020HU0148923,11
0,47400.0,19200.0,2.46875,65,65,65.0,66600.0,True,2020HU0149333,24
0,57000.0,46000.0,1.2391304347826086,64,59,61.5,103000.0,True,2020HU0149998,8
0,26000.0,0.0,0.0,61,62,61.5,26000.0,True,2020HU0150338,5
1,47000.0,50000.0,1.0638297872340425,67,61,64.0,97000.0,True,2020HU0150450,8
2,122600.0,20400.0,6.009803921568627,85,80,82.5,143000.0,True,2020HU0150487,179
0,40200.0,65000.0,1.6169154228855722,49,50,49.5,105200.0,True,2020HU0150863,27
2,37000.0,31700.0,1.167192429022082,59,58,58.5,68700.0,False,2020HU0151674,14
0,80400.0,42900.0,1.8741258741258742,66,73,69.5,123300.0,True,2020HU0152184,105
0,50000.0,67000.0,1.34,58,62,60.0,117000.0,True,2020HU0152742,3
1,6000.0,19000.0,3.1666666666666665,56,70,63.0,25000.0,True,2020HU0153251,4
0,63600.0,40800.0,1.5588235294117647,69,70,69.5,104400.0,True,2020HU0153415,2
2,77000.0,9700.0,7.938144329896907,68,69,68.5,86700.0,True,2020HU0153703,22
0,44000.0,64000.0,1.4545454545454546,65,66,65.5,108000.0,True,2020HU0153791,2
1,80000.0,33600.0,2.380952380952381,29,30,29.5,113600.0,True,2020HU0153806,62
3,36350.0,226000.0,6.217331499312242,60,57,58.5,262350.0,True,2020HU0154368,19
2,50900.0,15000.0,3.3933333333333335,70,52,61.0,65900.0,True,2020HU0154579,6
0,42000.0,39000.0,1.0769230769230769,65,64,64.5,81000.0,True,2020HU0155061,4
2,180000.0,70000.0,2.5714285714285716,62,64,63.0,250000.0,True,2020HU0155206,23
0,43000.0,19000.0,2.263157894736842,34,34,34.0,62000.0,True,2020HU0155527,106
3,47800.0,275800.0,5.7698744769874475,67,70,68.5,323600.0,True,2020HU0155777,177
0,23800.0,25000.0,1.050420168067227,68,53,60.5,48800.0,True,2020HU0157441,55
0,0.0,60000.0,0.0,30,33,31.5,60000.0,True,2020HU0157962,40
1,75000.0,64000.0,1.171875,34,37,35.5,139000.0,True,2020HU0158022,62
2,45000.0,25000.0,1.8,25,24,24.5,70000.0,True,2020HU0158775,13
1,70600.0,20500.0,3.44390243902439,75,71,73.0,91100.0,True,2020HU0158807,10
2,16900.0,165000.0,9.763313609467456,55,57,56.0,181900.0,True,2020HU0159136,46
0,25040.0,27700.0,1.1062300319488818,52,62,57.0,52740.0,True,2020HU0159353,9
0,40000.0,120000.0,3.0,59,61,60.0,160000.0,True,2020HU0159833,9
2,60000.0,0.0,0.0,23,23,23.0,60000.0,True,2020HU0159913,37
2,65000.0,74000.0,1.1384615384615384,49,52,50.5,139000.0,False,2020HU0160033,4
0,18000.0,0.0,0.0,60,54,57.0,18000.0,True,2020HU0161272,4
0,32300.0,37400.0,1.1578947368421053,47,47,47.0,69700.0,True,2020HU0161468,15
0,49500.0,24800.0,1.9959677419354838,85,77,81.0,74300.0,True,2020HU0161639,17
4,24000.0,4000.0,6.0,24,21,22.5,28000.0,True,2020HU0162025,103
2,162500.0,114000.0,1.4254385964912282,70,58,64.0,276500.0,True,2020HU0162070,9
0,26000.0,47000.0,1.8076923076923077,30,30,30.0,73000.0,True,2020HU0162420,18
7,172000.0,2000.0,86.0,58,55,56.5,174000.0,True,2020HU0162605,8
0,18400.0,18200.0,1.010989010989011,81,86,83.5,36600.0,True,2020HU0162783,4
1,35000.0,0.0,0.0,25,25,25.0,35000.0,True,2020HU0162825,18
1,50400.0,14700.0,3.4285714285714284,71,78,74.5,65100.0,True,2020HU0163591,8
0,21000.0,12400.0,1.6935483870967742,62,63,62.5,33400.0,True,2020HU0163874,10
0,64000.0,30000.0,2.1333333333333333,59,60,59.5,94000.0,True,2020HU0164226,13
0,21800.0,28000.0,1.2844036697247707,71,74,72.5,49800.0,True,2020HU0164529,41
1,28600.0,105000.0,3.6713286713286712,69,71,70.0,133600.0,True,2020HU0164898,5
4,300000.0,0.0,0.0,66,68,67.0,300000.0,True,2020HU0165009,2
2,43600.0,12000.0,3.6333333333333333,71,70,70.5,55600.0,True,2020HU0165188,110
1,100100.0,60200.0,1.6627906976744187,62,62,62.0,160300.0,True,2020HU0165718,6
0,30000.0,16000.0,1.875,74,71,72.5,46000.0,True,2020HU0165755,5
0,100000.0,40000.0,2.5,36,35,35.5,140000.0,True,2020HU0166025,6
1,96000.0,65000.0,1.476923076923077,60,50,55.0,161000.0,True,2020HU0166201,45
0,52000.0,32300.0,1.609907120743034,56,59,57.5,84300.0,True,2020HU0166265,25
0,56200.0,35800.0,1.5698324022346368,73,70,71.5,92000.0,True,2020HU0166604,36
0,61400.0,24000.0,2.558333333333333,66,59,62.5,85400.0,True,2020HU0167358,23
5,472300.0,12000.0,39.358333333333334,73,67,70.0,484300.0,True,2020HU0167627,3
2,8600.0,48000.0,5.5813953488372094,81,88,84.5,56600.0,True,2020HU0167825,4
3,42330.0,164610.0,3.888731396172927,59,67,63.0,206940.0,True,2020HU0168100,4
0,83000.0,33300.0,2.4924924924924925,44,42,43.0,116300.0,True,2020HU0168250,90
6,120000.0,8000.0,15.0,30,30,30.0,128000.0,True,2020HU0168669,10
5,484000.0,12000.0,40.333333333333336,64,62,63.0,496000.0,True,2020HU0168741,3
1,130000.0,30000.0,4.333333333333333,37,34,35.5,160000.0,True,2020HU0168757,6
1,60000.0,101820.0,1.697,41,43,42.0,161820.0,True,2020HU0168801,19
2,121620.0,79000.0,1.539493670886076,49,50,49.5,200620.0,True,2020HU0169558,26
0,50000.0,70000.0,1.4,59,52,55.5,120000.0,True,2020HU0169961,28
7,159000.0,3000.0,53.0,58,59,58.5,162000.0,True,2020HU0171212,17
2,13000.0,9600.0,1.3541666666666667,34,34,34.0,22600.0,False,2020HU0171727,3
1,56000.0,30000.0,1.8666666666666667,64,66,65.0,86000.0,True,2020HU0171988,13
1,53000.0,12300.0,4.308943089430894,79,77,78.0,65300.0,True,2020HU0172055,17
1,65400.0,61400.0,1.0651465798045603,53,55,54.0,126800.0,True,2020HU0172102,10
0,74400.0,30000.0,2.48,68,63,65.5,104400.0,True,2020HU0172354,37
0,51000.0,20000.0,2.55,72,69,70.5,71000.0,True,2020HU0172592,12
3,115000.0,0.0,0.0,60,57,58.5,115000.0,True,2020HU0172961,10
0,49000.0,95000.0,1.9387755102040816,34,34,34.0,144000.0,True,2020HU0173289,42
0,12100.0,20000.0,1.6528925619834711,74,69,71.5,32100.0,True,2020HU0173538,4
1,70000.0,26000.0,2.6923076923076925,54,63,58.5,96000.0,True,2020HU0173689,4
7,191000.0,700.0,272.85714285714283,43,43,43.0,191700.0,True,2020HU0173798,7
4,394000.0,0.0,0.0,62,58,60.0,394000.0,True,2020HU0173814,23
0,40000.0,50000.0,1.25,62,66,64.0,90000.0,True,2020HU0174761,40
0,42600.0,41000.0,1.0390243902439025,62,62,62.0,83600.0,True,2020HU0175528,26
1,30200.0,8700.0,3.471264367816092,42,43,42.5,38900.0,True,2020HU0175595,17
0,27650.0,64000.0,2.3146473779385173,69,68,68.5,91650.0,True,2020HU0175802,8
1,44000.0,16000.0,2.75,65,71,68.0,60000.0,True,2020HU0175991,127
1,54210.0,12100.0,4.480165289256198,67,67,67.0,66310.0,True,2020HU0176032,27
1,76000.0,58000.0,1.3103448275862069,42,42,42.0,134000.0,True,2020HU0176037,10
0,82900.0,0.0,0.0,40,36,38.0,82900.0,True,2020HU0176074,58
2,90000.0,9900.0,9.090909090909092,49,36,42.5,99900.0,True,2020HU0176128,9
2,83000.0,140000.0,1.6867469879518073,34,35,34.5,223000.0,True,2020HU0176336,6
2,337000.0,296300.0,1.1373607829902126,86,79,82.5,633300.0,True,2020HU0176537,28
1,88910.0,35000.0,2.5402857142857145,40,42,41.0,123910.0,False,2020HU0176665,2
4,63100.0,3280.0,19.23780487804878,61,66,63.5,66380.0,True,2020HU0176861,25
1,32000.0,8000.0,4.0,52,57,54.5,40000.0,True,2020HU0176885,5
0,60000.0,50000.0,1.2,66,65,65.5,110000.0,True,2020HU0177628,65
0,71000.0,48000.0,1.4791666666666667,61,61,61.0,119000.0,True,2020HU0178764,11
0,60000.0,0.0,0.0,66,59,62.5,60000.0,True,2020HU0179578,9
0,58990.0,33400.0,1.7661676646706588,70,70,70.0,92390.0,True,2020HU0179903,4
1,38800.0,34800.0,1.1149425287356323,70,70,70.0,73600.0,True,2020HU0179951,3
2,102000.0,26000.0,3.923076923076923,64,62,63.0,128000.0,True,2020HU0180233,10
0,5600.0,8400.0,1.5,78,74,76.0,14000.0,True,2020HU0180518,3
4,0.0,394000.0,0.0,53,56,54.5,394000.0,True,2020HU0180561,19
1,53000.0,57200.0,1.079245283018868,53,65,59.0,110200.0,True,2020HU0182283,6
1,46090.0,9900.0,4.655555555555556,82,82,82.0,55990.0,True,2020HU0182529,1
1,14400.0,0.0,0.0,50,43,46.5,14400.0,False,2020HU0182676,4
0,48600.0,35800.0,1.3575418994413408,66,64,65.0,84400.0,True,2020HU0183944,16
1,80000.0,90000.0,1.125,35,35,35.0,170000.0,True,2020HU0184985,13
1,51900.0,10800.0,4.805555555555555,82,81,81.5,62700.0,True,2020HU0185498,10
0,33000.0,95000.0,2.878787878787879,38,41,39.5,128000.0,True,2020HU0186139,14
0,24400.0,18000.0,1.3555555555555556,86,76,81.0,42400.0,True,2020HU0187435,31
3,150000.0,0.0,0.0,53,43,48.0,150000.0,True,2020HU0187654,8
1,15000.0,0.0,0.0,62,44,53.0,15000.0,True,2020HU0189016,1
2,77000.0,8400.0,9.166666666666666,84,82,83.0,85400.0,True,2020HU0189704,6
0,0.0,60000.0,0.0,46,54,50.0,60000.0,True,2020HU0189927,3
0,0.0,17000.0,0.0,35,32,33.5,17000.0,True,2020HU0190003,24
1,79000.0,65900.0,1.1987860394537178,46,47,46.5,144900.0,True,2020HU0190944,2
4,415200.0,39800.0,10.4321608040201,73,72,72.5,455000.0,True,2020HU0191085,15
0,-6900.0,0.0,0.0,57,57,57.0,-6900.0,True,2020HU0191125,21
0,40000.0,75000.0,1.875,59,56,57.5,115000.0,True,2020HU0191535,3
0,60000.0,30000.0,2.0,44,40,42.0,90000.0,True,2020HU0192140,38
1,23100.0,14900.0,1.5503355704697988,75,74,74.5,38000.0,True,2020HU0192350,22
2,170400.0,135000.0,1.2622222222222221,38,42,40.0,305400.0,True,2020HU0194119,38
2,127600.0,16100.0,7.925465838509317,69,68,68.5,143700.0,True,2020HU0194300,2
0,80000.0,50000.0,1.6,38,42,40.0,130000.0,True,2020HU0194467,9
8,430000.0,2000.0,215.0,60,57,58.5,432000.0,True,2020HU0196104,12
3,202200.0,131000.0,1.5435114503816794,47,45,46.0,333200.0,True,2020HU0196412,8
2,60590.0,11500.0,5.268695652173913,51,59,55.0,72090.0,True,2020HU0196416,22
0,47000.0,0.0,0.0,42,34,38.0,47000.0,True,2020HU0198061,5
1,75200.0,28800.0,2.611111111111111,74,32,53.0,104000.0,True,2020HU0198772,15
0,25800.0,45400.0,1.7596899224806202,81,81,81.0,71200.0,True,2020HU0199245,6
4,1100.0,95000.0,86.36363636363636,65,53,59.0,96100.0,True,2020HU0199450,9
0,42100.0,62900.0,1.494061757719715,81,85,83.0,105000.0,True,2020HU0200880,3
0,87350.0,31800.0,2.74685534591195,66,68,67.0,119150.0,True,2020HU0202424,6
1,50000.0,10000.0,5.0,43,41,42.0,60000.0,True,2020HU0203068,22
1,38000.0,0.0,0.0,37,34,35.5,38000.0,False,2020HU0203115,2
3,88000.0,124000.0,1.4090909090909092,43,48,45.5,212000.0,True,2020HU0203118,7
1,36400.0,45000.0,1.2362637362637363,52,54,53.0,81400.0,False,2020HU0203225,43
2,90000.0,100000.0,1.1111111111111112,50,54,52.0,190000.0,False,2020HU0203406,7
2,156000.0,140000.0,1.1142857142857143,42,41,41.5,296000.0,True,2020HU0203613,5
2,394000.0,394000.0,1.0,47,52,49.5,788000.0,True,2020HU0204083,70
0,16100.0,13500.0,1.1925925925925926,65,66,65.5,29600.0,True,2020HU0204119,4
2,45600.0,13000.0,3.5076923076923077,56,50,53.0,58600.0,False,2020HU0204247,16
0,25600.0,30600.0,1.1953125,75,73,74.0,56200.0,True,2020HU0204863,29
0,24000.0,0.0,0.0,80,74,77.0,24000.0,True,2020HU0206367,12
0,68800.0,49900.0,1.3787575150300602,57,57,57.0,118700.0,True,2020HU0206434,24
1,55000.0,16800.0,3.2738095238095237,63,69,66.0,71800.0,True,2020HU0206610,14
1,50000.0,0.0,0.0,60,60,60.0,50000.0,False,2020HU0206645,9
1,49400.0,15300.0,3.2287581699346406,45,45,45.0,64700.0,True,2020HU0206774,12
2,9500.0,60000.0,6.315789473684211,66,68,67.0,69500.0,True,2020HU0207246,118
4,19300.0,234600.0,12.155440414507773,73,75,74.0,253900.0,True,2020HU0207461,1
3,6000.0,60000.0,10.0,62,87,74.5,66000.0,True,2020HU0207765,6
4,226000.0,180000.0,1.2555555555555555,96,67,81.5,406000.0,False,2020HU0208242,83
0,62500.0,0.0,0.0,45,42,43.5,62500.0,True,2020HU0208831,66
1,45000.0,55000.0,1.2222222222222223,50,44,47.0,100000.0,True,2020HU0209497,9
1,120000.0,75000.0,1.6,44,44,44.0,195000.0,True,2020HU0209857,2
3,37000.0,6000.0,6.166666666666667,39,33,36.0,43000.0,True,2020HU0210261,65
4,445000.0,0.0,0.0,63,62,62.5,445000.0,True,2020HU0212029,17
2,7900.0,58000.0,7.341772151898734,71,74,72.5,65900.0,True,2020HU0212528,1
0,0.0,74000.0,0.0,51,47,49.0,74000.0,True,2020HU0213158,27
2,128500.0,15000.0,8.566666666666666,69,54,61.5,143500.0,True,2020HU0213540,18
2,0.0,28800.0,0.0,34,27,30.5,28800.0,False,2020HU0213591,5
7,192000.0,6000.0,32.0,47,46,46.5,198000.0,True,2020HU0213866,41
7,140000.0,5000.0,28.0,43,45,44.0,145000.0,True,2020HU0214447,11
7,195000.0,200.0,975.0,62,66,64.0,195200.0,True,2020HU0214867,40
0,27000.0,40000.0,1.4814814814814814,55,54,54.5,67000.0,True,2020HU0215454,12
0,17000.0,50000.0,2.9411764705882355,64,50,57.0,67000.0,True,2020HU0215539,11
5,394000.0,12000.0,32.833333333333336,57,55,56.0,406000.0,True,2020HU0215668,2
1,0.0,17000.0,0.0,80,76,78.0,17000.0,True,2020HU0216263,1
0,42500.0,15000.0,2.8333333333333335,50,50,50.0,57500.0,True,2020HU0216411,75
0,82800.0,29000.0,2.8551724137931034,68,68,68.0,111800.0,True,2020HU0216454,5
0,30000.0,43000.0,1.4333333333333333,34,32,33.0,73000.0,True,2020HU0216523,24
0,31500.0,11800.0,2.669491525423729,67,68,67.5,43300.0,True,2020HU0216649,1
1,56000.0,130000.0,2.3214285714285716,40,40,40.0,186000.0,True,2020HU0216873,26
0,48000.0,32000.0,1.5,55,57,56.0,80000.0,True,2020HU0217289,3
1,54000.0,50000.0,1.08,29,28,28.5,104000.0,True,2020HU0217296,16
2,76000.0,72000.0,1.0555555555555556,41,42,41.5,148000.0,False,2020HU0217402,97
2,51200.0,73200.0,1.4296875,25,30,27.5,124400.0,True,2020HU0217509,66
3,0.0,120000.0,0.0,54,57,55.5,120000.0,True,2020HU0218383,78
1,59000.0,116000.0,1.9661016949152543,62,65,63.5,175000.0,True,2020HU0218963,8
1,110000.0,75000.0,1.4666666666666666,57,56,56.5,185000.0,True,2020HU0218991,4
4,73400.0,160.0,458.75,65,64,64.5,73560.0,True,2020HU0219034,20
1,80070.0,110000.0,1.3737979268140377,53,55,54.0,190070.0,True,2020HU0219238,9
0,43000.0,40300.0,1.066997518610422,53,60,56.5,83300.0,True,2020HU0220189,17
1,60500.0,60000.0,1.0083333333333333,38,37,37.5,120500.0,True,2020HU0221035,13
2,165030.0,18000.0,9.168333333333333,39,44,41.5,183030.0,True,2020HU0221081,9
1,70000.0,80000.0,1.1428571428571428,51,49,50.0,150000.0,True,2020HU0221235,12
1,127000.0,40000.0,3.175,36,41,38.5,167000.0,True,2020HU0221325,18
1,103200.0,95000.0,1.0863157894736841,66,58,62.0,198200.0,True,2020HU0221433,10
0,41500.0,17000.0,2.4411764705882355,92,90,91.0,58500.0,True,2020HU0221612,21
4,10700.0,206300.0,19.2803738317757,62,67,64.5,217000.0,True,2020HU0221645,12
2,57000.0,113900.0,1.9982456140350877,39,40,39.5,170900.0,False,2020HU0221916,12
3,30260.0,192000.0,6.34500991407799,57,51,54.0,222260.0,True,2020HU0221981,15
2,75000.0,91000.0,1.2133333333333334,48,49,48.5,166000.0,False,2020HU0222102,8
0,37600.0,89900.0,2.390957446808511,84,85,84.5,127500.0,True,2020HU0222801,22
2,41000.0,4200.0,9.761904761904763,47,46,46.5,45200.0,True,2020HU0223084,28
6,40000.0,1400.0,28.571428571428573,26,23,24.5,41400.0,True,2020HU0223375,18
2,17600.0,2000.0,8.8,69,60,64.5,19600.0,True,2020HU0226280,23
4,46600.0,4400.0,10.590909090909092,68,72,70.0,51000.0,True,2020HU0227035,15
1,95600.0,76000.0,1.2578947368421052,43,36,39.5,171600.0,True,2020HU0228274,4
0,0.0,60000.0,0.0,63,60,61.5,60000.0,True,2020HU0228598,8
0,2400.0,2400.0,1.0,87,81,84.0,4800.0,True,2020HU0228870,56
0,39000.0,37000.0,1.054054054054054,43,49,46.0,76000.0,True,2020HU0229026,3
2,3000.0,16600.0,5.533333333333333,60,59,59.5,19600.0,True,2020HU0229360,24
2,153000.0,135000.0,1.1333333333333333,53,59,56.0,288000.0,True,2020HU0229801,19
2,180000.0,36000.0,5.0,40,42,41.0,216000.0,True,2020HU0230130,18
1,27600.0,15600.0,1.7692307692307692,79,66,72.5,43200.0,False,2020HU0230539,4
0,31750.0,69500.0,2.188976377952756,58,67,62.5,101250.0,True,2020HU0231093,3
1,45000.0,41300.0,1.089588377723971,52,67,59.5,86300.0,True,2020HU0231377,16
0,29000.0,28400.0,1.0211267605633803,47,37,42.0,57400.0,True,2020HU0231381,109
3,100000.0,394000.0,3.94,51,55,53.0,494000.0,True,2020HU0231904,8
2,304000.0,239000.0,1.2719665271966527,65,71,68.0,543000.0,True,2020HU0232418,4
1,0.0,28900.0,0.0,49,41,45.0,28900.0,False,2020HU0232874,10
2,36000.0,10000.0,3.6,58,60,59.0,46000.0,True,2020HU0233897,23
0,74400.0,26000.0,2.8615384615384616,34,32,33.0,100400.0,True,2020HU0233904,17
2,121000.0,67000.0,1.8059701492537314,62,63,62.5,188000.0,True,2020HU0234248,76
0,41600.0,77000.0,1.8509615384615385,62,64,63.0,118600.0,True,2020HU0234330,5
2,150900.0,65900.0,2.289833080424886,80,80,80.0,216800.0,True,2020HU0235626,18
2,120000.0,22000.0,5.454545454545454,51,36,43.5,142000.0,True,2020HU0237174,16
3,38000.0,6000.0,6.333333333333333,92,85,88.5,44000.0,True,2020HU0237278,25
3,13500.0,2400.0,5.625,66,67,66.5,15900.0,True,2020HU0237729,141
1,36000.0,35000.0,1.0285714285714285,31,28,29.5,71000.0,True,2020HU0238154,15
1,74000.0,75000.0,1.0135135135135136,40,44,42.0,149000.0,True,2020HU0239016,4
0,66000.0,31200.0,2.1153846153846154,68,61,64.5,97200.0,True,2020HU0240182,72
2,7000.0,61700.0,8.814285714285715,74,78,76.0,68700.0,True,2020HU0240711,15
0,35200.0,50000.0,1.4204545454545454,67,63,65.0,85200.0,True,2020HU0240726,16
1,100070.0,70000.0,1.4295714285714285,48,55,51.5,170070.0,True,2020HU0240855,128
0,32000.0,22000.0,1.4545454545454546,70,71,70.5,54000.0,True,2020HU0241418,10
3,41900.0,394000.0,9.403341288782816,74,67,70.5,435900.0,True,2020HU0241920,8
2,11100.0,60100.0,5.414414414414415,79,85,82.0,71200.0,True,2020HU0241942,8
0,81000.0,41100.0,1.9708029197080292,72,71,71.5,122100.0,True,2020HU0242254,7
0,0.0,100000.0,0.0,60,59,59.5,100000.0,True,2020HU0242339,44
3,70000.0,163000.0,2.3285714285714287,57,57,57.0,233000.0,False,2020HU0242683,18
0,29500.0,80000.0,2.711864406779661,62,65,63.5,109500.0,True,2020HU0243800,11
0,0.0,65600.0,0.0,61,57,59.0,65600.0,True,2020HU0244302,5
8,8700.0,396500.0,45.57471264367816,70,69,69.5,405200.0,True,2020HU0244454,1
9,402000.0,6200.0,64.83870967741936,54,53,53.5,408200.0,True,2020HU0244501,6
0,5000.0,10000.0,2.0,59,68,63.5,15000.0,True,2020HU0245399,38
1,40040.0,32800.0,1.2207317073170731,62,64,63.0,72840.0,True,2020HU0245490,5
0,25300.0,40700.0,1.608695652173913,58,57,57.5,66000.0,True,2020HU0245668,12
1,64600.0,19000.0,3.4,45,38,41.5,83600.0,True,2020HU0245753,24
3,74000.0,257000.0,3.472972972972973,76,80,78.0,331000.0,True,2020HU0245842,11
0,90000.0,50000.0,1.8,54,59,56.5,140000.0,True,2020HU0245884,2
1,41500.0,139000.0,3.3493975903614457,42,38,40.0,180500.0,True,2020HU0245942,97
1,62000.0,53000.0,1.169811320754717,62,62,62.0,115000.0,True,2020HU0246091,25
3,149400.0,27700.0,5.393501805054152,80,80,80.0,177100.0,True,2020HU0247148,26
1,65000.0,20000.0,3.25,49,49,49.0,85000.0,True,2020HU0247499,12
1,62400.0,40800.0,1.5294117647058822,70,71,70.5,103200.0,True,2020HU0247555,1
1,75000.0,120000.0,1.6,36,36,36.0,195000.0,True,2020HU0247818,67
0,26000.0,47200.0,1.8153846153846154,62,70,66.0,73200.0,True,2020HU0247885,3
2,50000.0,15000.0,3.3333333333333335,62,63,62.5,65000.0,True,2020HU0247922,5
3,102000.0,0.0,0.0,49,51,50.0,102000.0,True,2020HU0248007,4
0,47900.0,75200.0,1.569937369519833,71,71,71.0,123100.0,True,2020HU0248406,3
1,30000.0,29000.0,1.0344827586206897,33,28,30.5,59000.0,False,2020HU0249327,30
0,61000.0,48000.0,1.2708333333333333,38,38,38.0,109000.0,True,2020HU0250570,19
3,180020.0,25840.0,6.96671826625387,43,46,44.5,205860.0,True,2020HU0250646,91
0,78000.0,36000.0,2.1666666666666665,38,46,42.0,114000.0,True,2020HU0251673,28
4,0.0,140000.0,0.0,30,36,33.0,140000.0,True,2020HU0252079,4
0,92400.0,45100.0,2.048780487804878,40,39,39.5,137500.0,True,2020HU0252339,3
0,50000.0,80000.0,1.6,54,54,54.0,130000.0,True,2020HU0252997,13
2,83000.0,12000.0,6.916666666666667,72,76,74.0,95000.0,True,2020HU0253240,2
1,61400.0,120300.0,1.9592833876221498,82,74,78.0,181700.0,True,2020HU0253737,1
0,90300.0,41900.0,2.155131264916468,58,52,55.0,132200.0,True,2020HU0254331,16
2,226000.0,80000.0,2.825,60,57,58.5,306000.0,True,2020HU0254406,2
0,40000.0,48000.0,1.2,40,40,40.0,88000.0,True,2020HU0255883,24
1,27000.0,110000.0,4.074074074074074,69,69,69.0,137000.0,True,2020HU0255893,67
0,17500.0,13200.0,1.3257575757575757,82,76,79.0,30700.0,True,2020HU0256039,5
1,113100.0,62670.0,1.8046912398276687,82,88,85.0,175770.0,True,2020HU0256127,70
2,18000.0,140000.0,7.777777777777778,33,37,35.0,158000.0,True,2020HU0256234,10
0,114800.0,39300.0,2.921119592875318,73,72,72.5,154100.0,True,2020HU0256959,4
2,35000.0,10300.0,3.3980582524271843,29,24,26.5,45300.0,True,2020HU0257506,39
1,27300.0,38900.0,1.424908424908425,66,46,56.0,66200.0,True,2020HU0257626,2
5,390.0,33000.0,84.61538461538461,53,47,50.0,33390.0,False,2020HU0257768,12
0,29000.0,12000.0,2.4166666666666665,35,42,38.5,41000.0,True,2020HU0257944,8
5,384000.0,54000.0,7.111111111111111,52,54,53.0,438000.0,False,2020HU0257961,33
0,27400.0,46500.0,1.697080291970803,83,88,85.5,73900.0,True,2020HU0258170,34
1,9300.0,16000.0,1.7204301075268817,67,70,68.5,25300.0,False,2020HU0258918,15
1,41300.0,20000.0,2.065,83,80,81.5,61300.0,True,2020HU0259186,29
1,78000.0,48000.0,1.625,67,68,67.5,126000.0,True,2020HU0259262,2
2,230000.0,140000.0,1.6428571428571428,48,47,47.5,370000.0,True,2020HU0259508,9
1,25000.0,40000.0,1.6,57,59,58.0,65000.0,True,2020HU0260718,1
2,58000.0,7700.0,7.532467532467533,66,67,66.5,65700.0,True,2020HU0261158,68
2,15000.0,87000.0,5.8,50,50,50.0,102000.0,True,2020HU0261692,17
0,60000.0,0.0,0.0,34,34,34.0,60000.0,True,2020HU0261748,21
0,25000.0,20000.0,1.25,59,53,56.0,45000.0,True,2020HU0262039,18
0,24100.0,40000.0,1.6597510373443984,59,60,59.5,64100.0,True,2020HU0263259,14
1,55000.0,120000.0,2.1818181818181817,54,51,52.5,175000.0,True,2020HU0263314,10
0,27000.0,31900.0,1.1814814814814816,66,68,67.0,58900.0,True,2020HU0263735,11
1,1600.0,7700.0,4.8125,67,68,67.5,9300.0,True,2020HU0264048,10
8,1100.0,401000.0,364.54545454545456,67,65,66.0,402100.0,True,2020HU0264164,27
0,50000.0,46000.0,1.0869565217391304,86,90,88.0,96000.0,True,2020HU0264165,161
2,115000.0,19000.0,6.052631578947368,41,43,42.0,134000.0,True,2020HU0264307,12
2,20000.0,2400.0,8.333333333333334,61,68,64.5,22400.0,True,2020HU0264519,61
1,40000.0,39000.0,1.0256410256410255,63,61,62.0,79000.0,True,2020HU0265195,11
0,6000.0,9000.0,1.5,41,42,41.5,15000.0,True,2020HU0265270,14
0,37900.0,0.0,0.0,40,29,34.5,37900.0,True,2020HU0265879,4
4,780.0,13500.0,17.307692307692307,40,40,40.0,14280.0,False,2020HU0266409,1
1,68000.0,58000.0,1.1724137931034482,47,48,47.5,126000.0,True,2020HU0266807,27
3,6000.0,62000.0,10.333333333333334,74,60,67.0,68000.0,True,2020HU0267012,4
2,12800.0,100000.0,7.8125,38,41,39.5,112800.0,True,2020HU0267031,23
2,29200.0,3400.0,8.588235294117647,76,77,76.5,32600.0,True,2020HU0267523,12
5,20000.0,400500.0,20.025,71,68,69.5,420500.0,True,2020HU0267582,1
1,45300.0,11200.0,4.044642857142857,78,78,78.0,56500.0,True,2020HU0268457,16
0,33100.0,66300.0,2.003021148036254,66,65,65.5,99400.0,True,2020HU0268614,10
1,22100.0,67500.0,3.0542986425339365,68,72,70.0,89600.0,True,2020HU0268841,14
2,200000.0,40000.0,5.0,46,46,46.0,240000.0,True,2020HU0272498,4
0,30000.0,50000.0,1.6666666666666667,57,56,56.5,80000.0,True,2020HU0272948,54
0,55300.0,28500.0,1.9403508771929825,67,77,72.0,83800.0,True,2020HU0272960,5
1,31800.0,12800.0,2.484375,91,69,80.0,44600.0,True,2020HU0273730,2
1,0.0,1300.0,0.0,76,76,76.0,1300.0,True,2020HU0273792,4
2,86000.0,55500.0,1.5495495495495495,58,55,56.5,141500.0,True,2020HU0274481,3
0,35000.0,40000.0,1.1428571428571428,66,69,67.5,75000.0,True,2020HU0274551,3
0,90000.0,0.0,0.0,61,61,61.0,90000.0,True,2020HU0275463,9
0,28900.0,77000.0,2.6643598615916955,57,57,57.0,105900.0,True,2020HU0276417,2
1,56000.0,0.0,0.0,27,25,26.0,56000.0,True,2020HU0276708,20
2,9600.0,55400.0,5.770833333333333,69,73,71.0,65000.0,True,2020HU0277429,9
2,40500.0,166000.0,4.098765432098766,52,51,51.5,206500.0,True,2020HU0278623,26
2,107000.0,107700.0,1.0065420560747664,61,58,59.5,214700.0,True,2020HU0278840,1
1,71500.0,100000.0,1.3986013986013985,46,45,45.5,171500.0,True,2020HU0278992,4
4,220000.0,37500.0,5.866666666666666,28,29,28.5,257500.0,True,2020HU0279309,4
1,61000.0,84000.0,1.3770491803278688,65,63,64.0,145000.0,True,2020HU0279952,1
2,90000.0,60000.0,1.5,28,30,29.0,150000.0,True,2020HU0280940,8
0,0.0,85000.0,0.0,47,35,41.0,85000.0,True,2020HU0281170,25
0,6100.0,8400.0,1.3770491803278688,71,70,70.5,14500.0,True,2020HU0281586,4
3,130000.0,0.0,0.0,37,50,43.5,130000.0,True,2020HU0282127,30
0,29300.0,53500.0,1.825938566552901,67,75,71.0,82800.0,True,2020HU0282397,9
0,0.0,35000.0,0.0,60,74,67.0,35000.0,True,2020HU0282875,6
1,28200.0,59500.0,2.1099290780141846,69,71,70.0,87700.0,True,2020HU0283591,1
8,3400.0,397400.0,116.88235294117646,62,55,58.5,400800.0,True,2020HU0284121,101
1,25900.0,10100.0,2.5643564356435644,54,52,53.0,36000.0,False,2020HU0284478,43
4,63000.0,2300.0,27.391304347826086,49,50,49.5,65300.0,True,2020HU0285010,25
2,86200.0,51000.0,1.6901960784313725,41,41,41.0,137200.0,True,2020HU0285123,31
8,5400.0,412800.0,76.44444444444444,54,54,54.0,418200.0,True,2020HU0285234,14
2,13000.0,109000.0,8.384615384615385,64,72,68.0,122000.0,True,2020HU0285240,29
3,138000.0,0.0,0.0,50,49,49.5,138000.0,True,2020HU0285492,5
1,70000.0,75000.0,1.0714285714285714,37,35,36.0,145000.0,True,2020HU0286021,56
3,154900.0,0.0,0.0,73,59,66.0,154900.0,True,2020HU0286348,21
7,155000.0,4000.0,38.75,57,56,56.5,159000.0,True,2020HU0286509,5
3,0.0,13100.0,0.0,45,73,59.0,13100.0,False,2020HU0287293,18
0,0.0,96000.0,0.0,53,49,51.0,96000.0,True,2020HU0287339,2
0,19500.0,28200.0,1.4461538461538461,50,47,48.5,47700.0,True,2020HU0287951,7
3,405200.0,122000.0,3.321311475409836,64,61,62.5,527200.0,True,2020HU0289049,105
2,184400.0,98000.0,1.8816326530612244,52,49,50.5,282400.0,True,2020HU0289078,18
1,35360.0,75000.0,2.1210407239819005,24,27,25.5,110360.0,True,2020HU0290369,6
0,18700.0,15600.0,1.1987179487179487,65,67,66.0,34300.0,True,2020HU0291102,3
1,98400.0,55000.0,1.789090909090909,39,45,42.0,153400.0,True,2020HU0291867,49
1,45000.0,53000.0,1.1777777777777778,48,48,48.0,98000.0,False,2020HU0292180,2
4,120800.0,0.0,0.0,64,44,54.0,120800.0,True,2020HU0292230,6
1,60000.0,80000.0,1.3333333333333333,45,46,45.5,140000.0,True,2020HU0292486,83
0,45000.0,64000.0,1.4222222222222223,57,43,50.0,109000.0,True,2020HU0292651,51
2,131200.0,100000.0,1.312,53,56,54.5,231200.0,True,2020HU0294271,36
1,46400.0,14400.0,3.2222222222222223,74,72,73.0,60800.0,True,2020HU0294426,1
1,55000.0,66300.0,1.2054545454545456,44,42,43.0,121300.0,True,2020HU0294610,32
2,65800.0,135000.0,2.0516717325227964,65,66,65.5,200800.0,True,2020HU0295065,15
3,90000.0,43500.0,2.0689655172413794,58,74,66.0,133500.0,False,2020HU0295818,12
2,119000.0,80000.0,1.4875,40,43,41.5,199000.0,True,2020HU0295823,8
1,35000.0,9800.0,3.5714285714285716,57,61,59.0,44800.0,True,2020HU0295840,10
1,52000.0,12000.0,4.333333333333333,66,66,66.0,64000.0,True,2020HU0296027,7
2,1700.0,15700.0,9.235294117647058,90,92,91.0,17400.0,True,2020HU0296404,32
2,220000.0,76000.0,2.8947368421052633,53,52,52.5,296000.0,True,2020HU0296437,4
0,47000.0,25000.0,1.88,61,64,62.5,72000.0,True,2020HU0296979,8
1,148000.0,44500.0,3.3258426966292136,46,51,48.5,192500.0,True,2020HU0298151,3
1,36300.0,9700.0,3.7422680412371134,62,55,58.5,46000.0,True,2020HU0298197,70
2,88860.0,24000.0,3.7025,66,62,64.0,112860.0,True,2020HU0299216,2
3,85200.0,4800.0,17.75,70,72,71.0,90000.0,True,2020HU0299272,1
0,12300.0,7600.0,1.618421052631579,89,79,84.0,19900.0,True,2020HU0299853,11
2,40000.0,13000.0,3.076923076923077,34,31,32.5,53000.0,False,2020HU0300274,5
2,1920.0,12700.0,6.614583333333333,44,41,42.5,14620.0,True,2020HU0300386,19
0,46100.0,44800.0,1.0290178571428572,69,75,72.0,90900.0,True,2020HU0300527,17
1,50800.0,80900.0,1.5925196850393701,72,72,72.0,131700.0,True,2020HU0300584,45
0,17900.0,40000.0,2.2346368715083798,68,65,66.5,57900.0,True,2020HU0300617,4
0,35010.0,82550.0,2.3578977435018564,38,34,36.0,117560.0,True,2020HU0300904,57
4,200000.0,15000.0,13.333333333333334,61,67,64.0,215000.0,True,2020HU0301221,7
2,104000.0,17500.0,5.942857142857143,41,35,38.0,121500.0,True,2020HU0301352,15
0,94000.0,48000.0,1.9583333333333333,67,63,65.0,142000.0,True,2020HU0301508,10
0,32300.0,35000.0,1.08359133126935,54,57,55.5,67300.0,True,2020HU0301680,34
1,14000.0,54000.0,3.857142857142857,54,65,59.5,68000.0,True,2020HU0302303,11
0,74000.0,30600.0,2.418300653594771,40,42,41.0,104600.0,True,2020HU0302316,7
1,33000.0,10000.0,3.3,34,32,33.0,43000.0,True,2020HU0302372,30
1,99300.0,26000.0,3.8192307692307694,72,70,71.0,125300.0,True,2020HU0302858,4
1,90000.0,110000.0,1.2222222222222223,34,34,34.0,200000.0,True,2020HU0303155,29
4,81700.0,3000.0,27.233333333333334,56,55,55.5,84700.0,True,2020HU0304178,7
1,28800.0,21000.0,1.3714285714285714,79,50,64.5,49800.0,True,2020HU0304917,15
3,25530.0,7200.0,3.5458333333333334,64,42,53.0,32730.0,False,2020HU0307006,3
3,10100.0,166100.0,16.445544554455445,71,69,70.0,176200.0,True,2020HU0307009,22
4,37000.0,394000.0,10.64864864864865,55,59,57.0,431000.0,True,2020HU0307017,12
1,160840.0,36000.0,4.467777777777778,58,62,60.0,196840.0,True,2020HU0307091,59
3,136900.0,0.0,0.0,71,59,65.0,136900.0,True,2020HU0307158,3
0,36350.0,96000.0,2.640990371389271,58,51,54.5,132350.0,True,2020HU0307173,2
2,90000.0,66300.0,1.3574660633484164,40,43,41.5,156300.0,True,2020HU0307226,26
0,0.0,24000.0,0.0,46,51,48.5,24000.0,True,2020HU0307766,3
1,38600.0,38400.0,1.0052083333333333,33,33,33.0,77000.0,False,2020HU0307990,10
1,56100.0,65000.0,1.1586452762923352,79,78,78.5,121100.0,True,2020HU0308046,7
2,90000.0,14300.0,6.293706293706293,69,71,70.0,104300.0,True,2020HU0308874,9
2,77100.0,59200.0,1.302364864864865,76,58,67.0,136300.0,True,2020HU0310005,59
1,53800.0,16800.0,3.2023809523809526,77,77,77.0,70600.0,True,2020HU0310433,39
2,138100.0,95100.0,1.452155625657203,65,66,65.5,233200.0,True,2020HU0310704,25
2,121000.0,84000.0,1.4404761904761905,50,46,48.0,205000.0,True,2020HU0310882,19
0,50000.0,65000.0,1.3,38,38,38.0,115000.0,True,2020HU0311883,21
3,15000.0,155000.0,10.333333333333334,49,58,53.5,170000.0,True,2020HU0311980,2
1,110010.0,82000.0,1.3415853658536585,63,67,65.0,192010.0,True,2020HU0312150,2
4,394000.0,65000.0,6.061538461538461,61,53,57.0,459000.0,True,2020HU0312503,10
0,33000.0,24000.0,1.375,60,62,61.0,57000.0,True,2020HU0313333,14
4,70600.0,2600.0,27.153846153846153,90,89,89.5,73200.0,True,2020HU0313937,20
0,1500.0,2400.0,1.6,64,58,61.0,3900.0,True,2020HU0313970,1
3,32500.0,226000.0,6.953846153846154,50,48,49.0,258500.0,True,2020HU0314067,17
0,30000.0,50000.0,1.6666666666666667,46,36,41.0,80000.0,True,2020HU0314229,21
4,394000.0,75000.0,5.253333333333333,47,44,45.5,469000.0,True,2020HU0314828,11
3,65430.0,276600.0,4.227418615314076,96,96,96.0,342030.0,True,2020HU0314859,91
0,0.0,80000.0,0.0,41,36,38.5,80000.0,True,2020HU0314900,35
0,36600.0,37500.0,1.0245901639344261,60,69,64.5,74100.0,True,2020HU0315010,6
2,30000.0,0.0,0.0,19,18,18.5,30000.0,True,2020HU0315041,2
1,31700.0,0.0,0.0,28,27,27.5,31700.0,True,2020HU0315519,21
1,18600.0,9400.0,1.9787234042553192,29,27,28.0,28000.0,True,2020HU0316362,2
0,31000.0,85000.0,2.7419354838709675,57,55,56.0,116000.0,True,2020HU0316495,2
3,183000.0,10000.0,18.3,65,63,64.0,193000.0,True,2020HU0316912,5
0,40700.0,42000.0,1.031941031941032,57,44,50.5,82700.0,True,2020HU0317138,27
2,50000.0,72000.0,1.44,36,56,46.0,122000.0,False,2020HU0317512,47
1,44000.0,0.0,0.0,25,25,25.0,44000.0,True,2020HU0318236,9
1,84500.0,17200.0,4.912790697674419,73,72,72.5,101700.0,True,2020HU0318919,5
0,27750.0,36000.0,1.2972972972972974,67,67,67.0,63750.0,True,2020HU0319514,1
1,60000.0,100000.0,1.6666666666666667,54,59,56.5,160000.0,True,2020HU0319813,12
2,5200.0,52000.0,10.0,40,38,39.0,57200.0,True,2020HU0320011,2
1,61610.0,120000.0,1.9477357571822755,65,64,64.5,181610.0,True,2020HU0320150,10
4,85000.0,1800.0,47.22222222222222,65,64,64.5,86800.0,True,2020HU0320491,8
0,42000.0,45000.0,1.0714285714285714,53,48,50.5,87000.0,True,2020HU0320657,37
4,0.0,219580.0,0.0,65,73,69.0,219580.0,True,2020HU0321726,5
2,152000.0,16000.0,9.5,51,51,51.0,168000.0,True,2020HU0321795,28
0,20000.0,34000.0,1.7,45,50,47.5,54000.0,True,2020HU0322784,7
1,63600.0,19400.0,3.2783505154639174,82,81,81.5,83000.0,True,2020HU0323625,4
0,85000.0,44000.0,1.9318181818181819,31,32,31.5,129000.0,True,2020HU0324005,56
1,112300.0,62000.0,1.8112903225806452,69,64,66.5,174300.0,True,2020HU0324307,12
0,12600.0,31300.0,2.484126984126984,66,67,66.5,43900.0,True,2020HU0324988,1
0,38520.0,64500.0,1.6744548286604362,53,47,50.0,103020.0,True,2020HU0325096,11
2,15200.0,17100.0,1.125,73,52,62.5,32300.0,False,2020HU0325098,6
1,90000.0,55000.0,1.6363636363636365,40,39,39.5,145000.0,True,2020HU0325193,15
7,112020.0,20.0,5601.0,31,29,30.0,112040.0,True,2020HU0327118,13
1,105050.0,25050.0,4.193612774451098,40,43,41.5,130100.0,True,2020HU0327183,6
3,68000.0,4100.0,16.585365853658537,57,62,59.5,72100.0,True,2020HU0327252,13
6,103300.0,8400.0,12.297619047619047,68,68,68.0,111700.0,True,2020HU0327747,4
0,60020.0,40000.0,1.5005,44,46,45.0,100020.0,True,2020HU0328568,43
2,7000.0,64400.0,9.2,66,74,70.0,71400.0,True,2020HU0328570,10
0,76400.0,43000.0,1.7767441860465116,75,70,72.5,119400.0,True,2020HU0329082,33
3,70600.0,6900.0,10.231884057971014,63,64,63.5,77500.0,True,2020HU0329233,8
2,53000.0,59000.0,1.1132075471698113,55,58,56.5,112000.0,True,2020HU0329234,9
0,70700.0,45100.0,1.5676274944567627,74,73,73.5,115800.0,True,2020HU0329457,4
0,19190.0,47400.0,2.4700364773319436,61,63,62.0,66590.0,True,2020HU0329691,22
0,36000.0,34800.0,1.0344827586206897,54,57,55.5,70800.0,True,2020HU0330161,8
0,0.0,78000.0,0.0,55,53,54.0,78000.0,True,2020HU0330588,60
0,51800.0,43200.0,1.1990740740740742,72,81,76.5,95000.0,True,2020HU0330939,4
1,161700.0,35300.0,4.580736543909349,85,82,83.5,197000.0,True,2020HU0331203,8
7,5300.0,106000.0,20.0,28,30,29.0,111300.0,True,2020HU0332206,17
0,84000.0,40800.0,2.0588235294117645,70,72,71.0,124800.0,True,2020HU0332271,1
2,91400.0,232890.0,2.5480306345733044,64,66,65.0,324290.0,True,2020HU0332393,2
3,143000.0,0.0,0.0,42,40,41.0,143000.0,True,2020HU0333228,20
0,13000.0,8000.0,1.625,30,40,35.0,21000.0,True,2020HU0334203,36
1,68000.0,36700.0,1.8528610354223434,54,48,51.0,104700.0,True,2020HU0335049,12
2,38000.0,10000.0,3.8,34,24,29.0,48000.0,True,2020HU0335314,1
2,130000.0,118400.0,1.097972972972973,35,35,35.0,248400.0,True,2020HU0335558,82
2,1700.0,13500.0,7.9411764705882355,59,65,62.0,15200.0,True,2020HU0336373,17
0,26200.0,19300.0,1.3575129533678756,65,65,65.0,45500.0,True,2020HU0336531,1
2,145000.0,88300.0,1.6421291053227633,74,74,74.0,233300.0,True,2020HU0336567,1
2,139000.0,90000.0,1.5444444444444445,45,42,43.5,229000.0,True,2020HU0337492,2
2,55100.0,62000.0,1.1252268602540836,72,73,72.5,117100.0,True,2020HU0337722,2
1,100000.0,85000.0,1.1764705882352942,49,42,45.5,185000.0,True,2020HU0338181,14
3,83000.0,5000.0,16.6,47,46,46.5,88000.0,True,2020HU0338370,18
2,304300.0,346000.0,1.137035819914558,79,77,78.0,650300.0,True,2020HU0338932,6
4,394000.0,0.0,0.0,41,38,39.5,394000.0,True,2020HU0338938,20
1,53100.0,54200.0,1.0207156308851224,37,42,39.5,107300.0,True,2020HU0339111,20
3,0.0,125000.0,0.0,35,37,36.0,125000.0,True,2020HU0340518,4
1,60000.0,15000.0,4.0,51,43,47.0,75000.0,True,2020HU0341248,47
1,84000.0,80000.0,1.05,49,48,48.5,164000.0,True,2020HU0343291,17
0,40000.0,50000.0,1.25,55,52,53.5,90000.0,True,2020HU0343381,6
7,100.0,162000.0,1620.0,51,52,51.5,162100.0,True,2020HU0343855,25
0,64900.0,43000.0,1.5093023255813953,72,65,68.5,107900.0,True,2020HU0345549,21
2,140000.0,200400.0,1.4314285714285715,47,41,44.0,340400.0,True,2020HU0346351,12
1,103200.0,32000.0,3.225,35,30,32.5,135200.0,True,2020HU0346699,12
0,26000.0,12000.0,2.1666666666666665,74,73,73.5,38000.0,True,2020HU0347095,13
0,67000.0,0.0,0.0,46,43,44.5,67000.0,True,2020HU0347168,10
0,48200.0,-1600.0,0.0,86,75,80.5,46600.0,True,2020HU0347349,20
1,32000.0,20000.0,1.6,57,61,59.0,52000.0,False,2020HU0347639,125
9,248700.0,2800.0,88.82142857142857,78,50,64.0,251500.0,True,2020HU0347825,2
1,102000.0,80000.0,1.275,50,50,50.0,182000.0,True,2020HU0349138,4
0,24000.0,25200.0,1.05,76,79,77.5,49200.0,True,2020HU0349276,8
4,620000.0,40000.0,15.5,63,63,63.0,660000.0,True,2020HU0349725,4
1,107000.0,33500.0,3.1940298507462686,39,40,39.5,140500.0,True,2020HU0349759,12
0,53000.0,22000.0,2.409090909090909,58,52,55.0,75000.0,True,2020HU0350278,24
5,374000.0,17000.0,22.0,72,71,71.5,391000.0,True,2020HU0350317,3
0,12000.0,12000.0,1.0,72,71,71.5,24000.0,True,2020HU0351182,13
7,110000.0,1400.0,78.57142857142857,39,46,42.5,111400.0,True,2020HU0351676,27
1,104000.0,60000.0,1.7333333333333334,42,40,41.0,164000.0,True,2020HU0352232,74
0,29000.0,11700.0,2.4786324786324787,67,66,66.5,40700.0,True,2020HU0353319,46
1,65000.0,77000.0,1.1846153846153846,51,52,51.5,142000.0,True,2020HU0353496,13
2,66000.0,9450.0,6.984126984126984,61,65,63.0,75450.0,True,2020HU0353886,7
0,15800.0,21400.0,1.3544303797468353,73,75,74.0,37200.0,True,2020HU0353980,1
0,54040.0,27300.0,1.9794871794871796,54,58,56.0,81340.0,True,2020HU0355018,10
0,8500.0,13400.0,1.576470588235294,32,29,30.5,21900.0,True,2020HU0355278,5
2,10000.0,60000.0,6.0,35,43,39.0,70000.0,True,2020HU0355330,23
7,150000.0,5000.0,30.0,47,47,47.0,155000.0,True,2020HU0355366,5
2,35000.0,25000.0,1.4,24,23,23.5,60000.0,True,2020HU0355606,154
1,15000.0,0.0,0.0,82,82,82.0,15000.0,False,2020HU0355618,30
1,105000.0,85000.0,1.2352941176470589,43,41,42.0,190000.0,True,2020HU0355879,13
0,11100.0,6000.0,1.85,70,77,73.5,17100.0,True,2020HU0355932,20
3,110000.0,116000.0,1.0545454545454545,54,58,56.0,226000.0,True,2020HU0356360,8
4,0.0,394000.0,0.0,50,52,51.0,394000.0,True,2020HU0357499,9
1,18200.0,5000.0,3.64,67,63,65.0,23200.0,True,2020HU0358043,9
1,65000.0,100000.0,1.5384615384615385,64,63,63.5,165000.0,True,2020HU0358045,6
1,35000.0,137000.0,3.914285714285714,63,65,64.0,172000.0,True,2020HU0358209,13
0,12700.0,16000.0,1.2598425196850394,63,64,63.5,28700.0,True,2020HU0358677,5
1,22100.0,6000.0,3.683333333333333,82,82,82.0,28100.0,True,2020HU0359448,12
1,27600.0,0.0,0.0,47,37,42.0,27600.0,True,2020HU0359589,9
0,17200.0,11700.0,1.4700854700854702,33,30,31.5,28900.0,True,2020HU0359640,7
1,32000.0,32000.0,1.0,47,32,39.5,64000.0,True,2020HU0359668,7
1,24000.0,30000.0,1.25,58,60,59.0,54000.0,True,2020HU0360126,33
4,299400.0,15200.0,19.69736842105263,84,83,83.5,314600.0,True,2020HU0360562,11
0,17000.0,10000.0,1.7,62,72,67.0,27000.0,True,2020HU0360739,4
0,-6900.0,43000.0,0.0,57,62,59.5,36100.0,True,2020HU0360852,29
2,155000.0,175000.0,1.1290322580645162,45,52,48.5,330000.0,True,2020HU0360945,3
2,60000.0,10400.0,5.769230769230769,55,55,55.0,70400.0,True,2020HU0361398,5
0,44800.0,0.0,0.0,43,43,43.0,44800.0,True,2020HU0361992,5
2,54300.0,8400.0,6.464285714285714,82,70,76.0,62700.0,True,2020HU0362078,103
8,569000.0,7000.0,81.28571428571429,76,74,75.0,576000.0,True,2020HU0362407,6
0,23500.0,40800.0,1.7361702127659575,68,68,68.0,64300.0,True,2020HU0362528,13
2,144100.0,86000.0,1.6755813953488372,50,62,56.0,230100.0,True,2020HU0362566,8
0,1400.0,0.0,0.0,30,30,30.0,1400.0,True,2020HU0362651,12
0,30000.0,44000.0,1.4666666666666666,46,46,46.0,74000.0,True,2020HU0362770,15
3,130000.0,0.0,0.0,41,40,40.5,130000.0,True,2020HU0362791,35
1,26600.0,15600.0,1.705128205128205,46,45,45.5,42200.0,False,2020HU0362905,4
2,8600.0,70000.0,8.13953488372093,34,35,34.5,78600.0,True,2020HU0363000,8
2,81100.0,95000.0,1.1713933415536375,61,62,61.5,176100.0,True,2020HU0363116,9
1,79200.0,72900.0,1.0864197530864197,76,76,76.0,152100.0,True,2020HU0363310,6
2,186100.0,82100.0,2.266747868453106,73,72,72.5,268200.0,True,2020HU0363469,40
6,7300.0,141300.0,19.356164383561644,62,63,62.5,148600.0,True,2020HU0363746,7
1,18600.0,8500.0,2.1882352941176473,86,81,83.5,27100.0,True,2020HU0364285,13
3,135500.0,0.0,0.0,37,31,34.0,135500.0,True,2020HU0364318,6
0,49000.0,53000.0,1.0816326530612246,31,34,32.5,102000.0,True,2020HU0364952,21
4,110000.0,0.0,0.0,23,28,25.5,110000.0,True,2020HU0365704,25
1,86400.0,78000.0,1.1076923076923078,80,78,79.0,164400.0,True,2020HU0366365,3
4,269000.0,25000.0,10.76,80,76,78.0,294000.0,True,2020HU0367591,13
0,55000.0,30600.0,1.7973856209150327,63,65,64.0,85600.0,True,2020HU0367626,27
1,84000.0,48000.0,1.75,39,41,40.0,132000.0,False,2020HU0367657,18
0,99000.0,33500.0,2.955223880597015,67,70,68.5,132500.0,True,2020HU0367695,6
1,14000.0,19000.0,1.3571428571428572,50,62,56.0,33000.0,True,2020HU0367719,1
0,35000.0,0.0,0.0,37,49,43.0,35000.0,True,2020HU0367812,13
0,32200.0,16000.0,2.0125,74,77,75.5,48200.0,True,2020HU0369390,13
2,40000.0,48000.0,1.2,24,25,24.5,88000.0,True,2020HU0370244,91
1,12000.0,37000.0,3.0833333333333335,61,62,61.5,49000.0,True,2020HU0370267,7
0,21500.0,64000.0,2.9767441860465116,51,57,54.0,85500.0,True,2020HU0370374,40
2,18800.0,154400.0,8.212765957446809,67,68,67.5,173200.0,True,2020HU0370422,35
1,21300.0,6000.0,3.55,70,71,70.5,27300.0,True,2020HU0371208,19
2,180000.0,42000.0,4.285714285714286,33,33,33.0,222000.0,True,2020HU0371238,14
2,84000.0,120000.0,1.4285714285714286,52,50,51.0,204000.0,True,2020HU0372149,11
4,500.0,74000.0,148.0,48,45,46.5,74500.0,True,2020HU0372255,30
1,70000.0,76000.0,1.0857142857142856,37,41,39.0,146000.0,True,2020HU0372938,47
1,21800.0,42700.0,1.9587155963302751,68,69,68.5,64500.0,True,2020HU0373004,1
8,630000.0,2110.0,298.5781990521327,64,63,63.5,632110.0,True,2020HU0373132,1
0,0.0,160.0,0.0,64,63,63.5,160.0,True,2020HU0373321,8
2,5100.0,35500.0,6.96078431372549,48,60,54.0,40600.0,True,2020HU0373465,24
3,120004.0,0.0,0.0,34,32,33.0,120004.0,True,2020HU0373936,7
0,27800.0,24200.0,1.1487603305785123,81,84,82.5,52000.0,True,2020HU0375089,10
0,52000.0,34000.0,1.5294117647058822,48,62,55.0,86000.0,True,2020HU0375178,23
0,40000.0,40000.0,1.0,39,40,39.5,80000.0,True,2020HU0375404,2
0,68800.0,42800.0,1.6074766355140186,59,70,64.5,111600.0,True,2020HU0375535,41
0,65000.0,0.0,0.0,36,30,33.0,65000.0,True,2020HU0375677,23
2,42600.0,64000.0,1.5023474178403755,73,37,55.0,106600.0,False,2020HU0375875,1
2,147000.0,60000.0,2.45,41,46,43.5,207000.0,True,2020HU0376173,19
8,8200.0,394400.0,48.09756097560975,43,41,42.0,402600.0,True,2020HU0376261,7
1,90000.0,25300.0,3.5573122529644268,41,50,45.5,115300.0,True,2020HU0376329,9
1,85000.0,95000.0,1.1176470588235294,59,58,58.5,180000.0,True,2020HU0376834,5
8,720.0,206000.0,286.1111111111111,34,34,34.0,206720.0,True,2020HU0378230,5
2,159200.0,68000.0,2.3411764705882354,70,59,64.5,227200.0,True,2020HU0378611,1
2,72050.0,0.0,0.0,22,22,22.0,72050.0,True,2020HU0379101,19
0,23000.0,36000.0,1.565217391304348,34,34,34.0,59000.0,True,2020HU0379843,4
2,25000.0,100000.0,4.0,60,56,58.0,125000.0,True,2020HU0379946,1
0,16900.0,31100.0,1.8402366863905326,82,87,84.5,48000.0,True,2020HU0380231,10
0,39000.0,21000.0,1.8571428571428572,37,45,41.0,60000.0,True,2020HU0381715,11
0,38000.0,37700.0,1.0079575596816976,61,55,58.0,75700.0,True,2020HU0382218,11
8,102000.0,3900.0,26.153846153846153,53,53,53.0,105900.0,True,2020HU0382372,6
3,53100.0,240100.0,4.52165725047081,73,73,73.0,293200.0,True,2020HU0382589,4
1,65000.0,25000.0,2.6,57,55,56.0,90000.0,True,2020HU0383433,6
1,0.0,46000.0,0.0,48,49,48.5,46000.0,True,2020HU0383536,4
1,13700.0,58300.0,4.255474452554744,74,75,74.5,72000.0,True,2020HU0383635,50
2,65000.0,50400.0,1.2896825396825398,64,68,66.0,115400.0,True,2020HU0383691,15
2,27600.0,160000.0,5.797101449275362,54,53,53.5,187600.0,True,2020HU0383993,4
2,85000.0,102300.0,1.203529411764706,40,42,41.0,187300.0,False,2020HU0384001,35
0,100000.0,50000.0,2.0,63,56,59.5,150000.0,True,2020HU0384099,2
0,0.0,75000.0,0.0,32,36,34.0,75000.0,True,2020HU0385948,3
3,59100.0,203300.0,3.439932318104907,66,74,70.0,262400.0,True,2020HU0385988,1
3,69000.0,5600.0,12.321428571428571,57,60,58.5,74600.0,True,2020HU0386083,5
1,11000.0,54600.0,4.963636363636364,61,63,62.0,65600.0,True,2020HU0386286,28
0,68000.0,30060.0,2.2621423819028608,69,55,62.0,98060.0,True,2020HU0387525,13
1,32000.0,10400.0,3.076923076923077,63,59,61.0,42400.0,True,2020HU0388132,11
1,130000.0,30000.0,4.333333333333333,45,45,45.0,160000.0,True,2020HU0388376,11
0,4700.0,8010.0,1.7042553191489362,71,76,73.5,12710.0,True,2020HU0388782,112
3,118100.0,0.0,0.0,57,61,59.0,118100.0,True,2020HU0389023,15
1,25000.0,36700.0,1.468,60,66,63.0,61700.0,True,2020HU0389032,5
1,128000.0,65000.0,1.9692307692307693,51,49,50.0,193000.0,True,2020HU0389161,7
1,38000.0,24000.0,1.5833333333333333,25,26,25.5,62000.0,True,2020HU0391212,49
1,38000.0,12000.0,3.1666666666666665,51,40,45.5,50000.0,True,2020HU0391282,14
4,26800.0,270200.0,10.082089552238806,78,80,79.0,297000.0,True,2020HU0391346,9
0,0.0,23000.0,0.0,33,36,34.5,23000.0,True,2020HU0391386,5
2,53100.0,129000.0,2.4293785310734464,75,57,66.0,182100.0,True,2020HU0391649,6
0,40000.0,60000.0,1.5,58,58,58.0,100000.0,True,2020HU0392711,7
1,52000.0,88000.0,1.6923076923076923,44,47,45.5,140000.0,True,2020HU0392762,2
0,-1600.0,15000.0,0.0,59,57,58.0,13400.0,True,2020HU0393883,55
0,35000.0,17100.0,2.046783625730994,60,64,62.0,52100.0,True,2020HU0394130,13
1,33000.0,42000.0,1.2727272727272727,57,56,56.5,75000.0,True,2020HU0395929,17
3,30000.0,241000.0,8.033333333333333,58,62,60.0,271000.0,True,2020HU0396306,101
1,72000.0,73000.0,1.0138888888888888,42,44,43.0,145000.0,True,2020HU0396326,14
0,71800.0,43500.0,1.650574712643678,62,62,62.0,115300.0,True,2020HU0396357,4
2,2400.0,17100.0,7.125,53,63,58.0,19500.0,True,2020HU0397050,20
3,40000.0,2000.0,20.0,39,36,37.5,42000.0,True,2020HU0397082,9
3,17400.0,160000.0,9.195402298850574,43,60,51.5,177400.0,True,2020HU0397220,6
3,28000.0,226180.0,8.077857142857143,59,60,59.5,254180.0,True,2020HU0397360,21
1,55000.0,48000.0,1.1458333333333333,57,49,53.0,103000.0,False,2020HU0397552,17
1,8700.0,3300.0,2.6363636363636362,68,71,69.5,12000.0,True,2020HU0398111,2
0,14400.0,38300.0,2.6597222222222223,69,72,70.5,52700.0,True,2020HU0398572,1
4,70000.0,3120.0,22.435897435897434,62,61,61.5,73120.0,True,2020HU0398910,9
0,21600.0,62000.0,2.8703703703703702,44,46,45.0,83600.0,True,2020HU0399068,4
2,35000.0,6000.0,5.833333333333333,40,40,40.0,41000.0,True,2020HU0399088,4
2,79030.0,16300.0,4.848466257668711,65,47,56.0,95330.0,True,2020HU0399394,9
1,74000.0,15000.0,4.933333333333334,73,72,72.5,89000.0,True,2020HU0399685,11
0,73600.0,35000.0,2.1028571428571428,47,38,42.5,108600.0,True,2020HU0400101,30
1,45420.0,11100.0,4.091891891891892,52,56,54.0,56520.0,True,2020HU0400664,18
4,101000.0,0.0,0.0,52,50,51.0,101000.0,True,2020HU0401121,47
1,149300.0,34200.0,4.3654970760233915,72,72,72.0,183500.0,True,2020HU0401919,10
1,65600.0,19500.0,3.364102564102564,82,77,79.5,85100.0,True,2020HU0402012,4
0,6000.0,5000.0,1.2,96,96,96.0,11000.0,True,2020HU0402187,16
0,32400.0,41300.0,1.2746913580246915,65,61,63.0,73700.0,True,2020HU0402335,8
2,90000.0,150000.0,1.6666666666666667,44,46,45.0,240000.0,True,2020HU0403209,88
0,70100.0,23940.0,2.928153717627402,62,62,62.0,94040.0,True,2020HU0403310,3
0,30900.0,15900.0,1.9433962264150944,46,60,53.0,46800.0,True,2020HU0403448,11
4,0.0,394000.0,0.0,48,54,51.0,394000.0,True,2020HU0403557,21
1,85000.0,55000.0,1.5454545454545454,52,52,52.0,140000.0,True,2020HU0404261,9
6,106700.0,7700.0,13.857142857142858,90,88,89.0,114400.0,True,2020HU0404262,2
0,45000.0,52000.0,1.1555555555555554,56,57,56.5,97000.0,True,2020HU0404569,19
0,0.0,25000.0,0.0,58,51,54.5,25000.0,True,2020HU0404907,13
1,47800.0,17200.0,2.7790697674418605,48,48,48.0,65000.0,True,2020HU0405492,3
1,54000.0,11000.0,4.909090909090909,43,41,42.0,65000.0,True,2020HU0405748,21
1,66600.0,62000.0,1.0741935483870968,74,73,73.5,128600.0,True,2020HU0405835,8
1,60600.0,93700.0,1.546204620462046,79,76,77.5,154300.0,True,2020HU0406314,48
3,15000.0,120500.0,8.033333333333333,63,67,65.0,135500.0,True,2020HU0406503,6
1,23060.0,78000.0,3.3824804856895057,65,71,68.0,101060.0,True,2020HU0406685,12
2,120000.0,180000.0,1.5,46,49,47.5,300000.0,True,2020HU0407027,6
1,89200.0,89900.0,1.007847533632287,84,77,80.5,179100.0,True,2020HU0411894,24
0,23000.0,56550.0,2.458695652173913,76,72,74.0,79550.0,True,2020HU0412861,3
1,60000.0,60700.0,1.0116666666666667,45,39,42.0,120700.0,True,2020HU0413531,145
0,60000.0,28500.0,2.1052631578947367,60,56,58.0,88500.0,True,2020HU0413584,43
3,29900.0,211300.0,7.066889632107023,68,71,69.5,241200.0,True,2020HU0413588,104
1,80000.0,100000.0,1.25,51,58,54.5,180000.0,True,2020HU0415291,23
2,38200.0,0.0,0.0,22,19,20.5,38200.0,True,2020HU0415507,13
0,84000.0,0.0,0.0,71,59,65.0,84000.0,True,2020HU0416789,4
0,27800.0,0.0,0.0,60,65,62.5,27800.0,True,2020HU0416796,118
2,9800.0,44000.0,4.489795918367347,29,30,29.5,53800.0,True,2020HU0417092,24
0,45800.0,55000.0,1.2008733624454149,53,48,50.5,100800.0,True,2020HU0418472,2
1,79540.0,68700.0,1.157787481804949,75,76,75.5,148240.0,True,2020HU0418607,18
1,86000.0,57000.0,1.5087719298245614,40,40,40.0,143000.0,True,2020HU0418997,26
1,68000.0,58300.0,1.1663807890222984,62,47,54.5,126300.0,True,2020HU0419468,122
1,60000.0,0.0,0.0,50,40,45.0,60000.0,False,2020HU0419508,9
0,17700.0,18100.0,1.0225988700564972,56,48,52.0,35800.0,True,2020HU0420093,15
2,9400.0,90000.0,9.574468085106384,47,53,50.0,99400.0,True,2020HU0420703,63
1,28100.0,100000.0,3.5587188612099645,58,51,54.5,128100.0,True,2020HU0422495,4
0,47000.0,48000.0,1.0212765957446808,43,49,46.0,95000.0,True,2020HU0423027,9
0,16000.0,12100.0,1.322314049586777,65,68,66.5,28100.0,True,2020HU0423235,5
1,75800.0,27400.0,2.7664233576642334,68,66,67.0,103200.0,True,2020HU0423261,35
2,41000.0,52000.0,1.2682926829268293,65,65,65.0,93000.0,False,2020HU0423602,6
0,40400.0,40000.0,1.01,62,60,61.0,80400.0,True,2020HU0423934,5
2,7100.0,65000.0,9.154929577464788,65,65,65.0,72100.0,True,2020HU0423959,13
3,18800.0,2000.0,9.4,68,86,77.0,20800.0,True,2020HU0424918,17
5,78000.0,20.0,3900.0,56,54,55.0,78020.0,True,2020HU0425797,5
0,40800.0,75000.0,1.838235294117647,47,51,49.0,115800.0,True,2020HU0426218,14
0,77600.0,36340.0,2.135388002201431,72,77,74.5,113940.0,True,2020HU0426864,11
2,144000.0,99700.0,1.444332998996991,73,69,71.0,243700.0,True,2020HU0427241,1
0,31900.0,14900.0,2.140939597315436,65,61,63.0,46800.0,True,2020HU0427689,10
4,30300.0,4300.0,7.046511627906977,22,22,22.0,34600.0,True,2020HU0428670,13
0,55800.0,31800.0,1.7547169811320755,64,68,66.0,87600.0,True,2020HU0428988,22
0,44300.0,53000.0,1.1963882618510158,64,58,61.0,97300.0,True,2020HU0429647,16
3,139700.0,0.0,0.0,52,53,52.5,139700.0,True,2020HU0429991,10
0,19200.0,41300.0,2.1510416666666665,60,65,62.5,60500.0,True,2020HU0430126,46
0,103000.0,36000.0,2.861111111111111,39,40,39.5,139000.0,True,2020HU0431377,15
1,83400.0,100000.0,1.1990407673860912,29,36,32.5,183400.0,True,2020HU0432014,61
0,21500.0,29700.0,1.3813953488372093,74,79,76.5,51200.0,True,2020HU0432331,6
1,73000.0,60400.0,1.2086092715231789,59,59,59.0,133400.0,True,2020HU0432332,35
0,44000.0,41000.0,1.0731707317073171,62,60,61.0,85000.0,True,2020HU0432850,10
1,42500.0,10200.0,4.166666666666667,70,63,66.5,52700.0,True,2020HU0433045,50
1,86000.0,78000.0,1.1025641025641026,40,41,40.5,164000.0,True,2020HU0433391,8
0,11900.0,24900.0,2.092436974789916,96,96,96.0,36800.0,True,2020HU0433797,20
2,142600.0,120000.0,1.1883333333333332,32,32,32.0,262600.0,True,2020HU0434136,118
2,5400.0,46400.0,8.592592592592593,78,84,81.0,51800.0,True,2020HU0434525,2
0,10500.0,-1600.0,0.0,68,57,62.5,8900.0,True,2020HU0434637,22
1,91000.0,98000.0,1.0769230769230769,31,32,31.5,189000.0,True,2020HU0434880,49
0,14900.0,5500.0,2.709090909090909,76,68,72.0,20400.0,True,2020HU0434955,29
2,43000.0,135000.0,3.13953488372093,58,65,61.5,178000.0,True,2020HU0435068,7
1,87500.0,55000.0,1.5909090909090908,49,47,48.0,142500.0,True,2020HU0435088,3
1,7000.0,12400.0,1.7714285714285714,38,38,38.0,19400.0,False,2020HU0435662,6
1,90100.0,0.0,0.0,28,28,28.0,90100.0,True,2020HU0436669,10
3,44600.0,404030.0,9.05896860986547,53,64,58.5,448630.0,True,2020HU0436928,7
0,30000.0,59500.0,1.9833333333333334,72,70,71.0,89500.0,True,2020HU0437151,10
0,85000.0,0.0,0.0,62,62,62.0,85000.0,True,2020HU0437539,13
0,76000.0,30000.0,2.533333333333333,50,39,44.5,106000.0,True,2020HU0437691,31
3,185000.0,20000.0,9.25,80,75,77.5,205000.0,True,2020HU0437718,3
1,15000.0,32000.0,2.1333333333333333,60,61,60.5,47000.0,True,2020HU0438307,5
4,1900.0,52000.0,27.36842105263158,68,65,66.5,53900.0,True,2020HU0438543,26
2,138000.0,138000.0,1.0,48,53,50.5,276000.0,True,2020HU0439153,9
0,43400.0,49800.0,1.1474654377880185,74,76,75.0,93200.0,True,2020HU0439509,1
0,56420.0,29100.0,1.938831615120275,72,71,71.5,85520.0,True,2020HU0440108,28
3,56000.0,6900.0,8.115942028985508,64,64,64.0,62900.0,True,2020HU0440291,11
2,139600.0,171000.0,1.2249283667621778,54,54,54.0,310600.0,True,2020HU0440425,25
1,12000.0,25000.0,2.0833333333333335,57,56,56.5,37000.0,True,2020HU0440911,37
3,60400.0,5030.0,12.007952286282306,58,49,53.5,65430.0,True,2020HU0441133,10
1,64000.0,120000.0,1.875,44,44,44.0,184000.0,True,2020HU0441192,15
0,30400.0,30000.0,1.0133333333333334,80,82,81.0,60400.0,True,2020HU0443486,1
4,842900.0,42300.0,19.926713947990542,70,72,71.0,885200.0,True,2020HU0445143,25
1,96000.0,91000.0,1.054945054945055,55,55,55.0,187000.0,True,2020HU0445257,6
3,103000.0,434000.0,4.213592233009709,62,60,61.0,537000.0,True,2020HU0445431,13
0,59600.0,38000.0,1.568421052631579,59,57,58.0,97600.0,True,2020HU0445551,14
1,8000.0,24500.0,3.0625,69,67,68.0,32500.0,True,2020HU0446441,4
0,10800.0,9400.0,1.148936170212766,45,51,48.0,20200.0,True,2020HU0446966,17
1,80000.0,53000.0,1.509433962264151,50,49,49.5,133000.0,True,2020HU0447173,16
0,67000.0,46000.0,1.4565217391304348,49,46,47.5,113000.0,True,2020HU0448361,22
4,1300.0,30000.0,23.076923076923077,42,48,45.0,31300.0,True,2020HU0448632,5
3,82200.0,12600.0,6.523809523809524,58,61,59.5,94800.0,True,2020HU0448662,1
2,160000.0,140000.0,1.1428571428571428,39,36,37.5,300000.0,True,2020HU0449147,9
2,30000.0,18000.0,1.6666666666666667,27,32,29.5,48000.0,True,2020HU0449161,38
0,45000.0,70000.0,1.5555555555555556,35,34,34.5,115000.0,True,2020HU0449393,11
5,46200.0,900.0,51.333333333333336,47,42,44.5,47100.0,True,2020HU0449899,22
0,34000.0,50000.0,1.4705882352941178,67,64,65.5,84000.0,True,2020HU0450019,4
0,13000.0,7200.0,1.8055555555555556,35,32,33.5,20200.0,True,2020HU0451368,60
0,76500.0,38000.0,2.013157894736842,76,72,74.0,114500.0,True,2020HU0451424,5
0,40200.0,40000.0,1.005,63,59,61.0,80200.0,True,2020HU0451849,6
2,65300.0,150000.0,2.2970903522205206,42,48,45.0,215300.0,True,2020HU0452305,2
2,84000.0,19200.0,4.375,48,48,48.0,103200.0,True,2020HU0452459,14
3,18000.0,4800.0,3.75,67,64,65.5,22800.0,False,2020HU0453193,9
0,72800.0,43100.0,1.6890951276102089,74,73,73.5,115900.0,True,2020HU0453288,40
2,31200.0,106000.0,3.3974358974358974,48,47,47.5,137200.0,True,2020HU0453339,23
2,36000.0,38900.0,1.0805555555555555,24,23,23.5,74900.0,True,2020HU0453350,37
1,24600.0,77800.0,3.16260162601626,68,70,69.0,102400.0,True,2020HU0453654,5
3,142000.0,0.0,0.0,61,63,62.0,142000.0,True,2020HU0454203,4
0,20000.0,30000.0,1.5,42,42,42.0,50000.0,True,2020HU0454274,6
1,11600.0,39000.0,3.3620689655172415,66,73,69.5,50600.0,True,2020HU0454506,7
2,22900.0,24500.0,1.0698689956331877,68,51,59.5,47400.0,True,2020HU0454675,20
4,0.0,394000.0,0.0,63,64,63.5,394000.0,True,2020HU0455643,4
2,28000.0,40000.0,1.4285714285714286,29,29,29.0,68000.0,False,2020HU0456972,47
2,60000.0,20000.0,3.0,25,23,24.0,80000.0,True,2020HU0457226,24
3,169000.0,0.0,0.0,57,65,61.0,169000.0,True,2020HU0457238,8
3,14400.0,0.0,0.0,29,54,41.5,14400.0,False,2020HU0457246,16
2,120700.0,176800.0,1.4647887323943662,67,72,69.5,297500.0,True,2020HU0457790,68
1,32000.0,100000.0,3.125,61,62,61.5,132000.0,True,2020HU0457978,2
3,148000.0,0.0,0.0,43,41,42.0,148000.0,True,2020HU0458353,8
4,51400.0,360.0,142.77777777777777,72,61,66.5,51760.0,True,2020HU0458746,8
0,32000.0,95000.0,2.96875,49,62,55.5,127000.0,True,2020HU0458869,15
1,38800.0,0.0,0.0,44,42,43.0,38800.0,False,2020HU0459869,9
1,38300.0,10400.0,3.6826923076923075,80,75,77.5,48700.0,True,2020HU0461273,39
2,9000.0,0.0,0.0,26,24,25.0,9000.0,False,2020HU0462345,4
0,40000.0,64700.0,1.6175,60,63,61.5,104700.0,True,2020HU0462554,11
3,48400.0,3600.0,13.444444444444445,80,73,76.5,52000.0,True,2020HU0463256,27
1,25200.0,8120.0,3.103448275862069,69,69,69.0,33320.0,True,2020HU0463412,8
0,0.0,45000.0,0.0,61,57,59.0,45000.0,True,2020HU0464017,8
0,0.0,30000.0,0.0,42,45,43.5,30000.0,True,2020HU0464596,27
0,50000.0,95000.0,1.9,38,38,38.0,145000.0,True,2020HU0464627,21
0,34700.0,0.0,0.0,58,59,58.5,34700.0,True,2020HU0465220,5
4,85000.0,2400.0,35.416666666666664,36,38,37.0,87400.0,True,2020HU0465469,16
1,57300.0,117790.0,2.055671902268761,61,74,67.5,175090.0,True,2020HU0466942,8
0,35000.0,17100.0,2.046783625730994,62,62,62.0,52100.0,True,2020HU0467123,18
0,54000.0,0.0,0.0,62,59,60.5,54000.0,True,2020HU0467395,17
0,35000.0,71000.0,2.0285714285714285,55,53,54.0,106000.0,True,2020HU0468190,1
2,92000.0,120000.0,1.3043478260869565,58,60,59.0,212000.0,True,2020HU0468627,4
1,120000.0,70000.0,1.7142857142857142,45,45,45.0,190000.0,True,2020HU0469503,31
2,33600.0,13300.0,2.526315789473684,21,21,21.0,46900.0,True,2020HU0470432,36
2,85000.0,202000.0,2.376470588235294,49,50,49.5,287000.0,True,2020HU0470645,18
2,155000.0,50000.0,3.1,45,44,44.5,205000.0,True,2020HU0471168,23
3,128600.0,119000.0,1.080672268907563,38,54,46.0,247600.0,True,2020HU0471594,12
0,63000.0,25500.0,2.4705882352941178,53,53,53.0,88500.0,True,2020HU0472228,7
0,60000.0,0.0,0.0,39,38,38.5,60000.0,True,2020HU0472614,45
1,17000.0,0.0,0.0,63,38,50.5,17000.0,True,2020HU0473209,1
1,36000.0,40000.0,1.1111111111111112,58,39,48.5,76000.0,True,2020HU0473734,39
1,138000.0,55000.0,2.5090909090909093,36,36,36.0,193000.0,True,2020HU0474261,71
1,90000.0,90000.0,1.0,34,34,34.0,180000.0,True,2020HU0474797,14
3,0.0,116000.0,0.0,36,34,35.0,116000.0,True,2020HU0475278,23
1,110000.0,74400.0,1.478494623655914,36,31,33.5,184400.0,True,2020HU0475357,2
2,6000.0,40000.0,6.666666666666667,54,49,51.5,46000.0,True,2020HU0475669,152
0,45000.0,48000.0,1.0666666666666667,58,58,58.0,93000.0,True,2020HU0476171,23
1,60000.0,98000.0,1.6333333333333333,56,44,50.0,158000.0,True,2020HU0477087,22
7,111600.0,6000.0,18.6,74,69,71.5,117600.0,False,2020HU0478316,1
2,54700.0,8000.0,6.8375,78,68,73.0,62700.0,True,2020HU0478824,24
1,3800.0,0.0,0.0,74,50,62.0,3800.0,True,2020HU0479178,14
0,55000.0,21200.0,2.5943396226415096,59,61,60.0,76200.0,True,2020HU0479295,1
1,45000.0,60800.0,1.3511111111111112,64,64,64.0,105800.0,False,2020HU0479472,5
8,405000.0,3000.0,135.0,65,62,63.5,408000.0,True,2020HU0479719,3
1,120000.0,60000.0,2.0,64,61,62.5,180000.0,True,2020HU0479954,59
2,96000.0,252800.0,2.6333333333333333,74,74,74.0,348800.0,True,2020HU0480112,13
0,30000.0,30000.0,1.0,58,60,59.0,60000.0,True,2020HU0480828,38
0,9000.0,6700.0,1.3432835820895523,70,70,70.0,15700.0,True,2020HU0481213,31
1,10200.0,5900.0,1.728813559322034,75,78,76.5,16100.0,False,2020HU0481300,1
3,105000.0,412800.0,3.9314285714285715,52,49,50.5,517800.0,True,2020HU0481468,61
1,88200.0,24900.0,3.5421686746987953,88,80,84.0,113100.0,True,2020HU0481925,9
5,14000.0,428000.0,30.571428571428573,70,66,68.0,442000.0,True,2020HU0482128,8
2,41000.0,89000.0,2.1707317073170733,31,23,27.0,130000.0,True,2020HU0482353,7
1,53000.0,88000.0,1.6603773584905661,55,56,55.5,141000.0,True,2020HU0482526,15
1,60000.0,113400.0,1.89,52,59,55.5,173400.0,True,2020HU0484380,69
1,45000.0,28000.0,1.6071428571428572,71,67,69.0,73000.0,True,2020HU0485671,13
2,392400.0,547200.0,1.3944954128440368,61,70,65.5,939600.0,True,2020HU0486105,9
4,200.0,2200.0,11.0,67,70,68.5,2400.0,True,2020HU0486215,3
3,143000.0,0.0,0.0,40,40,40.0,143000.0,True,2020HU0486769,12
3,149600.0,10000.0,14.96,70,65,67.5,159600.0,True,2020HU0487102,95
0,23000.0,12000.0,1.9166666666666667,70,70,70.0,35000.0,True,2020HU0487470,14
1,36600.0,16900.0,2.165680473372781,28,28,28.0,53500.0,True,2020HU0488138,6
1,86000.0,27000.0,3.185185185185185,80,66,73.0,113000.0,True,2020HU0489458,5
1,88000.0,74000.0,1.1891891891891893,41,33,37.0,162000.0,True,2020HU0489742,14
1,55500.0,36000.0,1.5416666666666667,64,47,55.5,91500.0,True,2020HU0489833,9
0,60000.0,20000.0,3.0,39,46,42.5,80000.0,True,2020HU0490449,18
4,249000.0,0.0,0.0,62,64,63.0,249000.0,True,2020HU0491675,1
1,51000.0,45000.0,1.1333333333333333,54,47,50.5,96000.0,True,2020HU0491890,44
0,49500.0,21500.0,2.302325581395349,58,50,54.0,71000.0,True,2020HU0492220,170
3,42000.0,4000.0,10.5,67,60,63.5,46000.0,True,2020HU0492389,5
1,140050.0,40000.0,3.50125,57,59,58.0,180050.0,True,2020HU0492615,10
3,85000.0,6600.0,12.878787878787879,69,66,67.5,91600.0,True,2020HU0492861,20
0,6000.0,0.0,0.0,41,41,41.0,6000.0,True,2020HU0493428,17
0,60000.0,24000.0,2.5,51,51,51.0,84000.0,True,2020HU0493499,60
0,40400.0,45130.0,1.117079207920792,61,63,62.0,85530.0,True,2020HU0493803,3
0,62000.0,31000.0,2.0,49,55,52.0,93000.0,True,2020HU0494078,25
0,78000.0,50000.0,1.56,67,70,68.5,128000.0,True,2020HU0494690,1
2,124400.0,24800.0,5.016129032258065,69,71,70.0,149200.0,True,2020HU0495203,6
2,14000.0,15000.0,1.0714285714285714,79,34,56.5,29000.0,False,2020HU0495942,60
0,27300.0,25030.0,1.0906911705952858,74,75,74.5,52330.0,True,2020HU0496163,8
2,10520.0,92000.0,8.745247148288973,72,62,67.0,102520.0,True,2020HU0496337,4
6,24000.0,400.0,60.0,20,20,20.0,24400.0,True,2020HU0497080,2
6,142000.0,9600.0,14.791666666666666,75,72,73.5,151600.0,True,2020HU0498447,17
0,21700.0,63000.0,2.903225806451613,49,47,48.0,84700.0,True,2020HU0498661,33
0,50000.0,50000.0,1.0,39,37,38.0,100000.0,True,2020HU0499400,12
0,16500.0,40000.0,2.4242424242424243,45,46,45.5,56500.0,True,2020HU0499812,5
0,35000.0,22800.0,1.5350877192982457,37,50,43.5,57800.0,True,2020HU0499883,1
0,72000.0,0.0,0.0,55,54,54.5,72000.0,True,2020HU0500031,16
0,42100.0,38500.0,1.0935064935064935,57,58,57.5,80600.0,True,2020HU0500406,11
1,85700.0,27700.0,3.0938628158844765,71,72,71.5,113400.0,True,2020HU0501037,13
4,286000.0,0.0,0.0,38,40,39.0,286000.0,True,2020HU0501511,25
0,38000.0,50500.0,1.3289473684210527,66,66,66.0,88500.0,True,2020HU0501543,11
2,75000.0,80000.0,1.0666666666666667,49,56,52.5,155000.0,False,2020HU0502702,4
2,153900.0,59000.0,2.6084745762711865,63,60,61.5,212900.0,True,2020HU0503021,4
1,20000.0,80000.0,4.0,42,44,43.0,100000.0,True,2020HU0503197,11
0,39000.0,43000.0,1.1025641025641026,40,33,36.5,82000.0,True,2020HU0503533,2
2,143000.0,30000.0,4.766666666666667,47,41,44.0,173000.0,False,2020HU0503759,87
1,60000.0,12500.0,4.8,45,44,44.5,72500.0,True,2020HU0503974,10
1,70000.0,55000.0,1.2727272727272727,42,40,41.0,125000.0,True,2020HU0504144,9
1,55000.0,21800.0,2.522935779816514,29,26,27.5,76800.0,True,2020HU0504221,5
0,33000.0,27000.0,1.2222222222222223,29,32,30.5,60000.0,True,2020HU0505315,33
3,182000.0,0.0,0.0,50,48,49.0,182000.0,True,2020HU0506503,34
0,0.0,1800.0,0.0,50,58,54.0,1800.0,True,2020HU0506921,1
1,55000.0,80000.0,1.4545454545454546,37,39,38.0,135000.0,True,2020HU0507687,11
6,150600.0,9000.0,16.733333333333334,50,51,50.5,159600.0,True,2020HU0508540,18
0,0.0,0.0,0.0,56,53,54.5,0.0,True,2020HU0509512,5
0,48000.0,44000.0,1.0909090909090908,35,34,34.5,92000.0,True,2020HU0509716,6
0,42700.0,71030.0,1.6634660421545668,56,56,56.0,113730.0,True,2020HU0510052,69
1,31300.0,130000.0,4.15335463258786,70,63,66.5,161300.0,True,2020HU0510177,5
1,44300.0,75000.0,1.693002257336343,47,50,48.5,119300.0,False,2020HU0510302,17
0,0.0,0.0,0.0,44,36,40.0,0.0,True,2020HU0510449,45
1,138600.0,36000.0,3.85,66,60,63.0,174600.0,True,2020HU0510806,4
2,16300.0,131700.0,8.079754601226995,71,60,65.5,148000.0,True,2020HU0510902,4
0,70000.0,23500.0,2.978723404255319,41,41,41.0,93500.0,True,2020HU0510980,63
3,2200.0,24800.0,11.272727272727273,33,33,33.0,27000.0,True,2020HU0511096,8
3,40000.0,60000.0,1.5,46,23,34.5,100000.0,False,2020HU0511756,4
0,100000.0,0.0,0.0,65,64,64.5,100000.0,True,2020HU0511844,18
1,78000.0,27800.0,2.805755395683453,37,33,35.0,105800.0,True,2020HU0512432,15
4,61900.0,2300.0,26.91304347826087,77,73,75.0,64200.0,True,2020HU0513063,15
0,75000.0,45000.0,1.6666666666666667,53,53,53.0,120000.0,True,2020HU0513065,6
1,68000.0,90000.0,1.3235294117647058,56,55,55.5,158000.0,True,2020HU0513125,40
0,80000.0,39000.0,2.051282051282051,67,71,69.0,119000.0,True,2020HU0513797,29
0,46200.0,62000.0,1.341991341991342,61,61,61.0,108200.0,True,2020HU0514112,5
4,221000.0,0.0,0.0,55,62,58.5,221000.0,True,2020HU0514677,7
0,55200.0,35000.0,1.5771428571428572,67,66,66.5,90200.0,True,2020HU0516119,1
2,55000.0,17000.0,3.235294117647059,71,70,70.5,72000.0,True,2020HU0516657,8
4,1000.0,60000.0,60.0,48,51,49.5,61000.0,True,2020HU0517145,3
3,190500.0,37000.0,5.148648648648648,60,61,60.5,227500.0,True,2020HU0517271,15
1,76900.0,57550.0,1.3362293657688966,66,65,65.5,134450.0,True,2020HU0517741,11
1,22000.0,30000.0,1.3636363636363635,38,34,36.0,52000.0,False,2020HU0518029,4
0,30000.0,52000.0,1.7333333333333334,40,47,43.5,82000.0,True,2020HU0518294,1
2,165000.0,19300.0,8.549222797927461,58,64,61.0,184300.0,True,2020HU0518372,11
3,120100.0,11000.0,10.918181818181818,76,76,76.0,131100.0,True,2020HU0519153,5
0,52500.0,35300.0,1.4872521246458923,58,57,57.5,87800.0,True,2020HU0519156,6
1,35200.0,8400.0,4.190476190476191,65,66,65.5,43600.0,True,2020HU0519195,3
0,13700.0,20000.0,1.4598540145985401,48,46,47.0,33700.0,True,2020HU0519452,52
1,65000.0,90000.0,1.3846153846153846,50,55,52.5,155000.0,True,2020HU0519789,7
1,56400.0,59000.0,1.0460992907801419,62,60,61.0,115400.0,True,2020HU0520060,13
3,49000.0,4800.0,10.208333333333334,57,59,58.0,53800.0,True,2020HU0520106,9
0,42500.0,0.0,0.0,66,64,65.0,42500.0,True,2020HU0520569,4
0,49200.0,23400.0,2.1025641025641026,60,70,65.0,72600.0,True,2020HU0520689,17
0,100000.0,0.0,0.0,43,43,43.0,100000.0,True,2020HU0520959,11
1,45750.0,0.0,0.0,58,42,50.0,45750.0,True,2020HU0521026,45
0,40000.0,80000.0,2.0,60,64,62.0,120000.0,True,2020HU0521033,25
0,11000.0,12000.0,1.0909090909090908,45,47,46.0,23000.0,True,2020HU0521327,15
2,80000.0,135000.0,1.6875,41,47,44.0,215000.0,True,2020HU0521420,26
1,27000.0,89200.0,3.303703703703704,66,69,67.5,116200.0,True,2020HU0521828,8
0,24000.0,12000.0,2.0,61,58,59.5,36000.0,True,2020HU0522199,11
0,23500.0,37000.0,1.574468085106383,78,69,73.5,60500.0,True,2020HU0523154,2
1,99400.0,92600.0,1.0734341252699784,75,70,72.5,192000.0,True,2020HU0524713,101
1,60000.0,88000.0,1.4666666666666666,45,47,46.0,148000.0,True,2020HU0524766,17
1,43400.0,63400.0,1.4608294930875576,65,66,65.5,106800.0,False,2020HU0525925,42
2,117000.0,228300.0,1.9512820512820512,65,68,66.5,345300.0,True,2020HU0527611,22
1,70000.0,22500.0,3.111111111111111,66,61,63.5,92500.0,True,2020HU0527924,19
1,69200.0,20000.0,3.46,64,62,63.0,89200.0,True,2020HU0529087,8
2,28000.0,85000.0,3.0357142857142856,47,47,47.0,113000.0,True,2020HU0529362,13
0,12000.0,28300.0,2.3583333333333334,71,71,71.0,40300.0,True,2020HU0529390,2
0,48000.0,50000.0,1.0416666666666667,44,53,48.5,98000.0,True,2020HU0529849,18
1,28800.0,7200.0,4.0,67,67,67.0,36000.0,True,2020HU0529896,7
0,24000.0,56000.0,2.3333333333333335,60,56,58.0,80000.0,True,2020HU0530016,4
0,75000.0,37400.0,2.0053475935828877,61,67,64.0,112400.0,True,2020HU0530790,5
0,14000.0,29100.0,2.0785714285714287,77,76,76.5,43100.0,True,2020HU0530926,4
1,36000.0,111000.0,3.0833333333333335,33,33,33.0,147000.0,True,2020HU0531333,10
0,50400.0,49400.0,1.0202429149797572,74,62,68.0,99800.0,True,2020HU0531337,3
0,60000.0,0.0,0.0,48,43,45.5,60000.0,True,2020HU0531658,6
0,31500.0,14000.0,2.25,67,61,64.0,45500.0,True,2020HU0531886,14
3,210050.0,25000.0,8.402,72,65,68.5,235050.0,True,2020HU0532110,6
3,666300.0,194000.0,3.4345360824742266,73,75,74.0,860300.0,True,2020HU0532902,9
1,90000.0,20000.0,4.5,48,47,47.5,110000.0,True,2020HU0533298,14
0,39600.0,70000.0,1.7676767676767677,67,66,66.5,109600.0,True,2020HU0533714,6
2,4010.0,12500.0,3.117206982543641,52,71,61.5,16510.0,True,2020HU0533871,3
3,200000.0,36000.0,5.555555555555555,46,46,46.0,236000.0,True,2020HU0534928,63
4,36000.0,6700.0,5.373134328358209,23,20,21.5,42700.0,True,2020HU0535481,42
2,46400.0,11800.0,3.9322033898305087,70,69,69.5,58200.0,True,2020HU0536461,10
1,58000.0,101000.0,1.7413793103448276,45,45,45.0,159000.0,True,2020HU0536485,8
1,100000.0,51600.0,1.937984496124031,57,62,59.5,151600.0,True,2020HU0537373,14
1,60000.0,19000.0,3.1578947368421053,32,31,31.5,79000.0,True,2020HU0537766,40
0,34200.0,94500.0,2.763157894736842,69,68,68.5,128700.0,True,2020HU0537872,5
1,70000.0,80000.0,1.1428571428571428,59,61,60.0,150000.0,True,2020HU0538289,11
1,50000.0,14000.0,3.5714285714285716,54,64,59.0,64000.0,True,2020HU0538952,4
2,137000.0,145000.0,1.0583941605839415,60,60,60.0,282000.0,True,2020HU0539095,2
1,20000.0,16000.0,1.25,60,58,59.0,36000.0,True,2020HU0539174,6
5,582000.0,50500.0,11.524752475247524,57,59,58.0,632500.0,True,2020HU0539304,8
3,111900.0,11000.0,10.172727272727272,47,46,46.5,122900.0,True,2020HU0540229,14
5,1700.0,60000.0,35.294117647058826,24,26,25.0,61700.0,True,2020HU0540484,20
2,22400.0,37000.0,1.6517857142857142,45,40,42.5,59400.0,False,2020HU0540501,14
3,1300.0,21000.0,16.153846153846153,78,82,80.0,22300.0,True,2020HU0540774,20
1,45200.0,19600.0,2.306122448979592,74,74,74.0,64800.0,True,2020HU0541041,18
0,46500.0,29900.0,1.5551839464882944,77,72,74.5,76400.0,True,2020HU0541694,18
1,34000.0,29600.0,1.1486486486486487,52,51,51.5,63600.0,True,2020HU0542361,2
1,127700.0,51100.0,2.4990215264187867,70,78,74.0,178800.0,True,2020HU0542390,14
1,60000.0,74000.0,1.2333333333333334,57,50,53.5,134000.0,True,2020HU0542521,5
2,180000.0,60000.0,3.0,47,40,43.5,240000.0,True,2020HU0542612,10
0,25000.0,75000.0,3.0,57,62,59.5,100000.0,True,2020HU0543220,5
0,38000.0,31000.0,1.2258064516129032,70,69,69.5,69000.0,True,2020HU0547035,10
3,67000.0,13200.0,5.075757575757576,96,88,92.0,80200.0,False,2020HU0547508,42
0,87000.0,50000.0,1.74,73,72,72.5,137000.0,True,2020HU0547859,22
1,8400.0,28300.0,3.369047619047619,75,74,74.5,36700.0,True,2020HU0548197,1
2,52600.0,8100.0,6.493827160493828,75,73,74.0,60700.0,True,2020HU0548629,4
2,100000.0,62000.0,1.6129032258064515,63,64,63.5,162000.0,True,2020HU0549158,24
1,105000.0,70000.0,1.5,64,60,62.0,175000.0,True,2020HU0549253,26
1,21600.0,47000.0,2.175925925925926,30,29,29.5,68600.0,True,2020HU0549266,25
1,102620.0,40000.0,2.5655,58,55,56.5,142620.0,True,2020HU0550050,8
3,75000.0,4000.0,18.75,64,71,67.5,79000.0,True,2020HU0550800,4
2,20804.0,33000.0,1.5862334166506442,24,31,27.5,53804.0,True,2020HU0551371,61
0,21000.0,18000.0,1.1666666666666667,58,55,56.5,39000.0,True,2020HU0551682,39
2,182000.0,80000.0,2.275,55,53,54.0,262000.0,True,2020HU0552693,15
2,75000.0,89000.0,1.1866666666666668,26,24,25.0,164000.0,True,2020HU0552740,47
7,162100.0,5030.0,32.22664015904572,62,54,58.0,167130.0,True,2020HU0553788,24
1,-1600.0,60000.0,0.0,57,57,57.0,58400.0,True,2020HU0553839,5
0,27600.0,0.0,0.0,51,39,45.0,27600.0,True,2020HU0553902,43
2,144900.0,254500.0,1.756383712905452,82,85,83.5,399400.0,True,2020HU0555408,8
2,70000.0,200000.0,2.857142857142857,40,51,45.5,270000.0,True,2020HU0555689,112
0,94000.0,0.0,0.0,69,61,65.0,94000.0,True,2020HU0557018,5
1,80000.0,90000.0,1.125,39,38,38.5,170000.0,True,2020HU0557111,13
0,50020.0,32020.0,1.5621486570893193,61,65,63.0,82040.0,True,2020HU0557217,19
1,150000.0,40000.0,3.75,56,51,53.5,190000.0,True,2020HU0557882,4
2,38200.0,7200.0,5.305555555555555,76,76,76.0,45400.0,True,2020HU0557993,14
1,77600.0,112000.0,1.443298969072165,78,76,77.0,189600.0,True,2020HU0558196,50
0,77000.0,0.0,0.0,61,57,59.0,77000.0,True,2020HU0558225,21
0,41000.0,28800.0,1.4236111111111112,31,30,30.5,69800.0,True,2020HU0558310,1
1,26000.0,8000.0,3.25,63,60,61.5,34000.0,True,2020HU0558827,6
1,33000.0,40000.0,1.2121212121212122,28,27,27.5,73000.0,True,2020HU0560032,12
0,20000.0,16030.0,1.2476606363069245,49,57,53.0,36030.0,True,2020HU0560573,6
1,61000.0,60000.0,1.0166666666666666,56,55,55.5,121000.0,True,2020HU0560695,8
1,102000.0,35300.0,2.8895184135977336,64,56,60.0,137300.0,True,2020HU0561163,19
0,25100.0,14200.0,1.767605633802817,66,65,65.5,39300.0,True,2020HU0561796,6
1,88000.0,25700.0,3.424124513618677,32,33,32.5,113700.0,True,2020HU0562044,28
1,45000.0,45000.0,1.0,34,49,41.5,90000.0,True,2020HU0562737,8
1,80000.0,45000.0,1.7777777777777777,42,54,48.0,125000.0,True,2020HU0562902,1
1,45000.0,25000.0,1.8,63,59,61.0,70000.0,True,2020HU0563869,12
4,620000.0,0.0,0.0,50,50,50.0,620000.0,True,2020HU0563879,5
1,90000.0,80000.0,1.125,45,45,45.0,170000.0,True,2020HU0564073,94
1,98100.0,52800.0,1.8579545454545454,73,75,74.0,150900.0,True,2020HU0564367,10
4,30000.0,1000.0,30.0,67,65,66.0,31000.0,True,2020HU0564686,2
3,127000.0,0.0,0.0,51,54,52.5,127000.0,True,2020HU0564822,4
2,10720.0,56820.0,5.300373134328358,64,67,65.5,67540.0,True,2020HU0565175,26
2,3700.0,19600.0,5.297297297297297,78,72,75.0,23300.0,True,2020HU0565436,1
0,3400.0,8400.0,2.4705882352941178,69,70,69.5,11800.0,True,2020HU0565716,17
4,70000.0,2000.0,35.0,31,37,34.0,72000.0,True,2020HU0566568,3
0,19100.0,0.0,0.0,64,62,63.0,19100.0,True,2020HU0567890,13
2,78400.0,11200.0,7.0,76,71,73.5,89600.0,True,2020HU0568616,4
1,12400.0,3100.0,4.0,71,67,69.0,15500.0,True,2020HU0568725,12
1,60000.0,85000.0,1.4166666666666667,64,62,63.0,145000.0,True,2020HU0568945,11
0,108000.0,39300.0,2.7480916030534353,55,51,53.0,147300.0,True,2020HU0569215,6
4,120.0,75000.0,625.0,59,56,57.5,75120.0,True,2020HU0569460,7
5,14500.0,394000.0,27.17241379310345,49,49,49.0,408500.0,True,2020HU0569641,100
0,72000.0,30000.0,2.4,60,56,58.0,102000.0,True,2020HU0569967,18
2,13500.0,43300.0,3.2074074074074073,69,56,62.5,56800.0,False,2020HU0569994,28
0,75000.0,38000.0,1.9736842105263157,60,58,59.0,113000.0,True,2020HU0570239,83
3,110000.0,10000.0,11.0,40,37,38.5,120000.0,True,2020HU0570458,17
3,110000.0,0.0,0.0,35,38,36.5,110000.0,True,2020HU0570932,8
2,26000.0,80400.0,3.0923076923076924,47,69,58.0,106400.0,True,2020HU0570971,20
0,36000.0,0.0,0.0,47,45,46.0,36000.0,True,2020HU0571696,36
0,14000.0,13000.0,1.0769230769230769,42,50,46.0,27000.0,True,2020HU0572000,12
6,7000.0,140000.0,20.0,35,36,35.5,147000.0,True,2020HU0572517,9
0,91000.0,0.0,0.0,34,33,33.5,91000.0,True,2020HU0572772,13
2,35000.0,0.0,0.0,58,32,45.0,35000.0,False,2020HU0573064,16
3,37000.0,100000.0,2.7027027027027026,78,46,62.0,137000.0,False,2020HU0573129,4
0,34000.0,40000.0,1.1764705882352942,41,41,41.0,74000.0,True,2020HU0573185,111
1,100000.0,25000.0,4.0,57,62,59.5,125000.0,True,2020HU0573344,9
3,52800.0,7700.0,6.857142857142857,67,34,50.5,60500.0,True,2020HU0573592,29
3,160000.0,53000.0,3.018867924528302,53,47,50.0,213000.0,True,2020HU0573740,31
1,16000.0,29000.0,1.8125,71,71,71.0,45000.0,True,2020HU0573756,6
1,70000.0,66300.0,1.0558069381598794,58,67,62.5,136300.0,True,2020HU0573992,2
2,170000.0,100000.0,1.7,55,54,54.5,270000.0,True,2020HU0574305,15
0,95000.0,0.0,0.0,65,62,63.5,95000.0,True,2020HU0574911,68
2,25000.0,48000.0,1.92,37,35,36.0,73000.0,False,2020HU0575182,22
0,150000.0,50000.0,3.0,55,56,55.5,200000.0,True,2020HU0576838,10
0,41100.0,46000.0,1.119221411192214,58,53,55.5,87100.0,True,2020HU0577217,1
0,25900.0,0.0,0.0,39,38,38.5,25900.0,True,2020HU0578481,16
0,24000.0,11100.0,2.1621621621621623,31,46,38.5,35100.0,True,2020HU0578865,17
1,73700.0,92300.0,1.2523744911804613,52,56,54.0,166000.0,True,2020HU0580050,14
0,50000.0,50000.0,1.0,42,44,43.0,100000.0,True,2020HU0580510,32
1,56900.0,30700.0,1.8534201954397393,39,41,40.0,87600.0,True,2020HU0580812,40
5,366000.0,0.0,0.0,67,36,51.5,366000.0,True,2020HU0581027,3
0,6600.0,17800.0,2.696969696969697,76,78,77.0,24400.0,True,2020HU0581122,2
2,63240.0,7200.0,8.783333333333333,75,72,73.5,70440.0,True,2020HU0581127,4
3,180000.0,0.0,0.0,36,33,34.5,180000.0,True,2020HU0581569,8
0,11500.0,15600.0,1.3565217391304347,76,75,75.5,27100.0,True,2020HU0582788,46
2,35000.0,9600.0,3.6458333333333335,43,43,43.0,44600.0,False,2020HU0583118,35
1,76700.0,56900.0,1.3479789103690685,73,67,70.0,133600.0,True,2020HU0583162,11
1,70000.0,22000.0,3.1818181818181817,57,66,61.5,92000.0,True,2020HU0583514,1
0,15000.0,16300.0,1.0866666666666667,68,64,66.0,31300.0,True,2020HU0584430,4
1,51000.0,65000.0,1.2745098039215685,43,32,37.5,116000.0,True,2020HU0584747,3
1,80000.0,80000.0,1.0,41,46,43.5,160000.0,True,2020HU0587090,2
1,61600.0,13500.0,4.562962962962963,71,68,69.5,75100.0,True,2020HU0587215,4
1,43500.0,13500.0,3.2222222222222223,74,68,71.0,57000.0,True,2020HU0587707,22
0,8600.0,22500.0,2.616279069767442,64,64,64.0,31100.0,True,2020HU0587848,20
0,62300.0,22000.0,2.831818181818182,77,75,76.0,84300.0,True,2020HU0587960,4
1,104000.0,55000.0,1.8909090909090909,38,38,38.0,159000.0,True,2020HU0588220,33
0,48500.0,75000.0,1.5463917525773196,40,37,38.5,123500.0,True,2020HU0588287,13
4,66000.0,12300.0,5.365853658536586,52,72,62.0,78300.0,True,2020HU0589093,24
2,56000.0,55000.0,1.018181818181818,36,41,38.5,111000.0,False,2020HU0589720,9
3,52000.0,11000.0,4.7272727272727275,60,78,69.0,63000.0,True,2020HU0590568,13
1,30000.0,34600.0,1.1533333333333333,28,25,26.5,64600.0,True,2020HU0590839,30
1,67000.0,53000.0,1.2641509433962264,38,37,37.5,120000.0,True,2020HU0590935,48
0,30000.0,70000.0,2.3333333333333335,54,56,55.0,100000.0,True,2020HU0591542,11
0,14600.0,9500.0,1.5368421052631578,70,79,74.5,24100.0,True,2020HU0591639,11
2,78400.0,19000.0,4.126315789473685,71,59,65.0,97400.0,True,2020HU0591965,27
2,138000.0,71000.0,1.943661971830986,36,38,37.0,209000.0,True,2020HU0592487,13
1,65000.0,57000.0,1.1403508771929824,44,44,44.0,122000.0,True,2020HU0592784,8
1,110000.0,60000.0,1.8333333333333333,52,59,55.5,170000.0,True,2020HU0592955,19
1,104000.0,24700.0,4.2105263157894735,41,28,34.5,128700.0,True,2020HU0593320,21
7,5000.0,106000.0,21.2,51,44,47.5,111000.0,True,2020HU0593764,13
0,100000.0,0.0,0.0,50,50,50.0,100000.0,True,2020HU0594142,65
1,59600.0,56900.0,1.047451669595782,72,76,74.0,116500.0,True,2020HU0594473,19
4,36000.0,500.0,72.0,60,50,55.0,36500.0,True,2020HU0594774,63
0,24100.0,35000.0,1.4522821576763485,40,31,35.5,59100.0,True,2020HU0595130,9
1,18300.0,50000.0,2.73224043715847,63,60,61.5,68300.0,False,2020HU0596073,3
2,88300.0,14700.0,6.006802721088436,77,78,77.5,103000.0,True,2020HU0596077,8
1,100000.0,80000.0,1.25,41,38,39.5,180000.0,True,2020HU0596479,40
3,94600.0,8600.0,11.0,62,63,62.5,103200.0,True,2020HU0597652,17
0,38000.0,36000.0,1.0555555555555556,62,55,58.5,74000.0,True,2020HU0598077,19
2,100000.0,16000.0,6.25,61,47,54.0,116000.0,True,2020HU0598296,14
2,127100.0,244400.0,1.9228953579858379,79,69,74.0,371500.0,True,2020HU0598304,5
2,68000.0,9000.0,7.555555555555555,53,66,59.5,77000.0,True,2020HU0598839,23
1,85000.0,70000.0,1.2142857142857142,52,49,50.5,155000.0,True,2020HU0599076,8
2,160000.0,50000.0,3.2,39,37,38.0,210000.0,True,2020HU0600217,13
2,16000.0,52000.0,3.25,64,55,59.5,68000.0,True,2020HU0600312,55
3,194100.0,25000.0,7.764,67,66,66.5,219100.0,True,2020HU0601148,42
0,35400.0,66000.0,1.8644067796610169,67,65,66.0,101400.0,True,2020HU0602597,12
0,60000.0,22000.0,2.727272727272727,51,55,53.0,82000.0,True,2020HU0602824,12
0,0.0,0.0,0.0,65,52,58.5,0.0,True,2020HU0602875,21
2,0.0,0.0,0.0,24,27,25.5,0.0,False,2020HU0602919,5
0,50000.0,50000.0,1.0,27,35,31.0,100000.0,True,2020HU0603781,18
0,61000.0,30000.0,2.033333333333333,48,56,52.0,91000.0,True,2020HU0604226,11
1,95000.0,90000.0,1.0555555555555556,45,49,47.0,185000.0,True,2020HU0604533,5
8,101530.0,3600.0,28.20277777777778,66,34,50.0,105130.0,True,2020HU0604770,71
0,49100.0,43600.0,1.1261467889908257,65,62,63.5,92700.0,True,2020HU0604796,139
4,250000.0,22000.0,11.363636363636363,68,75,71.5,272000.0,True,2020HU0605064,7
0,72000.0,0.0,0.0,46,38,42.0,72000.0,True,2020HU0605130,7
7,174000.0,4000.0,43.5,42,42,42.0,178000.0,True,2020HU0605754,23
1,153000.0,40000.0,3.825,40,40,40.0,193000.0,True,2020HU0606028,8
4,47500.0,4600.0,10.326086956521738,75,74,74.5,52100.0,True,2020HU0606590,4
4,78000.0,1200.0,65.0,32,32,32.0,79200.0,True,2020HU0606777,6
8,1600.0,227600.0,142.25,75,73,74.0,229200.0,True,2020HU0607276,6
0,42300.0,20000.0,2.115,59,60,59.5,62300.0,True,2020HU0607294,1
2,38300.0,6800.0,5.632352941176471,90,89,89.5,45100.0,True,2020HU0607539,26
2,38000.0,4800.0,7.916666666666667,72,72,72.0,42800.0,True,2020HU0609204,4
0,62000.0,35000.0,1.7714285714285714,40,37,38.5,97000.0,True,2020HU0610101,47
0,0.0,75000.0,0.0,40,39,39.5,75000.0,True,2020HU0611445,61
2,74000.0,14400.0,5.138888888888889,71,73,72.0,88400.0,True,2020HU0611620,13
1,37500.0,48700.0,1.2986666666666666,64,72,68.0,86200.0,True,2020HU0611846,3
3,101200.0,16300.0,6.208588957055214,55,57,56.0,117500.0,True,2020HU0612022,2
1,89200.0,31300.0,2.8498402555910545,81,64,72.5,120500.0,True,2020HU0612830,2
2,22000.0,25000.0,1.1363636363636365,23,22,22.5,47000.0,True,2020HU0612836,25
3,266000.0,145000.0,1.8344827586206895,46,38,42.0,411000.0,True,2020HU0613058,16
1,85200.0,99000.0,1.1619718309859155,76,75,75.5,184200.0,True,2020HU0613812,32
2,1400.0,13000.0,9.285714285714286,46,54,50.0,14400.0,True,2020HU0614396,18
0,12800.0,26300.0,2.0546875,73,69,71.0,39100.0,True,2020HU0614686,3
1,18400.0,31000.0,1.684782608695652,55,62,58.5,49400.0,True,2020HU0615103,1
0,55000.0,0.0,0.0,31,31,31.0,55000.0,True,2020HU0615305,22
3,260000.0,65000.0,4.0,63,60,61.5,325000.0,True,2020HU0615337,1
0,66000.0,30000.0,2.2,46,49,47.5,96000.0,True,2020HU0615342,1
1,28200.0,31200.0,1.1063829787234043,65,43,54.0,59400.0,True,2020HU0615924,13
0,21300.0,16700.0,1.2754491017964071,54,54,54.0,38000.0,True,2020HU0616102,23
1,70900.0,27000.0,2.6259259259259258,71,67,69.0,97900.0,False,2020HU0616156,8
2,100000.0,10400.0,9.615384615384615,60,55,57.5,110400.0,True,2020HU0616870,9
1,22400.0,43100.0,1.9241071428571428,52,48,50.0,65500.0,True,2020HU0616952,2
1,0.0,55000.0,0.0,57,57,57.0,55000.0,False,2020HU0616964,21
2,90700.0,12100.0,7.4958677685950414,67,70,68.5,102800.0,True,2020HU0618667,3
2,0.0,37000.0,0.0,21,30,25.5,37000.0,False,2020HU0619386,4
0,62010.0,42200.0,1.469431279620853,54,49,51.5,104210.0,True,2020HU0620302,8
1,66000.0,80600.0,1.2212121212121212,63,63,63.0,146600.0,True,2020HU0620608,19
0,20000.0,9000.0,2.2222222222222223,53,60,56.5,29000.0,True,2020HU0620631,3
2,80000.0,82000.0,1.025,61,59,60.0,162000.0,True,2020HU0621772,10
0,36000.0,27000.0,1.3333333333333333,41,40,40.5,63000.0,True,2020HU0623065,7
0,58000.0,42000.0,1.380952380952381,34,40,37.0,100000.0,True,2020HU0623243,2
0,47000.0,71400.0,1.5191489361702128,61,68,64.5,118400.0,True,2020HU0623518,13
1,95200.0,28100.0,3.3879003558718863,66,58,62.0,123300.0,True,2020HU0624909,2
1,65400.0,15900.0,4.113207547169812,88,92,90.0,81300.0,True,2020HU0625462,7
7,4800.0,189500.0,39.479166666666664,62,61,61.5,194300.0,True,2020HU0625541,3
0,0.0,50000.0,0.0,57,56,56.5,50000.0,True,2020HU0626213,2
0,58000.0,0.0,0.0,63,61,62.0,58000.0,True,2020HU0626826,17
0,64000.0,24000.0,2.6666666666666665,61,62,61.5,88000.0,True,2020HU0627146,2
0,5000.0,6000.0,1.2,45,47,46.0,11000.0,True,2020HU0628292,6
4,402300.0,0.0,0.0,73,73,73.0,402300.0,True,2020HU0628407,9
0,0.0,33600.0,0.0,36,38,37.0,33600.0,True,2020HU0628512,5
8,1000.0,255300.0,255.3,74,70,72.0,256300.0,True,2020HU0628626,2
2,48600.0,9600.0,5.0625,35,41,38.0,58200.0,True,2020HU0629093,97
1,17600.0,32800.0,1.8636363636363635,48,52,50.0,50400.0,True,2020HU0629191,6
0,6000.0,9000.0,1.5,72,75,73.5,15000.0,True,2020HU0630505,55
1,10100.0,38000.0,3.762376237623762,65,60,62.5,48100.0,True,2020HU0630531,16
1,58200.0,122600.0,2.106529209621993,60,62,61.0,180800.0,True,2020HU0630627,61
1,95000.0,80000.0,1.1875,40,40,40.0,175000.0,True,2020HU0630850,1
3,6000.0,64200.0,10.7,70,65,67.5,70200.0,True,2020HU0631393,5
6,118700.0,7400.0,16.04054054054054,64,70,67.0,126100.0,True,2020HU0631529,8
1,43100.0,37750.0,1.1417218543046357,86,80,83.0,80850.0,True,2020HU0632328,116
0,57000.0,0.0,0.0,48,50,49.0,57000.0,True,2020HU0632513,17
0,42220.0,74820.0,1.7721459024159165,61,61,61.0,117040.0,True,2020HU0632515,8
0,59500.0,27900.0,2.132616487455197,77,72,74.5,87400.0,True,2020HU0632695,39
3,117000.0,0.0,0.0,53,51,52.0,117000.0,True,2020HU0633275,13
0,45000.0,50000.0,1.1111111111111112,50,49,49.5,95000.0,True,2020HU0633552,14
0,43000.0,43000.0,1.0,65,64,64.5,86000.0,True,2020HU0633586,21
2,45450.0,12600.0,3.607142857142857,38,32,35.0,58050.0,True,2020HU0633829,20
0,27000.0,36000.0,1.3333333333333333,77,80,78.5,63000.0,True,2020HU0635272,14
0,26000.0,0.0,0.0,37,42,39.5,26000.0,True,2020HU0635384,53
0,13500.0,25000.0,1.8518518518518519,38,32,35.0,38500.0,True,2020HU0635749,70
2,2000.0,17000.0,8.5,51,51,51.0,19000.0,True,2020HU0635767,57
0,106000.0,40000.0,2.65,37,40,38.5,146000.0,True,2020HU0635844,16
0,12300.0,26300.0,2.138211382113821,75,76,75.5,38600.0,True,2020HU0636016,3
1,33000.0,101000.0,3.0606060606060606,45,44,44.5,134000.0,True,2020HU0636969,2
2,118300.0,18000.0,6.572222222222222,80,73,76.5,136300.0,True,2020HU0637824,34
0,62000.0,0.0,0.0,37,37,37.0,62000.0,True,2020HU0638013,8
0,48020.0,36000.0,1.333888888888889,57,65,61.0,84020.0,True,2020HU0638078,5
0,0.0,93000.0,0.0,57,53,55.0,93000.0,True,2020HU0639207,4
2,7600.0,50400.0,6.631578947368421,68,72,70.0,58000.0,True,2020HU0639300,1
2,104050.0,127200.0,1.2224891878904374,60,61,60.5,231250.0,True,2020HU0639657,16
1,74100.0,56700.0,1.306878306878307,79,79,79.0,130800.0,True,2020HU0639708,7
1,40000.0,0.0,0.0,52,35,43.5,40000.0,True,2020HU0640784,12
3,16000.0,83000.0,5.1875,51,53,52.0,99000.0,True,2020HU0640788,12
4,60000.0,10000.0,6.0,24,25,24.5,70000.0,True,2020HU0641711,28
1,158000.0,41000.0,3.8536585365853657,56,51,53.5,199000.0,True,2020HU0641820,21
2,191000.0,120000.0,1.5916666666666666,53,52,52.5,311000.0,True,2020HU0642802,13
0,17700.0,32700.0,1.847457627118644,58,63,60.5,50400.0,True,2020HU0643068,1
0,4000.0,7000.0,1.75,31,35,33.0,11000.0,True,2020HU0643136,14
2,52000.0,22000.0,2.3636363636363638,80,64,72.0,74000.0,True,2020HU0643163,8
1,101000.0,80000.0,1.2625,42,46,44.0,181000.0,True,2020HU0643440,52
2,8500.0,47200.0,5.552941176470588,73,78,75.5,55700.0,True,2020HU0643750,26
0,51000.0,28000.0,1.8214285714285714,53,61,57.0,79000.0,True,2020HU0644010,36
2,54000.0,59800.0,1.1074074074074074,59,58,58.5,113800.0,False,2020HU0644249,3
1,25000.0,88000.0,3.52,40,46,43.0,113000.0,True,2020HU0644449,51
2,33000.0,16500.0,2.0,47,29,38.0,49500.0,False,2020HU0645206,108
1,74000.0,78800.0,1.0648648648648649,59,55,57.0,152800.0,True,2020HU0645737,6
1,33600.0,39000.0,1.1607142857142858,71,71,71.0,72600.0,True,2020HU0646892,27
0,80000.0,0.0,0.0,46,47,46.5,80000.0,True,2020HU0647328,4
4,464800.0,122500.0,3.7942857142857145,71,70,70.5,587300.0,True,2020HU0648351,9
0,77000.0,30000.0,2.566666666666667,74,69,71.5,107000.0,True,2020HU0648418,28
1,51000.0,16000.0,3.1875,57,53,55.0,67000.0,True,2020HU0648437,9
0,35000.0,17200.0,2.0348837209302326,59,53,56.0,52200.0,True,2020HU0649792,2
3,58000.0,6000.0,9.666666666666666,31,28,29.5,64000.0,True,2020HU0650963,1
4,22500.0,3000.0,7.5,22,25,23.5,25500.0,True,2020HU0651449,75
4,251800.0,18500.0,13.610810810810811,58,70,64.0,270300.0,True,2020HU0651466,7
1,88300.0,24400.0,3.6188524590163933,63,63,63.0,112700.0,True,2020HU0651805,10
0,15600.0,16800.0,1.0769230769230769,67,70,68.5,32400.0,True,2020HU0652178,43
0,38300.0,32000.0,1.196875,71,73,72.0,70300.0,True,2020HU0653796,9
2,120000.0,18400.0,6.521739130434782,72,70,71.0,138400.0,True,2020HU0654832,29
0,70000.0,42400.0,1.650943396226415,40,41,40.5,112400.0,True,2020HU0655407,2
2,63000.0,60000.0,1.05,77,77,77.0,123000.0,True,2020HU0655846,7
0,30200.0,35020.0,1.1596026490066225,38,41,39.5,65220.0,True,2020HU0656190,50
3,98000.0,310000.0,3.163265306122449,62,59,60.5,408000.0,True,2020HU0656217,8
0,70000.0,43800.0,1.5981735159817352,53,46,49.5,113800.0,True,2020HU0656320,48
2,173370.0,164100.0,1.056489945155393,72,73,72.5,337470.0,True,2020HU0656530,18
2,78800.0,11400.0,6.912280701754386,75,70,72.5,90200.0,True,2020HU0656913,12
1,9800.0,4800.0,2.0416666666666665,69,74,71.5,14600.0,True,2020HU0657080,33
0,100000.0,49000.0,2.0408163265306123,56,57,56.5,149000.0,True,2020HU0658570,11
1,0.0,23100.0,0.0,66,63,64.5,23100.0,False,2020HU0658577,2
1,24000.0,111000.0,4.625,31,32,31.5,135000.0,True,2020HU0658580,7
8,238500.0,8600.0,27.732558139534884,77,77,77.0,247100.0,True,2020HU0658995,2
3,139000.0,0.0,0.0,48,36,42.0,139000.0,True,2020HU0659514,7
1,55000.0,57000.0,1.0363636363636364,39,37,38.0,112000.0,True,2020HU0660151,4
0,19000.0,42200.0,2.221052631578947,62,68,65.0,61200.0,True,2020HU0660738,20
2,99000.0,67900.0,1.4580265095729013,49,49,49.0,166900.0,True,2020HU0660904,23
3,212500.0,68000.0,3.125,60,56,58.0,280500.0,True,2020HU0660967,7
4,12900.0,200.0,64.5,68,61,64.5,13100.0,True,2020HU0661117,80
0,18800.0,0.0,0.0,72,63,67.5,18800.0,True,2020HU0661331,7
4,218400.0,19300.0,11.316062176165802,45,39,42.0,237700.0,True,2020HU0661490,8
0,51100.0,50000.0,1.022,48,47,47.5,101100.0,True,2020HU0661678,1
0,60900.0,33600.0,1.8125,76,70,73.0,94500.0,True,2020HU0662128,29
0,0.0,51000.0,0.0,69,66,67.5,51000.0,True,2020HU0662205,43
0,12000.0,0.0,0.0,42,41,41.5,12000.0,True,2020HU0662583,13
5,73000.0,3600.0,20.27777777777778,73,88,80.5,76600.0,False,2020HU0662840,9
1,50000.0,90000.0,1.8,26,27,26.5,140000.0,True,2020HU0663005,4
1,63000.0,30000.0,2.1,34,51,42.5,93000.0,True,2020HU0663461,12
3,10200.0,180000.0,17.647058823529413,56,64,60.0,190200.0,True,2020HU0663489,7
1,40900.0,24000.0,1.7041666666666666,54,54,54.0,64900.0,False,2020HU0664089,3
2,72800.0,134000.0,1.8406593406593406,40,36,38.0,206800.0,True,2020HU0664291,21
3,0.0,154000.0,0.0,37,38,37.5,154000.0,True,2020HU0664661,4
1,35000.0,60000.0,1.7142857142857142,62,61,61.5,95000.0,True,2020HU0665078,3
2,136000.0,125000.0,1.088,46,46,46.0,261000.0,True,2020HU0665623,4
0,27000.0,30000.0,1.1111111111111112,83,83,83.0,57000.0,True,2020HU0666730,19
4,12000.0,124200.0,10.35,56,56,56.0,136200.0,False,2020HU0667367,15
0,55500.0,28500.0,1.9473684210526316,75,77,76.0,84000.0,True,2020HU0667512,3
2,8000.0,46000.0,5.75,78,85,81.5,54000.0,True,2020HU0667594,2
0,150000.0,50000.0,3.0,39,36,37.5,200000.0,True,2020HU0668490,40
3,14000.0,50140.0,3.5814285714285714,65,57,61.0,64140.0,False,2020HU0668540,25
1,27000.0,10000.0,2.7,52,41,46.5,37000.0,False,2020HU0668693,87
6,50000.0,2000.0,25.0,20,19,19.5,52000.0,True,2020HU0668917,16
6,6000.0,117000.0,19.5,73,73,73.0,123000.0,True,2020HU0669991,3
2,151100.0,62900.0,2.4022257551669317,53,53,53.0,214000.0,True,2020HU0670374,4
1,90000.0,65200.0,1.3803680981595092,42,46,44.0,155200.0,True,2020HU0670854,7
4,3300.0,72000.0,21.818181818181817,45,41,43.0,75300.0,True,2020HU0671438,47
0,0.0,95400.0,0.0,50,43,46.5,95400.0,True,2020HU0671609,35
0,26800.0,62180.0,2.3201492537313433,71,74,72.5,88980.0,True,2020HU0671684,1
7,163300.0,4200.0,38.88095238095238,60,53,56.5,167500.0,True,2020HU0671838,11
0,112800.0,40000.0,2.82,61,49,55.0,152800.0,True,2020HU0672077,1
1,70000.0,57000.0,1.2280701754385965,68,58,63.0,127000.0,True,2020HU0672299,20
0,40100.0,25700.0,1.5603112840466926,68,69,68.5,65800.0,True,2020HU0672305,6
2,10800.0,0.0,0.0,25,83,54.0,10800.0,False,2020HU0672865,104
1,71000.0,16500.0,4.303030303030303,56,57,56.5,87500.0,True,2020HU0673281,14
1,100000.0,88000.0,1.1363636363636365,43,46,44.5,188000.0,True,2020HU0673774,35
1,38000.0,60000.0,1.5789473684210527,47,49,48.0,98000.0,True,2020HU0674043,3
1,96000.0,54000.0,1.7777777777777777,73,75,74.0,150000.0,True,2020HU0674193,31
0,90000.0,32000.0,2.8125,47,46,46.5,122000.0,True,2020HU0674490,7
3,36000.0,7000.0,5.142857142857143,85,84,84.5,43000.0,True,2020HU0674597,53
2,21000.0,3200.0,6.5625,58,45,51.5,24200.0,True,2020HU0674736,22
0,45000.0,65000.0,1.4444444444444444,51,51,51.0,110000.0,True,2020HU0674851,103
0,20010.0,18700.0,1.070053475935829,57,57,57.0,38710.0,True,2020HU0675320,17
0,73000.0,25000.0,2.92,39,35,37.0,98000.0,True,2020HU0675554,6
4,162000.0,94400.0,1.7161016949152543,64,47,55.5,256400.0,False,2020HU0675826,12
1,52600.0,13500.0,3.8962962962962964,74,73,73.5,66100.0,True,2020HU0676304,61
0,5300.0,12000.0,2.2641509433962264,74,77,75.5,17300.0,True,2020HU0676589,7
0,6800.0,6800.0,1.0,76,84,80.0,13600.0,True,2020HU0676722,4
0,30000.0,80000.0,2.6666666666666665,44,51,47.5,110000.0,True,2020HU0677244,12
3,21000.0,206600.0,9.838095238095239,67,74,70.5,227600.0,True,2020HU0678757,10
3,84000.0,16000.0,5.25,49,47,48.0,100000.0,True,2020HU0678839,10
0,6000.0,6000.0,1.0,71,68,69.5,12000.0,True,2020HU0679278,11
0,59200.0,31100.0,1.9035369774919615,52,52,52.0,90300.0,True,2020HU0679455,10
0,45000.0,91900.0,2.042222222222222,61,61,61.0,136900.0,True,2020HU0679627,8
0,32300.0,60000.0,1.8575851393188854,56,56,56.0,92300.0,True,2020HU0679927,55
0,27100.0,38300.0,1.4132841328413284,73,72,72.5,65400.0,True,2020HU0680186,4
1,75000.0,64200.0,1.1682242990654206,61,64,62.5,139200.0,True,2020HU0680345,11
1,80000.0,45000.0,1.7777777777777777,55,49,52.0,125000.0,False,2020HU0680425,8
0,87800.0,29600.0,2.9662162162162162,67,73,70.0,117400.0,True,2020HU0680706,9
0,24000.0,21000.0,1.1428571428571428,45,46,45.5,45000.0,True,2020HU0680784,192
0,41200.0,13800.0,2.9855072463768115,44,43,43.5,55000.0,True,2020HU0680860,25
0,32800.0,12000.0,2.7333333333333334,52,41,46.5,44800.0,True,2020HU0681565,30
0,30000.0,60000.0,2.0,54,56,55.0,90000.0,True,2020HU0681667,8
8,399300.0,9000.0,44.36666666666667,73,73,73.0,408300.0,True,2020HU0681953,1
2,87000.0,123600.0,1.4206896551724137,66,68,67.0,210600.0,True,2020HU0682503,7
0,90000.0,0.0,0.0,62,52,57.0,90000.0,True,2020HU0683038,50
3,110000.0,394000.0,3.581818181818182,56,55,55.5,504000.0,True,2020HU0683129,50
1,46400.0,72000.0,1.5517241379310345,50,55,52.5,118400.0,True,2020HU0683439,5
3,115000.0,0.0,0.0,41,39,40.0,115000.0,True,2020HU0683489,13
0,68490.0,36000.0,1.9025,50,51,50.5,104490.0,True,2020HU0683505,42
2,54400.0,6600.0,8.242424242424242,59,69,64.0,61000.0,True,2020HU0683562,5
4,96450.0,7000.0,13.778571428571428,67,47,57.0,103450.0,True,2020HU0683584,6
1,34000.0,28000.0,1.2142857142857142,35,24,29.5,62000.0,True,2020HU0684648,17
0,57000.0,30000.0,1.9,50,50,50.0,87000.0,True,2020HU0684672,5
1,45850.0,37750.0,1.2145695364238411,56,51,53.5,83600.0,True,2020HU0685352,6
0,90000.0,35500.0,2.535211267605634,66,57,61.5,125500.0,True,2020HU0685803,27
2,4400.0,37000.0,8.409090909090908,65,70,67.5,41400.0,True,2020HU0686182,1
1,44400.0,80000.0,1.8018018018018018,63,59,61.0,124400.0,True,2020HU0686387,72
1,120000.0,35000.0,3.4285714285714284,62,55,58.5,155000.0,True,2020HU0686733,59
4,600.0,50000.0,83.33333333333333,32,33,32.5,50600.0,True,2020HU0686831,9
0,70000.0,46020.0,1.521077792264233,34,36,35.0,116020.0,True,2020HU0687158,8
3,1700.0,30250.0,17.794117647058822,90,90,90.0,31950.0,True,2020HU0687164,8
3,0.0,105000.0,0.0,42,47,44.5,105000.0,True,2020HU0687580,10
0,33890.0,53400.0,1.5756860430805548,66,60,63.0,87290.0,True,2020HU0688287,118
0,100000.0,0.0,0.0,43,44,43.5,100000.0,True,2020HU0688316,13
2,34280.0,50000.0,1.4585764294049008,49,25,37.0,84280.0,True,2020HU0689371,39
3,5000.0,83100.0,16.62,65,68,66.5,88100.0,True,2020HU0689713,10
5,19000.0,110.0,172.72727272727272,59,60,59.5,19110.0,True,2020HU0689789,3
1,14020.0,44600.0,3.181169757489301,62,61,61.5,58620.0,True,2020HU0689988,14
2,205000.0,113000.0,1.8141592920353982,57,54,55.5,318000.0,True,2020HU0690130,8
1,81000.0,82000.0,1.0123456790123457,40,43,41.5,163000.0,True,2020HU0690242,14
1,35000.0,31000.0,1.1290322580645162,48,47,47.5,66000.0,True,2020HU0690295,30
0,50000.0,52000.0,1.04,36,33,34.5,102000.0,True,2020HU0690365,2
1,32000.0,0.0,0.0,27,29,28.0,32000.0,True,2020HU0690384,43
0,2120.0,3280.0,1.5471698113207548,64,66,65.0,5400.0,True,2020HU0690845,54
5,27350.0,4700.0,5.819148936170213,53,80,66.5,32050.0,False,2020HU0691162,26
2,138100.0,400500.0,2.9000724112961622,70,69,69.5,538600.0,True,2020HU0691186,8
1,78000.0,52000.0,1.5,70,74,72.0,130000.0,True,2020HU0691811,8
1,135000.0,32200.0,4.192546583850931,58,58,58.0,167200.0,True,2020HU0691952,3
2,50000.0,20000.0,2.5,53,34,43.5,70000.0,False,2020HU0692425,30
2,92000.0,110000.0,1.1956521739130435,54,67,60.5,202000.0,True,2020HU0692533,10
0,117000.0,45600.0,2.5657894736842106,39,40,39.5,162600.0,True,2020HU0692901,11
2,60000.0,65000.0,1.0833333333333333,30,29,29.5,125000.0,True,2020HU0693230,17
1,51000.0,63000.0,1.2352941176470589,55,59,57.0,114000.0,True,2020HU0693490,10
1,23900.0,90800.0,3.799163179916318,65,73,69.0,114700.0,True,2020HU0693842,5
2,73000.0,50500.0,1.4455445544554455,48,31,39.5,123500.0,True,2020HU0694079,33
2,10000.0,1500.0,6.666666666666667,48,40,44.0,11500.0,True,2020HU0694808,3
0,42200.0,48700.0,1.1540284360189574,68,68,68.0,90900.0,True,2020HU0695335,9
1,80500.0,82250.0,1.0217391304347827,49,53,51.0,162750.0,True,2020HU0695453,22
0,5900.0,13700.0,2.3220338983050848,86,87,86.5,19600.0,True,2020HU0695709,7
2,215000.0,108000.0,1.9907407407407407,66,51,58.5,323000.0,True,2020HU0695947,9
1,110000.0,77000.0,1.4285714285714286,49,62,55.5,187000.0,True,2020HU0696076,8
1,56000.0,30000.0,1.8666666666666667,55,63,59.0,86000.0,True,2020HU0696976,9
0,40000.0,64800.0,1.62,79,79,79.0,104800.0,True,2020HU0697235,1
0,18900.0,15000.0,1.26,46,44,45.0,33900.0,True,2020HU0697352,24
1,90000.0,82000.0,1.0975609756097562,40,39,39.5,172000.0,True,2020HU0699210,7
1,25000.0,80000.0,3.2,59,59,59.0,105000.0,True,2020HU0699310,7
1,41000.0,0.0,0.0,41,35,38.0,41000.0,True,2020HU0699393,8
0,72000.0,30060.0,2.395209580838323,59,60,59.5,102060.0,True,2020HU0700181,36
0,42900.0,39100.0,1.0971867007672633,66,63,64.5,82000.0,True,2020HU0700793,26
0,29000.0,34000.0,1.1724137931034482,35,31,33.0,63000.0,True,2020HU0701126,44
1,23000.0,35100.0,1.5260869565217392,80,69,74.5,58100.0,True,2020HU0701828,3
3,396000.0,42000.0,9.428571428571429,42,37,39.5,438000.0,True,2020HU0702222,3
2,52000.0,85000.0,1.6346153846153846,25,30,27.5,137000.0,True,2020HU0702386,71
2,102300.0,14700.0,6.959183673469388,74,69,71.5,117000.0,True,2020HU0702515,16
4,-1600.0,396500.0,0.0,55,69,62.0,394900.0,True,2020HU0702516,60
0,30000.0,52000.0,1.7333333333333334,38,37,37.5,82000.0,True,2020HU0702819,5
3,154000.0,60000.0,2.566666666666667,59,39,49.0,214000.0,True,2020HU0704806,19
0,31900.0,66000.0,2.0689655172413794,66,61,63.5,97900.0,True,2020HU0705068,25
4,2900.0,30000.0,10.344827586206897,67,69,68.0,32900.0,True,2020HU0705712,3
5,26400.0,554000.0,20.984848484848484,70,75,72.5,580400.0,True,2020HU0706155,3
0,0.0,46500.0,0.0,31,32,31.5,46500.0,True,2020HU0706185,24
1,55000.0,44900.0,1.2249443207126949,50,47,48.5,99900.0,True,2020HU0706457,57
0,52000.0,31000.0,1.6774193548387097,60,66,63.0,83000.0,True,2020HU0706504,4
0,70000.0,46000.0,1.5217391304347827,72,75,73.5,116000.0,True,2020HU0706661,9
2,10000.0,50000.0,5.0,26,25,25.5,60000.0,True,2020HU0706748,25
0,40000.0,70000.0,1.75,42,42,42.0,110000.0,True,2020HU0706955,4
1,6000.0,12300.0,2.05,78,75,76.5,18300.0,True,2020HU0707074,16
0,33820.0,61320.0,1.8131283264340627,55,60,57.5,95140.0,True,2020HU0707093,26
0,0.0,0.0,0.0,60,55,57.5,0.0,True,2020HU0707114,15
3,267400.0,60500.0,4.419834710743801,81,73,77.0,327900.0,True,2020HU0707164,1
0,3780.0,1980.0,1.9090909090909092,59,57,58.0,5760.0,True,2020HU0707491,6
1,75000.0,85000.0,1.1333333333333333,35,37,36.0,160000.0,True,2020HU0707769,7
2,80000.0,50020.0,1.599360255897641,35,33,34.0,130020.0,True,2020HU0707907,53
0,26000.0,40000.0,1.5384615384615385,64,61,62.5,66000.0,True,2020HU0708346,50
3,18000.0,96000.0,5.333333333333333,26,26,26.0,114000.0,True,2020HU0708413,97
1,21200.0,79400.0,3.7452830188679247,81,66,73.5,100600.0,True,2020HU0708699,3
0,48200.0,24000.0,2.0083333333333333,61,55,58.0,72200.0,True,2020HU0709001,6
3,170000.0,0.0,0.0,62,52,57.0,170000.0,True,2020HU0709166,7
0,12100.0,5400.0,2.240740740740741,62,60,61.0,17500.0,True,2020HU0709210,7
0,30000.0,83000.0,2.7666666666666666,42,40,41.0,113000.0,True,2020HU0709262,26
2,6000.0,35000.0,5.833333333333333,62,54,58.0,41000.0,True,2020HU0709413,46
3,75000.0,230000.0,3.066666666666667,37,43,40.0,305000.0,True,2020HU0709437,26
2,93000.0,96000.0,1.032258064516129,50,52,51.0,189000.0,True,2020HU0709883,10
5,440900.0,20000.0,22.045,46,49,47.5,460900.0,True,2020HU0709897,2
0,40400.0,49000.0,1.2128712871287128,64,69,66.5,89400.0,True,2020HU0710144,2
1,27400.0,29700.0,1.083941605839416,73,74,73.5,57100.0,True,2020HU0710340,2
2,137500.0,74040.0,1.857104267963263,49,59,54.0,211540.0,True,2020HU0710777,12
1,102400.0,74400.0,1.3763440860215055,64,62,63.0,176800.0,True,2020HU0710806,6
2,14400.0,2000.0,7.2,72,73,72.5,16400.0,True,2020HU0710822,22
0,39800.0,39000.0,1.0205128205128204,65,72,68.5,78800.0,True,2020HU0710896,5
0,100000.0,0.0,0.0,42,39,40.5,100000.0,True,2020HU0711529,3
0,11500.0,11700.0,1.017391304347826,70,67,68.5,23200.0,True,2020HU0711630,15
0,11300.0,6800.0,1.661764705882353,75,80,77.5,18100.0,True,2020HU0711738,4
3,150000.0,0.0,0.0,37,26,31.5,150000.0,True,2020HU0712306,9
2,164000.0,80000.0,2.05,67,58,62.5,244000.0,True,2020HU0712400,3
0,40000.0,0.0,0.0,55,63,59.0,40000.0,True,2020HU0712607,3
3,160000.0,82000.0,1.951219512195122,58,61,59.5,242000.0,True,2020HU0713380,12
1,87550.0,100030.0,1.1425471159337521,68,59,63.5,187580.0,True,2020HU0713706,1
0,64000.0,25000.0,2.56,45,37,41.0,89000.0,True,2020HU0713839,28
3,60800.0,6000.0,10.133333333333333,64,63,63.5,66800.0,True,2020HU0713946,9
0,16100.0,31600.0,1.9627329192546583,57,55,56.0,47700.0,True,2020HU0713972,17
2,12000.0,100000.0,8.333333333333334,36,36,36.0,112000.0,True,2020HU0714387,15
0,24400.0,17400.0,1.4022988505747127,63,64,63.5,41800.0,True,2020HU0714715,8
0,28200.0,22900.0,1.2314410480349345,69,70,69.5,51100.0,True,2020HU0715028,7
2,118000.0,16000.0,7.375,58,59,58.5,134000.0,True,2020HU0715381,4
3,142000.0,21000.0,6.761904761904762,58,64,61.0,163000.0,True,2020HU0715406,6
2,10100.0,98900.0,9.792079207920793,78,78,78.0,109000.0,True,2020HU0716064,117
3,397200.0,82030.0,4.842130927709374,52,53,52.5,479230.0,True,2020HU0716580,7
2,235000.0,264300.0,1.1246808510638298,66,67,66.5,499300.0,True,2020HU0716645,21
1,100050.0,23000.0,4.35,31,31,31.0,123050.0,True,2020HU0717747,147
0,75000.0,35000.0,2.142857142857143,31,31,31.0,110000.0,True,2020HU0718792,39
3,145600.0,0.0,0.0,37,45,41.0,145600.0,True,2020HU0718863,9
1,76400.0,53000.0,1.441509433962264,78,66,72.0,129400.0,True,2020HU0719391,1
4,247200.0,16200.0,15.25925925925926,71,71,71.0,263400.0,True,2020HU0720732,15
4,12500.0,149600.0,11.968,39,73,56.0,162100.0,True,2020HU0721584,1
3,6000.0,36000.0,6.0,45,41,43.0,42000.0,False,2020HU0721605,13
1,78000.0,116000.0,1.4871794871794872,58,58,58.0,194000.0,True,2020HU0721927,1
1,60000.0,60000.0,1.0,44,45,44.5,120000.0,True,2020HU0722222,7
0,43000.0,58300.0,1.3558139534883722,60,66,63.0,101300.0,True,2020HU0722727,6
7,135000.0,6200.0,21.774193548387096,49,47,48.0,141200.0,True,2020HU0722971,131
1,80000.0,67400.0,1.1869436201780414,41,34,37.5,147400.0,True,2020HU0723254,25
1,10050.0,48000.0,4.776119402985074,31,32,31.5,58050.0,True,2020HU0723651,4
1,15600.0,32500.0,2.0833333333333335,68,68,68.0,48100.0,False,2020HU0724322,14
0,52500.0,26000.0,2.019230769230769,72,65,68.5,78500.0,True,2020HU0724782,6
2,72000.0,45400.0,1.5859030837004404,56,58,57.0,117400.0,False,2020HU0724810,8
1,73000.0,80000.0,1.095890410958904,36,38,37.0,153000.0,True,2020HU0724886,19
0,71800.0,0.0,0.0,63,61,62.0,71800.0,True,2020HU0725998,2
2,39000.0,7000.0,5.571428571428571,58,59,58.5,46000.0,True,2020HU0726630,2
0,14600.0,7700.0,1.896103896103896,67,69,68.0,22300.0,True,2020HU0726646,3
0,38000.0,22000.0,1.7272727272727273,51,49,50.0,60000.0,True,2020HU0728127,21
5,52000.0,810.0,64.19753086419753,53,62,57.5,52810.0,True,2020HU0728777,178
3,39700.0,394000.0,9.924433249370278,41,47,44.0,433700.0,True,2020HU0729469,3
1,15000.0,55000.0,3.6666666666666665,55,60,57.5,70000.0,True,2020HU0729618,5
0,44400.0,38400.0,1.15625,76,68,72.0,82800.0,True,2020HU0729794,1
3,14900.0,135000.0,9.060402684563758,71,76,73.5,149900.0,True,2020HU0729815,38
5,257200.0,14200.0,18.112676056338028,66,66,66.0,271400.0,True,2020HU0729824,6
3,52000.0,180000.0,3.4615384615384617,48,46,47.0,232000.0,True,2020HU0730300,11
2,68300.0,12800.0,5.3359375,70,67,68.5,81100.0,True,2020HU0730463,17
2,22200.0,31000.0,1.3963963963963963,24,24,24.0,53200.0,True,2020HU0731168,42
6,35000.0,110.0,318.1818181818182,25,23,24.0,35110.0,True,2020HU0731927,22
2,127000.0,100000.0,1.27,60,61,60.5,227000.0,True,2020HU0732996,44
1,80000.0,50000.0,1.6,38,46,42.0,130000.0,False,2020HU0733652,5
0,30000.0,43000.0,1.4333333333333333,60,60,60.0,73000.0,True,2020HU0734419,5
4,0.0,420000.0,0.0,47,56,51.5,420000.0,True,2020HU0735469,9
1,110010.0,31710.0,3.469252601702933,67,53,60.0,141720.0,True,2020HU0735873,8
1,27800.0,111200.0,4.0,59,68,63.5,139000.0,True,2020HU0735985,9
2,17700.0,63800.0,3.6045197740112993,72,72,72.0,81500.0,True,2020HU0736705,7
1,89000.0,84000.0,1.0595238095238095,42,48,45.0,173000.0,True,2020HU0738882,7
2,160000.0,65000.0,2.4615384615384617,58,58,58.0,225000.0,True,2020HU0739008,25
1,55000.0,22000.0,2.5,27,28,27.5,77000.0,True,2020HU0739447,82
0,10000.0,19200.0,1.92,79,74,76.5,29200.0,True,2020HU0739751,8
1,35000.0,10800.0,3.240740740740741,65,64,64.5,45800.0,True,2020HU0739777,4
7,123000.0,6000.0,20.5,44,38,41.0,129000.0,True,2020HU0740087,4
2,64900.0,10800.0,6.0092592592592595,66,63,64.5,75700.0,True,2020HU0741198,25
2,6000.0,60000.0,10.0,43,46,44.5,66000.0,True,2020HU0741515,34
4,356000.0,65000.0,5.476923076923077,36,36,36.0,421000.0,True,2020HU0742313,34
2,50000.0,9600.0,5.208333333333333,62,69,65.5,59600.0,True,2020HU0742341,12
1,6800.0,27200.0,4.0,35,37,36.0,34000.0,True,2020HU0742986,21
1,60000.0,70000.0,1.1666666666666667,40,41,40.5,130000.0,True,2020HU0743146,12
1,33600.0,113300.0,3.3720238095238093,72,76,74.0,146900.0,True,2020HU0743762,17
2,60000.0,19900.0,3.0150753768844223,48,43,45.5,79900.0,False,2020HU0743790,18
0,49500.0,42300.0,1.1702127659574468,77,77,77.0,91800.0,True,2020HU0744821,1
0,50000.0,95000.0,1.9,52,54,53.0,145000.0,True,2020HU0745530,6
2,50000.0,68320.0,1.3664,28,27,27.5,118320.0,True,2020HU0745582,5
1,23900.0,11800.0,2.0254237288135593,46,36,41.0,35700.0,False,2020HU0745746,3
0,33220.0,81000.0,2.4382901866345574,52,54,53.0,114220.0,True,2020HU0745810,68
0,30000.0,24000.0,1.25,73,74,73.5,54000.0,True,2020HU0746043,9
1,111400.0,85000.0,1.3105882352941176,32,38,35.0,196400.0,True,2020HU0746158,17
1,138000.0,61000.0,2.262295081967213,62,65,63.5,199000.0,True,2020HU0746411,24
1,64010.0,32000.0,2.0003125,29,30,29.5,96010.0,True,2020HU0747233,28
4,8200.0,50000.0,6.097560975609756,54,49,51.5,58200.0,False,2020HU0747426,7
3,68000.0,4800.0,14.166666666666666,91,86,88.5,72800.0,True,2020HU0747846,17
2,49000.0,53000.0,1.0816326530612246,71,47,59.0,102000.0,False,2020HU0747850,8
0,60000.0,37500.0,1.6,42,45,43.5,97500.0,True,2020HU0748952,41
1,63900.0,63900.0,1.0,75,75,75.0,127800.0,True,2020HU0749021,5
2,160000.0,31800.0,5.031446540880503,51,45,48.0,191800.0,True,2020HU0749715,29
3,101700.0,10600.0,9.59433962264151,65,70,67.5,112300.0,False,2020HU0750991,1
2,62900.0,9200.0,6.836956521739131,75,73,74.0,72100.0,True,2020HU0751191,1
1,97000.0,33000.0,2.9393939393939394,56,55,55.5,130000.0,True,2020HU0751642,6
2,109500.0,182500.0,1.6666666666666667,46,52,49.0,292000.0,True,2020HU0751916,3
1,135000.0,52000.0,2.5961538461538463,39,37,38.0,187000.0,True,2020HU0752425,9
3,45100.0,7000.0,6.442857142857143,71,51,61.0,52100.0,True,2020HU0752545,6
3,44400.0,8400.0,5.285714285714286,76,76,76.0,52800.0,True,2020HU0752848,4
1,69700.0,50800.0,1.3720472440944882,69,67,68.0,120500.0,True,2020HU0752961,9
0,80000.0,50000.0,1.6,41,37,39.0,130000.0,True,2020HU0752967,85
3,134100.0,0.0,0.0,46,41,43.5,134100.0,True,2020HU0753842,11
1,45000.0,150000.0,3.3333333333333335,37,36,36.5,195000.0,True,2020HU0753954,9
2,97600.0,10000.0,9.76,38,38,38.0,107600.0,True,2020HU0754000,29
1,77000.0,62000.0,1.2419354838709677,45,46,45.5,139000.0,True,2020HU0754583,22
2,130000.0,100000.0,1.3,48,45,46.5,230000.0,True,2020HU0754959,21
1,7400.0,27000.0,3.6486486486486487,61,55,58.0,34400.0,True,2020HU0755090,42
5,404000.0,16000.0,25.25,51,51,51.0,420000.0,True,2020HU0755113,4
1,72000.0,72000.0,1.0,55,63,59.0,144000.0,True,2020HU0755577,6
4,5000.0,93000.0,18.6,27,31,29.0,98000.0,True,2020HU0756082,18
1,57100.0,64000.0,1.1208406304728546,47,43,45.0,121100.0,True,2020HU0756484,9
2,150000.0,27000.0,5.555555555555555,63,64,63.5,177000.0,True,2020HU0756574,22
1,56000.0,54000.0,1.037037037037037,53,54,53.5,110000.0,True,2020HU0757242,82
2,40000.0,4800.0,8.333333333333334,68,66,67.0,44800.0,True,2020HU0757575,79
2,70000.0,15000.0,4.666666666666667,28,28,28.0,85000.0,True,2020HU0758145,4
1,26000.0,88700.0,3.4115384615384614,61,62,61.5,114700.0,True,2020HU0758625,3
0,14100.0,33800.0,2.397163120567376,30,33,31.5,47900.0,True,2020HU0759396,10
1,47000.0,0.0,0.0,29,28,28.5,47000.0,True,2020HU0759411,19
0,0.0,50000.0,0.0,43,41,42.0,50000.0,True,2020HU0759440,14
2,46900.0,57000.0,1.2153518123667377,51,47,49.0,103900.0,False,2020HU0759737,6
1,73400.0,75000.0,1.021798365122616,43,51,47.0,148400.0,True,2020HU0759826,4
1,65000.0,135000.0,2.076923076923077,53,53,53.0,200000.0,True,2020HU0761027,7
1,47600.0,42000.0,1.1333333333333333,67,43,55.0,89600.0,True,2020HU0761379,8
3,60020.0,69000.0,1.149616794401866,40,39,39.5,129020.0,False,2020HU0761427,14
1,19700.0,13200.0,1.4924242424242424,64,68,66.0,32900.0,True,2020HU0761731,14
0,75000.0,50000.0,1.5,38,42,40.0,125000.0,True,2020HU0762083,10
0,94800.0,36000.0,2.6333333333333333,32,41,36.5,130800.0,True,2020HU0762327,9
0,0.0,25600.0,0.0,42,41,41.5,25600.0,True,2020HU0762415,9
2,60000.0,63700.0,1.0616666666666668,73,73,73.0,123700.0,True,2020HU0762549,5
0,30030.0,83000.0,2.763902763902764,35,34,34.5,113030.0,True,2020HU0762924,23
0,68000.0,0.0,0.0,61,63,62.0,68000.0,True,2020HU0764340,58
0,52000.0,50000.0,1.04,65,52,58.5,102000.0,True,2020HU0764397,6
1,65400.0,53400.0,1.2247191011235956,37,33,35.0,118800.0,True,2020HU0765505,127
3,100000.0,238300.0,2.383,52,73,62.5,338300.0,True,2020HU0765704,133
0,7900.0,9600.0,1.2151898734177216,57,55,56.0,17500.0,True,2020HU0766859,2
1,25100.0,22000.0,1.1409090909090909,31,26,28.5,47100.0,True,2020HU0766904,12
0,32200.0,44200.0,1.3726708074534162,64,71,67.5,76400.0,True,2020HU0766913,3
0,4800.0,12000.0,2.5,70,67,68.5,16800.0,True,2020HU0767314,4
0,82000.0,0.0,0.0,77,71,74.0,82000.0,True,2020HU0767526,11
2,103000.0,173300.0,1.6825242718446602,66,71,68.5,276300.0,True,2020HU0767988,58
5,313300.0,15000.0,20.886666666666667,79,76,77.5,328300.0,True,2020HU0768742,4
0,39500.0,45700.0,1.1569620253164556,60,61,60.5,85200.0,True,2020HU0769298,37
0,41400.0,50000.0,1.2077294685990339,73,71,72.0,91400.0,True,2020HU0769744,3
0,48000.0,48000.0,1.0,55,60,57.5,96000.0,True,2020HU0769871,5
0,59320.0,32400.0,1.8308641975308642,76,75,75.5,91720.0,True,2020HU0769909,9
0,38000.0,61000.0,1.605263157894737,36,40,38.0,99000.0,True,2020HU0770215,2
1,60200.0,131700.0,2.1877076411960132,65,61,63.0,191900.0,True,2020HU0770441,8
1,20700.0,25670.0,1.240096618357488,69,73,71.0,46370.0,True,2020HU0770643,15
1,80000.0,93000.0,1.1625,50,57,53.5,173000.0,True,2020HU0771511,3
3,58000.0,14400.0,4.027777777777778,61,60,60.5,72400.0,False,2020HU0771621,6
4,407000.0,36000.0,11.305555555555555,42,44,43.0,443000.0,True,2020HU0772109,2
1,124500.0,60000.0,2.075,42,40,41.0,184500.0,True,2020HU0772811,30
4,424000.0,0.0,0.0,45,46,45.5,424000.0,True,2020HU0773637,12
0,99000.0,46000.0,2.152173913043478,59,53,56.0,145000.0,True,2020HU0775256,17
4,2000.0,68400.0,34.2,62,65,63.5,70400.0,True,2020HU0775743,1
1,49000.0,13810.0,3.5481535119478638,77,73,75.0,62810.0,True,2020HU0775868,2
1,37200.0,11200.0,3.3214285714285716,63,63,63.0,48400.0,True,2020HU0776465,144
0,30000.0,16000.0,1.875,47,45,46.0,46000.0,True,2020HU0776475,17
2,101200.0,15500.0,6.529032258064516,77,76,76.5,116700.0,True,2020HU0776512,1
0,72000.0,0.0,0.0,60,49,54.5,72000.0,True,2020HU0776848,15
2,5900.0,41300.0,7.0,82,89,85.5,47200.0,True,2020HU0777065,3
0,58400.0,45000.0,1.2977777777777777,77,83,80.0,103400.0,True,2020HU0778080,19
2,25000.0,104400.0,4.176,66,69,67.5,129400.0,True,2020HU0778790,24
2,51000.0,66100.0,1.296078431372549,59,69,64.0,117100.0,True,2020HU0780199,13
5,2000.0,40000.0,20.0,19,20,19.5,42000.0,True,2020HU0780208,1
1,0.0,10400.0,0.0,65,58,61.5,10400.0,True,2020HU0780856,75
1,60000.0,12500.0,4.8,54,54,54.0,72500.0,True,2020HU0782516,4
1,115200.0,24000.0,4.8,52,52,52.0,139200.0,True,2020HU0782821,18
2,19800.0,33300.0,1.6818181818181819,56,52,54.0,53100.0,False,2020HU0782995,4
0,36000.0,72000.0,2.0,30,33,31.5,108000.0,True,2020HU0783020,68
1,112000.0,60000.0,1.8666666666666667,42,46,44.0,172000.0,True,2020HU0783643,18
1,100000.0,60000.0,1.6666666666666667,48,48,48.0,160000.0,True,2020HU0783952,21
0,108850.0,45300.0,2.402869757174393,66,78,72.0,154150.0,True,2020HU0785985,4
1,100000.0,25000.0,4.0,68,59,63.5,125000.0,True,2020HU0786465,6
0,60600.0,24700.0,2.4534412955465585,65,71,68.0,85300.0,True,2020HU0786823,1
3,173500.0,56000.0,3.0982142857142856,56,45,50.5,229500.0,True,2020HU0786833,21
0,45000.0,25000.0,1.8,59,59,59.0,70000.0,True,2020HU0787182,10
1,32000.0,10000.0,3.2,36,27,31.5,42000.0,True,2020HU0787771,81
0,1400.0,4000.0,2.857142857142857,60,60,60.0,5400.0,True,2020HU0788212,8
2,60000.0,75000.0,1.25,39,39,39.0,135000.0,False,2020HU0788356,138
4,50000.0,400.0,125.0,64,61,62.5,50400.0,True,2020HU0788373,7
1,59300.0,64100.0,1.0809443507588532,70,68,69.0,123400.0,True,2020HU0788500,17
2,72400.0,13000.0,5.569230769230769,75,72,73.5,85400.0,True,2020HU0788593,10
1,51900.0,52800.0,1.0173410404624277,74,78,76.0,104700.0,True,2020HU0789464,10
1,66000.0,40100.0,1.6458852867830425,39,34,36.5,106100.0,False,2020HU0789798,21
1,62100.0,66100.0,1.0644122383252819,62,69,65.5,128200.0,True,2020HU0790040,9
2,4000.0,40000.0,10.0,36,35,35.5,44000.0,True,2020HU0791205,12
3,137600.0,10000.0,13.76,72,65,68.5,147600.0,True,2020HU0791617,1
0,34700.0,61600.0,1.7752161383285303,44,50,47.0,96300.0,True,2020HU0792066,10
0,48600.0,54000.0,1.1111111111111112,61,65,63.0,102600.0,True,2020HU0792778,24
1,68000.0,95100.0,1.3985294117647058,69,69,69.0,163100.0,True,2020HU0792781,4
1,77000.0,19000.0,4.052631578947368,51,48,49.5,96000.0,True,2020HU0793229,51
1,9300.0,39800.0,4.279569892473118,66,71,68.5,49100.0,True,2020HU0793372,6
3,100000.0,120000.0,1.2,61,60,60.5,220000.0,False,2020HU0793484,6
0,90000.0,50000.0,1.8,43,43,43.0,140000.0,True,2020HU0793591,21
1,81000.0,100000.0,1.2345679012345678,41,39,40.0,181000.0,True,2020HU0793611,15
0,17400.0,19200.0,1.103448275862069,73,72,72.5,36600.0,True,2020HU0793651,117
1,54000.0,85000.0,1.5740740740740742,60,54,57.0,139000.0,True,2020HU0794513,13
0,27000.0,54000.0,2.0,32,32,32.0,81000.0,True,2020HU0795147,34
4,404000.0,0.0,0.0,55,53,54.0,404000.0,True,2020HU0795216,7
3,59600.0,58800.0,1.0136054421768708,51,67,59.0,118400.0,True,2020HU0795990,17
0,40120.0,47300.0,1.178963110667996,63,63,63.0,87420.0,True,2020HU0796047,15
0,13200.0,0.0,0.0,58,60,59.0,13200.0,True,2020HU0798690,23
4,26000.0,466000.0,17.923076923076923,62,62,62.0,492000.0,True,2020HU0799983,2
0,15780.0,43100.0,2.7313054499366287,75,67,71.0,58880.0,True,2020HU0800616,65
2,24000.0,2900.0,8.275862068965518,45,42,43.5,26900.0,True,2020HU0800880,12
0,18000.0,41100.0,2.283333333333333,49,47,48.0,59100.0,True,2020HU0801080,15
2,245200.0,264500.0,1.0787112561174552,53,53,53.0,509700.0,True,2020HU0801134,6
1,115000.0,50000.0,2.3,61,57,59.0,165000.0,True,2020HU0802074,15
0,31100.0,66800.0,2.147909967845659,67,66,66.5,97900.0,True,2020HU0802097,1
0,50000.0,85000.0,1.7,49,50,49.5,135000.0,True,2020HU0802277,6
7,4000.0,105300.0,26.325,72,67,69.5,109300.0,True,2020HU0802347,12
1,36200.0,24000.0,1.5083333333333333,68,68,68.0,60200.0,False,2020HU0802402,11
0,54600.0,26700.0,2.044943820224719,79,74,76.5,81300.0,True,2020HU0802441,2
1,44800.0,11800.0,3.7966101694915255,42,40,41.0,56600.0,True,2020HU0802764,52
1,90000.0,21600.0,4.166666666666667,75,75,75.0,111600.0,True,2020HU0802783,2
7,135330.0,2500.0,54.132,75,69,72.0,137830.0,True,2020HU0803473,2
4,58030.0,1800.0,32.23888888888889,65,64,64.5,59830.0,True,2020HU0803597,12
0,36300.0,38000.0,1.046831955922865,80,79,79.5,74300.0,True,2020HU0803608,11
3,7200.0,79000.0,10.972222222222221,57,65,61.0,86200.0,True,2020HU0803645,6
2,151800.0,16500.0,9.2,71,69,70.0,168300.0,True,2020HU0803944,12
0,28000.0,28000.0,1.0,75,73,74.0,56000.0,True,2020HU0805371,5
0,51000.0,19000.0,2.6842105263157894,48,43,45.5,70000.0,True,2020HU0805903,152
3,180000.0,83000.0,2.1686746987951806,42,41,41.5,263000.0,True,2020HU0806023,3
3,87500.0,8120.0,10.775862068965518,71,77,74.0,95620.0,True,2020HU0806060,1
2,67000.0,122000.0,1.8208955223880596,57,63,60.0,189000.0,True,2020HU0806447,9
3,124000.0,0.0,0.0,37,36,36.5,124000.0,True,2020HU0809119,20
0,27100.0,61800.0,2.2804428044280445,73,71,72.0,88900.0,True,2020HU0809365,8
0,69000.0,25700.0,2.684824902723735,78,69,73.5,94700.0,True,2020HU0809924,7
1,60000.0,70000.0,1.1666666666666667,57,61,59.0,130000.0,True,2020HU0812124,2
2,32100.0,104170.0,3.245171339563863,66,72,69.0,136270.0,True,2020HU0813329,10
0,38400.0,75000.0,1.953125,48,55,51.5,113400.0,True,2020HU0813339,12
3,130000.0,0.0,0.0,56,57,56.5,130000.0,True,2020HU0813509,13
4,30500.0,2300.0,13.26086956521739,89,85,87.0,32800.0,True,2020HU0813606,1
0,0.0,0.0,0.0,73,69,71.0,0.0,True,2020HU0814816,6
0,50200.0,23000.0,2.1826086956521737,76,76,76.0,73200.0,True,2020HU0814870,2
3,18900.0,80000.0,4.232804232804233,59,40,49.5,98900.0,True,2020HU0815122,40
1,60000.0,120000.0,2.0,43,43,43.0,180000.0,True,2020HU0815806,10
0,36400.0,14000.0,2.6,56,56,56.0,50400.0,True,2020HU0816493,85
0,30000.0,70000.0,2.3333333333333335,54,54,54.0,100000.0,True,2020HU0817086,3
8,195220.0,7400.0,26.38108108108108,69,70,69.5,202620.0,True,2020HU0817818,5
1,91000.0,70000.0,1.3,83,79,81.0,161000.0,True,2020HU0818000,67
0,7000.0,5000.0,1.4,70,69,69.5,12000.0,True,2020HU0818297,3
2,60000.0,75000.0,1.25,58,59,58.5,135000.0,True,2020HU0819684,11
1,77000.0,80000.0,1.0389610389610389,62,60,61.0,157000.0,True,2020HU0819846,1
2,140000.0,21000.0,6.666666666666667,46,46,46.0,161000.0,True,2020HU0820257,1
1,115000.0,30000.0,3.8333333333333335,43,42,42.5,145000.0,True,2020HU0820743,1
0,42000.0,40700.0,1.031941031941032,58,55,56.5,82700.0,True,2020HU0821412,1
3,86200.0,8300.0,10.385542168674698,63,62,62.5,94500.0,True,2020HU0821463,14
2,6000.0,42000.0,7.0,62,51,56.5,48000.0,True,2020HU0822144,26
0,50000.0,37000.0,1.3513513513513513,70,66,68.0,87000.0,True,2020HU0822355,21
2,9900.0,48800.0,4.929292929292929,74,74,74.0,58700.0,True,2020HU0822915,27
1,93000.0,102000.0,1.096774193548387,49,50,49.5,195000.0,True,2020HU0822974,13
1,23910.0,6880.0,3.4752906976744184,85,83,84.0,30790.0,True,2020HU0823127,52
1,28400.0,7000.0,4.057142857142857,74,73,73.5,35400.0,True,2020HU0823352,10
0,0.0,350.0,0.0,61,57,59.0,350.0,True,2020HU0824157,30
0,49800.0,82800.0,1.6626506024096386,66,70,68.0,132600.0,True,2020HU0824407,7
2,10000.0,90000.0,9.0,47,42,44.5,100000.0,True,2020HU0825067,19
2,89000.0,15500.0,5.741935483870968,86,83,84.5,104500.0,True,2020HU0825242,17
0,31000.0,13800.0,2.246376811594203,45,55,50.0,44800.0,True,2020HU0825569,6
2,12000.0,24000.0,2.0,66,46,56.0,36000.0,False,2020HU0825743,21
3,294000.0,41200.0,7.135922330097087,69,72,70.5,335200.0,True,2020HU0825953,15
7,150000.0,2000.0,75.0,37,35,36.0,152000.0,True,2020HU0826715,83
1,54010.0,17200.0,3.1401162790697676,38,38,38.0,71210.0,True,2020HU0826773,8
1,41200.0,56000.0,1.3592233009708738,48,50,49.0,97200.0,True,2020HU0826880,86
2,22500.0,135000.0,6.0,34,36,35.0,157500.0,True,2020HU0827715,18
1,27000.0,36400.0,1.348148148148148,29,28,28.5,63400.0,True,2020HU0827719,18
7,104000.0,2100.0,49.523809523809526,38,39,38.5,106100.0,True,2020HU0827762,4
1,10000.0,48000.0,4.8,52,51,51.5,58000.0,True,2020HU0828668,18
2,50000.0,6300.0,7.936507936507937,62,66,64.0,56300.0,True,2020HU0829007,7
1,99000.0,97000.0,1.0206185567010309,44,43,43.5,196000.0,True,2020HU0829131,41
2,73000.0,180300.0,2.46986301369863,73,62,67.5,253300.0,True,2020HU0830471,6
1,80000.0,94000.0,1.175,48,50,49.0,174000.0,True,2020HU0830915,34
0,83000.0,41000.0,2.024390243902439,61,55,58.0,124000.0,True,2020HU0831441,11
1,73000.0,0.0,0.0,31,28,29.5,73000.0,True,2020HU0832090,42
3,210000.0,33000.0,6.363636363636363,56,55,55.5,243000.0,True,2020HU0832364,2
1,22000.0,7100.0,3.0985915492957745,67,69,68.0,29100.0,True,2020HU0832643,13
0,22000.0,23000.0,1.0454545454545454,52,48,50.0,45000.0,True,2020HU0832765,23
1,76500.0,58280.0,1.3126286890871655,70,69,69.5,134780.0,True,2020HU0833228,64
1,82600.0,60000.0,1.3766666666666667,36,36,36.0,142600.0,True,2020HU0833278,24
2,84000.0,115000.0,1.369047619047619,48,45,46.5,199000.0,True,2020HU0833333,12
1,78000.0,95000.0,1.2179487179487178,47,42,44.5,173000.0,True,2020HU0833598,16
2,10000.0,35000.0,3.5,61,61,61.0,45000.0,True,2020HU0833634,2
3,2100.0,25500.0,12.142857142857142,68,67,67.5,27600.0,True,2020HU0834284,9
0,76000.0,43000.0,1.7674418604651163,39,41,40.0,119000.0,True,2020HU0834312,11
1,120000.0,70000.0,1.7142857142857142,38,47,42.5,190000.0,True,2020HU0835135,2
1,47500.0,13600.0,3.4926470588235294,82,81,81.5,61100.0,True,2020HU0835272,2
3,50100.0,6000.0,8.35,53,50,51.5,56100.0,True,2020HU0835500,8
0,46000.0,17800.0,2.5842696629213484,81,72,76.5,63800.0,True,2020HU0835933,53
2,169000.0,110000.0,1.5363636363636364,63,63,63.0,279000.0,True,2020HU0836143,2
1,18600.0,22800.0,1.2258064516129032,76,77,76.5,41400.0,True,2020HU0836242,3
1,85000.0,98200.0,1.1552941176470588,58,57,57.5,183200.0,True,2020HU0836806,30
0,35000.0,18000.0,1.9444444444444444,64,66,65.0,53000.0,True,2020HU0836967,4
4,4600.0,19000.0,4.130434782608695,23,23,23.0,23600.0,False,2020HU0837235,24
1,48000.0,60000.0,1.25,50,50,50.0,108000.0,True,2020HU0837400,43
1,59800.0,59000.0,1.0135593220338983,54,58,56.0,118800.0,True,2020HU0838214,112
0,37750.0,36200.0,1.042817679558011,67,69,68.0,73950.0,True,2020HU0838315,5
2,73200.0,140000.0,1.9125683060109289,32,32,32.0,213200.0,True,2020HU0838328,24
1,31400.0,38700.0,1.232484076433121,73,79,76.0,70100.0,True,2020HU0838577,50
1,7600.0,3900.0,1.9487179487179487,74,45,59.5,11500.0,True,2020HU0838772,4
0,33100.0,70850.0,2.1404833836858006,68,71,69.5,103950.0,True,2020HU0839362,2
1,35000.0,35000.0,1.0,46,58,52.0,70000.0,True,2020HU0839896,11
3,394000.0,46000.0,8.565217391304348,52,39,45.5,440000.0,True,2020HU0840339,5
2,148500.0,17300.0,8.583815028901734,76,75,75.5,165800.0,True,2020HU0840750,2
0,40000.0,100000.0,2.5,51,57,54.0,140000.0,True,2020HU0840915,32
1,52100.0,16200.0,3.2160493827160495,74,68,71.0,68300.0,True,2020HU0841802,10
0,52000.0,45000.0,1.1555555555555554,41,43,42.0,97000.0,True,2020HU0841988,5
0,20000.0,28000.0,1.4,37,36,36.5,48000.0,True,2020HU0843590,46
1,50050.0,80000.0,1.5984015984015985,49,45,47.0,130050.0,True,2020HU0844862,5
0,24500.0,65200.0,2.6612244897959183,61,69,65.0,89700.0,True,2020HU0845126,5
0,80000.0,0.0,0.0,44,44,44.0,80000.0,True,2020HU0845493,176
1,90000.0,66000.0,1.3636363636363635,63,72,67.5,156000.0,True,2020HU0845667,4
1,0.0,50000.0,0.0,52,50,51.0,50000.0,True,2020HU0845727,4
0,70000.0,50000.0,1.4,35,41,38.0,120000.0,True,2020HU0846035,17
0,39650.0,20450.0,1.938875305623472,61,63,62.0,60100.0,True,2020HU0846168,4
1,130000.0,33000.0,3.9393939393939394,42,32,37.0,163000.0,True,2020HU0846865,19
0,48000.0,32000.0,1.5,59,59,59.0,80000.0,True,2020HU0847039,30
1,81020.0,21120.0,3.836174242424242,76,82,79.0,102140.0,True,2020HU0847210,36
1,94000.0,56000.0,1.6785714285714286,50,44,47.0,150000.0,True,2020HU0848270,8
0,48200.0,61600.0,1.2780082987551866,64,64,64.0,109800.0,True,2020HU0848411,15
0,0.0,300.0,0.0,65,65,65.0,300.0,True,2020HU0849842,18
0,52000.0,36400.0,1.4285714285714286,32,37,34.5,88400.0,True,2020HU0851677,9
1,24000.0,101000.0,4.208333333333333,37,36,36.5,125000.0,True,2020HU0852308,19
1,40000.0,60000.0,1.5,27,28,27.5,100000.0,True,2020HU0852872,7
1,76000.0,90000.0,1.1842105263157894,50,49,49.5,166000.0,True,2020HU0854526,18
1,59830.0,50600.0,1.1824110671936758,81,77,79.0,110430.0,True,2020HU0855235,6
1,0.0,94000.0,0.0,50,57,53.5,94000.0,True,2020HU0856193,14
2,14000.0,50000.0,3.5714285714285716,38,42,40.0,64000.0,True,2020HU0856690,40
2,120000.0,233200.0,1.9433333333333334,74,75,74.5,353200.0,True,2020HU0856847,16
1,0.0,0.0,0.0,49,52,50.5,0.0,True,2020HU0857212,1
2,26500.0,86000.0,3.2452830188679247,57,53,55.0,112500.0,True,2020HU0857317,3
1,34800.0,33600.0,1.0357142857142858,87,84,85.5,68400.0,True,2020HU0857530,51
2,52000.0,52000.0,1.0,30,29,29.5,104000.0,True,2020HU0857906,4
3,142000.0,61000.0,2.3278688524590163,84,79,81.5,203000.0,True,2020HU0858206,11
1,71000.0,54000.0,1.3148148148148149,41,43,42.0,125000.0,True,2020HU0858972,12
0,18600.0,7000.0,2.657142857142857,52,49,50.5,25600.0,True,2020HU0860399,8
1,11400.0,31800.0,2.789473684210526,68,92,80.0,43200.0,True,2020HU0860491,10
1,63000.0,19300.0,3.2642487046632125,65,63,64.0,82300.0,True,2020HU0860897,12
0,80000.0,40000.0,2.0,53,57,55.0,120000.0,True,2020HU0861777,37
1,75000.0,70000.0,1.0714285714285714,42,36,39.0,145000.0,True,2020HU0861951,30
8,136000.0,4800.0,28.333333333333332,50,69,59.5,140800.0,True,2020HU0862310,35
2,58000.0,70000.0,1.206896551724138,52,55,53.5,128000.0,True,2020HU0862753,4
1,54000.0,82000.0,1.5185185185185186,39,37,38.0,136000.0,True,2020HU0862942,58
0,100000.0,0.0,0.0,55,47,51.0,100000.0,True,2020HU0863214,5
1,50000.0,40000.0,1.25,38,35,36.5,90000.0,False,2020HU0863243,3
1,146000.0,45000.0,3.2444444444444445,67,67,67.0,191000.0,True,2020HU0863719,47
0,32000.0,42000.0,1.3125,63,50,56.5,74000.0,True,2020HU0864172,5
4,2000.0,48000.0,24.0,69,66,67.5,50000.0,True,2020HU0864195,4
0,11300.0,8000.0,1.4125,50,61,55.5,19300.0,True,2020HU0864211,9
1,89900.0,107000.0,1.1902113459399333,65,67,66.0,196900.0,True,2020HU0864711,13
0,78900.0,34700.0,2.2737752161383287,55,48,51.5,113600.0,True,2020HU0865175,9
6,127300.0,9600.0,13.260416666666666,72,68,70.0,136900.0,True,2020HU0865182,73
1,9600.0,33000.0,3.4375,63,59,61.0,42600.0,True,2020HU0865831,6
0,50000.0,17000.0,2.9411764705882355,72,70,71.0,67000.0,True,2020HU0866361,124
0,0.0,50000.0,0.0,36,40,38.0,50000.0,True,2020HU0867333,20
3,50000.0,2500.0,20.0,62,62,62.0,52500.0,True,2020HU0868037,37
2,17000.0,100000.0,5.882352941176471,39,47,43.0,117000.0,True,2020HU0868348,14
3,13300.0,72500.0,5.451127819548872,65,73,69.0,85800.0,False,2020HU0869161,26
1,13200.0,50000.0,3.787878787878788,33,44,38.5,63200.0,True,2020HU0869528,26
0,90000.0,45000.0,2.0,53,52,52.5,135000.0,True,2020HU0870597,20
0,26400.0,19200.0,1.375,43,48,45.5,45600.0,True,2020HU0870637,22
0,33000.0,59000.0,1.7878787878787878,48,49,48.5,92000.0,True,2020HU0870709,8
0,60000.0,33820.0,1.7740981667652276,55,55,55.0,93820.0,True,2020HU0870814,30
2,250000.0,90000.0,2.7777777777777777,60,66,63.0,340000.0,True,2020HU0871006,4
1,18200.0,36000.0,1.978021978021978,49,50,49.5,54200.0,True,2020HU0871177,53
3,198100.0,0.0,0.0,59,60,59.5,198100.0,True,2020HU0871366,74
0,43000.0,40000.0,1.075,50,55,52.5,83000.0,True,2020HU0871916,13
4,1300.0,29600.0,22.76923076923077,62,62,62.0,30900.0,True,2020HU0872286,12
0,44700.0,0.0,0.0,67,67,67.0,44700.0,True,2020HU0872662,5
1,63000.0,115000.0,1.8253968253968254,36,35,35.5,178000.0,True,2020HU0873428,40
0,48100.0,27700.0,1.736462093862816,66,62,64.0,75800.0,True,2020HU0873902,16
1,74000.0,100000.0,1.3513513513513513,50,40,45.0,174000.0,True,2020HU0874267,14
1,80000.0,30000.0,2.6666666666666665,55,43,49.0,110000.0,True,2020HU0874718,3
1,15200.0,7200.0,2.111111111111111,65,67,66.0,22400.0,True,2020HU0874811,14
3,60000.0,3600.0,16.666666666666668,58,65,61.5,63600.0,True,2020HU0874873,9
1,0.0,50000.0,0.0,28,30,29.0,50000.0,True,2020HU0874882,79
1,22600.0,35000.0,1.5486725663716814,70,69,69.5,57600.0,True,2020HU0875026,2
0,26200.0,32800.0,1.251908396946565,75,77,76.0,59000.0,True,2020HU0875446,1
0,52400.0,24000.0,2.183333333333333,82,74,78.0,76400.0,True,2020HU0877095,1
0,60000.0,0.0,0.0,75,61,68.0,60000.0,True,2020HU0877748,30
1,25500.0,55000.0,2.156862745098039,46,45,45.5,80500.0,False,2020HU0877992,3
3,394000.0,40000.0,9.85,36,39,37.5,434000.0,True,2020HU0878042,11
0,36000.0,31100.0,1.157556270096463,50,51,50.5,67100.0,True,2020HU0878282,21
5,0.0,110000.0,0.0,69,37,53.0,110000.0,False,2020HU0878897,1
0,42000.0,36000.0,1.1666666666666667,87,82,84.5,78000.0,True,2020HU0879199,8
0,39010.0,26600.0,1.4665413533834586,74,79,76.5,65610.0,True,2020HU0879348,2
2,250000.0,250000.0,1.0,70,68,69.0,500000.0,True,2020HU0879354,3
0,75700.0,35800.0,2.1145251396648046,46,40,43.0,111500.0,True,2020HU0879475,1
2,6000.0,45000.0,7.5,75,63,69.0,51000.0,True,2020HU0879714,9
2,50000.0,200000.0,4.0,63,64,63.5,250000.0,True,2020HU0879907,4
3,12800.0,158000.0,12.34375,59,61,60.0,170800.0,True,2020HU0879915,14
0,11200.0,0.0,0.0,43,41,42.0,11200.0,True,2020HU0880107,41
8,1100.0,410000.0,372.72727272727275,69,70,69.5,411100.0,True,2020HU0880212,5
2,112800.0,14260.0,7.9102384291725105,74,70,72.0,127060.0,True,2020HU0880527,16
1,14200.0,64000.0,4.507042253521127,68,63,65.5,78200.0,True,2020HU0880607,48
0,9300.0,4800.0,1.9375,68,60,64.0,14100.0,True,2020HU0880672,24
1,8000.0,21200.0,2.65,64,68,66.0,29200.0,True,2020HU0880800,6
1,50000.0,23200.0,2.1551724137931036,62,62,62.0,73200.0,True,2020HU0880986,20
2,24000.0,55000.0,2.2916666666666665,70,64,67.0,79000.0,False,2020HU0881053,19
4,500.0,40000.0,80.0,35,37,36.0,40500.0,True,2020HU0881177,148
0,58000.0,0.0,0.0,31,30,30.5,58000.0,True,2020HU0881429,4
1,55000.0,62000.0,1.1272727272727272,36,42,39.0,117000.0,True,2020HU0882865,8
0,30000.0,60000.0,2.0,56,52,54.0,90000.0,True,2020HU0882955,6
0,75150.0,0.0,0.0,47,58,52.5,75150.0,True,2020HU0883156,65
2,125000.0,16200.0,7.716049382716049,58,58,58.0,141200.0,True,2020HU0883191,11
3,5000.0,36000.0,7.2,53,59,56.0,41000.0,True,2020HU0883523,49
1,82900.0,27400.0,3.0255474452554743,81,80,80.5,110300.0,True,2020HU0884114,10
2,2500.0,20000.0,8.0,44,49,46.5,22500.0,True,2020HU0885246,7
0,53900.0,0.0,0.0,75,64,69.5,53900.0,True,2020HU0885397,8
0,26100.0,19800.0,1.3181818181818181,71,74,72.5,45900.0,True,2020HU0885402,19
2,87100.0,10000.0,8.71,36,44,40.0,97100.0,True,2020HU0885654,16
0,45500.0,42400.0,1.0731132075471699,63,68,65.5,87900.0,True,2020HU0886089,5
0,97000.0,35500.0,2.732394366197183,58,62,60.0,132500.0,True,2020HU0886136,7
3,394000.0,85000.0,4.635294117647059,56,52,54.0,479000.0,True,2020HU0886612,36
2,37800.0,6600.0,5.7272727272727275,71,65,68.0,44400.0,True,2020HU0888626,24
0,37400.0,51700.0,1.3823529411764706,29,43,36.0,89100.0,True,2020HU0889102,11
3,13400.0,1400.0,9.571428571428571,86,87,86.5,14800.0,True,2020HU0889164,38
2,174000.0,36900.0,4.715447154471545,61,61,61.0,210900.0,True,2020HU0889250,70
1,14000.0,27000.0,1.9285714285714286,33,34,33.5,41000.0,False,2020HU0889492,11
0,50000.0,0.0,0.0,45,32,38.5,50000.0,True,2020HU0890105,2
0,18000.0,18000.0,1.0,69,67,68.0,36000.0,True,2020HU0890451,6
0,18000.0,39500.0,2.1944444444444446,53,64,58.5,57500.0,True,2020HU0890605,4
3,128000.0,11200.0,11.428571428571429,54,68,61.0,139200.0,True,2020HU0890867,24
2,49900.0,28800.0,1.7326388888888888,87,66,76.5,78700.0,True,2020HU0891346,29
1,23400.0,7200.0,3.25,73,73,73.0,30600.0,True,2020HU0891755,4
0,28800.0,9600.0,3.0,64,59,61.5,38400.0,True,2020HU0892412,1
0,50000.0,130000.0,2.6,52,59,55.5,180000.0,True,2020HU0892926,4
0,14400.0,4800.0,3.0,75,72,73.5,19200.0,True,2020HU0893134,8
1,94000.0,24000.0,3.9166666666666665,33,32,32.5,118000.0,True,2020HU0893470,18
4,96000.0,3000.0,32.0,58,49,53.5,99000.0,True,2020HU0894534,9
0,48000.0,33700.0,1.42433234421365,48,44,46.0,81700.0,True,2020HU0895066,3
0,27600.0,25000.0,1.104,31,29,30.0,52600.0,True,2020HU0896143,19
4,6400.0,50000.0,7.8125,27,25,26.0,56400.0,False,2020HU0897404,54
0,35000.0,25600.0,1.3671875,50,52,51.0,60600.0,True,2020HU0898100,14
2,90000.0,22000.0,4.090909090909091,67,75,71.0,112000.0,True,2020HU0898181,14
2,144000.0,86100.0,1.6724738675958188,75,77,76.0,230100.0,True,2020HU0898206,15
4,105000.0,0.0,0.0,29,27,28.0,105000.0,True,2020HU0898249,37
1,50000.0,11800.0,4.237288135593221,57,54,55.5,61800.0,True,2020HU0898352,2
3,113000.0,0.0,0.0,62,60,61.0,113000.0,True,2020HU0898487,99
7,112000.0,4400.0,25.454545454545453,33,34,33.5,116400.0,True,2020HU0898613,20
0,6000.0,15000.0,2.5,67,57,62.0,21000.0,True,2020HU0899091,6
0,52000.0,28300.0,1.8374558303886925,34,32,33.0,80300.0,True,2020HU0899400,47
0,35600.0,38100.0,1.0702247191011236,66,71,68.5,73700.0,True,2020HU0900416,32
0,39000.0,0.0,0.0,40,37,38.5,39000.0,True,2020HU0900816,8
3,159000.0,12000.0,13.25,71,72,71.5,171000.0,True,2020HU0901138,4
2,18300.0,32700.0,1.7868852459016393,52,35,43.5,51000.0,False,2020HU0901358,24
1,0.0,4100.0,0.0,60,58,59.0,4100.0,True,2020HU0902953,33
0,117800.0,43000.0,2.73953488372093,77,78,77.5,160800.0,True,2020HU0903147,59
1,120000.0,51000.0,2.3529411764705883,54,54,54.0,171000.0,True,2020HU0903950,7
4,394000.0,24000.0,16.416666666666668,61,65,63.0,418000.0,True,2020HU0904334,4
0,38900.0,45300.0,1.1645244215938304,75,76,75.5,84200.0,True,2020HU0904519,1
0,65050.0,22600.0,2.8783185840707963,50,50,50.0,87650.0,True,2020HU0904549,19
2,72100.0,9100.0,7.923076923076923,66,65,65.5,81200.0,True,2020HU0905229,16
2,125100.0,95100.0,1.3154574132492114,69,68,68.5,220200.0,True,2020HU0905511,26
0,65000.0,42000.0,1.5476190476190477,51,56,53.5,107000.0,True,2020HU0907591,13
3,123300.0,12000.0,10.275,57,53,55.0,135300.0,True,2020HU0907865,6
2,110600.0,19200.0,5.760416666666667,65,53,59.0,129800.0,True,2020HU0907992,21
1,38400.0,56820.0,1.4796875,59,61,60.0,95220.0,False,2020HU0908075,25
2,100000.0,150000.0,1.5,40,41,40.5,250000.0,True,2020HU0908100,36
1,28300.0,60000.0,2.1201413427561837,26,29,27.5,88300.0,True,2020HU0908380,20
0,48000.0,52000.0,1.0833333333333333,34,44,39.0,100000.0,True,2020HU0908387,6
0,40020.0,54000.0,1.3493253373313343,69,84,76.5,94020.0,True,2020HU0908524,16
0,34400.0,0.0,0.0,73,60,66.5,34400.0,True,2020HU0908562,21
0,42000.0,54000.0,1.2857142857142858,57,57,57.0,96000.0,True,2020HU0908904,1
2,16980.0,18200.0,1.071849234393404,62,63,62.5,35180.0,False,2020HU0909631,2
2,120000.0,60110.0,1.9963400432540344,47,52,49.5,180110.0,True,2020HU0910092,9
6,130000.0,9600.0,13.541666666666666,60,65,62.5,139600.0,True,2020HU0910347,8
1,122300.0,50000.0,2.446,69,38,53.5,172300.0,True,2020HU0910435,11
2,55000.0,16200.0,3.3950617283950617,31,31,31.0,71200.0,True,2020HU0910574,28
0,60000.0,34000.0,1.7647058823529411,56,62,59.0,94000.0,True,2020HU0910797,8
2,200000.0,75000.0,2.6666666666666665,43,47,45.0,275000.0,True,2020HU0910930,5
4,113500.0,0.0,0.0,39,49,44.0,113500.0,True,2020HU0911187,58
0,47100.0,66800.0,1.4182590233545647,65,68,66.5,113900.0,True,2020HU0911330,1
1,44300.0,12000.0,3.691666666666667,55,64,59.5,56300.0,True,2020HU0912860,28
0,8100.0,20100.0,2.4814814814814814,67,65,66.0,28200.0,True,2020HU0912991,36
0,6000.0,0.0,0.0,54,60,57.0,6000.0,True,2020HU0913120,20
1,60000.0,110000.0,1.8333333333333333,40,41,40.5,170000.0,True,2020HU0913356,20
3,4320.0,64140.0,14.847222222222221,71,74,72.5,68460.0,True,2020HU0913478,7
6,114400.0,7400.0,15.45945945945946,85,77,81.0,121800.0,True,2020HU0913486,8
1,0.0,65600.0,0.0,50,55,52.5,65600.0,True,2020HU0913661,4
3,47400.0,40000.0,1.185,67,47,57.0,87400.0,False,2020HU0913892,20
2,95000.0,26000.0,3.6538461538461537,69,64,66.5,121000.0,True,2020HU0913933,1
4,248100.0,12500.0,19.848,68,55,61.5,260600.0,True,2020HU0914658,22
0,27300.0,34300.0,1.2564102564102564,45,59,52.0,61600.0,True,2020HU0914720,22
2,43000.0,185000.0,4.3023255813953485,43,52,47.5,228000.0,True,2020HU0915971,6
0,40900.0,42800.0,1.0464547677261613,75,75,75.0,83700.0,True,2020HU0916191,2
1,48000.0,25000.0,1.92,27,23,25.0,73000.0,True,2020HU0916870,41
0,45000.0,50000.0,1.1111111111111112,48,49,48.5,95000.0,True,2020HU0917841,11
4,218000.0,0.0,0.0,59,61,60.0,218000.0,True,2020HU0918726,8
7,444000.0,12000.0,37.0,54,35,44.5,456000.0,True,2020HU0918803,11
2,135000.0,103800.0,1.300578034682081,67,72,69.5,238800.0,True,2020HU0918898,8
0,76000.0,0.0,0.0,52,56,54.0,76000.0,True,2020HU0918928,20
1,96000.0,22000.0,4.363636363636363,62,61,61.5,118000.0,True,2020HU0919301,7
1,60000.0,14200.0,4.225352112676056,54,56,55.0,74200.0,True,2020HU0919322,9
1,22600.0,6000.0,3.7666666666666666,74,80,77.0,28600.0,True,2020HU0919422,5
1,10900.0,43860.0,4.0238532110091745,82,89,85.5,54760.0,True,2020HU0919567,11
1,50000.0,15000.0,3.3333333333333335,78,70,74.0,65000.0,True,2020HU0919962,26
4,33600.0,397400.0,11.827380952380953,57,51,54.0,431000.0,True,2020HU0920541,10
1,67000.0,90000.0,1.3432835820895523,33,36,34.5,157000.0,True,2020HU0920827,15
2,91000.0,21000.0,4.333333333333333,60,57,58.5,112000.0,True,2020HU0920972,15
4,146400.0,12410.0,11.796937953263496,89,69,79.0,158810.0,True,2020HU0921945,18
0,23400.0,10700.0,2.1869158878504673,85,88,86.5,34100.0,True,2020HU0922143,4
4,730.0,20000.0,27.397260273972602,63,62,62.5,20730.0,True,2020HU0922265,8
2,150000.0,120000.0,1.25,48,37,42.5,270000.0,True,2020HU0922283,24
0,29000.0,24600.0,1.1788617886178863,62,68,65.0,53600.0,True,2020HU0923172,24
0,31650.0,33700.0,1.0647709320695102,75,82,78.5,65350.0,True,2020HU0923662,11
4,80900.0,587600.0,7.263288009888751,75,70,72.5,668500.0,True,2020HU0924049,6
5,13600.0,403000.0,29.63235294117647,60,63,61.5,416600.0,True,2020HU0924207,1
2,153300.0,22100.0,6.9366515837104075,72,71,71.5,175400.0,True,2020HU0924271,16
0,36000.0,38000.0,1.0555555555555556,61,62,61.5,74000.0,True,2020HU0924543,23
1,42000.0,32000.0,1.3125,64,65,64.5,74000.0,True,2020HU0924635,4
1,0.0,3000.0,0.0,55,55,55.0,3000.0,True,2020HU0924713,32
4,41200.0,422000.0,10.242718446601941,74,73,73.5,463200.0,True,2020HU0924777,2
0,45000.0,16000.0,2.8125,45,53,49.0,61000.0,True,2020HU0925436,5
0,0.0,0.0,0.0,69,69,69.0,0.0,True,2020HU0927045,3
0,26500.0,45100.0,1.7018867924528303,76,82,79.0,71600.0,True,2020HU0927368,5
0,75400.0,26700.0,2.8239700374531833,79,76,77.5,102100.0,True,2020HU0927602,3
2,110000.0,82300.0,1.336573511543135,78,79,78.5,192300.0,True,2020HU0928285,5
4,1200.0,27400.0,22.833333333333332,32,35,33.5,28600.0,True,2020HU0928375,21
2,74700.0,12000.0,6.225,62,49,55.5,86700.0,True,2020HU0928591,21
0,24000.0,15000.0,1.6,42,40,41.0,39000.0,True,2020HU0928952,24
1,37000.0,21000.0,1.7619047619047619,70,43,56.5,58000.0,True,2020HU0930158,6
3,-6290.0,161700.0,0.0,51,50,50.5,155410.0,True,2020HU0930241,7
0,58000.0,49500.0,1.1717171717171717,35,30,32.5,107500.0,True,2020HU0930804,19
1,70200.0,60000.0,1.17,49,54,51.5,130200.0,True,2020HU0931148,8
3,26300.0,2500.0,10.52,64,63,63.5,28800.0,True,2020HU0933062,1
2,10000.0,1000.0,10.0,35,28,31.5,11000.0,True,2020HU0933820,51
7,200.0,185000.0,925.0,48,46,47.0,185200.0,True,2020HU0933923,85
1,32000.0,7220.0,4.43213296398892,61,66,63.5,39220.0,True,2020HU0934090,11
0,50000.0,100000.0,2.0,43,46,44.5,150000.0,True,2020HU0934128,18
0,100000.0,50000.0,2.0,37,39,38.0,150000.0,True,2020HU0934666,4
2,44000.0,6000.0,7.333333333333333,65,63,64.0,50000.0,True,2020HU0934737,1
0,57400.0,0.0,0.0,38,40,39.0,57400.0,True,2020HU0934973,46
0,70000.0,35000.0,2.0,46,48,47.0,105000.0,True,2020HU0935595,2
2,75000.0,53000.0,1.4150943396226414,76,62,69.0,128000.0,False,2020HU0935729,6
0,30000.0,25000.0,1.2,61,61,61.0,55000.0,True,2020HU0935909,5
0,17400.0,38400.0,2.206896551724138,63,61,62.0,55800.0,True,2020HU0936923,49
4,399300.0,0.0,0.0,71,64,67.5,399300.0,True,2020HU0937124,11
0,45000.0,82900.0,1.8422222222222222,65,69,67.0,127900.0,True,2020HU0938377,107
1,26400.0,100000.0,3.787878787878788,39,40,39.5,126400.0,True,2020HU0939060,9
2,135000.0,200000.0,1.4814814814814814,60,62,61.0,335000.0,True,2020HU0939110,11
3,84000.0,408000.0,4.857142857142857,61,60,60.5,492000.0,True,2020HU0939741,8
4,1000.0,24000.0,24.0,53,49,51.0,25000.0,True,2020HU0939753,4
0,90700.0,42000.0,2.1595238095238094,61,51,56.0,132700.0,True,2020HU0940437,5
1,78000.0,18000.0,4.333333333333333,64,62,63.0,96000.0,True,2020HU0942643,12
0,71900.0,0.0,0.0,70,60,65.0,71900.0,True,2020HU0943052,14
1,28000.0,9000.0,3.111111111111111,54,54,54.0,37000.0,True,2020HU0943108,1
1,90000.0,60000.0,1.5,40,30,35.0,150000.0,True,2020HU0943644,3
0,84000.0,0.0,0.0,58,59,58.5,84000.0,True,2020HU0943911,33
1,67400.0,67240.0,1.002379535990482,71,70,70.5,134640.0,True,2020HU0944164,12
2,173300.0,105800.0,1.6379962192816635,72,69,70.5,279100.0,True,2020HU0944415,3
0,41200.0,14400.0,2.861111111111111,59,50,54.5,55600.0,True,2020HU0944561,9
1,16300.0,43000.0,2.638036809815951,30,28,29.0,59300.0,True,2020HU0944994,48
1,32000.0,65020.0,2.031875,50,51,50.5,97020.0,True,2020HU0945848,4
8,237600.0,6500.0,36.55384615384615,87,86,86.5,244100.0,True,2020HU0946187,31
0,45700.0,26600.0,1.718045112781955,75,74,74.5,72300.0,True,2020HU0946895,12
2,34100.0,34700.0,1.0175953079178885,23,23,23.0,68800.0,True,2020HU0948209,27
4,394000.0,35000.0,11.257142857142858,64,65,64.5,429000.0,True,2020HU0950159,7
2,138000.0,16400.0,8.414634146341463,70,69,69.5,154400.0,True,2020HU0950644,37
1,61200.0,13500.0,4.533333333333333,68,67,67.5,74700.0,True,2020HU0951791,6
1,6000.0,4400.0,1.3636363636363635,30,40,35.0,10400.0,False,2020HU0951884,17
0,32000.0,61000.0,1.90625,30,35,32.5,93000.0,True,2020HU0952302,128
1,14400.0,4200.0,3.4285714285714284,70,74,72.0,18600.0,True,2020HU0952421,1
0,40000.0,70000.0,1.75,55,58,56.5,110000.0,True,2020HU0952528,4
0,0.0,0.0,0.0,77,62,69.5,0.0,True,2020HU0952917,2
2,110000.0,112030.0,1.0184545454545455,44,44,44.0,222030.0,True,2020HU0953823,6
3,6000.0,100000.0,16.666666666666668,45,51,48.0,106000.0,True,2020HU0955023,3
0,62400.0,25000.0,2.496,62,50,56.0,87400.0,True,2020HU0955177,4
4,58500.0,3000.0,19.5,60,60,60.0,61500.0,True,2020HU0955414,2
0,64000.0,24000.0,2.6666666666666665,66,58,62.0,88000.0,True,2020HU0956166,33
1,38800.0,12600.0,3.0793650793650795,62,64,63.0,51400.0,True,2020HU0956757,11
2,22800.0,22800.0,1.0,21,20,20.5,45600.0,True,2020HU0956839,14
3,24000.0,3000.0,8.0,28,27,27.5,27000.0,True,2020HU0957043,3
1,20600.0,11300.0,1.823008849557522,64,62,63.0,31900.0,True,2020HU0957438,7
3,34000.0,1700.0,20.0,45,55,50.0,35700.0,True,2020HU0958233,1
2,143900.0,107300.0,1.3410997204100652,63,60,61.5,251200.0,True,2020HU0959167,58
1,47000.0,30000.0,1.5666666666666667,55,55,55.0,77000.0,True,2020HU0959383,17
2,65000.0,80000.0,1.2307692307692308,37,41,39.0,145000.0,True,2020HU0959973,10
0,48400.0,49000.0,1.012396694214876,72,69,70.5,97400.0,True,2020HU0960229,27
1,32900.0,164100.0,4.9878419452887535,62,67,64.5,197000.0,True,2020HU0960545,20
4,1810.0,66450.0,36.71270718232044,65,73,69.0,68260.0,True,2020HU0960970,7
0,70000.0,37000.0,1.8918918918918919,58,54,56.0,107000.0,True,2020HU0961452,9
0,53000.0,26500.0,2.0,50,42,46.0,79500.0,True,2020HU0962085,3
0,62010.0,21000.0,2.952857142857143,52,51,51.5,83010.0,True,2020HU0962170,4
0,40200.0,19200.0,2.09375,62,62,62.0,59400.0,True,2020HU0962386,18
2,73000.0,13000.0,5.615384615384615,60,60,60.0,86000.0,True,2020HU0962559,38
0,110000.0,45000.0,2.4444444444444446,41,41,41.0,155000.0,True,2020HU0963796,16
2,67000.0,0.0,0.0,22,25,23.5,67000.0,True,2020HU0964127,92
2,62000.0,9200.0,6.739130434782608,75,80,77.5,71200.0,True,2020HU0966200,13
3,130000.0,75000.0,1.7333333333333334,49,44,46.5,205000.0,True,2020HU0966497,4
0,35000.0,16500.0,2.121212121212121,65,68,66.5,51500.0,True,2020HU0966808,10
0,38900.0,22500.0,1.728888888888889,68,67,67.5,61400.0,True,2020HU0967872,23
1,0.0,70000.0,0.0,41,40,40.5,70000.0,False,2020HU0968297,15
2,63000.0,12000.0,5.25,75,80,77.5,75000.0,True,2020HU0968893,7
2,52600.0,10300.0,5.106796116504855,74,71,72.5,62900.0,True,2020HU0969442,17
3,118000.0,0.0,0.0,63,60,61.5,118000.0,True,2020HU0969957,15
1,71000.0,61200.0,1.1601307189542485,46,47,46.5,132200.0,True,2020HU0970138,24
3,6000.0,74000.0,12.333333333333334,70,80,75.0,80000.0,True,2020HU0970199,64
1,59300.0,25400.0,2.3346456692913384,53,61,57.0,84700.0,True,2020HU0970563,5
3,42000.0,244000.0,5.809523809523809,66,68,67.0,286000.0,True,2020HU0970935,4
2,394010.0,169000.0,2.3314201183431953,58,57,57.5,563010.0,True,2020HU0971375,2
1,26100.0,20000.0,1.305,62,61,61.5,46100.0,True,2020HU0971603,62
2,70300.0,10120.0,6.946640316205533,79,74,76.5,80420.0,True,2020HU0971652,14
1,0.0,50000.0,0.0,38,41,39.5,50000.0,True,2020HU0972249,12
2,92050.0,118230.0,1.2844106463878326,76,76,76.0,210280.0,True,2020HU0972564,3
0,32500.0,46900.0,1.4430769230769231,75,79,77.0,79400.0,True,2020HU0972939,1
1,37000.0,144000.0,3.891891891891892,66,68,67.0,181000.0,True,2020HU0973295,6
3,7500.0,60000.0,8.0,27,28,27.5,67500.0,True,2020HU0973548,26
0,84900.0,0.0,0.0,52,54,53.0,84900.0,True,2020HU0973591,30
2,30000.0,30000.0,1.0,60,50,55.0,60000.0,False,2020HU0973736,29
1,60200.0,90900.0,1.5099667774086378,76,76,76.0,151100.0,True,2020HU0973756,25
1,75000.0,92000.0,1.2266666666666666,41,44,42.5,167000.0,True,2020HU0975305,14
1,53200.0,65200.0,1.2255639097744362,46,48,47.0,118400.0,True,2020HU0975514,5
1,15000.0,32000.0,2.1333333333333333,27,31,29.0,47000.0,True,2020HU0975695,151
1,69200.0,60000.0,1.1533333333333333,67,61,64.0,129200.0,True,2020HU0975898,2
4,48000.0,6000.0,8.0,22,21,21.5,54000.0,True,2020HU0976083,32
1,73100.0,24300.0,3.0082304526748973,73,76,74.5,97400.0,True,2020HU0976197,43
1,52810.0,124250.0,2.3527740958151866,64,65,64.5,177060.0,True,2020HU0977344,15
2,5000.0,42000.0,8.4,66,68,67.0,47000.0,True,2020HU0977662,6
3,394000.0,93000.0,4.236559139784946,32,32,32.0,487000.0,True,2020HU0977756,14
2,14000.0,44200.0,3.157142857142857,49,67,58.0,58200.0,True,2020HU0978059,5
1,48000.0,60100.0,1.2520833333333334,64,71,67.5,108100.0,True,2020HU0978163,1
2,8400.0,4800.0,1.75,60,70,65.0,13200.0,False,2020HU0980524,7
1,67100.0,51660.0,1.2988772744870305,67,68,67.5,118760.0,True,2020HU0981264,6
0,22000.0,20800.0,1.0576923076923077,62,65,63.5,42800.0,True,2020HU0982852,49
1,14000.0,67000.0,4.785714285714286,70,71,70.5,81000.0,True,2020HU0982917,5
2,113300.0,12100.0,9.363636363636363,63,72,67.5,125400.0,True,2020HU0984300,11
0,55000.0,28400.0,1.9366197183098592,68,64,66.0,83400.0,True,2020HU0984450,65
8,8600.0,237000.0,27.558139534883722,56,56,56.0,245600.0,True,2020HU0984483,8
3,132200.0,0.0,0.0,88,84,86.0,132200.0,True,2020HU0984605,16
3,247800.0,408700.0,1.649313962873285,71,66,68.5,656500.0,False,2020HU0984648,6
2,143000.0,70000.0,2.0428571428571427,52,51,51.5,213000.0,True,2020HU0984980,19
2,42000.0,7200.0,5.833333333333333,66,65,65.5,49200.0,True,2020HU0985692,23
1,43000.0,110000.0,2.558139534883721,29,30,29.5,153000.0,True,2020HU0985762,12
1,40000.0,12000.0,3.3333333333333335,58,55,56.5,52000.0,True,2020HU0986034,16
2,53000.0,9600.0,5.520833333333333,69,68,68.5,62600.0,True,2020HU0986395,15
0,140000.0,48300.0,2.898550724637681,52,48,50.0,188300.0,True,2020HU0986817,25
0,72000.0,25000.0,2.88,83,79,81.0,97000.0,True,2020HU0987584,16
0,40000.0,85000.0,2.125,50,52,51.0,125000.0,True,2020HU0987898,9
0,55600.0,39200.0,1.4183673469387754,69,71,70.0,94800.0,True,2020HU0988007,13
1,105500.0,29600.0,3.564189189189189,70,64,67.0,135100.0,True,2020HU0988041,7
0,45250.0,40900.0,1.1063569682151588,76,72,74.0,86150.0,True,2020HU0988370,8
0,0.0,0.0,0.0,75,73,74.0,0.0,True,2020HU0988554,34
1,80000.0,62000.0,1.2903225806451613,44,43,43.5,142000.0,True,2020HU0989526,20
1,27850.0,7900.0,3.5253164556962027,67,68,67.5,35750.0,True,2020HU0989622,37
3,12800.0,78100.0,6.1015625,66,75,70.5,90900.0,True,2020HU0989774,27
1,40800.0,8500.0,4.8,65,64,64.5,49300.0,True,2020HU0990126,31
3,101000.0,108000.0,1.0693069306930694,60,58,59.0,209000.0,False,2020HU0990253,4
0,96000.0,35000.0,2.742857142857143,56,58,57.0,131000.0,True,2020HU0990960,30
2,86000.0,202000.0,2.3488372093023258,53,53,53.0,288000.0,True,2020HU0991085,2
1,26800.0,10200.0,2.627450980392157,79,66,72.5,37000.0,False,2020HU0992484,20
4,65000.0,394000.0,6.061538461538461,57,58,57.5,459000.0,True,2020HU0992864,4
1,38000.0,58000.0,1.5263157894736843,58,57,57.5,96000.0,False,2020HU0993015,4
2,11500.0,70000.0,6.086956521739131,63,57,60.0,81500.0,True,2020HU0993130,6
1,70000.0,80000.0,1.1428571428571428,59,57,58.0,150000.0,True,2020HU0993826,8
3,75000.0,3900.0,19.23076923076923,36,34,35.0,78900.0,True,2020HU0994751,6
0,100000.0,0.0,0.0,34,39,36.5,100000.0,True,2020HU0994928,94
2,151000.0,125000.0,1.208,40,40,40.0,276000.0,True,2020HU0996016,6
0,15000.0,30000.0,2.0,85,89,87.0,45000.0,True,2020HU0996017,22
1,119800.0,36900.0,3.2466124661246614,83,82,82.5,156700.0,True,2020HU0996881,6
1,21000.0,15000.0,1.4,59,41,50.0,36000.0,True,2020HU0997160,20
3,44000.0,6000.0,7.333333333333333,32,32,32.0,50000.0,False,2020HU0998643,21
0,37700.0,20400.0,1.8480392156862746,53,57,55.0,58100.0,True,2020HU0998752,105
0,36000.0,31900.0,1.128526645768025,64,61,62.5,67900.0,True,2020HU0998986,79
1,114100.0,60200.0,1.8953488372093024,87,85,86.0,174300.0,True,2020HU0999321,14
4,40000.0,900.0,44.44444444444444,41,39,40.0,40900.0,True,2020HU0999466,37
2,49800.0,195000.0,3.9156626506024095,79,74,76.5,244800.0,True,2020HU0999904,7
0,55000.0,43200.0,1.2731481481481481,69,67,68.0,98200.0,True,2020HU1000005,5
2,135000.0,394000.0,2.9185185185185185,50,51,50.5,529000.0,True,2020HU1000028,19
0,31400.0,67000.0,2.1337579617834397,69,69,69.0,98400.0,True,2020HU1000048,7
0,32500.0,59100.0,1.8184615384615384,72,82,77.0,91600.0,True,2020HU1000882,4
4,20.0,72000.0,3600.0,45,45,45.0,72020.0,True,2020HU1001442,30
2,120000.0,95000.0,1.263157894736842,49,49,49.0,215000.0,True,2020HU1001482,6
1,15400.0,46600.0,3.0259740259740258,43,45,44.0,62000.0,True,2020HU1001799,10
4,26000.0,2000.0,13.0,52,61,56.5,28000.0,True,2020HU1002184,21
1,59400.0,63300.0,1.0656565656565657,64,64,64.0,122700.0,True,2020HU1002409,10
2,29400.0,7500.0,3.92,88,85,86.5,36900.0,True,2020HU1003203,15
1,17000.0,4400.0,3.8636363636363638,74,73,73.5,21400.0,True,2020HU1003819,11
2,140000.0,394000.0,2.8142857142857145,38,35,36.5,534000.0,True,2020HU1004064,70
0,44000.0,47000.0,1.0681818181818181,36,39,37.5,91000.0,True,2020HU1004888,13
0,70000.0,30000.0,2.3333333333333335,49,48,48.5,100000.0,True,2020HU1005070,48
7,5030.0,109100.0,21.68986083499006,51,57,54.0,114130.0,True,2020HU1005211,9
1,40000.0,27000.0,1.4814814814814814,40,42,41.0,67000.0,False,2020HU1005362,4
0,41300.0,111000.0,2.6876513317191284,25,36,30.5,152300.0,True,2020HU1005506,25
2,90000.0,60000.0,1.5,50,51,50.5,150000.0,False,2020HU1005556,5
2,128000.0,15000.0,8.533333333333333,43,44,43.5,143000.0,True,2020HU1005882,6
1,30400.0,24000.0,1.2666666666666666,72,68,70.0,54400.0,True,2020HU1005935,3
1,91200.0,62000.0,1.4709677419354839,32,31,31.5,153200.0,True,2020HU1005948,24
3,33000.0,230000.0,6.96969696969697,55,51,53.0,263000.0,True,2020HU1006320,23
1,80000.0,0.0,0.0,59,39,49.0,80000.0,True,2020HU1006325,27
2,4400.0,24400.0,5.545454545454546,73,72,72.5,28800.0,True,2020HU1006382,87
0,70000.0,0.0,0.0,57,57,57.0,70000.0,True,2020HU1007044,11
1,57000.0,68300.0,1.1982456140350877,49,40,44.5,125300.0,True,2020HU1007066,4
2,94700.0,64000.0,1.4796875,65,61,63.0,158700.0,True,2020HU1007367,18
1,70000.0,18000.0,3.888888888888889,70,73,71.5,88000.0,True,2020HU1007423,1
0,58000.0,49900.0,1.1623246492985972,50,56,53.0,107900.0,True,2020HU1007442,7
3,175000.0,10000.0,17.5,58,61,59.5,185000.0,True,2020HU1008461,25
0,105000.0,40000.0,2.625,38,39,38.5,145000.0,True,2020HU1008842,22
1,59300.0,129200.0,2.178752107925801,73,70,71.5,188500.0,True,2020HU1009513,107
0,86000.0,40000.0,2.15,44,43,43.5,126000.0,True,2020HU1010135,17
3,52100.0,40000.0,1.3025,72,43,57.5,92100.0,False,2020HU1010175,46
1,112300.0,25500.0,4.403921568627451,33,34,33.5,137800.0,True,2020HU1010325,10
2,27000.0,32000.0,1.1851851851851851,48,21,34.5,59000.0,False,2020HU1010866,34
4,394800.0,38640.0,10.217391304347826,58,61,59.5,433440.0,True,2020HU1011683,3
1,75000.0,66000.0,1.1363636363636365,55,56,55.5,141000.0,True,2020HU1011885,4
4,115000.0,10500.0,10.952380952380953,69,73,71.0,125500.0,True,2020HU1012493,1
1,73800.0,18700.0,3.946524064171123,77,75,76.0,92500.0,True,2020HU1013650,15
3,160000.0,0.0,0.0,48,46,47.0,160000.0,True,2020HU1014043,2
0,15000.0,22400.0,1.4933333333333334,34,33,33.5,37400.0,True,2020HU1014654,21
0,40000.0,84000.0,2.1,46,38,42.0,124000.0,True,2020HU1014698,3
8,405460.0,10100.0,40.144554455445544,66,19,42.5,415560.0,False,2020HU1015353,36
0,20400.0,0.0,0.0,40,35,37.5,20400.0,True,2020HU1015627,23
1,24100.0,24000.0,1.0041666666666667,66,69,67.5,48100.0,True,2020HU1016457,9
3,257200.0,70000.0,3.6742857142857144,67,58,62.5,327200.0,True,2020HU1016682,3
0,28000.0,83000.0,2.9642857142857144,49,48,48.5,111000.0,True,2020HU1017215,2
0,109000.0,49900.0,2.18436873747495,59,62,60.5,158900.0,True,2020HU1017319,6
1,84000.0,96000.0,1.1428571428571428,40,40,40.0,180000.0,True,2020HU1018944,20
1,48000.0,12000.0,4.0,44,47,45.5,60000.0,True,2020HU1019721,13
2,140100.0,18000.0,7.783333333333333,33,30,31.5,158100.0,True,2020HU1019918,8
2,64490.0,17200.0,3.749418604651163,76,75,75.5,81690.0,True,2020HU1020068,17
4,18600.0,3600.0,5.166666666666667,75,96,85.5,22200.0,False,2020HU1020222,101
0,40000.0,45100.0,1.1275,65,67,66.0,85100.0,True,2020HU1020414,17
2,75000.0,75000.0,1.0,24,26,25.0,150000.0,True,2020HU1020874,39
0,40920.0,24000.0,1.705,59,62,60.5,64920.0,True,2020HU1021459,40
3,183800.0,18600.0,9.881720430107526,74,72,73.0,202400.0,True,2020HU1021774,11
0,25000.0,40000.0,1.6,64,74,69.0,65000.0,True,2020HU1022289,5
1,60000.0,100000.0,1.6666666666666667,31,34,32.5,160000.0,True,2020HU1022338,18
1,70000.0,36000.0,1.9444444444444444,50,63,56.5,106000.0,False,2020HU1022544,2
1,122000.0,59000.0,2.0677966101694913,49,43,46.0,181000.0,True,2020HU1022750,1
1,60000.0,70000.0,1.1666666666666667,40,31,35.5,130000.0,True,2020HU1022956,25
0,48100.0,0.0,0.0,33,29,31.0,48100.0,True,2020HU1023040,5
2,69000.0,60000.0,1.15,68,62,65.0,129000.0,True,2020HU1023080,26
3,140200.0,12630.0,11.10055423594616,75,73,74.0,152830.0,True,2020HU1023263,4
0,130000.0,50000.0,2.6,39,30,34.5,180000.0,True,2020HU1023396,21
0,35000.0,35000.0,1.0,55,51,53.0,70000.0,True,2020HU1024126,22
0,42100.0,0.0,0.0,44,45,44.5,42100.0,True,2020HU1024785,2
2,6000.0,44000.0,7.333333333333333,42,46,44.0,50000.0,True,2020HU1025777,9
3,17400.0,1700.0,10.235294117647058,61,61,61.0,19100.0,True,2020HU1026072,4
1,114400.0,24300.0,4.707818930041152,81,77,79.0,138700.0,True,2020HU1026670,21
1,74000.0,51600.0,1.434108527131783,61,62,61.5,125600.0,True,2020HU1026715,3
1,36000.0,8400.0,4.285714285714286,70,70,70.0,44400.0,True,2020HU1027428,1
1,23500.0,112200.0,4.774468085106383,70,68,69.0,135700.0,True,2020HU1028166,2
0,14600.0,17510.0,1.1993150684931506,79,81,80.0,32110.0,True,2020HU1029214,1
2,144000.0,112100.0,1.2845673505798394,37,33,35.0,256100.0,True,2020HU1029457,11
0,55000.0,32000.0,1.71875,71,78,74.5,87000.0,True,2020HU1029708,2
1,29600.0,11100.0,2.6666666666666665,56,60,58.0,40700.0,True,2020HU1030333,2
0,47200.0,31000.0,1.5225806451612902,48,47,47.5,78200.0,True,2020HU1030415,33
3,62000.0,3900.0,15.897435897435898,57,56,56.5,65900.0,True,2020HU1030800,3
3,124000.0,0.0,0.0,49,40,44.5,124000.0,True,2020HU1031476,51
3,402000.0,120000.0,3.35,57,53,55.0,522000.0,True,2020HU1031745,3
1,66000.0,74500.0,1.128787878787879,39,38,38.5,140500.0,True,2020HU1032156,2
7,120000.0,4000.0,30.0,58,63,60.5,124000.0,True,2020HU1032550,15
0,92500.0,38500.0,2.4025974025974026,65,63,64.0,131000.0,True,2020HU1032699,1
0,60000.0,42700.0,1.405152224824356,51,57,54.0,102700.0,True,2020HU1032812,1
1,65000.0,72000.0,1.1076923076923078,54,54,54.0,137000.0,True,2020HU1033459,10
1,96800.0,86200.0,1.122969837587007,71,71,71.0,183000.0,True,2020HU1034199,1
1,80000.0,80000.0,1.0,42,55,48.5,160000.0,True,2020HU1034475,16
2,123000.0,231000.0,1.8780487804878048,44,48,46.0,354000.0,True,2020HU1034639,5
1,9200.0,2200.0,4.181818181818182,75,73,74.0,11400.0,True,2020HU1035245,25
1,44000.0,0.0,0.0,29,28,28.5,44000.0,True,2020HU1035269,86
0,14400.0,20900.0,1.4513888888888888,45,42,43.5,35300.0,True,2020HU1036150,6
5,40200.0,1400.0,28.714285714285715,73,63,68.0,41600.0,True,2020HU1036247,10
2,72000.0,8400.0,8.571428571428571,67,70,68.5,80400.0,True,2020HU1036289,12
3,0.0,105000.0,0.0,43,35,39.0,105000.0,True,2020HU1036315,19
2,164300.0,40200.0,4.087064676616915,67,68,67.5,204500.0,True,2020HU1037101,14
2,130000.0,17570.0,7.398975526465566,73,72,72.5,147570.0,True,2020HU1039376,7
0,43520.0,55000.0,1.2637867647058822,69,61,65.0,98520.0,True,2020HU1039728,37
3,54000.0,5100.0,10.588235294117647,32,32,32.0,59100.0,True,2020HU1040461,41
1,8400.0,40000.0,4.761904761904762,66,66,66.0,48400.0,True,2020HU1041055,13
2,58400.0,62400.0,1.0684931506849316,58,67,62.5,120800.0,False,2020HU1041060,9
0,32400.0,20500.0,1.5804878048780489,83,77,80.0,52900.0,True,2020HU1042389,12
0,54000.0,30600.0,1.7647058823529411,43,39,41.0,84600.0,True,2020HU1042855,8
1,54300.0,63500.0,1.1694290976058932,74,68,71.0,117800.0,True,2020HU1043125,6
1,55500.0,20600.0,2.6941747572815533,70,75,72.5,76100.0,True,2020HU1043240,8
1,40000.0,60000.0,1.5,41,44,42.5,100000.0,False,2020HU1043511,22
0,38000.0,58000.0,1.5263157894736843,59,60,59.5,96000.0,True,2020HU1043823,33
0,18800.0,46600.0,2.478723404255319,96,90,93.0,65400.0,True,2020HU1043875,6
1,82200.0,100400.0,1.221411192214112,42,36,39.0,182600.0,True,2020HU1044115,10
0,6000.0,0.0,0.0,55,64,59.5,6000.0,True,2020HU1044193,50
1,72000.0,100000.0,1.3888888888888888,65,66,65.5,172000.0,True,2020HU1044854,18
0,92040.0,50000.0,1.8408,56,54,55.0,142040.0,True,2020HU1044895,62
4,255000.0,0.0,0.0,56,59,57.5,255000.0,True,2020HU1045769,21
0,53600.0,36000.0,1.488888888888889,63,55,59.0,89600.0,True,2020HU1045809,10
2,60000.0,83000.0,1.3833333333333333,55,55,55.0,143000.0,True,2020HU1047196,9
0,0.0,12000.0,0.0,68,72,70.0,12000.0,True,2020HU1048044,3
0,11600.0,12000.0,1.0344827586206897,65,66,65.5,23600.0,True,2020HU1048107,14
1,95000.0,75000.0,1.2666666666666666,42,41,41.5,170000.0,True,2020HU1048190,37
0,20010.0,0.0,0.0,59,61,60.0,20010.0,True,2020HU1048500,7
0,94200.0,43500.0,2.1655172413793102,80,78,79.0,137700.0,True,2020HU1048725,1
0,50000.0,0.0,0.0,58,48,53.0,50000.0,True,2020HU1048936,7
4,80000.0,3800.0,21.05263157894737,63,66,64.5,83800.0,True,2020HU1049144,3
1,89000.0,86000.0,1.0348837209302326,40,43,41.5,175000.0,True,2020HU1049251,20
1,20000.0,28800.0,1.44,54,52,53.0,48800.0,False,2020HU1049578,7
4,118300.0,10000.0,11.83,71,54,62.5,128300.0,True,2020HU1049687,3
0,32440.0,80000.0,2.466091245376079,64,60,62.0,112440.0,True,2020HU1050341,9
3,9800.0,14400.0,1.469387755102041,22,20,21.0,24200.0,False,2020HU1050388,7
2,81500.0,14700.0,5.54421768707483,57,66,61.5,96200.0,True,2020HU1050900,18
1,108300.0,24000.0,4.5125,34,30,32.0,132300.0,True,2020HU1050957,6
8,201000.0,100.0,2010.0,62,62,62.0,201100.0,True,2020HU1051107,6
3,110000.0,0.0,0.0,49,59,54.0,110000.0,True,2020HU1052570,1
0,60000.0,36000.0,1.6666666666666667,41,37,39.0,96000.0,True,2020HU1052898,11
3,2400.0,43800.0,18.25,48,52,50.0,46200.0,True,2020HU1053028,37
0,69620.0,26600.0,2.6172932330827066,68,68,68.0,96220.0,True,2020HU1053309,1
1,55000.0,80000.0,1.4545454545454546,46,44,45.0,135000.0,True,2020HU1054194,4
1,120000.0,76000.0,1.5789473684210527,43,50,46.5,196000.0,True,2020HU1054435,10
1,56000.0,69000.0,1.2321428571428572,53,54,53.5,125000.0,True,2020HU1054895,9
1,2500.0,2500.0,1.0,59,59,59.0,5000.0,False,2020HU1055351,14
0,44770.0,70200.0,1.5680142952870226,74,73,73.5,114970.0,True,2020HU1055590,17
0,28400.0,49100.0,1.7288732394366197,44,41,42.5,77500.0,True,2020HU1056235,17
0,37200.0,50000.0,1.3440860215053763,65,67,66.0,87200.0,True,2020HU1056606,2
0,36300.0,20500.0,1.7707317073170732,82,79,80.5,56800.0,True,2020HU1058815,3
2,175000.0,125000.0,1.4,46,56,51.0,300000.0,True,2020HU1058919,6
0,50000.0,42400.0,1.179245283018868,39,34,36.5,92400.0,True,2020HU1059346,20
0,11900.0,19500.0,1.638655462184874,70,69,69.5,31400.0,True,2020HU1060318,7
4,70000.0,11100.0,6.306306306306307,25,23,24.0,81100.0,True,2020HU1060642,52
1,86960.0,71000.0,1.2247887323943663,34,33,33.5,157960.0,True,2020HU1061685,28
1,0.0,0.0,0.0,81,81,81.0,0.0,False,2020HU1061734,6
1,36500.0,7800.0,4.67948717948718,59,59,59.0,44300.0,True,2020HU1062780,30
2,54300.0,12900.0,4.209302325581396,69,66,67.5,67200.0,True,2020HU1063169,2
0,69220.0,36000.0,1.9227777777777777,53,56,54.5,105220.0,True,2020HU1063638,9
1,100000.0,100000.0,1.0,33,39,36.0,200000.0,True,2020HU1063666,6
0,44800.0,41300.0,1.0847457627118644,67,73,70.0,86100.0,True,2020HU1063735,10
3,9800.0,74800.0,7.63265306122449,65,68,66.5,84600.0,True,2020HU1063790,10
0,77000.0,31600.0,2.4367088607594938,44,51,47.5,108600.0,True,2020HU1064015,28
1,66300.0,13600.0,4.875,80,79,79.5,79900.0,True,2020HU1064062,11
2,105000.0,105000.0,1.0,47,41,44.0,210000.0,True,2020HU1064704,14
1,62000.0,74000.0,1.1935483870967742,58,51,54.5,136000.0,True,2020HU1064953,6
0,72000.0,0.0,0.0,38,37,37.5,72000.0,True,2020HU1065132,26
1,37900.0,48500.0,1.279683377308707,79,79,79.0,86400.0,True,2020HU1065469,1
0,72000.0,0.0,0.0,29,32,30.5,72000.0,True,2020HU1066546,10
4,5000.0,95000.0,19.0,26,29,27.5,100000.0,True,2020HU1066707,13
2,90500.0,75000.0,1.2066666666666668,33,34,33.5,165500.0,False,2020HU1067588,5
0,16700.0,9700.0,1.7216494845360826,63,75,69.0,26400.0,True,2020HU1068576,11
1,115000.0,52000.0,2.2115384615384617,41,41,41.0,167000.0,True,2020HU1069132,13
0,35600.0,48000.0,1.348314606741573,69,67,68.0,83600.0,True,2020HU1070398,40
0,24500.0,12000.0,2.0416666666666665,50,54,52.0,36500.0,True,2020HU1070505,18
0,80000.0,34000.0,2.3529411764705883,41,39,40.0,114000.0,True,2020HU1071726,4
1,54000.0,40200.0,1.3432835820895523,40,32,36.0,94200.0,False,2020HU1072082,9
1,100000.0,85000.0,1.1764705882352942,38,34,36.0,185000.0,True,2020HU1072526,24
2,230000.0,50000.0,4.6,45,44,44.5,280000.0,True,2020HU1072629,9
2,121000.0,15800.0,7.658227848101266,64,63,63.5,136800.0,True,2020HU1072783,7
0,32000.0,27000.0,1.1851851851851851,70,67,68.5,59000.0,True,2020HU1073512,10
0,36000.0,35000.0,1.0285714285714285,43,56,49.5,71000.0,True,2020HU1073735,7
0,45000.0,36000.0,1.25,69,61,65.0,81000.0,True,2020HU1074585,7
2,0.0,85000.0,0.0,25,31,28.0,85000.0,True,2020HU1074972,76
0,11200.0,14400.0,1.2857142857142858,67,67,67.0,25600.0,True,2020HU1075343,98
4,54000.0,2000.0,27.0,54,59,56.5,56000.0,True,2020HU1075741,14
0,65000.0,38000.0,1.7105263157894737,28,41,34.5,103000.0,True,2020HU1075790,22
1,65600.0,88020.0,1.3417682926829269,40,40,40.0,153620.0,True,2020HU1075997,47
0,19000.0,18000.0,1.0555555555555556,53,53,53.0,37000.0,True,2020HU1076064,24
1,32400.0,140000.0,4.320987654320987,65,68,66.5,172400.0,True,2020HU1076358,6
2,140050.0,15050.0,9.305647840531561,57,59,58.0,155100.0,True,2020HU1076687,8
2,87000.0,150000.0,1.7241379310344827,57,62,59.5,237000.0,True,2020HU1076768,17
4,404000.0,0.0,0.0,44,42,43.0,404000.0,True,2020HU1078041,5
2,110800.0,109100.0,1.0155820348304307,51,55,53.0,219900.0,True,2020HU1078274,2
1,90800.0,18600.0,4.881720430107527,76,75,75.5,109400.0,True,2020HU1078300,28
1,80270.0,58000.0,1.3839655172413794,35,35,35.0,138270.0,True,2020HU1078991,30
0,64000.0,30000.0,2.1333333333333333,37,35,36.0,94000.0,True,2020HU1079315,19
0,70000.0,33000.0,2.121212121212121,33,32,32.5,103000.0,True,2020HU1079525,37
5,75100.0,6200.0,12.112903225806452,25,23,24.0,81300.0,True,2020HU1079899,116
3,90000.0,6000.0,15.0,30,33,31.5,96000.0,True,2020HU1080026,23
5,500.0,38000.0,76.0,39,38,38.5,38500.0,True,2020HU1080097,79
0,42100.0,34500.0,1.2202898550724637,60,62,61.0,76600.0,True,2020HU1080622,10
2,97600.0,52000.0,1.876923076923077,53,35,44.0,149600.0,True,2020HU1080862,4
0,65200.0,26400.0,2.4696969696969697,77,79,78.0,91600.0,True,2020HU1080979,6
1,75000.0,68320.0,1.0977751756440282,33,32,32.5,143320.0,True,2020HU1081188,8
0,94200.0,48000.0,1.9625,82,68,75.0,142200.0,True,2020HU1081349,16
0,39900.0,40300.0,1.0100250626566416,74,75,74.5,80200.0,True,2020HU1081447,20
1,35000.0,68000.0,1.9428571428571428,45,64,54.5,103000.0,True,2020HU1082641,3
2,167900.0,218000.0,1.2983918999404407,70,68,69.0,385900.0,True,2020HU1082801,1
0,45000.0,81000.0,1.8,34,31,32.5,126000.0,True,2020HU1082834,3
1,12000.0,35000.0,2.9166666666666665,86,83,84.5,47000.0,False,2020HU1083259,12
1,60000.0,101000.0,1.6833333333333333,36,38,37.0,161000.0,True,2020HU1083621,4
2,59400.0,6700.0,8.865671641791044,34,33,33.5,66100.0,True,2020HU1083676,12
1,77000.0,0.0,0.0,74,79,76.5,77000.0,True,2020HU1084510,4
0,60000.0,36800.0,1.6304347826086956,67,57,62.0,96800.0,True,2020HU1084719,12
2,22600.0,7400.0,3.054054054054054,68,46,57.0,30000.0,True,2020HU1086137,17
0,45000.0,91900.0,2.042222222222222,60,60,60.0,136900.0,True,2020HU1086400,26
3,87000.0,230000.0,2.6436781609195403,33,35,34.0,317000.0,True,2020HU1086415,6
0,20000.0,15600.0,1.2820512820512822,34,41,37.5,35600.0,True,2020HU1086824,3
2,125000.0,131000.0,1.048,72,72,72.0,256000.0,True,2020HU1087385,8
1,77160.0,78100.0,1.012182477967859,76,76,76.0,155260.0,True,2020HU1088663,3
0,15000.0,25500.0,1.7,76,65,70.5,40500.0,True,2020HU1089890,1
0,105000.0,48300.0,2.1739130434782608,63,66,64.5,153300.0,True,2020HU1090313,9
1,94600.0,77600.0,1.2190721649484537,53,53,53.0,172200.0,True,2020HU1090720,55
0,26800.0,22400.0,1.1964285714285714,39,36,37.5,49200.0,True,2020HU1091046,18
2,47200.0,5300.0,8.90566037735849,53,51,52.0,52500.0,True,2020HU1091673,53
0,85000.0,35400.0,2.401129943502825,52,45,48.5,120400.0,True,2020HU1092010,1
0,11470.0,18900.0,1.6477768090671316,61,60,60.5,30370.0,True,2020HU1093458,2
2,19100.0,30000.0,1.5706806282722514,23,24,23.5,49100.0,True,2020HU1093787,5
1,9600.0,18000.0,1.875,75,69,72.0,27600.0,True,2020HU1094100,17
1,64550.0,16200.0,3.984567901234568,72,72,72.0,80750.0,True,2020HU1094492,27
1,36000.0,27000.0,1.3333333333333333,48,43,45.5,63000.0,True,2020HU1094522,12
0,20000.0,0.0,0.0,37,44,40.5,20000.0,True,2020HU1094764,6
1,147500.0,40000.0,3.6875,43,43,43.0,187500.0,True,2020HU1095409,15
0,16900.0,7900.0,2.1392405063291138,73,74,73.5,24800.0,True,2020HU1095953,37
1,19700.0,20000.0,1.015228426395939,68,62,65.0,39700.0,True,2020HU1096100,8
3,110900.0,0.0,0.0,78,76,77.0,110900.0,True,2020HU1096226,2
0,35800.0,0.0,0.0,58,58,58.0,35800.0,True,2020HU1096792,9
0,0.0,30000.0,0.0,38,40,39.0,30000.0,True,2020HU1096794,13
0,22900.0,23000.0,1.0043668122270741,85,90,87.5,45900.0,True,2020HU1097289,28
2,42000.0,6000.0,7.0,44,53,48.5,48000.0,True,2020HU1097516,4
1,14020.0,62400.0,4.4507845934379455,63,65,64.0,76420.0,True,2020HU1097719,13
0,77000.0,45000.0,1.711111111111111,49,47,48.0,122000.0,True,2020HU1098303,6
1,65000.0,75000.0,1.1538461538461537,59,59,59.0,140000.0,True,2020HU1098954,1
0,80000.0,0.0,0.0,31,32,31.5,80000.0,True,2020HU1100132,6
1,49500.0,53000.0,1.0707070707070707,28,28,28.0,102500.0,True,2020HU1100439,77
2,135800.0,101000.0,1.3445544554455446,69,61,65.0,236800.0,True,2020HU1100550,5
3,409000.0,110000.0,3.7181818181818183,53,54,53.5,519000.0,True,2020HU1100646,8
0,16000.0,27600.0,1.725,58,69,63.5,43600.0,True,2020HU1101325,5
0,49500.0,55000.0,1.1111111111111112,61,60,60.5,104500.0,True,2020HU1102521,7
2,222800.0,79000.0,2.820253164556962,78,66,72.0,301800.0,True,2020HU1102595,2
0,16800.0,10000.0,1.68,58,50,54.0,26800.0,True,2020HU1103091,4
0,30000.0,0.0,0.0,30,31,30.5,30000.0,True,2020HU1103211,3
2,141000.0,215000.0,1.524822695035461,39,41,40.0,356000.0,True,2020HU1103344,16
0,60000.0,0.0,0.0,60,61,60.5,60000.0,True,2020HU1104656,72
0,30900.0,-6900.0,0.0,53,50,51.5,24000.0,True,2020HU1105146,1
1,58900.0,73700.0,1.2512733446519524,70,69,69.5,132600.0,True,2020HU1105324,5
0,6000.0,12300.0,2.05,70,61,65.5,18300.0,True,2020HU1105789,1
3,120000.0,0.0,0.0,55,51,53.0,120000.0,True,2020HU1107250,12
0,106200.0,44000.0,2.4136363636363636,64,63,63.5,150200.0,True,2020HU1107434,18
5,4.0,50000.0,12500.0,57,44,50.5,50004.0,True,2020HU1108106,8
0,11000.0,11000.0,1.0,81,79,80.0,22000.0,True,2020HU1108354,3
0,60000.0,0.0,0.0,49,41,45.0,60000.0,True,2020HU1110073,8
0,12000.0,12000.0,1.0,41,34,37.5,24000.0,True,2020HU1111039,2
3,100000.0,13100.0,7.633587786259542,64,69,66.5,113100.0,True,2020HU1111067,15
0,30300.0,62000.0,2.046204620462046,70,75,72.5,92300.0,True,2020HU1112060,32
0,42100.0,0.0,0.0,47,42,44.5,42100.0,True,2020HU1112836,9
1,112000.0,52000.0,2.1538461538461537,44,42,43.0,164000.0,True,2020HU1113244,50
0,0.0,0.0,0.0,38,37,37.5,0.0,True,2020HU1113644,2
2,96000.0,105000.0,1.09375,41,36,38.5,201000.0,True,2020HU1113900,1
1,100000.0,80000.0,1.25,58,55,56.5,180000.0,True,2020HU1113962,13
0,39000.0,14000.0,2.7857142857142856,81,79,80.0,53000.0,True,2020HU1114036,6
4,230500.0,12000.0,19.208333333333332,66,64,65.0,242500.0,True,2020HU1114284,1
0,31100.0,40000.0,1.2861736334405145,47,43,45.0,71100.0,True,2020HU1114671,19
1,19000.0,93000.0,4.894736842105263,31,34,32.5,112000.0,True,2020HU1115439,46
3,162200.0,10000.0,16.22,46,40,43.0,172200.0,True,2020HU1115528,6
0,133000.0,45000.0,2.9555555555555557,52,43,47.5,178000.0,True,2020HU1116284,37
3,0.0,127700.0,0.0,44,48,46.0,127700.0,True,2020HU1116559,8
2,150000.0,85000.0,1.7647058823529411,41,40,40.5,235000.0,True,2020HU1117251,21
4,256000.0,15000.0,17.066666666666666,74,68,71.0,271000.0,True,2020HU1117301,9
0,87800.0,45040.0,1.9493783303730017,67,62,64.5,132840.0,True,2020HU1117472,5
0,42100.0,62900.0,1.494061757719715,85,83,84.0,105000.0,True,2020HU1117679,7
0,29400.0,18700.0,1.572192513368984,65,68,66.5,48100.0,True,2020HU1119728,10
2,92900.0,11800.0,7.872881355932203,67,70,68.5,104700.0,True,2020HU1119795,6
0,0.0,9000.0,0.0,50,55,52.5,9000.0,True,2020HU1120280,34
0,32400.0,11700.0,2.769230769230769,72,69,70.5,44100.0,True,2020HU1120600,2
1,37840.0,136600.0,3.609936575052854,49,56,52.5,174440.0,True,2020HU1121203,10
2,115150.0,14000.0,8.225,47,46,46.5,129150.0,True,2020HU1121571,11
0,60000.0,30300.0,1.9801980198019802,40,38,39.0,90300.0,True,2020HU1121923,9
0,25500.0,60000.0,2.3529411764705883,65,58,61.5,85500.0,True,2020HU1122873,15
1,60000.0,13200.0,4.545454545454546,65,62,63.5,73200.0,True,2020HU1122884,4
0,101500.0,48000.0,2.1145833333333335,58,61,59.5,149500.0,True,2020HU1122931,5
2,137400.0,20000.0,6.87,66,54,60.0,157400.0,True,2020HU1123034,1
7,131600.0,4700.0,28.0,65,65,65.0,136300.0,True,2020HU1123439,69
1,49000.0,79000.0,1.6122448979591837,49,49,49.0,128000.0,False,2020HU1123471,62
1,75800.0,66300.0,1.143288084464555,69,69,69.0,142100.0,True,2020HU1123598,3
0,50000.0,70000.0,1.4,49,41,45.0,120000.0,True,2020HU1123668,12
1,58500.0,61300.0,1.047863247863248,40,51,45.5,119800.0,True,2020HU1124079,8
2,53800.0,10200.0,5.2745098039215685,70,74,72.0,64000.0,True,2020HU1124231,2
1,116000.0,42000.0,2.761904761904762,71,72,71.5,158000.0,True,2020HU1124372,1
2,130000.0,112000.0,1.1607142857142858,41,42,41.5,242000.0,True,2020HU1125017,34
1,85000.0,100000.0,1.1764705882352942,42,54,48.0,185000.0,True,2020HU1125236,2
0,3600.0,9500.0,2.638888888888889,73,79,76.0,13100.0,True,2020HU1125704,35
1,70000.0,118700.0,1.6957142857142857,46,47,46.5,188700.0,True,2020HU1125793,8
0,7000.0,5000.0,1.4,61,61,61.0,12000.0,True,2020HU1126209,6
4,234000.0,14100.0,16.595744680851062,54,58,56.0,248100.0,True,2020HU1127002,9
0,19200.0,45000.0,2.34375,58,65,61.5,64200.0,True,2020HU1127989,1
2,83700.0,10400.0,8.048076923076923,77,77,77.0,94100.0,True,2020HU1129280,9
0,38000.0,72000.0,1.894736842105263,33,34,33.5,110000.0,True,2020HU1129799,26
3,227000.0,52000.0,4.365384615384615,58,58,58.0,279000.0,True,2020HU1130487,7
1,29400.0,100000.0,3.401360544217687,40,44,42.0,129400.0,True,2020HU1130509,14
0,23100.0,39800.0,1.722943722943723,56,61,58.5,62900.0,True,2020HU1130609,43
2,60000.0,11400.0,5.2631578947368425,54,48,51.0,71400.0,True,2020HU1131143,28
0,10100.0,27600.0,2.732673267326733,71,75,73.0,37700.0,True,2020HU1131676,32
0,7500.0,0.0,0.0,57,61,59.0,7500.0,True,2020HU1132358,10
0,31700.0,40800.0,1.2870662460567823,67,69,68.0,72500.0,True,2020HU1132588,39
0,30000.0,26800.0,1.1194029850746268,50,53,51.5,56800.0,True,2020HU1133130,12
1,89000.0,55000.0,1.6181818181818182,46,49,47.5,144000.0,True,2020HU1133166,1
0,37000.0,15800.0,2.3417721518987342,55,44,49.5,52800.0,True,2020HU1133246,2
2,10100.0,63000.0,6.237623762376238,46,50,48.0,73100.0,True,2020HU1133297,10
0,49700.0,109000.0,2.193158953722334,82,85,83.5,158700.0,True,2020HU1133388,16
0,80000.0,0.0,0.0,61,49,55.0,80000.0,True,2020HU1133843,61
0,38500.0,54400.0,1.412987012987013,58,62,60.0,92900.0,True,2020HU1134754,3
0,88000.0,0.0,0.0,31,32,31.5,88000.0,True,2020HU1135242,43
1,33000.0,57300.0,1.7363636363636363,70,70,70.0,90300.0,True,2020HU1135805,4
1,79000.0,35200.0,2.2443181818181817,65,66,65.5,114200.0,True,2021HU0000706,32
0,45000.0,0.0,0.0,39,36,37.5,45000.0,True,2021HU0001224,22
1,45000.0,35000.0,1.2857142857142858,50,49,49.5,80000.0,True,2021HU0001412,30
1,25000.0,87000.0,3.48,55,55,55.0,112000.0,True,2021HU0001565,10
1,85000.0,75000.0,1.1333333333333333,41,41,41.0,160000.0,True,2021HU0002126,13
1,89200.0,25000.0,3.568,76,79,77.5,114200.0,True,2021HU0002146,12
0,42000.0,37000.0,1.135135135135135,70,68,69.0,79000.0,True,2021HU0002320,8
3,90000.0,8000.0,11.25,69,63,66.0,98000.0,True,2021HU0002444,25
2,22400.0,150000.0,6.696428571428571,69,62,65.5,172400.0,True,2021HU0002535,46
1,40000.0,26200.0,1.5267175572519085,65,64,64.5,66200.0,True,2021HU0003280,9
0,42000.0,24000.0,1.75,50,50,50.0,66000.0,True,2021HU0003763,13
1,31200.0,51900.0,1.6634615384615385,77,76,76.5,83100.0,True,2021HU0004048,26
1,104000.0,72000.0,1.4444444444444444,54,51,52.5,176000.0,True,2021HU0004056,11
0,39600.0,57500.0,1.452020202020202,70,73,71.5,97100.0,True,2021HU0004593,14
4,459000.0,25000.0,18.36,65,67,66.0,484000.0,True,2021HU0005655,12
1,95000.0,24000.0,3.9583333333333335,66,69,67.5,119000.0,True,2021HU0005798,11
1,0.0,43000.0,0.0,28,30,29.0,43000.0,True,2021HU0005850,15
1,30000.0,70700.0,2.3566666666666665,62,63,62.5,100700.0,True,2021HU0005966,8
0,36000.0,80000.0,2.2222222222222223,54,55,54.5,116000.0,True,2021HU0007135,18
5,66000.0,2000.0,33.0,51,70,60.5,68000.0,True,2021HU0007152,16
0,40000.0,30000.0,1.3333333333333333,65,60,62.5,70000.0,True,2021HU0007181,65
1,95000.0,0.0,0.0,57,57,57.0,95000.0,False,2021HU0008017,6
1,54000.0,0.0,0.0,63,62,62.5,54000.0,True,2021HU0009302,18
1,98730.0,91000.0,1.084945054945055,71,66,68.5,189730.0,True,2021HU0009692,14
0,12900.0,15600.0,1.2093023255813953,65,78,71.5,28500.0,True,2021HU0009710,16
0,60700.0,50000.0,1.214,35,35,35.0,110700.0,True,2021HU0011255,89
1,85500.0,85500.0,1.0,48,54,51.0,171000.0,True,2021HU0011332,19
0,0.0,5000.0,0.0,41,39,40.0,5000.0,True,2021HU0011511,20
0,16900.0,19700.0,1.165680473372781,78,63,70.5,36600.0,True,2021HU0012459,5
0,65000.0,0.0,0.0,30,30,30.0,65000.0,True,2021HU0012757,21
1,130000.0,65000.0,2.0,53,54,53.5,195000.0,True,2021HU0012827,25
0,7500.0,10000.0,1.3333333333333333,54,54,54.0,17500.0,True,2021HU0013330,6
0,36000.0,41050.0,1.1402777777777777,63,72,67.5,77050.0,True,2021HU0013700,16
0,107000.0,45000.0,2.3777777777777778,36,31,33.5,152000.0,True,2021HU0013957,25
1,60000.0,18000.0,3.3333333333333335,50,52,51.0,78000.0,True,2021HU0014343,28
4,407500.0,38400.0,10.611979166666666,54,51,52.5,445900.0,True,2021HU0014538,4
0,0.0,59000.0,0.0,64,52,58.0,59000.0,True,2021HU0015058,13
1,45000.0,28000.0,1.6071428571428572,34,34,34.0,73000.0,False,2021HU0016153,11
1,35050.0,47500.0,1.355206847360913,72,71,71.5,82550.0,False,2021HU0016443,19
0,43000.0,55000.0,1.2790697674418605,36,33,34.5,98000.0,True,2021HU0016959,12
1,48000.0,85000.0,1.7708333333333333,57,61,59.0,133000.0,True,2021HU0017227,7
1,12800.0,40500.0,3.1640625,76,82,79.0,53300.0,True,2021HU0017530,11
2,43000.0,45500.0,1.058139534883721,55,66,60.5,88500.0,False,2021HU0018464,24
2,70000.0,103000.0,1.4714285714285715,57,48,52.5,173000.0,True,2021HU0019330,8
1,127000.0,60000.0,2.1166666666666667,38,36,37.0,187000.0,True,2021HU0019511,28
0,36000.0,22000.0,1.6363636363636365,42,42,42.0,58000.0,True,2021HU0019972,14
1,34600.0,105000.0,3.0346820809248554,69,65,67.0,139600.0,True,2021HU0020982,38
0,26000.0,47000.0,1.8076923076923077,37,40,38.5,73000.0,True,2021HU0021308,29
1,78000.0,65000.0,1.2,67,64,65.5,143000.0,True,2021HU0021422,11
0,24000.0,10000.0,2.4,48,57,52.5,34000.0,True,2021HU0021654,11
1,0.0,23400.0,0.0,54,38,46.0,23400.0,True,2021HU0022102,68
0,77800.0,29200.0,2.664383561643836,81,77,79.0,107000.0,True,2021HU0022552,15
0,50000.0,0.0,0.0,61,70,65.5,50000.0,True,2021HU0022559,9
1,68000.0,25800.0,2.635658914728682,44,42,43.0,93800.0,False,2021HU0022643,16
4,11900.0,200000.0,16.80672268907563,59,46,52.5,211900.0,True,2021HU0023119,28
1,88000.0,22000.0,4.0,35,38,36.5,110000.0,True,2021HU0023302,23
2,132500.0,21000.0,6.309523809523809,79,79,79.0,153500.0,True,2021HU0023443,25
2,12000.0,72000.0,6.0,44,47,45.5,84000.0,True,2021HU0023526,12
2,163000.0,30000.0,5.433333333333334,47,41,44.0,193000.0,True,2021HU0024050,16
2,12000.0,60500.0,5.041666666666667,71,73,72.0,72500.0,True,2021HU0024566,22
2,176500.0,175000.0,1.0085714285714287,38,45,41.5,351500.0,True,2021HU0025025,28
7,121800.0,5300.0,22.9811320754717,38,36,37.0,127100.0,True,2021HU0025387,46
4,53000.0,2000.0,26.5,32,33,32.5,55000.0,True,2021HU0026694,11
7,1600.0,168000.0,105.0,58,60,59.0,169600.0,True,2021HU0026898,5
1,55400.0,13830.0,4.005784526391902,67,66,66.5,69230.0,True,2021HU0026993,5
1,100000.0,75000.0,1.3333333333333333,35,36,35.5,175000.0,True,2021HU0027574,41
1,45000.0,29100.0,1.5463917525773196,56,79,67.5,74100.0,True,2021HU0028565,18
1,12000.0,42000.0,3.5,72,71,71.5,54000.0,True,2021HU0029365,11
0,55800.0,0.0,0.0,63,62,62.5,55800.0,True,2021HU0029644,19
4,244200.0,15000.0,16.28,77,66,71.5,259200.0,True,2021HU0030716,12
0,100000.0,0.0,0.0,48,43,45.5,100000.0,True,2021HU0030763,31
2,7700.0,4800.0,1.6041666666666667,20,20,20.0,12500.0,True,2021HU0031809,49
1,9000.0,0.0,0.0,31,24,27.5,9000.0,True,2021HU0031848,5
2,74000.0,31900.0,2.3197492163009406,23,22,22.5,105900.0,True,2021HU0032520,21
6,446000.0,0.0,0.0,32,58,45.0,446000.0,False,2021HU0033480,26
5,62000.0,5000.0,12.4,26,24,25.0,67000.0,False,2021HU0033603,17
2,86000.0,168000.0,1.9534883720930232,60,61,60.5,254000.0,True,2021HU0033748,12
2,150000.0,68700.0,2.183406113537118,41,41,41.0,218700.0,True,2021HU0033809,24
0,20400.0,40000.0,1.9607843137254901,44,43,43.5,60400.0,True,2021HU0035011,10
0,138500.0,48400.0,2.8615702479338845,75,76,75.5,186900.0,True,2021HU0035343,21
1,19300.0,60000.0,3.1088082901554404,44,50,47.0,79300.0,True,2021HU0035761,18
1,0.0,35000.0,0.0,60,56,58.0,35000.0,False,2021HU0035784,13
2,17000.0,160000.0,9.411764705882353,53,54,53.5,177000.0,True,2021HU0036062,7
3,103100.0,0.0,0.0,61,58,59.5,103100.0,True,2021HU0036762,4
2,50000.0,12000.0,4.166666666666667,65,49,57.0,62000.0,True,2021HU0037795,32
3,221000.0,25000.0,8.84,62,61,61.5,246000.0,True,2021HU0038184,22
5,40000.0,3000.0,13.333333333333334,20,19,19.5,43000.0,True,2021HU0039475,18
1,55730.0,23600.0,2.361440677966102,73,47,60.0,79330.0,True,2021HU0039681,9
2,26900.0,88000.0,3.2713754646840147,81,49,65.0,114900.0,True,2021HU0040072,4
1,0.0,20400.0,0.0,56,51,53.5,20400.0,False,2021HU0040819,8
0,12610.0,26010.0,2.062648691514671,66,66,66.0,38620.0,True,2021HU0041641,11
4,731000.0,45100.0,16.20842572062084,63,64,63.5,776100.0,True,2021HU0041962,20
0,34000.0,27000.0,1.2592592592592593,31,30,30.5,61000.0,True,2021HU0042222,8
3,6000.0,49700.0,8.283333333333333,38,41,39.5,55700.0,True,2021HU0043724,47
1,51000.0,57000.0,1.1176470588235294,46,56,51.0,108000.0,True,2021HU0043978,9
3,20000.0,62000.0,3.1,38,34,36.0,82000.0,False,2021HU0044092,7
0,85000.0,0.0,0.0,64,63,63.5,85000.0,True,2021HU0044687,13
1,117600.0,68000.0,1.7294117647058824,53,51,52.0,185600.0,True,2021HU0044981,45
0,20300.0,20500.0,1.0098522167487685,75,73,74.0,40800.0,True,2021HU0045716,16
0,64700.0,36250.0,1.7848275862068965,84,82,83.0,100950.0,True,2021HU0046115,12
1,12100.0,11100.0,1.09009009009009,85,80,82.5,23200.0,False,2021HU0046471,6
0,40000.0,90000.0,2.25,42,40,41.0,130000.0,True,2021HU0046739,15
1,78000.0,0.0,0.0,44,39,41.5,78000.0,False,2021HU0046786,14
0,40000.0,75000.0,1.875,36,34,35.0,115000.0,True,2021HU0046957,10
1,67000.0,0.0,0.0,28,26,27.0,67000.0,True,2021HU0047416,26
0,0.0,52000.0,0.0,77,74,75.5,52000.0,True,2021HU0047804,12
1,10800.0,5000.0,2.16,67,64,65.5,15800.0,True,2021HU0048482,39
0,36000.0,85000.0,2.361111111111111,34,35,34.5,121000.0,True,2021HU0048702,12
0,38000.0,49900.0,1.313157894736842,63,62,62.5,87900.0,True,2021HU0049313,5
4,2000.0,46000.0,23.0,42,37,39.5,48000.0,True,2021HU0050489,114
1,76500.0,70000.0,1.0928571428571427,48,47,47.5,146500.0,True,2021HU0050522,18
1,7200.0,7300.0,1.0138888888888888,46,38,42.0,14500.0,False,2021HU0050546,19
0,82000.0,47000.0,1.7446808510638299,72,71,71.5,129000.0,True,2021HU0050597,44
5,421000.0,13600.0,30.955882352941178,67,66,66.5,434600.0,True,2021HU0050675,12
0,40000.0,34100.0,1.1730205278592376,45,47,46.0,74100.0,True,2021HU0051080,47
3,5000.0,76300.0,15.26,73,63,68.0,81300.0,True,2021HU0051360,4
0,64000.0,50000.0,1.28,65,65,65.0,114000.0,True,2021HU0051681,15
0,66000.0,30000.0,2.2,65,64,64.5,96000.0,True,2021HU0052057,8
0,20700.0,27000.0,1.3043478260869565,37,35,36.0,47700.0,True,2021HU0052736,21
2,19600.0,122600.0,6.255102040816326,71,70,70.5,142200.0,True,2021HU0052921,14
3,41400.0,7200.0,5.75,70,71,70.5,48600.0,True,2021HU0053092,15
1,65000.0,80000.0,1.2307692307692308,41,44,42.5,145000.0,True,2021HU0053381,15
2,364000.0,507000.0,1.3928571428571428,60,50,55.0,871000.0,True,2021HU0054708,15
0,15100.0,45300.0,3.0,62,66,64.0,60400.0,True,2021HU0055278,7
3,1200.0,14000.0,11.666666666666666,62,68,65.0,15200.0,True,2021HU0057855,4
2,145000.0,91000.0,1.5934065934065933,56,60,58.0,236000.0,True,2021HU0057857,14
0,24020.0,40000.0,1.665278934221482,36,34,35.0,64020.0,True,2021HU0058275,35
0,43000.0,66000.0,1.5348837209302326,69,70,69.5,109000.0,True,2021HU0058321,11
1,20600.0,52100.0,2.529126213592233,71,58,64.5,72700.0,False,2021HU0058719,30
2,149360.0,17000.0,8.785882352941176,68,72,70.0,166360.0,True,2021HU0058833,8
0,0.0,72000.0,0.0,33,36,34.5,72000.0,True,2021HU0059139,13
4,200200.0,19200.0,10.427083333333334,66,75,70.5,219400.0,True,2021HU0059298,12
1,65700.0,20000.0,3.285,72,67,69.5,85700.0,True,2021HU0059326,16
3,65000.0,70000.0,1.0769230769230769,23,22,22.5,135000.0,True,2021HU0059424,25
0,14400.0,10900.0,1.3211009174311927,75,74,74.5,25300.0,True,2021HU0059531,17
0,36400.0,21000.0,1.7333333333333334,50,39,44.5,57400.0,True,2021HU0059563,43
1,90000.0,50000.0,1.8,33,52,42.5,140000.0,True,2021HU0060370,20
2,67090.0,137400.0,2.047995230287673,45,46,45.5,204490.0,True,2021HU0060667,6
2,72000.0,150000.0,2.0833333333333335,41,41,41.0,222000.0,True,2021HU0061039,5
0,29000.0,62000.0,2.1379310344827585,51,48,49.5,91000.0,True,2021HU0061532,11
1,21600.0,12000.0,1.8,36,31,33.5,33600.0,False,2021HU0061861,12
1,100600.0,29000.0,3.4689655172413794,76,82,79.0,129600.0,True,2021HU0062715,15
0,40000.0,0.0,0.0,35,34,34.5,40000.0,True,2021HU0063032,23
1,94000.0,26000.0,3.6153846153846154,42,39,40.5,120000.0,True,2021HU0063740,20
3,187000.0,83000.0,2.253012048192771,73,73,73.0,270000.0,True,2021HU0065287,15
0,30600.0,60000.0,1.9607843137254901,71,63,67.0,90600.0,True,2021HU0065354,10
3,11800.0,68800.0,5.830508474576271,67,61,64.0,80600.0,False,2021HU0065458,7
1,110000.0,33000.0,3.3333333333333335,55,59,57.0,143000.0,True,2021HU0066638,8
2,2000.0,16000.0,8.0,74,71,72.5,18000.0,True,2021HU0066753,29
1,91000.0,75000.0,1.2133333333333334,31,35,33.0,166000.0,True,2021HU0066772,77
0,0.0,3400.0,0.0,34,35,34.5,3400.0,True,2021HU0066819,6
7,138000.0,3800.0,36.31578947368421,58,61,59.5,141800.0,True,2021HU0068175,16
0,9600.0,20400.0,2.125,75,77,76.0,30000.0,True,2021HU0068472,183
7,109600.0,2300.0,47.65217391304348,81,79,80.0,111900.0,True,2021HU0068505,57
0,48000.0,100000.0,2.0833333333333335,57,55,56.0,148000.0,True,2021HU0069720,46
2,35000.0,24000.0,1.4583333333333333,24,27,25.5,59000.0,False,2021HU0069821,10
2,209200.0,71700.0,2.917712691771269,66,66,66.0,280900.0,True,2021HU0070147,23
1,93000.0,30000.0,3.1,66,62,64.0,123000.0,True,2021HU0070222,11
0,21400.0,13100.0,1.633587786259542,68,68,68.0,34500.0,True,2021HU0070227,14
2,118000.0,63000.0,1.873015873015873,50,42,46.0,181000.0,True,2021HU0070900,9
2,50000.0,9900.0,5.05050505050505,45,41,43.0,59900.0,True,2021HU0071049,24
1,69200.0,26800.0,2.582089552238806,74,56,65.0,96000.0,True,2021HU0071098,26
0,95000.0,33000.0,2.878787878787879,57,60,58.5,128000.0,True,2021HU0072011,23
2,87000.0,0.0,0.0,26,21,23.5,87000.0,True,2021HU0072109,42
2,15000.0,9200.0,1.6304347826086956,65,33,49.0,24200.0,False,2021HU0072124,24
1,25000.0,45010.0,1.8004,53,69,61.0,70010.0,True,2021HU0072306,24
2,145940.0,66300.0,2.2012066365007543,78,78,78.0,212240.0,True,2021HU0072374,13
0,29000.0,48800.0,1.6827586206896552,88,91,89.5,77800.0,True,2021HU0072451,8
0,31620.0,64000.0,2.0240354206198607,69,67,68.0,95620.0,True,2021HU0072510,13
4,85000.0,500.0,170.0,55,49,52.0,85500.0,True,2021HU0072655,19
0,84000.0,35000.0,2.4,38,43,40.5,119000.0,True,2021HU0072659,26
3,80000.0,5700.0,14.035087719298245,39,37,38.0,85700.0,True,2021HU0074195,27
0,75200.0,41000.0,1.8341463414634147,73,83,78.0,116200.0,True,2021HU0074877,11
2,20700.0,3100.0,6.67741935483871,55,59,57.0,23800.0,True,2021HU0075628,14
2,5000.0,50000.0,10.0,81,66,73.5,55000.0,True,2021HU0075956,15
0,0.0,88000.0,0.0,53,53,53.0,88000.0,True,2021HU0076304,6
0,40000.0,40000.0,1.0,69,66,67.5,80000.0,True,2021HU0076721,16
0,45600.0,39000.0,1.1692307692307693,77,79,78.0,84600.0,True,2021HU0077537,11
3,165800.0,0.0,0.0,51,59,55.0,165800.0,True,2021HU0077735,45
0,34440.0,14400.0,2.3916666666666666,87,74,80.5,48840.0,True,2021HU0077834,17
1,70000.0,51000.0,1.3725490196078431,36,35,35.5,121000.0,True,2021HU0077900,31
1,100000.0,85000.0,1.1764705882352942,43,54,48.5,185000.0,True,2021HU0079517,26
1,99600.0,65000.0,1.5323076923076924,45,38,41.5,164600.0,True,2021HU0079622,4
1,80000.0,116000.0,1.45,56,56,56.0,196000.0,True,2021HU0079833,21
2,170100.0,22200.0,7.662162162162162,63,66,64.5,192300.0,True,2021HU0079968,8
0,27700.0,30200.0,1.0902527075812274,56,67,61.5,57900.0,True,2021HU0081297,8
0,20000.0,18000.0,1.1111111111111112,41,39,40.0,38000.0,True,2021HU0081358,12
1,65000.0,17500.0,3.7142857142857144,43,58,50.5,82500.0,True,2021HU0081789,9
1,100000.0,60000.0,1.6666666666666667,57,57,57.0,160000.0,True,2021HU0082308,22
0,47500.0,111000.0,2.336842105263158,29,31,30.0,158500.0,True,2021HU0082406,11
6,113300.0,7200.0,15.73611111111111,40,34,37.0,120500.0,True,2021HU0082525,29
2,175000.0,62000.0,2.8225806451612905,52,54,53.0,237000.0,True,2021HU0082937,33
0,40000.0,0.0,0.0,60,60,60.0,40000.0,True,2021HU0083706,2
0,27340.0,11600.0,2.356896551724138,77,74,75.5,38940.0,True,2021HU0083967,2
0,48000.0,0.0,0.0,58,55,56.5,48000.0,True,2021HU0084345,11
2,90000.0,15000.0,6.0,53,52,52.5,105000.0,True,2021HU0085651,19
0,24000.0,9100.0,2.6373626373626373,56,57,56.5,33100.0,True,2021HU0085752,11
1,100000.0,23000.0,4.3478260869565215,66,63,64.5,123000.0,True,2021HU0085841,23
2,100030.0,19800.0,5.052020202020202,51,57,54.0,119830.0,True,2021HU0085878,12
1,33100.0,54000.0,1.6314199395770392,67,36,51.5,87100.0,True,2021HU0086086,10
0,45000.0,30000.0,1.5,64,62,63.0,75000.0,True,2021HU0086148,43
0,48000.0,35000.0,1.3714285714285714,51,48,49.5,83000.0,True,2021HU0086319,84
1,56000.0,80000.0,1.4285714285714286,34,36,35.0,136000.0,True,2021HU0087152,18
0,40000.0,90000.0,2.25,43,46,44.5,130000.0,True,2021HU0087700,17
0,32000.0,21600.0,1.4814814814814814,58,64,61.0,53600.0,True,2021HU0088628,23
0,7500.0,11000.0,1.4666666666666666,77,78,77.5,18500.0,True,2021HU0088667,23
1,80000.0,60000.0,1.3333333333333333,55,55,55.0,140000.0,True,2021HU0088863,31
0,42300.0,89000.0,2.104018912529551,65,64,64.5,131300.0,True,2021HU0088954,14
0,35200.0,0.0,0.0,77,76,76.5,35200.0,True,2021HU0089012,17
0,56000.0,32000.0,1.75,68,67,67.5,88000.0,True,2021HU0089557,17
2,52000.0,57000.0,1.0961538461538463,22,29,25.5,109000.0,True,2021HU0090838,10
1,25070.0,22000.0,1.1395454545454546,44,41,42.5,47070.0,True,2021HU0091142,24
3,0.0,150000.0,0.0,39,41,40.0,150000.0,True,2021HU0091371,6
0,36500.0,81000.0,2.219178082191781,66,69,67.5,117500.0,True,2021HU0092092,21
4,208000.0,40000.0,5.2,31,31,31.0,248000.0,False,2021HU0092220,39
1,118000.0,27600.0,4.27536231884058,62,67,64.5,145600.0,True,2021HU0092722,17
0,89000.0,35300.0,2.5212464589235126,38,41,39.5,124300.0,True,2021HU0092758,19
1,82000.0,31300.0,2.619808306709265,39,39,39.0,113300.0,True,2021HU0092879,17
2,115000.0,147100.0,1.2791304347826087,68,70,69.0,262100.0,True,2021HU0093384,13
0,50560.0,0.0,0.0,31,30,30.5,50560.0,True,2021HU0095459,12
0,37900.0,45000.0,1.187335092348285,75,75,75.0,82900.0,True,2021HU0096178,12
5,14200.0,414800.0,29.211267605633804,73,69,71.0,429000.0,True,2021HU0096745,16
1,14900.0,50000.0,3.3557046979865772,39,40,39.5,64900.0,True,2021HU0097244,9
0,48000.0,61000.0,1.2708333333333333,64,55,59.5,109000.0,True,2021HU0098570,12
1,81300.0,69000.0,1.1782608695652175,42,48,45.0,150300.0,True,2021HU0098594,18
0,23000.0,40000.0,1.7391304347826086,54,44,49.0,63000.0,True,2021HU0100020,6
0,30000.0,21630.0,1.3869625520110958,53,59,56.0,51630.0,True,2021HU0100406,26
0,53550.0,46340.0,1.1555891238670695,77,78,77.5,99890.0,True,2021HU0100764,15
1,25700.0,6600.0,3.893939393939394,95,92,93.5,32300.0,True,2021HU0101592,10
2,119000.0,98000.0,1.2142857142857142,34,30,32.0,217000.0,True,2021HU0102743,18
1,11700.0,42000.0,3.58974358974359,74,75,74.5,53700.0,True,2021HU0103166,47
5,70000.0,144100.0,2.0585714285714287,70,25,47.5,214100.0,False,2021HU0103206,2
3,85100.0,409900.0,4.81668625146886,62,61,61.5,495000.0,True,2021HU0103679,6
1,104000.0,70000.0,1.4857142857142858,55,56,55.5,174000.0,True,2021HU0104442,24
4,114000.0,12000.0,9.5,72,55,63.5,126000.0,True,2021HU0105439,20
0,100000.0,0.0,0.0,45,44,44.5,100000.0,True,2021HU0105516,28
0,35000.0,61000.0,1.7428571428571429,45,47,46.0,96000.0,True,2021HU0105873,14
0,24500.0,11900.0,2.0588235294117645,68,68,68.0,36400.0,True,2021HU0106713,12
3,100000.0,101000.0,1.01,49,47,48.0,201000.0,True,2021HU0107161,39
1,50000.0,40000.0,1.25,28,54,41.0,90000.0,True,2021HU0107286,88
2,9500.0,75000.0,7.894736842105263,75,70,72.5,84500.0,True,2021HU0107513,79
1,135000.0,30000.0,4.5,58,56,57.0,165000.0,True,2021HU0107645,51
0,0.0,10000.0,0.0,36,37,36.5,10000.0,True,2021HU0108509,22
8,242000.0,100.0,2420.0,62,62,62.0,242100.0,True,2021HU0108584,22
1,56000.0,89200.0,1.5928571428571427,40,39,39.5,145200.0,True,2021HU0109178,8
2,84000.0,146500.0,1.744047619047619,68,67,67.5,230500.0,True,2021HU0109431,16
4,49200.0,324000.0,6.585365853658536,68,69,68.5,373200.0,True,2021HU0109705,7
0,50000.0,100000.0,2.0,33,35,34.0,150000.0,True,2021HU0109974,21
1,105000.0,80000.0,1.3125,50,48,49.0,185000.0,True,2021HU0110654,12
1,40200.0,22000.0,1.8272727272727274,29,30,29.5,62200.0,True,2021HU0111107,20
0,48000.0,29000.0,1.6551724137931034,64,63,63.5,77000.0,True,2021HU0112799,22
8,234000.0,770.0,303.8961038961039,48,43,45.5,234770.0,True,2021HU0113454,37
1,61000.0,24000.0,2.5416666666666665,66,60,63.0,85000.0,True,2021HU0113916,19
0,30700.0,63000.0,2.0521172638436482,65,68,66.5,93700.0,True,2021HU0114197,20
3,202100.0,50400.0,4.009920634920635,63,65,64.0,252500.0,True,2021HU0115235,13
0,41000.0,28000.0,1.4642857142857142,70,61,65.5,69000.0,True,2021HU0115775,4
2,150000.0,60000.0,2.5,39,38,38.5,210000.0,True,2021HU0115906,13
2,136000.0,16000.0,8.5,47,42,44.5,152000.0,True,2021HU0116301,16
0,70020.0,24000.0,2.9175,45,48,46.5,94020.0,True,2021HU0117174,11
0,40000.0,40000.0,1.0,29,31,30.0,80000.0,True,2021HU0117189,22
1,50340.0,96000.0,1.9070321811680573,80,81,80.5,146340.0,True,2021HU0118202,14
0,5000.0,4700.0,1.0638297872340425,64,65,64.5,9700.0,True,2021HU0118750,7
0,62400.0,0.0,0.0,87,80,83.5,62400.0,True,2021HU0119455,14
3,417000.0,43000.0,9.69767441860465,49,43,46.0,460000.0,True,2021HU0119720,14
0,21000.0,23200.0,1.1047619047619048,69,70,69.5,44200.0,True,2021HU0120336,4
1,10000.0,20000.0,2.0,60,59,59.5,30000.0,True,2021HU0120882,14
1,105000.0,68900.0,1.5239477503628447,60,61,60.5,173900.0,True,2021HU0122295,41
7,6000.0,105000.0,17.5,55,52,53.5,111000.0,False,2021HU0123101,12
1,70000.0,130000.0,1.8571428571428572,62,57,59.5,200000.0,True,2021HU0123563,10
1,46000.0,10100.0,4.554455445544554,58,59,58.5,56100.0,True,2021HU0123990,23
0,41000.0,69000.0,1.6829268292682926,76,72,74.0,110000.0,True,2021HU0126287,7
1,120000.0,30000.0,4.0,56,51,53.5,150000.0,True,2021HU0126574,16
2,92000.0,203500.0,2.2119565217391304,70,66,68.0,295500.0,True,2021HU0126728,20
4,339200.0,18900.0,17.947089947089946,67,80,73.5,358100.0,True,2021HU0126912,19
0,32000.0,60000.0,1.875,42,43,42.5,92000.0,True,2021HU0127118,28
6,6600.0,110000.0,16.666666666666668,49,51,50.0,116600.0,True,2021HU0128009,41
2,46000.0,5000.0,9.2,64,64,64.0,51000.0,True,2021HU0128904,56
0,37000.0,20000.0,1.85,62,61,61.5,57000.0,True,2021HU0129653,12
1,67000.0,17800.0,3.764044943820225,74,71,72.5,84800.0,True,2021HU0131182,24
4,28000.0,600.0,46.666666666666664,61,60,60.5,28600.0,True,2021HU0131564,16
1,63000.0,103490.0,1.6426984126984128,40,45,42.5,166490.0,True,2021HU0131619,36
0,19100.0,36000.0,1.8848167539267016,79,77,78.0,55100.0,True,2021HU0132676,4
0,90000.0,32000.0,2.8125,59,54,56.5,122000.0,True,2021HU0132895,8
0,51840.0,22800.0,2.2736842105263158,60,53,56.5,74640.0,True,2021HU0133090,26
1,61000.0,71000.0,1.1639344262295082,54,56,55.0,132000.0,True,2021HU0133342,20
4,100.0,66100.0,661.0,59,60,59.5,66200.0,True,2021HU0133541,8
2,75010.0,111000.0,1.47980269297427,38,36,37.0,186010.0,True,2021HU0133583,17
0,38300.0,31350.0,1.2216905901116428,78,76,77.0,69650.0,True,2021HU0133702,14
8,2400.0,375000.0,156.25,63,56,59.5,377400.0,True,2021HU0134107,21
2,165000.0,70000.0,2.357142857142857,42,40,41.0,235000.0,True,2021HU0134506,23
3,0.0,4000.0,0.0,33,23,28.0,4000.0,False,2021HU0134687,7
1,75000.0,20000.0,3.75,50,52,51.0,95000.0,True,2021HU0135231,16
1,97000.0,57000.0,1.7017543859649122,39,41,40.0,154000.0,True,2021HU0135270,23
2,6800.0,35100.0,5.161764705882353,50,58,54.0,41900.0,True,2021HU0136035,15
1,59200.0,76000.0,1.2837837837837838,48,41,44.5,135200.0,True,2021HU0136046,35
1,40000.0,20000.0,2.0,73,70,71.5,60000.0,False,2021HU0136118,10
1,32000.0,55000.0,1.71875,45,36,40.5,87000.0,False,2021HU0136755,15
1,73000.0,103000.0,1.4109589041095891,54,51,52.5,176000.0,True,2021HU0136817,15
2,180000.0,90000.0,2.0,42,52,47.0,270000.0,True,2021HU0137024,11
0,13200.0,22900.0,1.7348484848484849,66,67,66.5,36100.0,True,2021HU0137691,8
1,100000.0,65000.0,1.5384615384615385,38,39,38.5,165000.0,True,2021HU0139312,13
3,3600.0,60000.0,16.666666666666668,48,48,48.0,63600.0,True,2021HU0140200,17
2,137500.0,113000.0,1.2168141592920354,51,50,50.5,250500.0,True,2021HU0140517,8
4,52100.0,140.0,372.14285714285717,60,55,57.5,52240.0,True,2021HU0140748,20
3,9000.0,100000.0,11.11111111111111,62,61,61.5,109000.0,True,2021HU0141383,6
0,8900.0,3400.0,2.6176470588235294,77,65,71.0,12300.0,True,2021HU0142507,13
0,36000.0,48000.0,1.3333333333333333,48,44,46.0,84000.0,True,2021HU0142946,24
1,24600.0,40000.0,1.6260162601626016,60,60,60.0,64600.0,True,2021HU0143414,10
0,9600.0,23700.0,2.46875,83,87,85.0,33300.0,True,2021HU0144092,29
0,60000.0,0.0,0.0,40,48,44.0,60000.0,True,2021HU0144129,7
2,69500.0,10800.0,6.435185185185185,88,88,88.0,80300.0,True,2021HU0145397,23
2,1600.0,12000.0,7.5,76,76,76.0,13600.0,True,2021HU0145748,5
0,27300.0,53940.0,1.975824175824176,72,72,72.0,81240.0,True,2021HU0146065,7
1,10900.0,37200.0,3.4128440366972477,68,69,68.5,48100.0,True,2021HU0146090,8
1,15000.0,25000.0,1.6666666666666667,26,28,27.0,40000.0,True,2021HU0146360,42
0,50000.0,34000.0,1.4705882352941178,36,39,37.5,84000.0,True,2021HU0146443,26
0,17400.0,36400.0,2.0919540229885056,51,50,50.5,53800.0,True,2021HU0146513,5
0,0.0,10900.0,0.0,34,34,34.0,10900.0,True,2021HU0147302,15
3,15000.0,105000.0,7.0,78,78,78.0,120000.0,False,2021HU0148661,22
2,72300.0,12400.0,5.830645161290323,63,69,66.0,84700.0,True,2021HU0148874,11
2,13050.0,7400.0,1.7635135135135136,21,24,22.5,20450.0,True,2021HU0149150,62
2,124600.0,120000.0,1.0383333333333333,66,64,65.0,244600.0,True,2021HU0149195,11
5,212000.0,19010.0,11.15202524986849,68,67,67.5,231010.0,False,2021HU0149488,11
2,124100.0,122300.0,1.0147179067865904,78,74,76.0,246400.0,True,2021HU0149637,13
3,80400.0,75000.0,1.072,27,57,42.0,155400.0,True,2021HU0149862,15
0,36000.0,75000.0,2.0833333333333335,64,56,60.0,111000.0,True,2021HU0149919,8
2,106000.0,18400.0,5.760869565217392,61,61,61.0,124400.0,True,2021HU0151114,12
1,60000.0,87000.0,1.45,41,37,39.0,147000.0,True,2021HU0151131,12
1,57900.0,68000.0,1.1744386873920554,48,43,45.5,125900.0,True,2021HU0151788,8
0,32000.0,0.0,0.0,32,36,34.0,32000.0,True,2021HU0152395,14
3,112000.0,0.0,0.0,39,38,38.5,112000.0,True,2021HU0152450,25
0,95000.0,35000.0,2.7142857142857144,41,37,39.0,130000.0,True,2021HU0152541,19
1,110950.0,85000.0,1.3052941176470587,48,42,45.0,195950.0,True,2021HU0153413,6
2,10900.0,66300.0,6.08256880733945,68,78,73.0,77200.0,True,2021HU0153706,27
0,10500.0,15700.0,1.4952380952380953,63,65,64.0,26200.0,True,2021HU0153894,3
3,150000.0,0.0,0.0,42,37,39.5,150000.0,True,2021HU0154215,6
1,24000.0,12000.0,2.0,62,65,63.5,36000.0,True,2021HU0154515,64
2,422000.0,407000.0,1.0368550368550369,36,36,36.0,829000.0,True,2021HU0154659,7
4,467000.0,0.0,0.0,51,40,45.5,467000.0,True,2021HU0156344,7
0,18900.0,55400.0,2.931216931216931,72,77,74.5,74300.0,True,2021HU0156382,12
3,1000.0,10300.0,10.3,68,78,73.0,11300.0,True,2021HU0156471,12
1,105000.0,95000.0,1.105263157894737,55,47,51.0,200000.0,True,2021HU0157007,20
3,13200.0,46200.0,3.5,70,61,65.5,59400.0,False,2021HU0157216,19
1,85000.0,0.0,0.0,38,36,37.0,85000.0,False,2021HU0157832,13
2,15000.0,50300.0,3.3533333333333335,68,72,70.0,65300.0,False,2021HU0159201,3
0,105000.0,42000.0,2.5,56,52,54.0,147000.0,True,2021HU0160152,17
1,120000.0,60000.0,2.0,41,40,40.5,180000.0,True,2021HU0160482,7
0,49800.0,0.0,0.0,31,31,31.0,49800.0,True,2021HU0160577,18
2,26400.0,83200.0,3.1515151515151514,74,69,71.5,109600.0,True,2021HU0161016,13
2,6000.0,34000.0,5.666666666666667,65,65,65.0,40000.0,True,2021HU0161969,3
3,9000.0,48800.0,5.4222222222222225,71,74,72.5,57800.0,True,2021HU0162301,11
1,114000.0,37900.0,3.0079155672823217,56,51,53.5,151900.0,True,2021HU0163057,30
1,14500.0,52100.0,3.593103448275862,72,70,71.0,66600.0,True,2021HU0163132,13
1,0.0,0.0,0.0,26,32,29.0,0.0,True,2021HU0165197,11
0,40000.0,89000.0,2.225,39,41,40.0,129000.0,True,2021HU0165449,35
0,45000.0,28200.0,1.5957446808510638,60,64,62.0,73200.0,True,2021HU0166301,17
0,38600.0,35300.0,1.093484419263456,77,73,75.0,73900.0,True,2021HU0166475,12
1,11700.0,20500.0,1.7521367521367521,68,66,67.0,32200.0,True,2021HU0166757,8
3,51200.0,197000.0,3.84765625,68,65,66.5,248200.0,True,2021HU0167186,17
0,60000.0,21000.0,2.857142857142857,79,75,77.0,81000.0,True,2021HU0168502,3
2,68200.0,10100.0,6.752475247524752,71,63,67.0,78300.0,True,2021HU0168727,15
2,45000.0,199300.0,4.428888888888889,68,68,68.0,244300.0,True,2021HU0170565,12
2,21200.0,129000.0,6.084905660377358,65,66,65.5,150200.0,True,2021HU0172606,13
0,33700.0,0.0,0.0,48,47,47.5,33700.0,True,2021HU0173141,15
1,69600.0,69100.0,1.0072358900144718,67,67,67.0,138700.0,True,2021HU0173261,18
4,521000.0,54000.0,9.648148148148149,74,72,73.0,575000.0,True,2021HU0173654,10
1,55530.0,58000.0,1.0444804610120655,38,33,35.5,113530.0,True,2021HU0174507,25
0,38100.0,43900.0,1.152230971128609,66,67,66.5,82000.0,True,2021HU0174923,7
0,49000.0,0.0,0.0,51,49,50.0,49000.0,True,2021HU0175114,22
1,58000.0,75000.0,1.293103448275862,59,56,57.5,133000.0,True,2021HU0176233,5
2,160000.0,54000.0,2.962962962962963,58,47,52.5,214000.0,True,2021HU0176287,21
2,1800.0,10200.0,5.666666666666667,79,78,78.5,12000.0,True,2021HU0178019,44
0,45000.0,29900.0,1.5050167224080269,85,76,80.5,74900.0,True,2021HU0178771,30
2,140200.0,21000.0,6.6761904761904765,61,60,60.5,161200.0,True,2021HU0179013,20
2,103800.0,32000.0,3.24375,62,60,61.0,135800.0,True,2021HU0179522,37
0,50000.0,0.0,0.0,37,37,37.0,50000.0,True,2021HU0179755,15
0,60400.0,27100.0,2.2287822878228782,73,72,72.5,87500.0,True,2021HU0179926,34
2,20600.0,132800.0,6.446601941747573,57,67,62.0,153400.0,True,2021HU0180494,14
0,63000.0,0.0,0.0,43,46,44.5,63000.0,True,2021HU0180770,29
1,125000.0,40000.0,3.125,43,40,41.5,165000.0,True,2021HU0180785,8
2,13800.0,90000.0,6.521739130434782,67,71,69.0,103800.0,True,2021HU0182760,30
3,60000.0,3700.0,16.216216216216218,35,35,35.0,63700.0,True,2021HU0182874,23
3,196400.0,39000.0,5.035897435897436,66,70,68.0,235400.0,True,2021HU0183247,8
0,2000.0,4000.0,2.0,76,68,72.0,6000.0,True,2021HU0184129,11
1,55400.0,71600.0,1.2924187725631768,85,84,84.5,127000.0,True,2021HU0184538,7
0,25400.0,37400.0,1.4724409448818898,71,73,72.0,62800.0,True,2021HU0185396,14
2,161230.0,40000.0,4.03075,60,57,58.5,201230.0,True,2021HU0186159,23
1,35000.0,67000.0,1.9142857142857144,51,47,49.0,102000.0,False,2021HU0186515,6
0,60000.0,39000.0,1.5384615384615385,58,60,59.0,99000.0,True,2021HU0186551,25
3,150000.0,150000.0,1.0,46,48,47.0,300000.0,True,2021HU0187225,40
0,100000.0,35000.0,2.857142857142857,48,48,48.0,135000.0,True,2021HU0188089,13
0,72000.0,38000.0,1.894736842105263,30,30,30.0,110000.0,True,2021HU0189044,5
7,122000.0,3400.0,35.88235294117647,43,46,44.5,125400.0,True,2021HU0189288,12
4,407000.0,30000.0,13.566666666666666,65,57,61.0,437000.0,True,2021HU0189355,13
0,14200.0,24300.0,1.7112676056338028,66,69,67.5,38500.0,True,2021HU0189485,36
0,36000.0,15000.0,2.4,88,80,84.0,51000.0,True,2021HU0190077,10
0,50000.0,17000.0,2.9411764705882355,43,29,36.0,67000.0,True,2021HU0190191,8
0,50000.0,80000.0,1.6,53,52,52.5,130000.0,True,2021HU0190378,12
1,56000.0,120000.0,2.142857142857143,40,43,41.5,176000.0,True,2021HU0190515,14
0,45000.0,43000.0,1.0465116279069768,49,50,49.5,88000.0,True,2021HU0190683,24
3,199800.0,53000.0,3.769811320754717,92,91,91.5,252800.0,True,2021HU0190843,24
0,78500.0,40000.0,1.9625,60,67,63.5,118500.0,True,2021HU0190885,7
4,37000.0,5700.0,6.491228070175438,74,52,63.0,42700.0,True,2021HU0191600,11
3,4900.0,80020.0,16.33061224489796,72,70,71.0,84920.0,True,2021HU0191882,34
3,7300.0,79000.0,10.821917808219178,56,57,56.5,86300.0,True,2021HU0192564,17
2,120000.0,226000.0,1.8833333333333333,60,62,61.0,346000.0,True,2021HU0193111,15
1,27000.0,0.0,0.0,24,27,25.5,27000.0,True,2021HU0193800,7
0,11000.0,23170.0,2.1063636363636364,77,75,76.0,34170.0,True,2021HU0194525,5
4,0.0,407000.0,0.0,31,39,35.0,407000.0,True,2021HU0194565,17
0,32000.0,35400.0,1.10625,48,55,51.5,67400.0,True,2021HU0195278,9
0,35000.0,34400.0,1.0174418604651163,56,47,51.5,69400.0,True,2021HU0195329,16
3,75000.0,240000.0,3.2,54,54,54.0,315000.0,True,2021HU0195675,14
0,83200.0,49400.0,1.6842105263157894,86,84,85.0,132600.0,True,2021HU0195696,33
0,32800.0,0.0,0.0,54,53,53.5,32800.0,True,2021HU0196297,14
4,34000.0,200000.0,5.882352941176471,29,45,37.0,234000.0,True,2021HU0196584,11
2,10000.0,86400.0,8.64,73,74,73.5,96400.0,True,2021HU0196641,30
0,55000.0,0.0,0.0,51,50,50.5,55000.0,True,2021HU0196737,10
0,25050.0,47450.0,1.8942115768463075,77,77,77.0,72500.0,True,2021HU0197004,22
2,202000.0,90000.0,2.2444444444444445,32,31,31.5,292000.0,True,2021HU0197040,17
0,51000.0,17900.0,2.8491620111731844,48,43,45.5,68900.0,True,2021HU0197627,85
1,20000.0,33400.0,1.67,64,58,61.0,53400.0,True,2021HU0197658,5
2,166000.0,40000.0,4.15,55,55,55.0,206000.0,True,2021HU0198862,13
0,35000.0,50000.0,1.4285714285714286,48,46,47.0,85000.0,True,2021HU0200630,13
0,73200.0,40000.0,1.83,37,34,35.5,113200.0,True,2021HU0200988,23
1,66400.0,0.0,0.0,65,60,62.5,66400.0,True,2021HU0201532,10
1,31000.0,9000.0,3.4444444444444446,46,57,51.5,40000.0,True,2021HU0202029,15
1,71000.0,81900.0,1.1535211267605634,65,64,64.5,152900.0,True,2021HU0202556,15
0,50000.0,28000.0,1.7857142857142858,30,30,30.0,78000.0,True,2021HU0202780,15
0,35010.0,24820.0,1.4105560032232072,75,71,73.0,59830.0,True,2021HU0202829,7
0,78000.0,40000.0,1.95,66,63,64.5,118000.0,True,2021HU0203014,9
0,31500.0,15500.0,2.032258064516129,63,64,63.5,47000.0,True,2021HU0203062,13
0,36400.0,100000.0,2.7472527472527473,54,58,56.0,136400.0,True,2021HU0203699,7
2,7200.0,42300.0,5.875,65,66,65.5,49500.0,True,2021HU0203808,18
1,48000.0,46000.0,1.0434782608695652,29,28,28.5,94000.0,True,2021HU0204296,15
2,19600.0,172020.0,8.776530612244898,73,74,73.5,191620.0,True,2021HU0205172,3
1,0.0,44000.0,0.0,27,29,28.0,44000.0,True,2021HU0205366,14
4,300.0,100000.0,333.3333333333333,65,63,64.0,100300.0,True,2021HU0205682,13
0,52000.0,25000.0,2.08,47,33,40.0,77000.0,True,2021HU0205856,80
2,13300.0,50000.0,3.7593984962406015,36,37,36.5,63300.0,False,2021HU0206189,27
0,111500.0,42000.0,2.6547619047619047,45,46,45.5,153500.0,True,2021HU0206615,8
1,110000.0,22000.0,5.0,55,56,55.5,132000.0,True,2021HU0206768,14
1,121300.0,31800.0,3.8144654088050314,59,61,60.0,153100.0,True,2021HU0207020,2
0,0.0,10000.0,0.0,51,58,54.5,10000.0,True,2021HU0207551,5
2,95000.0,44900.0,2.115812917594655,24,25,24.5,139900.0,True,2021HU0208450,22
1,66000.0,124000.0,1.878787878787879,38,42,40.0,190000.0,True,2021HU0208735,20
4,330800.0,23100.0,14.32034632034632,73,84,78.5,353900.0,True,2021HU0208998,6
4,0.0,165500.0,0.0,64,73,68.5,165500.0,True,2021HU0209009,16
0,47800.0,44300.0,1.0790067720090293,74,75,74.5,92100.0,True,2021HU0209064,13
1,56000.0,85000.0,1.5178571428571428,45,46,45.5,141000.0,True,2021HU0209709,16
0,40400.0,38900.0,1.038560411311054,61,60,60.5,79300.0,True,2021HU0210299,35
3,148000.0,17700.0,8.361581920903955,51,50,50.5,165700.0,True,2021HU0210314,14
0,62900.0,38700.0,1.6253229974160206,65,70,67.5,101600.0,True,2021HU0210424,20
2,140000.0,16100.0,8.695652173913043,56,51,53.5,156100.0,True,2021HU0210428,30
3,61000.0,225000.0,3.6885245901639343,49,50,49.5,286000.0,True,2021HU0211201,22
1,67000.0,68100.0,1.016417910447761,65,62,63.5,135100.0,True,2021HU0211450,14
1,34800.0,12100.0,2.87603305785124,71,52,61.5,46900.0,True,2021HU0211590,13
0,65000.0,36000.0,1.8055555555555556,60,63,61.5,101000.0,True,2021HU0212105,14
1,92500.0,55000.0,1.6818181818181819,50,47,48.5,147500.0,True,2021HU0212893,61
0,32600.0,28560.0,1.1414565826330532,80,79,79.5,61160.0,True,2021HU0213098,8
0,27000.0,26100.0,1.0344827586206897,70,68,69.0,53100.0,True,2021HU0213794,18
2,79000.0,30000.0,2.6333333333333333,23,23,23.0,109000.0,True,2021HU0214605,27
0,73000.0,40000.0,1.825,35,35,35.0,113000.0,True,2021HU0214658,18
2,94000.0,130000.0,1.3829787234042554,42,46,44.0,224000.0,True,2021HU0214801,15
4,5000.0,40000.0,8.0,23,26,24.5,45000.0,True,2021HU0215004,10
0,40700.0,32000.0,1.271875,76,77,76.5,72700.0,True,2021HU0215261,22
3,214500.0,80000.0,2.68125,74,57,65.5,294500.0,True,2021HU0215470,11
5,10450.0,210000.0,20.095693779904305,36,38,37.0,220450.0,True,2021HU0215580,20
0,25000.0,15000.0,1.6666666666666667,54,59,56.5,40000.0,True,2021HU0215928,22
0,41100.0,19000.0,2.163157894736842,54,53,53.5,60100.0,True,2021HU0215997,12
0,8300.0,9600.0,1.1566265060240963,84,75,79.5,17900.0,True,2021HU0216558,12
1,40000.0,20000.0,2.0,67,51,59.0,60000.0,True,2021HU0216647,9
2,60000.0,88000.0,1.4666666666666666,40,37,38.5,148000.0,False,2021HU0217061,21
2,8400.0,50400.0,6.0,78,86,82.0,58800.0,True,2021HU0217129,14
3,328400.0,85400.0,3.8454332552693207,85,87,86.0,413800.0,True,2021HU0218442,8
1,130500.0,60900.0,2.142857142857143,46,43,44.5,191400.0,True,2021HU0218581,18
1,67000.0,0.0,0.0,62,30,46.0,67000.0,True,2021HU0218726,35
2,83500.0,12000.0,6.958333333333333,77,73,75.0,95500.0,True,2021HU0219465,9
2,92200.0,130000.0,1.4099783080260304,46,39,42.5,222200.0,True,2021HU0223002,51
1,55000.0,52000.0,1.0576923076923077,48,54,51.0,107000.0,True,2021HU0223349,2
1,55000.0,56200.0,1.0218181818181817,47,48,47.5,111200.0,True,2021HU0223760,58
0,98000.0,35000.0,2.8,37,43,40.0,133000.0,True,2021HU0224529,4
2,45000.0,199000.0,4.4222222222222225,67,62,64.5,244000.0,True,2021HU0224976,9
0,19000.0,32200.0,1.694736842105263,68,69,68.5,51200.0,True,2021HU0225053,6
5,6000.0,86000.0,14.333333333333334,21,23,22.0,92000.0,True,2021HU0225284,10
1,40000.0,141000.0,3.525,39,40,39.5,181000.0,True,2021HU0225839,2
1,0.0,24500.0,0.0,42,51,46.5,24500.0,True,2021HU0225862,9
0,91000.0,36700.0,2.4795640326975477,46,47,46.5,127700.0,True,2021HU0226041,31
0,53800.0,20000.0,2.69,77,67,72.0,73800.0,True,2021HU0226144,21
0,42600.0,60000.0,1.408450704225352,73,61,67.0,102600.0,True,2021HU0226546,13
3,35000.0,3000.0,11.666666666666666,66,62,64.0,38000.0,True,2021HU0226575,9
2,93000.0,160000.0,1.7204301075268817,44,44,44.0,253000.0,True,2021HU0228920,95
1,79000.0,95000.0,1.2025316455696202,38,39,38.5,174000.0,True,2021HU0229571,16
8,106090.0,2300.0,46.12608695652174,56,75,65.5,108390.0,True,2021HU0229878,21
1,78570.0,81710.0,1.0399643629884179,78,76,77.0,160280.0,True,2021HU0231268,12
3,100000.0,5000.0,20.0,50,41,45.5,105000.0,True,2021HU0232106,24
7,137660.0,3000.0,45.88666666666666,50,52,51.0,140660.0,True,2021HU0232812,38
0,6700.0,6100.0,1.098360655737705,76,69,72.5,12800.0,True,2021HU0233137,16
4,33700.0,1200.0,28.083333333333332,64,61,62.5,34900.0,True,2021HU0234762,34
1,82800.0,67900.0,1.2194403534609721,74,72,73.0,150700.0,True,2021HU0235313,31
0,44000.0,52100.0,1.184090909090909,64,70,67.0,96100.0,True,2021HU0235510,18
0,0.0,24800.0,0.0,53,45,49.0,24800.0,True,2021HU0235530,17
2,93400.0,100000.0,1.0706638115631693,36,35,35.5,193400.0,True,2021HU0235542,27
2,30000.0,0.0,0.0,29,23,26.0,30000.0,False,2021HU0235813,28
2,106000.0,147700.0,1.3933962264150943,45,55,50.0,253700.0,True,2021HU0235841,8
2,40000.0,6000.0,6.666666666666667,34,36,35.0,46000.0,True,2021HU0236451,10
1,40000.0,35000.0,1.1428571428571428,56,54,55.0,75000.0,True,2021HU0236466,13
0,62000.0,28000.0,2.2142857142857144,47,47,47.0,90000.0,True,2021HU0236878,23
2,137000.0,140000.0,1.0218978102189782,50,48,49.0,277000.0,True,2021HU0237070,8
0,24000.0,40000.0,1.6666666666666667,40,44,42.0,64000.0,True,2021HU0237274,9
0,91400.0,0.0,0.0,63,58,60.5,91400.0,True,2021HU0237665,41
3,33400.0,182000.0,5.449101796407185,76,80,78.0,215400.0,True,2021HU0239331,9
0,94400.0,0.0,0.0,72,70,71.0,94400.0,True,2021HU0239921,12
0,20000.0,0.0,0.0,64,62,63.0,20000.0,True,2021HU0240426,4
2,127000.0,129000.0,1.015748031496063,39,39,39.0,256000.0,True,2021HU0240435,5
1,24600.0,40000.0,1.6260162601626016,29,30,29.5,64600.0,True,2021HU0240511,39
1,84000.0,105600.0,1.2571428571428571,75,77,76.0,189600.0,True,2021HU0241582,4
1,31300.0,29000.0,1.0793103448275863,24,26,25.0,60300.0,True,2021HU0241882,17
3,120000.0,97600.0,1.2295081967213115,48,72,60.0,217600.0,True,2021HU0242040,120
4,0.0,136000.0,0.0,45,43,44.0,136000.0,True,2021HU0242536,47
0,78000.0,50000.0,1.56,42,41,41.5,128000.0,True,2021HU0243039,17
2,70000.0,100000.0,1.4285714285714286,29,31,30.0,170000.0,True,2021HU0243311,14
1,27900.0,123000.0,4.408602150537634,70,71,70.5,150900.0,True,2021HU0243411,4
0,60000.0,20000.0,3.0,62,67,64.5,80000.0,True,2021HU0243480,7
1,30000.0,54700.0,1.8233333333333333,58,69,63.5,84700.0,True,2021HU0244009,7
4,731000.0,89040.0,8.209793351302785,63,51,57.0,820040.0,True,2021HU0244263,27
2,80000.0,200000.0,2.5,34,38,36.0,280000.0,True,2021HU0244280,30
0,39200.0,68200.0,1.739795918367347,79,75,77.0,107400.0,True,2021HU0244796,12
2,151000.0,50000.0,3.02,47,54,50.5,201000.0,True,2021HU0245942,9
1,29400.0,101400.0,3.4489795918367347,77,70,73.5,130800.0,True,2021HU0246531,4
2,30000.0,90000.0,3.0,23,24,23.5,120000.0,True,2021HU0246848,11
0,32700.0,0.0,0.0,68,60,64.0,32700.0,True,2021HU0247420,16
0,55000.0,50000.0,1.1,68,67,67.5,105000.0,True,2021HU0248103,13
2,86200.0,22700.0,3.797356828193833,75,77,76.0,108900.0,True,2021HU0248955,17
0,92000.0,0.0,0.0,69,55,62.0,92000.0,True,2021HU0248972,13
1,84900.0,52000.0,1.6326923076923077,72,75,73.5,136900.0,True,2021HU0250010,3
1,37300.0,11400.0,3.2719298245614037,69,69,69.0,48700.0,True,2021HU0250320,14
0,47000.0,92000.0,1.9574468085106382,44,52,48.0,139000.0,True,2021HU0250925,19
1,69700.0,37200.0,1.8736559139784945,95,87,91.0,106900.0,True,2021HU0251346,8
0,59800.0,33000.0,1.812121212121212,70,75,72.5,92800.0,True,2021HU0252557,16
0,27000.0,15000.0,1.8,56,50,53.0,42000.0,True,2021HU0253785,20
3,407000.0,119000.0,3.4201680672268906,32,34,33.0,526000.0,True,2021HU0255356,35
1,18300.0,72000.0,3.9344262295081966,63,68,65.5,90300.0,True,2021HU0255950,13
1,50000.0,32000.0,1.5625,27,29,28.0,82000.0,True,2021HU0257143,36
0,50000.0,51000.0,1.02,39,43,41.0,101000.0,True,2021HU0257276,14
1,89800.0,85000.0,1.056470588235294,69,67,68.0,174800.0,True,2021HU0257997,17
1,70000.0,24000.0,2.9166666666666665,48,48,48.0,94000.0,True,2021HU0258232,7
2,96000.0,15900.0,6.037735849056604,81,77,79.0,111900.0,True,2021HU0258285,14
2,93300.0,12900.0,7.232558139534884,71,67,69.0,106200.0,True,2021HU0258366,2
3,14500.0,155000.0,10.689655172413794,66,67,66.5,169500.0,True,2021HU0258496,18
0,32500.0,13000.0,2.5,74,70,72.0,45500.0,True,2021HU0258742,11
0,0.0,0.0,0.0,67,61,64.0,0.0,True,2021HU0259993,14
0,42200.0,33700.0,1.2522255192878338,58,59,58.5,75900.0,True,2021HU0262218,15
1,46100.0,29300.0,1.5733788395904438,66,65,65.5,75400.0,True,2021HU0262679,15
0,0.0,7000.0,0.0,71,69,70.0,7000.0,True,2021HU0262713,82
1,70000.0,60000.0,1.1666666666666667,58,54,56.0,130000.0,True,2021HU0262783,16
1,48000.0,0.0,0.0,27,26,26.5,48000.0,True,2021HU0263801,5
2,59000.0,80000.0,1.3559322033898304,50,48,49.0,139000.0,True,2021HU0264623,9
0,30000.0,40000.0,1.3333333333333333,36,44,40.0,70000.0,True,2021HU0265187,7
0,46400.0,88200.0,1.9008620689655173,63,63,63.0,134600.0,True,2021HU0265859,12
2,40000.0,12000.0,3.3333333333333335,58,59,58.5,52000.0,True,2021HU0266094,12
2,113000.0,98000.0,1.153061224489796,38,43,40.5,211000.0,True,2021HU0266677,14
0,41300.0,63000.0,1.5254237288135593,45,46,45.5,104300.0,True,2021HU0267279,14
1,112700.0,86200.0,1.3074245939675173,70,82,76.0,198900.0,True,2021HU0267424,12
0,39000.0,35400.0,1.1016949152542372,39,41,40.0,74400.0,True,2021HU0267921,34
2,9920.0,50000.0,5.040322580645161,35,38,36.5,59920.0,True,2021HU0268853,38
0,0.0,50000.0,0.0,37,32,34.5,50000.0,True,2021HU0269241,16
0,0.0,52600.0,0.0,60,66,63.0,52600.0,True,2021HU0269477,14
2,70020.0,12000.0,5.835,43,39,41.0,82020.0,True,2021HU0269570,9
0,17000.0,45000.0,2.6470588235294117,71,74,72.5,62000.0,True,2021HU0270063,9
0,58000.0,37000.0,1.5675675675675675,34,34,34.0,95000.0,True,2021HU0270670,16
8,9000.0,407000.0,45.22222222222222,58,58,58.0,416000.0,True,2021HU0271647,13
1,30000.0,100000.0,3.3333333333333335,51,47,49.0,130000.0,True,2021HU0271694,8
4,51600.0,2500.0,20.64,83,83,83.0,54100.0,True,2021HU0271703,12
7,109000.0,1000.0,109.0,59,57,58.0,110000.0,True,2021HU0271721,13
1,25300.0,122000.0,4.822134387351778,62,60,61.0,147300.0,True,2021HU0271795,13
1,20000.0,90000.0,4.5,35,39,37.0,110000.0,True,2021HU0272106,47
4,324000.0,21000.0,15.428571428571429,68,72,70.0,345000.0,True,2021HU0272168,11
1,2000.0,0.0,0.0,64,59,61.5,2000.0,False,2021HU0272486,39
1,64700.0,25000.0,2.588,70,62,66.0,89700.0,True,2021HU0272692,42
1,70000.0,17000.0,4.117647058823529,49,44,46.5,87000.0,True,2021HU0273160,22
7,178800.0,3000.0,59.6,64,62,63.0,181800.0,True,2021HU0273921,17
0,30000.0,0.0,0.0,54,65,59.5,30000.0,True,2021HU0274240,12
4,208500.0,0.0,0.0,61,59,60.0,208500.0,True,2021HU0275056,15
0,30000.0,27600.0,1.0869565217391304,68,60,64.0,57600.0,True,2021HU0275074,9
0,48000.0,96000.0,2.0,53,51,52.0,144000.0,True,2021HU0275415,18
2,124500.0,71700.0,1.7364016736401673,73,81,77.0,196200.0,False,2021HU0275447,13
4,1500.0,70000.0,46.666666666666664,43,51,47.0,71500.0,True,2021HU0275626,29
0,0.0,70000.0,0.0,38,40,39.0,70000.0,True,2021HU0275696,28
1,47600.0,42600.0,1.1173708920187793,86,81,83.5,90200.0,True,2021HU0276472,28
1,3600.0,16500.0,4.583333333333333,67,72,69.5,20100.0,True,2021HU0277281,43
3,130000.0,407000.0,3.1307692307692307,42,46,44.0,537000.0,True,2021HU0277576,17
0,45000.0,25000.0,1.8,42,41,41.5,70000.0,True,2021HU0277853,19
0,10700.0,10500.0,1.019047619047619,72,71,71.5,21200.0,True,2021HU0277903,14
6,103000.0,7220.0,14.265927977839334,59,54,56.5,110220.0,True,2021HU0279386,9
1,119000.0,73000.0,1.63013698630137,77,74,75.5,192000.0,True,2021HU0279909,16
2,16000.0,147000.0,9.1875,68,75,71.5,163000.0,True,2021HU0280262,24
1,2400.0,9800.0,4.083333333333333,55,61,58.0,12200.0,True,2021HU0280677,16
3,127000.0,0.0,0.0,78,69,73.5,127000.0,True,2021HU0281084,6
0,0.0,31000.0,0.0,36,34,35.0,31000.0,True,2021HU0281358,70
2,132900.0,129600.0,1.025462962962963,69,73,71.0,262500.0,True,2021HU0282179,11
0,30000.0,30000.0,1.0,63,65,64.0,60000.0,True,2021HU0282273,35
3,5800.0,50000.0,8.620689655172415,22,28,25.0,55800.0,True,2021HU0283120,66
4,80000.0,1000.0,80.0,49,50,49.5,81000.0,True,2021HU0283187,46
3,144000.0,0.0,0.0,45,43,44.0,144000.0,True,2021HU0283922,7
0,100000.0,39450.0,2.534854245880862,51,53,52.0,139450.0,True,2021HU0284357,13
2,135000.0,125000.0,1.08,48,48,48.0,260000.0,True,2021HU0285843,14
1,48950.0,10730.0,4.561975768872321,68,69,68.5,59680.0,True,2021HU0286354,24
0,66700.0,0.0,0.0,69,69,69.0,66700.0,True,2021HU0287036,11
2,21950.0,106170.0,4.8369020501138955,78,75,76.5,128120.0,True,2021HU0287189,18
1,129140.0,66800.0,1.9332335329341317,72,75,73.5,195940.0,True,2021HU0287394,7
3,4600.0,40000.0,8.695652173913043,27,32,29.5,44600.0,True,2021HU0287674,23
1,35000.0,0.0,0.0,52,23,37.5,35000.0,True,2021HU0288159,43
2,100000.0,10200.0,9.803921568627452,43,48,45.5,110200.0,True,2021HU0288390,21
0,0.0,60000.0,0.0,35,35,35.0,60000.0,True,2021HU0288396,16
2,60000.0,72000.0,1.2,30,30,30.0,132000.0,False,2021HU0289150,13
3,17800.0,30000.0,1.6853932584269662,68,35,51.5,47800.0,False,2021HU0289607,15
1,11000.0,52000.0,4.7272727272727275,59,61,60.0,63000.0,True,2021HU0290299,25
7,168000.0,8200.0,20.48780487804878,55,60,57.5,176200.0,True,2021HU0291861,2
0,34100.0,15400.0,2.2142857142857144,76,75,75.5,49500.0,True,2021HU0292851,51
7,12000.0,314000.0,26.166666666666668,68,43,55.5,326000.0,False,2021HU0293225,37
1,62000.0,60000.0,1.0333333333333334,53,46,49.5,122000.0,True,2021HU0293811,22
1,83500.0,65200.0,1.280674846625767,68,68,68.0,148700.0,True,2021HU0295348,14
0,70000.0,48000.0,1.4583333333333333,46,49,47.5,118000.0,True,2021HU0295466,10
2,17000.0,96600.0,5.682352941176471,52,52,52.0,113600.0,True,2021HU0295823,13
2,86000.0,12100.0,7.107438016528926,68,65,66.5,98100.0,True,2021HU0296159,9
0,44000.0,66000.0,1.5,30,32,31.0,110000.0,True,2021HU0297236,21
0,47000.0,23800.0,1.9747899159663866,67,75,71.0,70800.0,True,2021HU0297358,8
5,32700.0,692000.0,21.162079510703364,70,69,69.5,724700.0,True,2021HU0297817,8
1,51000.0,60000.0,1.1764705882352942,53,63,58.0,111000.0,True,2021HU0298015,14
1,0.0,18000.0,0.0,27,27,27.0,18000.0,True,2021HU0298666,14
1,64400.0,78000.0,1.2111801242236024,50,45,47.5,142400.0,True,2021HU0298911,14
1,63800.0,117000.0,1.8338557993730407,72,72,72.0,180800.0,True,2021HU0299245,7
1,100000.0,96000.0,1.0416666666666667,37,36,36.5,196000.0,True,2021HU0299710,28
1,66000.0,70000.0,1.0606060606060606,39,48,43.5,136000.0,True,2021HU0300165,42
4,186000.0,14200.0,13.098591549295774,55,56,55.5,200200.0,True,2021HU0300652,11
0,19000.0,19000.0,1.0,48,40,44.0,38000.0,True,2021HU0300855,35
0,49000.0,0.0,0.0,38,34,36.0,49000.0,True,2021HU0301133,29
3,83000.0,330800.0,3.985542168674699,71,71,71.0,413800.0,True,2021HU0301459,11
2,48500.0,7000.0,6.928571428571429,39,33,36.0,55500.0,True,2021HU0301884,20
2,202000.0,41500.0,4.867469879518072,75,77,76.0,243500.0,True,2021HU0302397,18
1,52000.0,17200.0,3.0232558139534884,63,71,67.0,69200.0,True,2021HU0302679,37
0,77000.0,0.0,0.0,47,37,42.0,77000.0,True,2021HU0303084,15
4,9000.0,40000.0,4.444444444444445,25,21,23.0,49000.0,False,2021HU0303118,22
3,60000.0,6700.0,8.955223880597014,27,27,27.0,66700.0,True,2021HU0303276,20
0,34500.0,39700.0,1.1507246376811595,56,65,60.5,74200.0,True,2021HU0303939,13
1,66900.0,15600.0,4.288461538461538,65,60,62.5,82500.0,True,2021HU0303983,3
1,0.0,0.0,0.0,61,58,59.5,0.0,False,2021HU0304804,8
0,49700.0,41200.0,1.2063106796116505,80,81,80.5,90900.0,True,2021HU0305226,3
1,67000.0,75400.0,1.1253731343283582,66,71,68.5,142400.0,True,2021HU0305272,11
0,26000.0,52000.0,2.0,55,54,54.5,78000.0,True,2021HU0305695,3
6,102000.0,8400.0,12.142857142857142,62,63,62.5,110400.0,True,2021HU0307517,12
1,0.0,27000.0,0.0,29,30,29.5,27000.0,True,2021HU0309018,11
0,42000.0,68000.0,1.619047619047619,42,42,42.0,110000.0,True,2021HU0309182,15
1,58000.0,18300.0,3.169398907103825,61,53,57.0,76300.0,True,2021HU0310042,12
0,10550.0,5000.0,2.11,62,63,62.5,15550.0,True,2021HU0310064,13
1,120500.0,60000.0,2.0083333333333333,52,55,53.5,180500.0,True,2021HU0310516,14
0,15900.0,11100.0,1.4324324324324325,82,80,81.0,27000.0,True,2021HU0310612,26
2,130000.0,70000.0,1.8571428571428572,39,32,35.5,200000.0,True,2021HU0310983,6
1,25100.0,0.0,0.0,60,49,54.5,25100.0,False,2021HU0311221,8
1,84000.0,100000.0,1.1904761904761905,52,58,55.0,184000.0,True,2021HU0312497,11
1,20000.0,0.0,0.0,47,44,45.5,20000.0,True,2021HU0312915,70
0,67000.0,41000.0,1.6341463414634145,63,66,64.5,108000.0,True,2021HU0312952,13
4,199400.0,10000.0,19.94,68,66,67.0,209400.0,True,2021HU0314182,8
1,11000.0,30000.0,2.727272727272727,59,37,48.0,41000.0,True,2021HU0314908,3
3,60500.0,200000.0,3.3057851239669422,42,43,42.5,260500.0,True,2021HU0314942,16
2,19000.0,67000.0,3.526315789473684,79,77,78.0,86000.0,True,2021HU0315063,14
3,68150.0,13000.0,5.242307692307692,30,29,29.5,81150.0,True,2021HU0317322,8
1,36800.0,85000.0,2.3097826086956523,41,44,42.5,121800.0,True,2021HU0317479,48
4,412000.0,29400.0,14.013605442176871,61,64,62.5,441400.0,True,2021HU0317563,24
0,35600.0,22900.0,1.554585152838428,64,64,64.0,58500.0,True,2021HU0317672,4
1,89000.0,52000.0,1.7115384615384615,65,70,67.5,141000.0,True,2021HU0318217,3
0,55000.0,0.0,0.0,30,34,32.0,55000.0,True,2021HU0318253,10
0,0.0,8400.0,0.0,73,77,75.0,8400.0,True,2021HU0318503,61
2,172800.0,70000.0,2.4685714285714284,55,54,54.5,242800.0,True,2021HU0319436,6
1,0.0,79000.0,0.0,53,46,49.5,79000.0,False,2021HU0319794,17
3,130000.0,407000.0,3.1307692307692307,39,40,39.5,537000.0,True,2021HU0320188,38
5,70000.0,3400.0,20.58823529411765,29,28,28.5,73400.0,True,2021HU0320263,32
1,65000.0,20000.0,3.25,34,32,33.0,85000.0,True,2021HU0320302,56
0,32000.0,14300.0,2.237762237762238,36,34,35.0,46300.0,True,2021HU0320687,20
8,116000.0,1800.0,64.44444444444444,52,52,52.0,117800.0,False,2021HU0320721,2
0,108000.0,40000.0,2.7,49,44,46.5,148000.0,True,2021HU0320799,22
0,0.0,27600.0,0.0,67,58,62.5,27600.0,True,2021HU0320899,8
0,55000.0,0.0,0.0,43,40,41.5,55000.0,True,2021HU0321142,7
1,44200.0,80000.0,1.8099547511312217,72,73,72.5,124200.0,False,2021HU0321822,12
3,85000.0,6000.0,14.166666666666666,76,80,78.0,91000.0,True,2021HU0321984,14
2,172000.0,110000.0,1.5636363636363637,45,38,41.5,282000.0,True,2021HU0322400,7
0,21000.0,20000.0,1.05,37,45,41.0,41000.0,True,2021HU0322865,26
1,105900.0,26600.0,3.981203007518797,95,87,91.0,132500.0,True,2021HU0323131,11
0,30000.0,16000.0,1.875,54,52,53.0,46000.0,True,2021HU0324156,18
1,60000.0,75000.0,1.25,51,45,48.0,135000.0,True,2021HU0325193,42
0,-9100.0,0.0,0.0,59,60,59.5,-9100.0,True,2021HU0325370,11
0,29600.0,0.0,0.0,69,63,66.0,29600.0,True,2021HU0325489,4
8,5400.0,490900.0,90.9074074074074,54,55,54.5,496300.0,True,2021HU0326270,4
1,152500.0,35800.0,4.259776536312849,53,54,53.5,188300.0,True,2021HU0330487,93
1,49200.0,0.0,0.0,59,57,58.0,49200.0,False,2021HU0330501,57
1,29800.0,74200.0,2.48993288590604,57,70,63.5,104000.0,False,2021HU0330899,7
2,126200.0,85000.0,1.484705882352941,53,52,52.5,211200.0,True,2021HU0331024,22
1,19070.0,30000.0,1.5731515469323545,33,34,33.5,49070.0,True,2021HU0331293,20
3,232000.0,38500.0,6.025974025974026,60,59,59.5,270500.0,True,2021HU0332169,22
2,100000.0,110000.0,1.1,46,57,51.5,210000.0,True,2021HU0332807,15
1,40000.0,24100.0,1.6597510373443984,34,40,37.0,64100.0,False,2021HU0333448,12
1,77400.0,100300.0,1.2958656330749354,56,50,53.0,177700.0,True,2021HU0333774,35
5,740.0,10000.0,13.513513513513514,19,20,19.5,10740.0,True,2021HU0334273,41
0,6900.0,16000.0,2.318840579710145,66,53,59.5,22900.0,True,2021HU0334462,13
0,22000.0,52000.0,2.3636363636363638,62,74,68.0,74000.0,True,2021HU0334640,23
1,113000.0,68300.0,1.6544655929721817,34,30,32.0,181300.0,True,2021HU0334854,18
1,47400.0,12000.0,3.95,50,43,46.5,59400.0,True,2021HU0334984,4
1,50000.0,100000.0,2.0,44,45,44.5,150000.0,True,2021HU0335226,16
3,156400.0,11400.0,13.719298245614034,78,83,80.5,167800.0,True,2021HU0336087,13
0,30000.0,10800.0,2.7777777777777777,79,64,71.5,40800.0,True,2021HU0336096,13
5,12000.0,721000.0,60.083333333333336,38,39,38.5,733000.0,True,2021HU0336188,23
2,2400.0,14000.0,5.833333333333333,55,56,55.5,16400.0,True,2021HU0336631,13
0,18800.0,0.0,0.0,59,59,59.0,18800.0,True,2021HU0337321,47
0,37900.0,13800.0,2.746376811594203,29,31,30.0,51700.0,True,2021HU0337820,6
2,15000.0,1600.0,9.375,31,36,33.5,16600.0,True,2021HU0337870,8
3,6200.0,72000.0,11.612903225806452,66,69,67.5,78200.0,True,2021HU0338222,37
4,500.0,45000.0,90.0,64,59,61.5,45500.0,True,2021HU0339016,3
1,60000.0,37000.0,1.6216216216216217,27,28,27.5,97000.0,True,2021HU0339341,24
3,660.0,8760.0,13.272727272727273,64,72,68.0,9420.0,True,2021HU0339718,4
1,130000.0,52000.0,2.5,38,38,38.0,182000.0,True,2021HU0339856,18
3,90000.0,150000.0,1.6666666666666667,57,56,56.5,240000.0,True,2021HU0340519,5
2,363000.0,328000.0,1.1067073170731707,82,81,81.5,691000.0,True,2021HU0340724,13
2,93400.0,9600.0,9.729166666666666,71,67,69.0,103000.0,True,2021HU0340745,3
2,59000.0,55000.0,1.0727272727272728,60,57,58.5,114000.0,False,2021HU0341188,11
2,171000.0,18300.0,9.344262295081966,56,58,57.0,189300.0,True,2021HU0341494,8
2,177000.0,177000.0,1.0,54,55,54.5,354000.0,True,2021HU0341608,17
1,27400.0,112000.0,4.087591240875913,51,50,50.5,139400.0,True,2021HU0342839,11
1,41400.0,42300.0,1.0217391304347827,64,66,65.0,83700.0,True,2021HU0342845,28
1,27000.0,39400.0,1.4592592592592593,63,59,61.0,66400.0,True,2021HU0343419,15
3,41100.0,8000.0,5.1375,85,83,84.0,49100.0,False,2021HU0343692,13
4,344430.0,58200.0,5.918041237113402,69,72,70.5,402630.0,True,2021HU0343910,18
1,65000.0,63000.0,1.0317460317460319,32,42,37.0,128000.0,True,2021HU0344105,24
0,53000.0,0.0,0.0,36,39,37.5,53000.0,True,2021HU0344249,17
3,72700.0,4700.0,15.46808510638298,73,71,72.0,77400.0,True,2021HU0344652,7
1,100000.0,100000.0,1.0,33,32,32.5,200000.0,True,2021HU0344793,11
1,21600.0,24000.0,1.1111111111111112,60,59,59.5,45600.0,False,2021HU0345342,11
1,71900.0,58300.0,1.2332761578044598,67,66,66.5,130200.0,True,2021HU0345475,20
1,75000.0,65000.0,1.1538461538461537,40,41,40.5,140000.0,True,2021HU0346725,10
0,10100.0,9400.0,1.074468085106383,77,84,80.5,19500.0,True,2021HU0347382,38
4,4.0,94000.0,23500.0,34,35,34.5,94004.0,True,2021HU0347598,30
5,90000.0,8500.0,10.588235294117647,22,22,22.0,98500.0,True,2021HU0349920,58
0,30100.0,67900.0,2.255813953488372,72,75,73.5,98000.0,True,2021HU0350087,7
1,14000.0,48000.0,3.4285714285714284,40,41,40.5,62000.0,True,2021HU0350270,3
3,20400.0,3700.0,5.513513513513513,40,42,41.0,24100.0,True,2021HU0350455,36
1,124000.0,40000.0,3.1,45,40,42.5,164000.0,True,2021HU0350986,17
0,25000.0,30000.0,1.2,31,34,32.5,55000.0,True,2021HU0351787,26
1,48000.0,10400.0,4.615384615384615,42,37,39.5,58400.0,True,2021HU0351847,24
2,200000.0,70000.0,2.857142857142857,44,46,45.0,270000.0,True,2021HU0351948,23
0,52800.0,25000.0,2.112,80,69,74.5,77800.0,True,2021HU0352291,4
3,120000.0,0.0,0.0,54,54,54.0,120000.0,True,2021HU0354453,21
1,64000.0,57000.0,1.1228070175438596,40,47,43.5,121000.0,True,2021HU0354526,4
2,74630.0,14210.0,5.2519352568613655,77,83,80.0,88840.0,True,2021HU0355981,15
6,386400.0,14400.0,26.833333333333332,79,74,76.5,400800.0,False,2021HU0356553,6
0,48600.0,0.0,0.0,65,56,60.5,48600.0,True,2021HU0357228,9
1,84000.0,52400.0,1.6030534351145038,40,45,42.5,136400.0,True,2021HU0357483,15
3,407000.0,100000.0,4.07,47,57,52.0,507000.0,True,2021HU0358034,6
0,21000.0,46200.0,2.2,70,73,71.5,67200.0,True,2021HU0358083,12
0,70000.0,33700.0,2.077151335311573,27,37,32.0,103700.0,True,2021HU0358480,8
2,206000.0,110000.0,1.8727272727272728,46,51,48.5,316000.0,True,2021HU0358551,16
3,0.0,120000.0,0.0,44,41,42.5,120000.0,True,2021HU0358925,7
3,121000.0,0.0,0.0,52,48,50.0,121000.0,True,2021HU0359661,18
7,120000.0,1000.0,120.0,46,47,46.5,121000.0,True,2021HU0359718,15
1,56000.0,76000.0,1.3571428571428572,32,31,31.5,132000.0,True,2021HU0360371,15
0,35000.0,15400.0,2.272727272727273,69,69,69.0,50400.0,True,2021HU0360810,9
8,202000.0,1200.0,168.33333333333334,66,66,66.0,203200.0,True,2021HU0361323,12
1,60000.0,15000.0,4.0,41,39,40.0,75000.0,True,2021HU0361977,7
4,496000.0,57000.0,8.701754385964913,66,59,62.5,553000.0,True,2021HU0362155,7
1,88000.0,92900.0,1.0556818181818182,54,54,54.0,180900.0,True,2021HU0364061,14
0,42000.0,30300.0,1.386138613861386,67,71,69.0,72300.0,True,2021HU0364247,17
1,70000.0,55000.0,1.2727272727272727,48,54,51.0,125000.0,True,2021HU0365535,21
0,93000.0,0.0,0.0,42,27,34.5,93000.0,True,2021HU0365588,109
3,41900.0,13000.0,3.223076923076923,62,21,41.5,54900.0,True,2021HU0365703,9
1,87000.0,29900.0,2.9096989966555182,75,58,66.5,116900.0,True,2021HU0366718,1
3,70000.0,109000.0,1.5571428571428572,28,30,29.0,179000.0,False,2021HU0366939,16
0,65140.0,49050.0,1.328032619775739,58,50,54.0,114190.0,True,2021HU0367381,18
2,57200.0,9600.0,5.958333333333333,72,69,70.5,66800.0,True,2021HU0368739,70
0,57000.0,27500.0,2.0727272727272728,60,66,63.0,84500.0,True,2021HU0368975,23
1,55000.0,87000.0,1.5818181818181818,41,44,42.5,142000.0,True,2021HU0370078,15
0,11200.0,20400.0,1.8214285714285714,70,76,73.0,31600.0,True,2021HU0371784,3
1,79700.0,62600.0,1.2731629392971247,66,53,59.5,142300.0,True,2021HU0372226,12
1,9300.0,19800.0,2.129032258064516,87,82,84.5,29100.0,True,2021HU0372798,9
8,240000.0,8000.0,30.0,46,40,43.0,248000.0,True,2021HU0375512,34
2,60000.0,115000.0,1.9166666666666667,39,43,41.0,175000.0,True,2021HU0375912,18
0,90000.0,50000.0,1.8,62,58,60.0,140000.0,True,2021HU0376118,9
2,188200.0,82500.0,2.2812121212121212,79,79,79.0,270700.0,True,2021HU0376827,16
2,15000.0,102000.0,6.8,51,47,49.0,117000.0,True,2021HU0377206,40
0,23500.0,40000.0,1.702127659574468,45,49,47.0,63500.0,True,2021HU0377612,42
0,2000.0,800.0,2.5,64,65,64.5,2800.0,True,2021HU0377883,25
4,721000.0,41000.0,17.585365853658537,74,72,73.0,762000.0,True,2021HU0378557,8
2,18000.0,18000.0,1.0,22,22,22.0,36000.0,True,2021HU0378616,9
1,70000.0,60000.0,1.1666666666666667,47,52,49.5,130000.0,True,2021HU0379056,23
3,190100.0,30800.0,6.172077922077922,69,80,74.5,220900.0,True,2021HU0380382,12
2,170330.0,66000.0,2.5807575757575756,70,71,70.5,236330.0,True,2021HU0381547,19
0,22900.0,28700.0,1.2532751091703056,67,77,72.0,51600.0,True,2021HU0382115,13
1,75000.0,115000.0,1.5333333333333334,31,29,30.0,190000.0,True,2021HU0382712,21
1,30000.0,15350.0,1.9543973941368078,70,70,70.0,45350.0,False,2021HU0382876,12
3,13000.0,174000.0,13.384615384615385,59,55,57.0,187000.0,True,2021HU0383082,3
1,70000.0,0.0,0.0,34,34,34.0,70000.0,True,2021HU0383250,14
1,35000.0,35000.0,1.0,30,28,29.0,70000.0,True,2021HU0383835,49
2,200000.0,150000.0,1.3333333333333333,39,39,39.0,350000.0,True,2021HU0384347,14
1,15000.0,0.0,0.0,30,32,31.0,15000.0,True,2021HU0384408,16
2,83000.0,16000.0,5.1875,57,56,56.5,99000.0,True,2021HU0384788,18
0,48000.0,52300.0,1.0895833333333333,73,73,73.0,100300.0,True,2021HU0384888,18
1,105000.0,23700.0,4.430379746835443,62,57,59.5,128700.0,True,2021HU0385874,23
0,70000.0,0.0,0.0,48,60,54.0,70000.0,True,2021HU0386278,27
0,37000.0,35000.0,1.0571428571428572,51,51,51.0,72000.0,True,2021HU0386404,2
0,45000.0,21000.0,2.142857142857143,42,41,41.5,66000.0,True,2021HU0387037,66
0,19600.0,23400.0,1.1938775510204083,55,55,55.0,43000.0,True,2021HU0387212,13
0,73000.0,31000.0,2.3548387096774195,37,38,37.5,104000.0,True,2021HU0387466,71
0,56000.0,25000.0,2.24,56,52,54.0,81000.0,True,2021HU0387874,11
0,54100.0,35000.0,1.5457142857142858,69,74,71.5,89100.0,True,2021HU0387996,24
4,31200.0,5000.0,6.24,20,19,19.5,36200.0,True,2021HU0388558,42
0,60000.0,0.0,0.0,33,36,34.5,60000.0,True,2021HU0388570,33
0,16200.0,34300.0,2.117283950617284,58,49,53.5,50500.0,True,2021HU0388919,8
0,50000.0,48000.0,1.0416666666666667,60,63,61.5,98000.0,True,2021HU0389493,12
0,0.0,72000.0,0.0,64,62,63.0,72000.0,True,2021HU0389551,24
1,8810.0,32000.0,3.6322360953461974,73,66,69.5,40810.0,True,2021HU0390038,15
1,71800.0,58000.0,1.2379310344827585,74,72,73.0,129800.0,True,2021HU0390089,7
1,85000.0,85000.0,1.0,56,52,54.0,170000.0,True,2021HU0390667,8
0,40000.0,0.0,0.0,63,59,61.0,40000.0,True,2021HU0391323,11
1,59000.0,18000.0,3.2777777777777777,56,56,56.0,77000.0,True,2021HU0392069,4
0,20600.0,52000.0,2.5242718446601944,74,72,73.0,72600.0,True,2021HU0392271,6
3,90000.0,407000.0,4.522222222222222,48,49,48.5,497000.0,True,2021HU0392354,13
1,52000.0,54000.0,1.0384615384615385,74,75,74.5,106000.0,True,2021HU0392990,8
1,53100.0,0.0,0.0,72,61,66.5,53100.0,False,2021HU0393154,29
0,73000.0,0.0,0.0,38,44,41.0,73000.0,True,2021HU0393297,59
2,65000.0,60000.0,1.0833333333333333,29,28,28.5,125000.0,True,2021HU0393639,26
2,97000.0,40000.0,2.425,35,32,33.5,137000.0,False,2021HU0393659,15
0,63870.0,50000.0,1.2774,58,52,55.0,113870.0,True,2021HU0395173,26
0,16100.0,10000.0,1.61,71,57,64.0,26100.0,True,2021HU0395669,12
3,96000.0,90000.0,1.0666666666666667,71,42,56.5,186000.0,False,2021HU0395861,9
0,35000.0,36600.0,1.0457142857142858,64,73,68.5,71600.0,True,2021HU0397368,14
2,75000.0,10700.0,7.009345794392523,41,40,40.5,85700.0,True,2021HU0397373,14
1,55400.0,18000.0,3.077777777777778,81,82,81.5,73400.0,True,2021HU0397601,11
4,35000.0,3800.0,9.210526315789474,30,54,42.0,38800.0,False,2021HU0398340,28
1,108400.0,90000.0,1.2044444444444444,39,40,39.5,198400.0,True,2021HU0399131,18
0,42800.0,106170.0,2.480607476635514,69,71,70.0,148970.0,True,2021HU0400443,8
0,4000.0,10100.0,2.525,79,79,79.0,14100.0,True,2021HU0400501,5
1,54900.0,18200.0,3.0164835164835164,72,64,68.0,73100.0,True,2021HU0400545,13
1,34800.0,125000.0,3.5919540229885056,51,43,47.0,159800.0,True,2021HU0400770,17
1,20000.0,58000.0,2.9,46,44,45.0,78000.0,True,2021HU0401708,18
0,20000.0,0.0,0.0,57,56,56.5,20000.0,True,2021HU0402540,12
0,76000.0,44000.0,1.7272727272727273,51,51,51.0,120000.0,True,2021HU0403228,12
2,9400.0,51000.0,5.425531914893617,79,82,80.5,60400.0,True,2021HU0403590,47
4,378000.0,100000.0,3.78,62,33,47.5,478000.0,True,2021HU0404322,19
0,62000.0,36000.0,1.7222222222222223,35,35,35.0,98000.0,True,2021HU0405138,40
4,279000.0,18000.0,15.5,85,72,78.5,297000.0,True,2021HU0406112,9
0,32800.0,33400.0,1.0182926829268293,65,65,65.0,66200.0,True,2021HU0406225,13
0,9500.0,3900.0,2.4358974358974357,90,83,86.5,13400.0,True,2021HU0407155,15
1,30000.0,13000.0,2.3076923076923075,32,29,30.5,43000.0,False,2021HU0408975,3
0,46000.0,49700.0,1.0804347826086957,63,62,62.5,95700.0,True,2021HU0409334,7
4,329000.0,20500.0,16.048780487804876,71,75,73.0,349500.0,True,2021HU0409451,19
3,160000.0,80800.0,1.9801980198019802,63,64,63.5,240800.0,True,2021HU0409459,2
0,90000.0,46700.0,1.9271948608137044,36,34,35.0,136700.0,True,2021HU0409591,30
1,119000.0,37000.0,3.2162162162162162,55,56,55.5,156000.0,True,2021HU0409777,10
1,72400.0,122400.0,1.6906077348066297,50,51,50.5,194800.0,True,2021HU0409885,6
0,34500.0,74100.0,2.1478260869565218,75,80,77.5,108600.0,True,2021HU0410280,42
1,90000.0,80000.0,1.125,52,55,53.5,170000.0,True,2021HU0410937,11
1,36400.0,51000.0,1.401098901098901,50,50,50.0,87400.0,False,2021HU0411088,4
1,89000.0,0.0,0.0,54,34,44.0,89000.0,True,2021HU0411345,20
2,0.0,41000.0,0.0,76,42,59.0,41000.0,False,2021HU0411491,3
4,39000.0,407000.0,10.435897435897436,34,35,34.5,446000.0,True,2021HU0411824,24
4,4300.0,76000.0,17.674418604651162,29,29,29.0,80300.0,True,2021HU0412101,17
1,46300.0,30000.0,1.5433333333333332,37,40,38.5,76300.0,True,2021HU0412115,23
1,5020.0,15600.0,3.1075697211155378,79,76,77.5,20620.0,True,2021HU0413576,9
3,2800.0,53000.0,18.928571428571427,62,65,63.5,55800.0,True,2021HU0413793,25
0,40000.0,42000.0,1.05,35,38,36.5,82000.0,True,2021HU0413848,19
3,135000.0,0.0,0.0,53,50,51.5,135000.0,True,2021HU0414303,18
1,25000.0,58800.0,2.352,25,25,25.0,83800.0,True,2021HU0415089,12
0,44400.0,44670.0,1.0060810810810812,75,73,74.0,89070.0,True,2021HU0415290,28
2,113200.0,19100.0,5.9267015706806285,59,71,65.0,132300.0,True,2021HU0415608,14
3,0.0,135000.0,0.0,56,63,59.5,135000.0,True,2021HU0415699,14
0,75000.0,46600.0,1.609442060085837,37,37,37.0,121600.0,True,2021HU0416051,12
4,2000.0,47000.0,23.5,86,86,86.0,49000.0,True,2021HU0416133,12
4,109500.0,0.0,0.0,50,42,46.0,109500.0,False,2021HU0416136,34
0,40060.0,15400.0,2.601298701298701,82,67,74.5,55460.0,True,2021HU0416433,13
2,33000.0,6500.0,5.076923076923077,47,45,46.0,39500.0,True,2021HU0416963,14
4,34600.0,382800.0,11.063583815028903,78,77,77.5,417400.0,True,2021HU0417510,21
0,32200.0,14000.0,2.3,95,90,92.5,46200.0,True,2021HU0417589,11
1,62000.0,20000.0,3.1,47,45,46.0,82000.0,True,2021HU0418462,13
3,104100.0,411000.0,3.9481268011527377,77,77,77.0,515100.0,True,2021HU0418595,15
3,524000.0,125000.0,4.192,33,31,32.0,649000.0,True,2021HU0418808,27
1,9800.0,2000.0,4.9,55,48,51.5,11800.0,True,2021HU0419543,7
2,25000.0,12000.0,2.0833333333333335,21,19,20.0,37000.0,True,2021HU0419751,22
2,93600.0,113000.0,1.2072649572649572,62,63,62.5,206600.0,True,2021HU0419984,11
1,70000.0,40000.0,1.75,29,26,27.5,110000.0,True,2021HU0420134,41
3,0.0,120000.0,0.0,42,46,44.0,120000.0,True,2021HU0420568,21
0,80000.0,0.0,0.0,35,33,34.0,80000.0,True,2021HU0420928,9
1,75000.0,104000.0,1.3866666666666667,53,55,54.0,179000.0,True,2021HU0420972,12
2,156000.0,88000.0,1.7727272727272727,49,48,48.5,244000.0,True,2021HU0421207,8
3,65030.0,10000.0,6.503,33,33,33.0,75030.0,False,2021HU0421296,13
2,155300.0,125000.0,1.2424,51,49,50.0,280300.0,True,2021HU0421979,13
2,9000.0,50000.0,5.555555555555555,51,42,46.5,59000.0,True,2021HU0422605,8
1,120000.0,30000.0,4.0,33,31,32.0,150000.0,True,2021HU0422940,24
0,1600.0,0.0,0.0,41,36,38.5,1600.0,True,2021HU0423143,25
2,6000.0,44000.0,7.333333333333333,40,44,42.0,50000.0,True,2021HU0423222,17
0,0.0,78000.0,0.0,32,31,31.5,78000.0,True,2021HU0423830,22
9,345900.0,7500.0,46.12,72,68,70.0,353400.0,True,2021HU0423891,21
0,50000.0,102800.0,2.056,65,70,67.5,152800.0,True,2021HU0423948,7
1,100000.0,88000.0,1.1363636363636365,61,62,61.5,188000.0,True,2021HU0425092,16
2,134000.0,73450.0,1.8243703199455412,52,57,54.5,207450.0,True,2021HU0425190,12
1,33000.0,9720.0,3.3950617283950617,75,70,72.5,42720.0,True,2021HU0426071,7
0,65000.0,0.0,0.0,53,53,53.0,65000.0,True,2021HU0426181,27
3,40000.0,10000.0,4.0,24,23,23.5,50000.0,True,2021HU0426266,16
4,80000.0,3000.0,26.666666666666668,71,62,66.5,83000.0,True,2021HU0426550,8
1,68080.0,68390.0,1.0045534665099882,78,76,77.0,136470.0,True,2021HU0426590,13
0,53100.0,20000.0,2.655,71,58,64.5,73100.0,True,2021HU0426633,28
2,58000.0,156000.0,2.689655172413793,66,63,64.5,214000.0,True,2021HU0427362,19
0,19700.0,46100.0,2.3401015228426396,68,71,69.5,65800.0,True,2021HU0427783,5
1,90000.0,85000.0,1.0588235294117647,49,46,47.5,175000.0,True,2021HU0428835,9
0,20000.0,36900.0,1.845,59,68,63.5,56900.0,True,2021HU0428995,4
0,27000.0,21600.0,1.25,51,54,52.5,48600.0,True,2021HU0429158,3
0,66700.0,29300.0,2.2764505119453924,69,65,67.0,96000.0,True,2021HU0429160,12
1,35500.0,40000.0,1.1267605633802817,67,67,67.0,75500.0,True,2021HU0429385,2
0,21100.0,50600.0,2.3981042654028437,72,72,72.0,71700.0,True,2021HU0429435,8
1,40050.0,32000.0,1.2515625,58,57,57.5,72050.0,True,2021HU0429654,17
1,100000.0,40900.0,2.444987775061125,25,25,25.0,140900.0,True,2021HU0429656,22
0,20000.0,0.0,0.0,43,44,43.5,20000.0,True,2021HU0429746,16
2,133600.0,28000.0,4.771428571428571,55,54,54.5,161600.0,False,2021HU0430601,19
0,78000.0,0.0,0.0,34,33,33.5,78000.0,True,2021HU0430648,17
1,72000.0,93000.0,1.2916666666666667,35,37,36.0,165000.0,True,2021HU0430853,14
1,77400.0,59000.0,1.311864406779661,88,87,87.5,136400.0,True,2021HU0430870,14
1,30000.0,100000.0,3.3333333333333335,39,40,39.5,130000.0,True,2021HU0431120,68
0,103200.0,36700.0,2.811989100817439,65,70,67.5,139900.0,True,2021HU0432361,25
1,0.0,96000.0,0.0,56,56,56.0,96000.0,True,2021HU0432517,7
4,407050.0,58000.0,7.018103448275862,59,55,57.0,465050.0,True,2021HU0432657,15
1,110500.0,85500.0,1.2923976608187135,56,57,56.5,196000.0,True,2021HU0433271,33
1,20000.0,70000.0,3.5,58,53,55.5,90000.0,True,2021HU0433496,12
1,73300.0,24000.0,3.0541666666666667,68,70,69.0,97300.0,True,2021HU0434062,11
3,385000.0,45000.0,8.555555555555555,63,62,62.5,430000.0,True,2021HU0434321,35
0,40000.0,24000.0,1.6666666666666667,45,48,46.5,64000.0,True,2021HU0434367,38
1,110000.0,27300.0,4.029304029304029,58,64,61.0,137300.0,True,2021HU0434429,43
0,24600.0,28600.0,1.1626016260162602,68,62,65.0,53200.0,True,2021HU0435608,11
1,25900.0,106000.0,4.0926640926640925,62,66,64.0,131900.0,True,2021HU0436492,5
4,2600.0,90000.0,34.61538461538461,30,32,31.0,92600.0,True,2021HU0436896,37
0,22800.0,0.0,0.0,59,57,58.0,22800.0,True,2021HU0437661,13
0,40000.0,0.0,0.0,40,43,41.5,40000.0,True,2021HU0438064,6
0,7200.0,7400.0,1.0277777777777777,88,83,85.5,14600.0,True,2021HU0438192,25
3,75000.0,6800.0,11.029411764705882,61,53,57.0,81800.0,True,2021HU0438550,23
1,54100.0,60000.0,1.1090573012939002,66,60,63.0,114100.0,True,2021HU0438657,14
1,79900.0,35800.0,2.2318435754189943,50,54,52.0,115700.0,True,2021HU0438954,21
0,26000.0,36000.0,1.3846153846153846,64,77,70.5,62000.0,True,2021HU0439293,23
0,96000.0,0.0,0.0,55,56,55.5,96000.0,True,2021HU0439906,23
0,37000.0,18600.0,1.989247311827957,79,68,73.5,55600.0,True,2021HU0440735,9
7,6000.0,173000.0,28.833333333333332,31,33,32.0,179000.0,True,2021HU0440804,24
2,89000.0,14000.0,6.357142857142857,40,44,42.0,103000.0,True,2021HU0440965,66
0,30000.0,0.0,0.0,39,51,45.0,30000.0,True,2021HU0441481,32
2,80000.0,65000.0,1.2307692307692308,32,46,39.0,145000.0,True,2021HU0442853,14
0,46200.0,68600.0,1.4848484848484849,64,71,67.5,114800.0,True,2021HU0442965,14
3,208900.0,39700.0,5.261964735516373,70,68,69.0,248600.0,True,2021HU0443204,21
2,23000.0,87000.0,3.782608695652174,54,54,54.0,110000.0,True,2021HU0443253,23
1,30200.0,8400.0,3.5952380952380953,65,55,60.0,38600.0,True,2021HU0443456,5
3,292000.0,272000.0,1.0735294117647058,73,73,73.0,564000.0,False,2021HU0444304,25
1,76600.0,69200.0,1.106936416184971,71,68,69.5,145800.0,True,2021HU0444567,5
0,63800.0,34000.0,1.8764705882352941,45,51,48.0,97800.0,True,2021HU0445748,2
8,120000.0,2000.0,60.0,54,41,47.5,122000.0,True,2021HU0445833,14
0,82300.0,43200.0,1.9050925925925926,69,65,67.0,125500.0,True,2021HU0445852,15
1,67130.0,21600.0,3.1078703703703705,59,56,57.5,88730.0,True,2021HU0446300,2
2,96000.0,79000.0,1.2151898734177216,58,46,52.0,175000.0,False,2021HU0446319,36
4,12000.0,136500.0,11.375,73,71,72.0,148500.0,True,2021HU0446802,12
4,28400.0,405400.0,14.274647887323944,49,52,50.5,433800.0,True,2021HU0446901,12
2,22000.0,89000.0,4.045454545454546,49,51,50.0,111000.0,True,2021HU0448082,20
2,56000.0,52600.0,1.064638783269962,51,69,60.0,108600.0,True,2021HU0448247,13
0,87000.0,41100.0,2.116788321167883,71,58,64.5,128100.0,True,2021HU0448325,15
0,38000.0,0.0,0.0,52,51,51.5,38000.0,True,2021HU0448378,23
2,127000.0,36000.0,3.5277777777777777,80,79,79.5,163000.0,True,2021HU0448791,14
1,36200.0,49100.0,1.356353591160221,71,68,69.5,85300.0,True,2021HU0449311,18
1,60000.0,31700.0,1.8927444794952681,35,36,35.5,91700.0,False,2021HU0449836,5
0,20900.0,59400.0,2.8421052631578947,71,75,73.0,80300.0,True,2021HU0449989,10
2,149000.0,81000.0,1.8395061728395061,74,74,74.0,230000.0,True,2021HU0450107,13
0,56000.0,42110.0,1.329850391830919,66,63,64.5,98110.0,True,2021HU0450249,3
1,100000.0,50100.0,1.996007984031936,66,66,66.0,150100.0,True,2021HU0450774,12
0,40600.0,80000.0,1.9704433497536946,36,30,33.0,120600.0,True,2021HU0451006,9
0,50000.0,60000.0,1.2,54,64,59.0,110000.0,True,2021HU0452977,23
3,407000.0,407000.0,1.0,40,63,51.5,814000.0,True,2021HU0453153,54
2,88600.0,9800.0,9.040816326530612,68,69,68.5,98400.0,True,2021HU0453324,13
1,81900.0,45400.0,1.803964757709251,76,75,75.5,127300.0,True,2021HU0453420,11
3,388000.0,122000.0,3.180327868852459,60,63,61.5,510000.0,True,2021HU0453701,7
0,77000.0,40000.0,1.925,40,42,41.0,117000.0,True,2021HU0453849,34
2,148000.0,64600.0,2.291021671826625,57,59,58.0,212600.0,True,2021HU0454293,7
0,0.0,62600.0,0.0,75,67,71.0,62600.0,True,2021HU0454507,14
2,19100.0,3400.0,5.617647058823529,68,65,66.5,22500.0,True,2021HU0454694,17
2,21200.0,112030.0,5.284433962264151,62,62,62.0,133230.0,True,2021HU0455281,9
7,165000.0,5100.0,32.35294117647059,63,63,63.0,170100.0,True,2021HU0455821,12
0,40000.0,35000.0,1.1428571428571428,60,57,58.5,75000.0,True,2021HU0456352,2
4,93000.0,2300.0,40.43478260869565,42,44,43.0,95300.0,True,2021HU0456563,71
6,10800.0,230000.0,21.296296296296298,64,67,65.5,240800.0,True,2021HU0456608,33
1,27900.0,110600.0,3.96415770609319,68,72,70.0,138500.0,True,2021HU0457648,12
1,150000.0,41000.0,3.658536585365854,57,46,51.5,191000.0,True,2021HU0459343,13
0,5900.0,11500.0,1.9491525423728813,38,44,41.0,17400.0,True,2021HU0459540,16
1,59000.0,50000.0,1.18,44,37,40.5,109000.0,False,2021HU0459968,14
1,26800.0,15000.0,1.7866666666666666,73,51,62.0,41800.0,True,2021HU0460480,7
4,1000.0,48800.0,48.8,39,37,38.0,49800.0,True,2021HU0460641,17
0,0.0,100000.0,0.0,52,49,50.5,100000.0,True,2021HU0461121,13
1,65000.0,130000.0,2.0,50,55,52.5,195000.0,True,2021HU0462309,6
1,137200.0,28000.0,4.9,69,70,69.5,165200.0,True,2021HU0462372,7
3,56500.0,187800.0,3.3238938053097344,70,70,70.0,244300.0,True,2021HU0462804,34
1,18000.0,60000.0,3.3333333333333335,60,58,59.0,78000.0,True,2021HU0462837,6
1,0.0,30000.0,0.0,46,42,44.0,30000.0,True,2021HU0464725,28
9,314000.0,400.0,785.0,62,57,59.5,314400.0,True,2021HU0464841,40
2,151400.0,78000.0,1.941025641025641,67,72,69.5,229400.0,True,2021HU0465358,11
2,140800.0,122800.0,1.1465798045602607,47,47,47.0,263600.0,True,2021HU0465413,16
0,75150.0,40000.0,1.87875,69,62,65.5,115150.0,True,2021HU0465849,12
0,11800.0,7500.0,1.5733333333333333,73,71,72.0,19300.0,True,2021HU0465890,18
2,170000.0,112000.0,1.5178571428571428,49,49,49.0,282000.0,True,2021HU0466023,13
2,52400.0,15100.0,3.4701986754966887,67,67,67.0,67500.0,True,2021HU0466726,14
0,30000.0,70000.0,2.3333333333333335,41,42,41.5,100000.0,True,2021HU0467277,15
0,31100.0,26200.0,1.1870229007633588,74,68,71.0,57300.0,True,2021HU0468669,22
0,99200.0,36000.0,2.7555555555555555,71,62,66.5,135200.0,True,2021HU0469051,4
0,35000.0,0.0,0.0,53,61,57.0,35000.0,True,2021HU0469377,7
3,85000.0,334000.0,3.929411764705882,87,81,84.0,419000.0,True,2021HU0469463,4
0,84000.0,49000.0,1.7142857142857142,35,34,34.5,133000.0,True,2021HU0469562,11
3,170000.0,0.0,0.0,39,37,38.0,170000.0,True,2021HU0469823,10
5,421000.0,57900.0,7.271157167530225,67,66,66.5,478900.0,True,2021HU0470016,13
1,75000.0,65000.0,1.1538461538461537,42,45,43.5,140000.0,True,2021HU0472410,2
0,45500.0,47900.0,1.0527472527472528,69,72,70.5,93400.0,True,2021HU0473227,13
2,113700.0,20700.0,5.492753623188406,70,68,69.0,134400.0,True,2021HU0473401,22
3,192000.0,0.0,0.0,54,64,59.0,192000.0,True,2021HU0473420,20
1,60000.0,124000.0,2.066666666666667,33,42,37.5,184000.0,True,2021HU0474785,15
3,0.0,160000.0,0.0,62,62,62.0,160000.0,True,2021HU0474862,11
1,70000.0,85000.0,1.2142857142857142,44,45,44.5,155000.0,True,2021HU0475563,29
0,0.0,2300.0,0.0,64,53,58.5,2300.0,True,2021HU0476476,17
2,60000.0,18000.0,3.3333333333333335,46,44,45.0,78000.0,True,2021HU0477845,12
0,18600.0,34300.0,1.8440860215053763,74,74,74.0,52900.0,True,2021HU0477877,4
0,35000.0,70000.0,2.0,42,42,42.0,105000.0,True,2021HU0479480,13
1,125000.0,35000.0,3.5714285714285716,86,84,85.0,160000.0,True,2021HU0479635,13
1,45800.0,147100.0,3.2117903930131004,82,78,80.0,192900.0,True,2021HU0480623,15
0,28000.0,30700.0,1.0964285714285715,51,50,50.5,58700.0,True,2021HU0482228,26
1,42000.0,69000.0,1.6428571428571428,42,41,41.5,111000.0,False,2021HU0483720,14
1,65000.0,52000.0,1.25,67,67,67.0,117000.0,True,2021HU0483847,19
5,324000.0,14800.0,21.89189189189189,39,39,39.0,338800.0,True,2021HU0484566,12
1,66800.0,66800.0,1.0,72,68,70.0,133600.0,True,2021HU0484895,19
0,0.0,1700.0,0.0,52,48,50.0,1700.0,True,2021HU0485177,72
1,101000.0,60000.0,1.6833333333333333,65,64,64.5,161000.0,True,2021HU0485922,20
2,81200.0,14100.0,5.75886524822695,74,77,75.5,95300.0,True,2021HU0486226,47
3,58140.0,3000.0,19.38,43,34,38.5,61140.0,True,2021HU0487314,17
0,33800.0,46500.0,1.3757396449704142,67,78,72.5,80300.0,True,2021HU0487395,10
2,40000.0,200000.0,5.0,50,49,49.5,240000.0,True,2021HU0488212,12
0,35400.0,45000.0,1.271186440677966,48,43,45.5,80400.0,True,2021HU0489842,39
1,83000.0,74000.0,1.1216216216216217,51,57,54.0,157000.0,True,2021HU0490034,5
0,29200.0,39800.0,1.3630136986301369,77,77,77.0,69000.0,True,2021HU0490200,16
2,85000.0,9000.0,9.444444444444445,59,62,60.5,94000.0,True,2021HU0490271,4
3,43000.0,3200.0,13.4375,56,56,56.0,46200.0,True,2021HU0490511,16
2,3200.0,12800.0,4.0,68,64,66.0,16000.0,False,2021HU0490762,19
1,62000.0,55300.0,1.1211573236889694,70,72,71.0,117300.0,True,2021HU0491038,13
4,407000.0,28000.0,14.535714285714286,36,45,40.5,435000.0,True,2021HU0491143,22
4,200.0,12000.0,60.0,33,35,34.0,12200.0,True,2021HU0491491,18
0,66000.0,44400.0,1.4864864864864864,74,74,74.0,110400.0,True,2021HU0491702,13
0,88000.0,33700.0,2.6112759643916914,60,60,60.0,121700.0,True,2021HU0491984,53
3,150400.0,21600.0,6.962962962962963,56,72,64.0,172000.0,True,2021HU0492256,5
2,66000.0,68000.0,1.0303030303030303,33,30,31.5,134000.0,True,2021HU0492267,13
1,88000.0,70000.0,1.2571428571428571,67,63,65.0,158000.0,True,2021HU0492913,13
1,9200.0,32100.0,3.489130434782609,68,76,72.0,41300.0,True,2021HU0493088,14
2,130000.0,95000.0,1.368421052631579,43,43,43.0,225000.0,True,2021HU0493788,12
2,135000.0,25000.0,5.4,60,59,59.5,160000.0,True,2021HU0494859,13
1,57000.0,44000.0,1.2954545454545454,52,53,52.5,101000.0,True,2021HU0495179,13
0,67000.0,43800.0,1.5296803652968036,65,63,64.0,110800.0,True,2021HU0495483,10
5,2600.0,94000.0,36.15384615384615,63,61,62.0,96600.0,False,2021HU0495744,5
1,48000.0,35000.0,1.3714285714285714,56,46,51.0,83000.0,False,2021HU0495841,44
1,35000.0,123000.0,3.5142857142857142,36,46,41.0,158000.0,True,2021HU0496033,4
2,534000.0,200000.0,2.67,57,48,52.5,734000.0,True,2021HU0496839,13
2,140000.0,60000.0,2.3333333333333335,57,41,49.0,200000.0,True,2021HU0497072,49
3,100000.0,407000.0,4.07,44,46,45.0,507000.0,True,2021HU0497123,23
1,19200.0,9600.0,2.0,51,48,49.5,28800.0,False,2021HU0497851,21
1,32000.0,32000.0,1.0,56,56,56.0,64000.0,True,2021HU0497909,5
1,47000.0,57000.0,1.2127659574468086,34,34,34.0,104000.0,True,2021HU0497919,15
1,81600.0,68000.0,1.2,70,70,70.0,149600.0,True,2021HU0498221,13
1,115000.0,26000.0,4.423076923076923,69,62,65.5,141000.0,True,2021HU0498415,9
2,72000.0,130000.0,1.8055555555555556,45,43,44.0,202000.0,True,2021HU0499893,24
4,407000.0,0.0,0.0,53,51,52.0,407000.0,True,2021HU0500978,12
1,52400.0,65000.0,1.2404580152671756,62,61,61.5,117400.0,True,2021HU0502665,4
0,48400.0,31400.0,1.5414012738853504,66,66,66.0,79800.0,True,2021HU0503055,14
0,40000.0,70000.0,1.75,40,50,45.0,110000.0,True,2021HU0503271,21
1,35000.0,18700.0,1.8716577540106951,59,60,59.5,53700.0,False,2021HU0503472,2
1,22200.0,43200.0,1.945945945945946,71,69,70.0,65400.0,True,2021HU0503484,12
1,13100.0,60000.0,4.580152671755725,41,41,41.0,73100.0,True,2021HU0504115,105
0,8000.0,11300.0,1.4125,53,38,45.5,19300.0,True,2021HU0505089,12
4,49600.0,1720.0,28.837209302325583,64,61,62.5,51320.0,True,2021HU0505190,11
0,39000.0,50800.0,1.3025641025641026,63,66,64.5,89800.0,True,2021HU0505344,18
0,8480.0,17180.0,2.025943396226415,70,70,70.0,25660.0,True,2021HU0505696,6
1,11100.0,53000.0,4.774774774774775,64,62,63.0,64100.0,True,2021HU0505840,12
0,24000.0,20000.0,1.2,54,52,53.0,44000.0,True,2021HU0506731,15
1,58000.0,15000.0,3.8666666666666667,37,34,35.5,73000.0,True,2021HU0508299,11
3,407000.0,90000.0,4.522222222222222,50,58,54.0,497000.0,True,2021HU0508519,57
0,9600.0,0.0,0.0,66,64,65.0,9600.0,True,2021HU0509059,10
1,85000.0,20000.0,4.25,42,36,39.0,105000.0,True,2021HU0509362,16
0,37200.0,63700.0,1.7123655913978495,74,73,73.5,100900.0,True,2021HU0509555,13
0,73400.0,0.0,0.0,44,36,40.0,73400.0,True,2021HU0509929,25
1,56000.0,24000.0,2.3333333333333335,50,50,50.0,80000.0,False,2021HU0510490,72
1,32000.0,0.0,0.0,28,24,26.0,32000.0,True,2021HU0510842,25
0,37630.0,53940.0,1.4334307733191602,74,74,74.0,91570.0,True,2021HU0511233,14
3,44000.0,324000.0,7.363636363636363,62,65,63.5,368000.0,True,2021HU0511704,7
0,48400.0,29900.0,1.6187290969899666,68,69,68.5,78300.0,True,2021HU0511812,11
0,49000.0,24000.0,2.0416666666666665,33,46,39.5,73000.0,True,2021HU0512449,41
1,0.0,0.0,0.0,75,72,73.5,0.0,False,2021HU0513007,21
0,44600.0,47000.0,1.053811659192825,69,66,67.5,91600.0,True,2021HU0513666,6
0,91000.0,36000.0,2.5277777777777777,47,47,47.0,127000.0,True,2021HU0513832,4
4,756000.0,77500.0,9.754838709677419,36,47,41.5,833500.0,True,2021HU0514390,3
0,100000.0,38000.0,2.6315789473684212,62,62,62.0,138000.0,True,2021HU0515634,32
0,50000.0,107200.0,2.144,66,64,65.0,157200.0,True,2021HU0516153,18
1,81200.0,25000.0,3.248,62,67,64.5,106200.0,True,2021HU0516668,11
6,117000.0,9000.0,13.0,71,70,70.5,126000.0,True,2021HU0516778,18
3,9000.0,94800.0,10.533333333333333,74,88,81.0,103800.0,True,2021HU0517068,15
1,60000.0,98000.0,1.6333333333333333,61,56,58.5,158000.0,True,2021HU0518860,31
4,130000.0,0.0,0.0,50,50,50.0,130000.0,True,2021HU0519159,23
0,60000.0,0.0,0.0,64,60,62.0,60000.0,True,2021HU0519859,16
1,88200.0,40000.0,2.205,83,64,73.5,128200.0,True,2021HU0520663,5
1,13450.0,4320.0,3.113425925925926,47,48,47.5,17770.0,True,2021HU0521440,24
3,17400.0,70000.0,4.022988505747127,92,61,76.5,87400.0,False,2021HU0522889,43
3,61500.0,4500.0,13.666666666666666,56,49,52.5,66000.0,True,2021HU0522974,23
1,72500.0,72800.0,1.0041379310344827,69,66,67.5,145300.0,True,2021HU0522989,6
0,27500.0,30600.0,1.1127272727272728,55,49,52.0,58100.0,True,2021HU0523134,8
0,100000.0,48000.0,2.0833333333333335,50,48,49.0,148000.0,True,2021HU0524167,9
1,62400.0,123000.0,1.9711538461538463,84,78,81.0,185400.0,True,2021HU0524322,7
1,11920.0,7120.0,1.6741573033707866,48,53,50.5,19040.0,True,2021HU0525158,5
0,66200.0,0.0,0.0,44,43,43.5,66200.0,True,2021HU0525223,20
1,43200.0,24100.0,1.7925311203319503,48,66,57.0,67300.0,True,2021HU0525283,15
4,407000.0,55000.0,7.4,50,46,48.0,462000.0,True,2021HU0525909,15
0,70000.0,35000.0,2.0,34,32,33.0,105000.0,True,2021HU0526576,15
1,9600.0,7680.0,1.25,68,65,66.5,17280.0,False,2021HU0526852,10
0,45360.0,96000.0,2.1164021164021163,47,47,47.0,141360.0,True,2021HU0527437,13
0,25000.0,38000.0,1.52,45,54,49.5,63000.0,True,2021HU0528269,9
1,60000.0,60000.0,1.0,41,53,47.0,120000.0,True,2021HU0528510,29
5,505510.0,20800.0,24.303365384615386,66,54,60.0,526310.0,True,2021HU0529448,28
0,0.0,36000.0,0.0,48,47,47.5,36000.0,True,2021HU0529609,3
1,72000.0,18000.0,4.0,31,32,31.5,90000.0,True,2021HU0530203,12
0,18000.0,0.0,0.0,47,43,45.0,18000.0,True,2021HU0530279,16
0,29600.0,31000.0,1.0472972972972974,65,72,68.5,60600.0,True,2021HU0530685,15
0,45500.0,84000.0,1.8461538461538463,66,63,64.5,129500.0,True,2021HU0531141,13
0,18700.0,27000.0,1.4438502673796791,88,84,86.0,45700.0,True,2021HU0531915,21
0,-1600.0,32020.0,0.0,59,58,58.5,30420.0,True,2021HU0532394,11
0,46600.0,24200.0,1.9256198347107438,71,70,70.5,70800.0,True,2021HU0532400,7
0,50000.0,68000.0,1.36,58,59,58.5,118000.0,True,2021HU0533416,24
1,114100.0,29700.0,3.8417508417508417,72,71,71.5,143800.0,True,2021HU0533520,7
3,76300.0,4050.0,18.839506172839506,41,44,42.5,80350.0,True,2021HU0535470,25
0,63000.0,49000.0,1.2857142857142858,50,51,50.5,112000.0,True,2021HU0535494,26
3,101700.0,314220.0,3.089675516224189,71,70,70.5,415920.0,True,2021HU0537004,4
0,70000.0,41000.0,1.7073170731707317,47,46,46.5,111000.0,True,2021HU0537354,7
3,0.0,158000.0,0.0,28,32,30.0,158000.0,True,2021HU0538391,24
1,53000.0,98000.0,1.849056603773585,72,74,73.0,151000.0,True,2021HU0538761,12
2,102000.0,12000.0,8.5,57,55,56.0,114000.0,True,2021HU0539173,4
1,45800.0,32400.0,1.4135802469135803,70,80,75.0,78200.0,True,2021HU0539376,15
1,70800.0,90500.0,1.2782485875706215,71,66,68.5,161300.0,True,2021HU0539608,31
0,90000.0,0.0,0.0,33,34,33.5,90000.0,True,2021HU0540793,13
1,28000.0,103000.0,3.6785714285714284,34,41,37.5,131000.0,True,2021HU0542154,19
0,-1600.0,36000.0,0.0,42,51,46.5,34400.0,True,2021HU0542159,22
1,56200.0,70000.0,1.2455516014234875,49,49,49.0,126200.0,True,2021HU0543332,17
3,0.0,110000.0,0.0,34,36,35.0,110000.0,True,2021HU0543900,7
0,39000.0,39000.0,1.0,75,77,76.0,78000.0,True,2021HU0544160,68
2,24000.0,20000.0,1.2,66,47,56.5,44000.0,False,2021HU0545628,10
1,73400.0,56400.0,1.301418439716312,71,74,72.5,129800.0,True,2021HU0545703,4
1,12000.0,38000.0,3.1666666666666665,82,80,81.0,50000.0,True,2021HU0545801,9
2,193000.0,100000.0,1.93,42,42,42.0,293000.0,True,2021HU0545930,15
1,50000.0,11000.0,4.545454545454546,65,64,64.5,61000.0,True,2021HU0546758,20
3,134000.0,408000.0,3.044776119402985,43,44,43.5,542000.0,True,2021HU0547843,30
0,31800.0,14900.0,2.134228187919463,81,78,79.5,46700.0,True,2021HU0548051,6
0,32600.0,60000.0,1.8404907975460123,53,56,54.5,92600.0,True,2021HU0548159,7
0,45700.0,28560.0,1.600140056022409,74,74,74.0,74260.0,True,2021HU0548606,13
0,35000.0,62000.0,1.7714285714285714,44,43,43.5,97000.0,True,2021HU0548840,34
0,26000.0,15450.0,1.6828478964401294,57,61,59.0,41450.0,True,2021HU0550461,35
7,130000.0,4800.0,27.083333333333332,44,45,44.5,134800.0,True,2021HU0551019,7
2,150020.0,405400.0,2.702306359152113,35,43,39.0,555420.0,True,2021HU0551810,20
1,60800.0,22000.0,2.7636363636363637,47,55,51.0,82800.0,False,2021HU0552243,33
1,63000.0,38200.0,1.649214659685864,63,65,64.0,101200.0,True,2021HU0552282,15
0,55000.0,35000.0,1.5714285714285714,57,44,50.5,90000.0,True,2021HU0553623,35
2,162000.0,87000.0,1.8620689655172413,45,42,43.5,249000.0,True,2021HU0555558,7
4,4000.0,100000.0,25.0,30,33,31.5,104000.0,True,2021HU0555844,53
1,80000.0,110700.0,1.38375,74,70,72.0,190700.0,True,2021HU0556114,11
8,325000.0,1000.0,325.0,61,59,60.0,326000.0,True,2021HU0556136,8
1,26500.0,18300.0,1.4480874316939891,80,81,80.5,44800.0,True,2021HU0556295,16
3,46000.0,3300.0,13.93939393939394,70,78,74.0,49300.0,True,2021HU0557102,26
2,98000.0,155000.0,1.5816326530612246,42,45,43.5,253000.0,True,2021HU0557665,15
0,40000.0,0.0,0.0,34,30,32.0,40000.0,True,2021HU0558799,16
0,24000.0,61200.0,2.55,74,75,74.5,85200.0,True,2021HU0559077,74
1,21000.0,79000.0,3.761904761904762,57,65,61.0,100000.0,True,2021HU0560669,11
0,42000.0,100000.0,2.380952380952381,49,51,50.0,142000.0,True,2021HU0561480,15
0,0.0,0.0,0.0,69,73,71.0,0.0,True,2021HU0561756,3
2,81000.0,54000.0,1.5,60,54,57.0,135000.0,True,2021HU0562155,16
3,10000.0,140000.0,14.0,60,57,58.5,150000.0,True,2021HU0562190,19
3,134700.0,0.0,0.0,73,61,67.0,134700.0,True,2021HU0562217,8
4,15400.0,217000.0,14.090909090909092,70,72,71.0,232400.0,True,2021HU0562588,97
0,25700.0,9600.0,2.6770833333333335,81,82,81.5,35300.0,True,2021HU0563453,16
3,125000.0,0.0,0.0,52,59,55.5,125000.0,True,2021HU0563782,49
2,82000.0,20000.0,4.1,29,25,27.0,102000.0,True,2021HU0564459,7
0,100000.0,40000.0,2.5,59,59,59.0,140000.0,True,2021HU0564531,16
1,93000.0,73000.0,1.273972602739726,43,43,43.0,166000.0,True,2021HU0565400,30
1,57450.0,124000.0,2.158398607484769,36,37,36.5,181450.0,True,2021HU0567307,7
0,55000.0,0.0,0.0,33,33,33.0,55000.0,True,2021HU0567767,74
0,45500.0,58400.0,1.2835164835164836,59,58,58.5,103900.0,True,2021HU0568723,24
0,134000.0,48000.0,2.7916666666666665,62,60,61.0,182000.0,True,2021HU0569348,11
0,0.0,22600.0,0.0,58,54,56.0,22600.0,True,2021HU0570316,41
0,36000.0,44000.0,1.2222222222222223,50,53,51.5,80000.0,True,2021HU0570632,15
0,43000.0,40000.0,1.075,54,50,52.0,83000.0,True,2021HU0570641,17
0,6700.0,6200.0,1.0806451612903225,71,61,66.0,12900.0,True,2021HU0571299,6
1,85000.0,63000.0,1.3492063492063493,35,35,35.0,148000.0,True,2021HU0571732,9
2,457000.0,507000.0,1.1094091903719911,60,54,57.0,964000.0,True,2021HU0572097,15
2,80000.0,150000.0,1.875,44,49,46.5,230000.0,True,2021HU0572383,16
0,30100.0,75500.0,2.5083056478405314,65,62,63.5,105600.0,True,2021HU0573232,15
0,42000.0,60000.0,1.4285714285714286,33,37,35.0,102000.0,True,2021HU0573293,38
1,68000.0,68200.0,1.0029411764705882,73,69,71.0,136200.0,True,2021HU0573333,19
0,59000.0,29500.0,2.0,60,60,60.0,88500.0,True,2021HU0573518,12
1,15000.0,15200.0,1.0133333333333334,25,25,25.0,30200.0,True,2021HU0575116,54
2,169230.0,26400.0,6.410227272727273,74,73,73.5,195630.0,True,2021HU0575315,6
8,9900.0,206000.0,20.80808080808081,66,62,64.0,215900.0,True,2021HU0575763,8
0,40000.0,80000.0,2.0,65,67,66.0,120000.0,True,2021HU0577101,11
0,0.0,0.0,0.0,57,59,58.0,0.0,True,2021HU0578083,14
4,1200.0,38000.0,31.666666666666668,37,37,37.0,39200.0,True,2021HU0578195,56
1,37000.0,0.0,0.0,29,26,27.5,37000.0,True,2021HU0578249,19
0,0.0,100000.0,0.0,37,37,37.0,100000.0,True,2021HU0578365,25
1,60000.0,50000.0,1.2,38,37,37.5,110000.0,True,2021HU0578854,16
0,70000.0,50000.0,1.4,37,36,36.5,120000.0,True,2021HU0579141,14
0,41000.0,24000.0,1.7083333333333333,54,59,56.5,65000.0,True,2021HU0579356,29
0,35000.0,80000.0,2.2857142857142856,50,52,51.0,115000.0,True,2021HU0579635,30
0,0.0,45000.0,0.0,46,55,50.5,45000.0,True,2021HU0579855,7
1,80000.0,120000.0,1.5,37,37,37.0,200000.0,True,2021HU0581879,50
0,39000.0,96900.0,2.4846153846153847,72,62,67.0,135900.0,True,2021HU0581947,14
3,75600.0,20000.0,3.78,74,56,65.0,95600.0,False,2021HU0582667,14
0,40000.0,0.0,0.0,60,56,58.0,40000.0,True,2021HU0583038,8
1,63000.0,97000.0,1.5396825396825398,40,43,41.5,160000.0,True,2021HU0583112,7
4,65000.0,407000.0,6.2615384615384615,54,50,52.0,472000.0,True,2021HU0583115,6
0,33000.0,11000.0,3.0,66,70,68.0,44000.0,True,2021HU0583615,14
1,47300.0,0.0,0.0,66,34,50.0,47300.0,True,2021HU0584599,18
2,128000.0,98400.0,1.3008130081300813,65,64,64.5,226400.0,True,2021HU0585520,12
2,150000.0,26000.0,5.769230769230769,34,38,36.0,176000.0,True,2021HU0586090,15
0,36000.0,78000.0,2.1666666666666665,58,58,58.0,114000.0,True,2021HU0587204,14
5,277000.0,10000.0,27.7,57,46,51.5,287000.0,True,2021HU0587818,4
2,183800.0,45100.0,4.075388026607539,72,64,68.0,228900.0,True,2021HU0589275,19
1,75000.0,77600.0,1.0346666666666666,32,38,35.0,152600.0,True,2021HU0589445,47
3,169000.0,96600.0,1.7494824016563146,69,53,61.0,265600.0,True,2021HU0589918,10
5,1700.0,72000.0,42.35294117647059,72,49,60.5,73700.0,True,2021HU0591194,12
2,78000.0,70000.0,1.1142857142857143,37,44,40.5,148000.0,False,2021HU0591255,14
3,20000.0,192080.0,9.604,67,69,68.0,212080.0,True,2021HU0591868,13
0,62500.0,45000.0,1.3888888888888888,68,59,63.5,107500.0,True,2021HU0591929,30
0,45000.0,69000.0,1.5333333333333334,54,63,58.5,114000.0,True,2021HU0592175,28
0,55000.0,31000.0,1.7741935483870968,89,81,85.0,86000.0,True,2021HU0592187,5
0,44000.0,74000.0,1.6818181818181819,56,63,59.5,118000.0,True,2021HU0592503,2
1,17800.0,17900.0,1.0056179775280898,90,84,87.0,35700.0,False,2021HU0592534,17
0,10600.0,15600.0,1.471698113207547,68,65,66.5,26200.0,True,2021HU0592906,9
0,43900.0,16900.0,2.5976331360946747,62,64,63.0,60800.0,True,2021HU0594018,16
3,252000.0,80000.0,3.15,48,44,46.0,332000.0,True,2021HU0595853,19
2,80000.0,10000.0,8.0,53,52,52.5,90000.0,True,2021HU0595914,12
1,67000.0,90600.0,1.3522388059701493,72,70,71.0,157600.0,True,2021HU0596100,4
0,115000.0,48000.0,2.3958333333333335,54,40,47.0,163000.0,True,2021HU0596139,5
3,107000.0,0.0,0.0,42,43,42.5,107000.0,True,2021HU0596274,10
1,70000.0,24850.0,2.816901408450704,35,46,40.5,94850.0,False,2021HU0596306,6
2,9000.0,1700.0,5.294117647058823,66,59,62.5,10700.0,True,2021HU0596964,26
1,75000.0,60000.0,1.25,47,46,46.5,135000.0,True,2021HU0598061,42
0,0.0,70000.0,0.0,30,30,30.0,70000.0,True,2021HU0598402,16
0,10200.0,25600.0,2.5098039215686274,80,81,80.5,35800.0,True,2021HU0598561,18
1,154000.0,39000.0,3.948717948717949,50,50,50.0,193000.0,True,2021HU0598581,7
4,130500.0,0.0,0.0,72,74,73.0,130500.0,True,2021HU0598944,8
0,113400.0,40000.0,2.835,35,37,36.0,153400.0,True,2021HU0599337,35
2,68400.0,10400.0,6.576923076923077,65,75,70.0,78800.0,True,2021HU0599413,13
4,32000.0,1500.0,21.333333333333332,65,59,62.0,33500.0,True,2021HU0600279,13
2,88200.0,19400.0,4.546391752577319,67,71,69.0,107600.0,False,2021HU0601826,28
1,0.0,80000.0,0.0,60,61,60.5,80000.0,False,2021HU0601949,37
0,31700.0,69900.0,2.2050473186119874,72,68,70.0,101600.0,True,2021HU0602069,60
2,427000.0,176300.0,2.4220079410096425,85,78,81.5,603300.0,True,2021HU0602103,6
1,3400.0,3700.0,1.088235294117647,72,70,71.0,7100.0,True,2021HU0602109,9
2,41000.0,10000.0,4.1,26,28,27.0,51000.0,True,2021HU0603374,24
1,13000.0,25000.0,1.9230769230769231,26,29,27.5,38000.0,True,2021HU0606319,26
2,103700.0,18800.0,5.51595744680851,82,83,82.5,122500.0,True,2021HU0606918,13
0,80000.0,0.0,0.0,56,54,55.0,80000.0,True,2021HU0607431,13
1,19500.0,19000.0,1.0263157894736843,55,35,45.0,38500.0,True,2021HU0607788,23
0,44000.0,50000.0,1.1363636363636365,63,63,63.0,94000.0,True,2021HU0607939,36
5,130000.0,0.0,0.0,40,47,43.5,130000.0,False,2021HU0608809,93
2,181000.0,101000.0,1.7920792079207921,55,54,54.5,282000.0,True,2021HU0608934,15
0,38600.0,49560.0,1.283937823834197,76,75,75.5,88160.0,True,2021HU0609462,12
1,76000.0,63000.0,1.2063492063492063,58,62,60.0,139000.0,True,2021HU0610438,12
1,0.0,0.0,0.0,61,53,57.0,0.0,False,2021HU0610730,23
2,60000.0,69000.0,1.15,38,37,37.5,129000.0,False,2021HU0610939,18
3,123800.0,12000.0,10.316666666666666,74,82,78.0,135800.0,True,2021HU0611889,24
1,30000.0,105000.0,3.5,75,77,76.0,135000.0,True,2021HU0612769,6
0,0.0,0.0,0.0,51,45,48.0,0.0,True,2021HU0613857,33
5,317000.0,10000.0,31.7,61,63,62.0,327000.0,True,2021HU0614024,3
1,110000.0,64000.0,1.71875,56,58,57.0,174000.0,True,2021HU0614185,19
4,721000.0,0.0,0.0,61,63,62.0,721000.0,True,2021HU0614355,15
5,26200.0,1900.0,13.789473684210526,68,42,55.0,28100.0,False,2021HU0614820,20
0,25000.0,75000.0,3.0,41,43,42.0,100000.0,True,2021HU0615136,4
1,60000.0,58000.0,1.0344827586206897,32,36,34.0,118000.0,True,2021HU0615161,6
0,30900.0,15900.0,1.9433962264150944,70,68,69.0,46800.0,True,2021HU0615191,14
0,0.0,60000.0,0.0,42,43,42.5,60000.0,True,2021HU0615668,23
4,4800.0,67300.0,14.020833333333334,67,74,70.5,72100.0,True,2021HU0616240,7
0,51000.0,38000.0,1.3421052631578947,39,40,39.5,89000.0,True,2021HU0616360,53
3,186100.0,13700.0,13.583941605839415,58,71,64.5,199800.0,True,2021HU0616969,14
3,137000.0,12000.0,11.416666666666666,77,67,72.0,149000.0,True,2021HU0617061,15
3,50000.0,2800.0,17.857142857142858,35,34,34.5,52800.0,True,2021HU0617108,6
2,124000.0,120000.0,1.0333333333333334,35,38,36.5,244000.0,True,2021HU0617190,17
1,50000.0,0.0,0.0,29,29,29.0,50000.0,True,2021HU0617763,12
4,30000.0,2500.0,12.0,61,61,61.0,32500.0,True,2021HU0617989,34
2,69970.0,13400.0,5.221641791044776,79,82,80.5,83370.0,True,2021HU0618048,8
0,52000.0,45000.0,1.1555555555555554,54,56,55.0,97000.0,True,2021HU0618134,37
1,36000.0,52500.0,1.4583333333333333,25,28,26.5,88500.0,True,2021HU0618607,16
2,42600.0,195000.0,4.577464788732394,50,49,49.5,237600.0,True,2021HU0618624,27
1,78400.0,55000.0,1.4254545454545455,53,49,51.0,133400.0,True,2021HU0618661,12
1,90000.0,24100.0,3.7344398340248963,35,35,35.0,114100.0,True,2021HU0618820,30
0,100000.0,0.0,0.0,33,43,38.0,100000.0,True,2021HU0619857,6
1,12900.0,13400.0,1.0387596899224807,66,65,65.5,26300.0,True,2021HU0621095,8
0,34000.0,36000.0,1.0588235294117647,39,54,46.5,70000.0,True,2021HU0621588,2
0,24000.0,37300.0,1.5541666666666667,31,32,31.5,61300.0,True,2021HU0621806,15
2,91200.0,16000.0,5.7,65,65,65.0,107200.0,True,2021HU0622487,3
4,81240.0,415000.0,5.108321024126046,63,61,62.0,496240.0,True,2021HU0622552,9
0,56500.0,38300.0,1.475195822454308,82,80,81.0,94800.0,True,2021HU0623922,12
0,14400.0,29700.0,2.0625,52,59,55.5,44100.0,True,2021HU0623991,7
0,18000.0,21000.0,1.1666666666666667,83,86,84.5,39000.0,True,2021HU0624352,16
0,47000.0,62000.0,1.3191489361702127,37,47,42.0,109000.0,True,2021HU0624599,8
1,48500.0,35000.0,1.3857142857142857,65,61,63.0,83500.0,False,2021HU0624634,7
1,95000.0,25000.0,3.8,32,31,31.5,120000.0,True,2021HU0624670,51
1,82000.0,80000.0,1.025,40,46,43.0,162000.0,True,2021HU0624715,2
2,32400.0,42000.0,1.2962962962962963,26,26,26.0,74400.0,False,2021HU0626443,33
1,133000.0,27800.0,4.784172661870503,48,49,48.5,160800.0,True,2021HU0627091,11
1,110100.0,31000.0,3.5516129032258066,65,64,64.5,141100.0,True,2021HU0627172,24
1,4700.0,20000.0,4.25531914893617,73,65,69.0,24700.0,True,2021HU0627560,15
2,88000.0,126200.0,1.434090909090909,57,48,52.5,214200.0,True,2021HU0628007,13
2,70200.0,70200.0,1.0,28,27,27.5,140400.0,True,2021HU0628198,23
1,63000.0,65000.0,1.0317460317460319,64,63,63.5,128000.0,True,2021HU0629285,20
3,40000.0,3000.0,13.333333333333334,30,33,31.5,43000.0,True,2021HU0629607,35
2,32400.0,100000.0,3.0864197530864197,62,63,62.5,132400.0,True,2021HU0629774,8
0,26300.0,70000.0,2.661596958174905,73,81,77.0,96300.0,True,2021HU0629780,14
1,72000.0,67300.0,1.0698365527488856,63,72,67.5,139300.0,True,2021HU0631895,29
0,16300.0,15200.0,1.0723684210526316,64,67,65.5,31500.0,True,2021HU0632009,8
1,68200.0,14200.0,4.802816901408451,63,62,62.5,82400.0,True,2021HU0632406,19
0,50600.0,31800.0,1.5911949685534592,76,77,76.5,82400.0,True,2021HU0632759,8
1,33000.0,58600.0,1.7757575757575759,75,77,76.0,91600.0,True,2021HU0634690,8
1,48000.0,0.0,0.0,28,30,29.0,48000.0,True,2021HU0635251,66
0,13890.0,25200.0,1.8142548596112311,64,61,62.5,39090.0,True,2021HU0635636,19
1,120000.0,75600.0,1.5873015873015872,48,57,52.5,195600.0,True,2021HU0636182,29
2,72000.0,75000.0,1.0416666666666667,29,29,29.0,147000.0,True,2021HU0636278,21
1,0.0,43200.0,0.0,59,63,61.0,43200.0,True,2021HU0637261,15
2,120000.0,95000.0,1.263157894736842,58,57,57.5,215000.0,True,2021HU0637706,4
1,62500.0,58830.0,1.062383137854836,84,81,82.5,121330.0,True,2021HU0638563,21
1,54000.0,26200.0,2.0610687022900764,61,63,62.0,80200.0,True,2021HU0638832,2
2,160000.0,48000.0,3.3333333333333335,51,51,51.0,208000.0,True,2021HU0638837,13
0,18300.0,24200.0,1.3224043715846994,83,77,80.0,42500.0,True,2021HU0642062,12
1,18000.0,16400.0,1.0975609756097562,30,30,30.0,34400.0,False,2021HU0642127,151
0,44400.0,44400.0,1.0,64,64,64.0,88800.0,True,2021HU0642179,5
0,0.0,50000.0,0.0,57,58,57.5,50000.0,True,2021HU0642309,15
3,120000.0,407000.0,3.3916666666666666,54,61,57.5,527000.0,True,2021HU0643686,5
7,140000.0,5150.0,27.184466019417474,71,76,73.5,145150.0,True,2021HU0643819,11
1,105000.0,90000.0,1.1666666666666667,39,39,39.0,195000.0,True,2021HU0644813,23
4,544000.0,103800.0,5.240847784200385,66,62,64.0,647800.0,True,2021HU0644826,6
2,2400.0,12000.0,5.0,71,68,69.5,14400.0,True,2021HU0645485,4
0,5000.0,5000.0,1.0,80,74,77.0,10000.0,True,2021HU0646243,16
2,15000.0,118400.0,7.8933333333333335,51,47,49.0,133400.0,True,2021HU0646374,28
4,32400.0,330800.0,10.209876543209877,73,74,73.5,363200.0,True,2021HU0647330,11
4,170.0,24000.0,141.1764705882353,31,33,32.0,24170.0,True,2021HU0647622,82
3,3000.0,55000.0,18.333333333333332,58,57,57.5,58000.0,True,2021HU0647731,66
0,65800.0,29300.0,2.2457337883959045,75,75,75.0,95100.0,True,2021HU0648904,12
1,107300.0,89600.0,1.1975446428571428,67,67,67.0,196900.0,True,2021HU0649286,19
1,121000.0,64000.0,1.890625,57,53,55.0,185000.0,True,2021HU0649510,34
1,102000.0,87000.0,1.1724137931034482,53,53,53.0,189000.0,True,2021HU0650998,7
0,19300.0,50000.0,2.5906735751295336,54,53,53.5,69300.0,True,2021HU0651737,16
1,100000.0,100000.0,1.0,36,36,36.0,200000.0,True,2021HU0652632,24
1,56700.0,15100.0,3.7549668874172184,76,67,71.5,71800.0,True,2021HU0653691,8
1,140000.0,50000.0,2.8,26,31,28.5,190000.0,True,2021HU0653914,14
0,36300.0,65000.0,1.790633608815427,50,53,51.5,101300.0,True,2021HU0656073,16
1,24000.0,15000.0,1.6,55,57,56.0,39000.0,True,2021HU0658164,91
1,51700.0,93500.0,1.8085106382978724,72,76,74.0,145200.0,True,2021HU0659038,8
0,27000.0,24000.0,1.125,43,47,45.0,51000.0,True,2021HU0660031,23
0,14.0,0.0,0.0,54,54,54.0,14.0,True,2021HU0660041,12
1,72000.0,36000.0,2.0,28,29,28.5,108000.0,True,2021HU0660419,75
1,64700.0,33400.0,1.937125748502994,67,66,66.5,98100.0,False,2021HU0663665,12
3,111500.0,0.0,0.0,60,60,60.0,111500.0,True,2021HU0664296,23
1,70000.0,74000.0,1.0571428571428572,39,38,38.5,144000.0,True,2021HU0665517,8
2,125800.0,13800.0,9.115942028985508,77,75,76.0,139600.0,True,2021HU0665582,9
1,62000.0,72000.0,1.1612903225806452,48,51,49.5,134000.0,True,2021HU0665747,13
0,98800.0,0.0,0.0,34,32,33.0,98800.0,True,2021HU0665971,13
1,65000.0,20400.0,3.1862745098039214,39,40,39.5,85400.0,True,2021HU0666649,12
0,50000.0,0.0,0.0,35,38,36.5,50000.0,True,2021HU0666681,19
3,178500.0,11700.0,15.256410256410257,72,75,73.5,190200.0,True,2021HU0667566,7
0,36000.0,13000.0,2.769230769230769,73,69,71.0,49000.0,True,2021HU0667913,7
0,40000.0,61000.0,1.525,61,63,62.0,101000.0,True,2021HU0668316,7
1,89000.0,62000.0,1.435483870967742,61,56,58.5,151000.0,True,2021HU0668663,20
3,55000.0,9000.0,6.111111111111111,53,46,49.5,64000.0,True,2021HU0668858,13
1,72400.0,0.0,0.0,55,34,44.5,72400.0,True,2021HU0669057,8
0,0.0,48000.0,0.0,83,80,81.5,48000.0,True,2021HU0669181,13
1,72300.0,103900.0,1.4370677731673582,76,74,75.0,176200.0,True,2021HU0671527,21
1,70000.0,60150.0,1.1637572734829593,53,58,55.5,130150.0,True,2021HU0671684,8
2,659700.0,460000.0,1.4341304347826087,73,70,71.5,1119700.0,True,2021HU0671910,13
0,14400.0,9600.0,1.5,72,68,70.0,24000.0,True,2021HU0672073,20
1,78000.0,24000.0,3.25,65,67,66.0,102000.0,True,2021HU0673091,12
2,106600.0,59600.0,1.7885906040268456,65,66,65.5,166200.0,True,2021HU0673533,14
2,114000.0,21000.0,5.428571428571429,61,60,60.5,135000.0,True,2021HU0674613,22
0,38700.0,51600.0,1.3333333333333333,72,68,70.0,90300.0,True,2021HU0674757,4
7,90000.0,3000.0,30.0,43,78,60.5,93000.0,False,2021HU0675001,18
0,38000.0,52000.0,1.368421052631579,45,53,49.0,90000.0,True,2021HU0675919,27
7,155000.0,500.0,310.0,62,63,62.5,155500.0,True,2021HU0676744,15
1,13200.0,32600.0,2.4696969696969697,89,80,84.5,45800.0,True,2021HU0676917,12
1,68000.0,78000.0,1.1470588235294117,44,49,46.5,146000.0,True,2021HU0677614,24
0,30000.0,50000.0,1.6666666666666667,40,42,41.0,80000.0,True,2021HU0678207,11
3,70000.0,132000.0,1.8857142857142857,58,60,59.0,202000.0,True,2021HU0678563,14
2,123000.0,225000.0,1.829268292682927,47,45,46.0,348000.0,True,2021HU0679561,15
0,0.0,0.0,0.0,57,52,54.5,0.0,True,2021HU0680238,3
2,143000.0,111000.0,1.2882882882882882,39,40,39.5,254000.0,True,2021HU0680399,23
0,0.0,10300.0,0.0,45,42,43.5,10300.0,True,2021HU0680481,54
0,56000.0,38000.0,1.4736842105263157,29,32,30.5,94000.0,True,2021HU0680891,99
2,66000.0,55000.0,1.2,48,38,43.0,121000.0,False,2021HU0681005,21
2,222800.0,150000.0,1.4853333333333334,67,66,66.5,372800.0,True,2021HU0681310,7
7,160000.0,1200.0,133.33333333333334,53,42,47.5,161200.0,True,2021HU0681430,16
2,104300.0,15400.0,6.7727272727272725,66,64,65.0,119700.0,True,2021HU0683018,12
2,106000.0,110000.0,1.0377358490566038,37,42,39.5,216000.0,True,2021HU0683058,15
2,7300.0,69740.0,9.553424657534247,69,65,67.0,77040.0,True,2021HU0685156,18
3,252000.0,35000.0,7.2,68,55,61.5,287000.0,True,2021HU0685562,14
1,89700.0,101500.0,1.1315496098104794,70,69,69.5,191200.0,True,2021HU0687060,8
1,56400.0,40000.0,1.41,42,34,38.0,96400.0,True,2021HU0688310,3
1,19200.0,19200.0,1.0,35,43,39.0,38400.0,False,2021HU0688542,17
0,40200.0,54500.0,1.355721393034826,77,77,77.0,94700.0,True,2021HU0689346,4
1,80000.0,75000.0,1.0666666666666667,44,49,46.5,155000.0,True,2021HU0689557,22
1,27400.0,28600.0,1.0437956204379562,66,62,64.0,56000.0,True,2021HU0689891,12
1,31000.0,106000.0,3.4193548387096775,46,42,44.0,137000.0,True,2021HU0690345,21
5,257000.0,12000.0,21.416666666666668,74,76,75.0,269000.0,True,2021HU0690518,20
4,111000.0,0.0,0.0,57,54,55.5,111000.0,True,2021HU0691333,16
0,10000.0,10000.0,1.0,58,59,58.5,20000.0,True,2021HU0692566,20
1,18000.0,32000.0,1.7777777777777777,58,60,59.0,50000.0,True,2021HU0693079,14
3,98040.0,6700.0,14.632835820895522,43,48,45.5,104740.0,True,2021HU0693783,19
1,53000.0,15000.0,3.533333333333333,60,62,61.0,68000.0,True,2021HU0694025,24
4,91000.0,3000.0,30.333333333333332,58,60,59.0,94000.0,True,2021HU0694863,10
0,45000.0,100000.0,2.2222222222222223,30,40,35.0,145000.0,True,2021HU0695318,13
1,92600.0,30800.0,3.0064935064935066,71,74,72.5,123400.0,True,2021HU0695521,4
0,80000.0,0.0,0.0,43,46,44.5,80000.0,True,2021HU0696220,25
1,0.0,0.0,0.0,64,58,61.0,0.0,False,2021HU0697140,11
3,202400.0,33900.0,5.9705014749262535,70,70,70.0,236300.0,True,2021HU0697273,8
1,66000.0,36000.0,1.8333333333333333,62,58,60.0,102000.0,True,2021HU0700706,3
0,20000.0,0.0,0.0,55,61,58.0,20000.0,True,2021HU0701655,9
1,42300.0,12800.0,3.3046875,68,67,67.5,55100.0,True,2021HU0702875,13
4,50880.0,20.0,2544.0,62,65,63.5,50900.0,True,2021HU0703707,15
0,100000.0,0.0,0.0,35,36,35.5,100000.0,True,2021HU0704277,17
0,50000.0,18000.0,2.7777777777777777,37,36,36.5,68000.0,True,2021HU0704660,18
0,25700.0,44800.0,1.7431906614785992,79,71,75.0,70500.0,True,2021HU0705604,11
0,35000.0,35000.0,1.0,49,59,54.0,70000.0,True,2021HU0706186,23
4,200000.0,10000.0,20.0,35,40,37.5,210000.0,True,2021HU0706453,17
5,64000.0,4000.0,16.0,21,21,21.0,68000.0,True,2021HU0707651,20
4,1100.0,23000.0,20.90909090909091,58,67,62.5,24100.0,True,2021HU0708850,16
1,67000.0,82000.0,1.2238805970149254,46,41,43.5,149000.0,True,2021HU0708984,22
1,70000.0,60000.0,1.1666666666666667,51,51,51.0,130000.0,True,2021HU0709473,7
2,57200.0,82900.0,1.4493006993006994,85,80,82.5,140100.0,True,2021HU0709577,5
1,42000.0,140000.0,3.3333333333333335,30,30,30.0,182000.0,True,2021HU0709623,21
4,215000.0,0.0,0.0,40,43,41.5,215000.0,True,2021HU0709647,10
2,120000.0,115000.0,1.0434782608695652,42,47,44.5,235000.0,True,2021HU0709763,17
0,47300.0,23100.0,2.0476190476190474,71,73,72.0,70400.0,True,2021HU0710686,7
0,60000.0,40000.0,1.5,51,51,51.0,100000.0,True,2021HU0710893,27
1,90000.0,85400.0,1.053864168618267,81,81,81.0,175400.0,True,2021HU0711941,23
2,80000.0,192050.0,2.400625,77,71,74.0,272050.0,True,2021HU0712120,16
1,10000.0,15000.0,1.5,36,27,31.5,25000.0,False,2021HU0712622,13
0,35000.0,30000.0,1.1666666666666667,56,50,53.0,65000.0,True,2021HU0713300,18
1,70000.0,95000.0,1.3571428571428572,51,49,50.0,165000.0,True,2021HU0713309,3
3,65000.0,10000.0,6.5,32,29,30.5,75000.0,False,2021HU0714036,11
1,90010.0,90000.0,1.0001111111111112,35,38,36.5,180010.0,True,2021HU0714999,18
1,105000.0,53000.0,1.9811320754716981,58,60,59.0,158000.0,True,2021HU0715279,3
4,58400.0,5000.0,11.68,27,26,26.5,63400.0,True,2021HU0715781,18
0,58000.0,43600.0,1.3302752293577982,79,77,78.0,101600.0,True,2021HU0716403,12
1,110900.0,88000.0,1.2602272727272728,59,66,62.5,198900.0,True,2021HU0716964,22
3,203000.0,32000.0,6.34375,85,82,83.5,235000.0,True,2021HU0719230,17
3,112000.0,0.0,0.0,32,38,35.0,112000.0,True,2021HU0719388,25
0,32200.0,10800.0,2.9814814814814814,58,57,57.5,43000.0,True,2021HU0720074,8
0,13010.0,10100.0,1.2881188118811882,58,62,60.0,23110.0,True,2021HU0720396,13
0,18500.0,43600.0,2.3567567567567567,77,79,78.0,62100.0,True,2021HU0720437,10
3,182000.0,0.0,0.0,50,35,42.5,182000.0,True,2021HU0720813,21
0,80000.0,40500.0,1.9753086419753085,75,80,77.5,120500.0,True,2021HU0720958,14
2,119000.0,91000.0,1.3076923076923077,40,39,39.5,210000.0,True,2021HU0721582,15
0,24800.0,19900.0,1.2462311557788945,73,69,71.0,44700.0,True,2021HU0721853,15
4,361000.0,22000.0,16.40909090909091,68,64,66.0,383000.0,True,2021HU0723028,11
2,19200.0,4800.0,4.0,60,60,60.0,24000.0,True,2021HU0723164,11
0,75200.0,28300.0,2.6572438162544167,71,61,66.0,103500.0,True,2021HU0723745,11
0,65900.0,37500.0,1.7573333333333334,66,64,65.0,103400.0,True,2021HU0723842,8
1,75000.0,122000.0,1.6266666666666667,73,75,74.0,197000.0,True,2021HU0724803,18
0,40000.0,60000.0,1.5,40,55,47.5,100000.0,True,2021HU0725252,9
1,67000.0,101400.0,1.5134328358208955,74,72,73.0,168400.0,True,2021HU0728168,12
4,409500.0,35000.0,11.7,59,59,59.0,444500.0,True,2021HU0728568,12
0,55000.0,45000.0,1.2222222222222223,58,61,59.5,100000.0,True,2021HU0728969,54
0,30000.0,20500.0,1.4634146341463414,31,29,30.0,50500.0,True,2021HU0729450,7
2,112200.0,13000.0,8.63076923076923,81,79,80.0,125200.0,True,2021HU0730740,32
2,50000.0,52000.0,1.04,27,27,27.0,102000.0,True,2021HU0730850,14
1,140000.0,57000.0,2.456140350877193,60,63,61.5,197000.0,True,2021HU0731086,16
1,12100.0,0.0,0.0,44,43,43.5,12100.0,True,2021HU0731486,16
0,39900.0,51800.0,1.2982456140350878,57,61,59.0,91700.0,True,2021HU0731561,20
0,27000.0,0.0,0.0,64,58,61.0,27000.0,True,2021HU0731736,25
0,45000.0,120000.0,2.6666666666666665,53,54,53.5,165000.0,True,2021HU0732965,12
4,75500.0,400.0,188.75,53,51,52.0,75900.0,True,2021HU0734029,3
3,120000.0,85100.0,1.4101057579318448,54,56,55.0,205100.0,False,2021HU0734370,12
0,21800.0,20700.0,1.0531400966183575,83,77,80.0,42500.0,True,2021HU0734526,43
1,66000.0,0.0,0.0,80,61,70.5,66000.0,True,2021HU0735657,3
3,17500.0,100000.0,5.714285714285714,55,59,57.0,117500.0,True,2021HU0735671,39
4,79020.0,2000.0,39.51,37,36,36.5,81020.0,True,2021HU0735753,70
1,74000.0,83000.0,1.1216216216216217,31,29,30.0,157000.0,True,2021HU0736044,15
0,0.0,50000.0,0.0,65,62,63.5,50000.0,True,2021HU0738079,20
0,56400.0,0.0,0.0,41,41,41.0,56400.0,True,2021HU0738220,15
3,63440.0,4000.0,15.86,43,36,39.5,67440.0,True,2021HU0738273,26
0,43000.0,77000.0,1.7906976744186047,68,69,68.5,120000.0,True,2021HU0738793,22
4,65010.0,1720.0,37.79651162790697,61,61,61.0,66730.0,True,2021HU0738815,6
1,25000.0,70000.0,2.8,51,49,50.0,95000.0,True,2021HU0738828,9
2,95000.0,60000.0,1.5833333333333333,55,54,54.5,155000.0,True,2021HU0739158,36
4,100000.0,725600.0,7.256,42,51,46.5,825600.0,True,2021HU0740280,20
0,78150.0,40000.0,1.95375,62,63,62.5,118150.0,True,2021HU0740358,45
1,30300.0,32100.0,1.0594059405940595,84,52,68.0,62400.0,True,2021HU0740767,11
2,78000.0,89000.0,1.141025641025641,49,46,47.5,167000.0,True,2021HU0742273,55
3,324000.0,50000.0,6.48,62,61,61.5,374000.0,True,2021HU0744620,37
2,86100.0,15700.0,5.484076433121019,68,66,67.0,101800.0,True,2021HU0744994,10
0,24000.0,70000.0,2.9166666666666665,63,62,62.5,94000.0,True,2021HU0746051,18
1,100030.0,65030.0,1.5382131324004307,51,38,44.5,165060.0,True,2021HU0746881,4
1,20600.0,11100.0,1.8558558558558558,75,75,75.0,31700.0,True,2021HU0747302,13
4,12000.0,221100.0,18.425,75,76,75.5,233100.0,True,2021HU0747407,74
2,271400.0,99800.0,2.719438877755511,71,67,69.0,371200.0,True,2021HU0747533,7
0,10000.0,0.0,0.0,45,39,42.0,10000.0,True,2021HU0748834,3
0,23800.0,57900.0,2.4327731092436973,70,69,69.5,81700.0,True,2021HU0749025,16
4,189920.0,10700.0,17.749532710280373,72,67,69.5,200620.0,True,2021HU0749888,7
1,54800.0,30000.0,1.8266666666666667,38,35,36.5,84800.0,True,2021HU0750342,16
0,50000.0,42000.0,1.1904761904761905,54,48,51.0,92000.0,True,2021HU0750715,3
3,70000.0,75000.0,1.0714285714285714,48,47,47.5,145000.0,False,2021HU0751070,25
2,25200.0,85000.0,3.373015873015873,65,62,63.5,110200.0,True,2021HU0751104,4
2,14800.0,92900.0,6.277027027027027,81,82,81.5,107700.0,True,2021HU0751201,14
3,60000.0,5000.0,12.0,31,30,30.5,65000.0,True,2021HU0751881,38
0,20000.0,10800.0,1.8518518518518519,49,42,45.5,30800.0,True,2021HU0752027,15
0,0.0,0.0,0.0,68,71,69.5,0.0,True,2021HU0752858,53
1,90000.0,96000.0,1.0666666666666667,31,30,30.5,186000.0,True,2021HU0753151,16
0,5400.0,9800.0,1.8148148148148149,62,64,63.0,15200.0,True,2021HU0753344,13
0,0.0,95000.0,0.0,47,52,49.5,95000.0,True,2021HU0753688,15
2,12000.0,80800.0,6.733333333333333,74,78,76.0,92800.0,True,2021HU0753882,2
1,80300.0,56000.0,1.4339285714285714,68,65,66.5,136300.0,True,2021HU0754229,20
2,460000.0,195400.0,2.3541453428863868,73,71,72.0,655400.0,True,2021HU0754669,10
2,65000.0,70000.0,1.0769230769230769,29,28,28.5,135000.0,True,2021HU0755005,33
2,140000.0,38000.0,3.6842105263157894,55,55,55.0,178000.0,True,2021HU0755190,30
1,102000.0,95000.0,1.0736842105263158,50,54,52.0,197000.0,True,2021HU0755241,21
0,15000.0,0.0,0.0,51,51,51.0,15000.0,True,2021HU0756211,20
3,5000.0,56500.0,11.3,79,73,76.0,61500.0,True,2021HU0756626,14
5,359000.0,10200.0,35.19607843137255,76,73,74.5,369200.0,True,2021HU0756740,7
2,79000.0,12200.0,6.475409836065574,83,83,83.0,91200.0,True,2021HU0757202,23
0,80000.0,0.0,0.0,42,44,43.0,80000.0,True,2021HU0757238,16
2,92300.0,15600.0,5.916666666666667,57,65,61.0,107900.0,True,2021HU0757975,7
1,60000.0,55000.0,1.0909090909090908,44,43,43.5,115000.0,True,2021HU0758398,11
1,88440.0,84010.0,1.052731817640757,73,73,73.0,172450.0,True,2021HU0758718,12
3,46300.0,5200.0,8.903846153846153,38,41,39.5,51500.0,True,2021HU0759247,28
3,37000.0,0.0,0.0,55,25,40.0,37000.0,False,2021HU0759447,12
3,145000.0,0.0,0.0,60,61,60.5,145000.0,True,2021HU0759809,15
2,10000.0,80000.0,8.0,46,55,50.5,90000.0,True,2021HU0759821,5
3,20000.0,6000.0,3.3333333333333335,23,24,23.5,26000.0,True,2021HU0760262,23
1,100530.0,67360.0,1.4924287410926367,56,53,54.5,167890.0,True,2021HU0760273,16
1,33020.0,25010.0,1.3202718912435025,41,48,44.5,58030.0,False,2021HU0760973,3
0,10200.0,9600.0,1.0625,74,68,71.0,19800.0,True,2021HU0761125,26
0,46000.0,125000.0,2.717391304347826,40,36,38.0,171000.0,True,2021HU0761818,21
0,37400.0,100100.0,2.676470588235294,61,64,62.5,137500.0,True,2021HU0762131,12
0,47000.0,24000.0,1.9583333333333333,71,76,73.5,71000.0,True,2021HU0762434,8
2,55000.0,58000.0,1.0545454545454545,30,28,29.0,113000.0,True,2021HU0762827,25
2,128400.0,15000.0,8.56,67,64,65.5,143400.0,True,2021HU0762830,19
0,88000.0,35000.0,2.5142857142857142,40,38,39.0,123000.0,True,2021HU0762999,11
1,0.0,60000.0,0.0,55,49,52.0,60000.0,True,2021HU0763229,9
1,113600.0,50800.0,2.236220472440945,61,62,61.5,164400.0,True,2021HU0764817,17
1,40000.0,50000.0,1.25,53,38,45.5,90000.0,False,2021HU0764840,13
0,33600.0,35000.0,1.0416666666666667,75,74,74.5,68600.0,True,2021HU0765415,15
4,0.0,112000.0,0.0,44,47,45.5,112000.0,True,2021HU0765550,13
2,180800.0,64900.0,2.785824345146379,69,76,72.5,245700.0,True,2021HU0765696,13
0,45000.0,72000.0,1.6,37,35,36.0,117000.0,True,2021HU0765710,18
0,34000.0,17000.0,2.0,70,68,69.0,51000.0,True,2021HU0766626,16
1,90000.0,90000.0,1.0,50,57,53.5,180000.0,True,2021HU0767163,14
1,100000.0,100000.0,1.0,44,42,43.0,200000.0,True,2021HU0767423,25
3,14400.0,1400.0,10.285714285714286,71,68,69.5,15800.0,True,2021HU0768290,15
2,5620.0,19700.0,3.505338078291815,62,68,65.0,25320.0,True,2021HU0769062,21
1,104400.0,54200.0,1.9261992619926198,70,71,70.5,158600.0,True,2021HU0771598,4
0,50000.0,121400.0,2.428,51,51,51.0,171400.0,True,2021HU0771670,8
2,90000.0,18000.0,5.0,55,56,55.5,108000.0,True,2021HU0771802,8
2,149800.0,129000.0,1.1612403100775195,46,42,44.0,278800.0,True,2021HU0772020,9
0,15100.0,0.0,0.0,41,44,42.5,15100.0,True,2021HU0772119,55
0,36010.0,15600.0,2.308333333333333,55,58,56.5,51610.0,True,2021HU0772375,8
5,354000.0,33000.0,10.727272727272727,66,63,64.5,387000.0,True,2021HU0772405,2
3,4000.0,60000.0,15.0,45,46,45.5,64000.0,True,2021HU0772762,18
2,40500.0,30400.0,1.332236842105263,26,30,28.0,70900.0,False,2021HU0772790,16
0,14900.0,25000.0,1.6778523489932886,48,47,47.5,39900.0,True,2021HU0772890,42
1,0.0,50000.0,0.0,27,28,27.5,50000.0,True,2021HU0775694,9
2,36000.0,25000.0,1.44,25,21,23.0,61000.0,True,2021HU0776387,7
1,85000.0,109000.0,1.2823529411764707,45,47,46.0,194000.0,True,2021HU0776423,4
4,407000.0,80000.0,5.0875,42,41,41.5,487000.0,True,2021HU0777425,32
5,721000.0,63700.0,11.31868131868132,59,59,59.0,784700.0,True,2021HU0777757,14
0,20100.0,31000.0,1.5422885572139304,66,63,64.5,51100.0,True,2021HU0777901,38
1,14400.0,65000.0,4.513888888888889,34,36,35.0,79400.0,True,2021HU0778526,11
2,82500.0,16000.0,5.15625,66,70,68.0,98500.0,True,2021HU0779390,36
1,80000.0,70000.0,1.1428571428571428,30,31,30.5,150000.0,True,2021HU0779767,40
1,115000.0,23100.0,4.978354978354979,58,57,57.5,138100.0,True,2021HU0780104,5
1,54000.0,70000.0,1.2962962962962963,51,53,52.0,124000.0,True,2021HU0780539,7
3,42700.0,3000.0,14.233333333333333,55,48,51.5,45700.0,True,2021HU0780626,25
4,324000.0,52200.0,6.206896551724138,55,58,56.5,376200.0,True,2021HU0780894,6
0,57900.0,0.0,0.0,53,54,53.5,57900.0,True,2021HU0781740,23
0,14400.0,14400.0,1.0,77,76,76.5,28800.0,True,2021HU0781743,21
0,30000.0,30000.0,1.0,46,48,47.0,60000.0,True,2021HU0782525,15
1,78000.0,70000.0,1.1142857142857143,52,56,54.0,148000.0,True,2021HU0783968,21
4,10000.0,200000.0,20.0,47,48,47.5,210000.0,True,2021HU0784882,42
2,1700.0,14500.0,8.529411764705882,79,79,79.0,16200.0,True,2021HU0785482,21
3,200100.0,30100.0,6.647840531561462,58,60,59.0,230200.0,True,2021HU0786225,16
1,81000.0,55000.0,1.4727272727272727,58,54,56.0,136000.0,True,2021HU0786372,8
2,10000.0,100000.0,10.0,50,49,49.5,110000.0,True,2021HU0786996,26
3,49800.0,7200.0,6.916666666666667,25,33,29.0,57000.0,True,2021HU0787116,11
3,216000.0,60000.0,3.6,60,58,59.0,276000.0,True,2021HU0787203,14
3,6600.0,89000.0,13.484848484848484,68,64,66.0,95600.0,True,2021HU0787446,3
5,12000.0,324000.0,27.0,67,68,67.5,336000.0,True,2021HU0787548,37
0,44800.0,34800.0,1.2873563218390804,85,81,83.0,79600.0,True,2021HU0787669,17
1,0.0,2000.0,0.0,80,79,79.5,2000.0,True,2021HU0787854,22
2,74600.0,91400.0,1.225201072386059,73,56,64.5,166000.0,True,2021HU0788114,9
0,103000.0,46000.0,2.239130434782609,60,65,62.5,149000.0,True,2021HU0788572,11
1,59400.0,50000.0,1.188,30,31,30.5,109400.0,False,2021HU0788730,21
3,202400.0,33900.0,5.9705014749262535,74,70,72.0,236300.0,True,2021HU0789244,38
2,35000.0,5000.0,7.0,58,59,58.5,40000.0,True,2021HU0789660,15
0,92000.0,0.0,0.0,43,36,39.5,92000.0,True,2021HU0789742,7
0,10000.0,26000.0,2.6,43,44,43.5,36000.0,True,2021HU0790010,20
2,17000.0,160000.0,9.411764705882353,48,53,50.5,177000.0,True,2021HU0790292,7
0,44300.0,71300.0,1.6094808126410836,59,63,61.0,115600.0,True,2021HU0791005,11
1,60000.0,60600.0,1.01,72,71,71.5,120600.0,True,2021HU0791030,3
1,31000.0,124000.0,4.0,60,61,60.5,155000.0,True,2021HU0792052,19
3,156000.0,0.0,0.0,59,54,56.5,156000.0,True,2021HU0792651,15
1,18000.0,57800.0,3.2111111111111112,65,67,66.0,75800.0,True,2021HU0793378,30
4,1500.0,92900.0,61.93333333333333,68,67,67.5,94400.0,True,2021HU0793516,62
2,200000.0,75000.0,2.6666666666666665,47,51,49.0,275000.0,True,2021HU0793748,34
4,46000.0,2500.0,18.4,30,28,29.0,48500.0,True,2021HU0793849,12
4,1200.0,96000.0,80.0,45,39,42.0,97200.0,True,2021HU0794076,17
1,100000.0,75000.0,1.3333333333333333,44,44,44.0,175000.0,True,2021HU0794526,6
0,42000.0,62000.0,1.4761904761904763,38,40,39.0,104000.0,True,2021HU0794654,38
2,160400.0,33600.0,4.773809523809524,69,63,66.0,194000.0,True,2021HU0795299,14
0,49650.0,105300.0,2.120845921450151,37,47,42.0,154950.0,True,2021HU0795698,18
1,80600.0,90050.0,1.1172456575682381,66,56,61.0,170650.0,True,2021HU0795702,21
0,60610.0,45530.0,1.3312101910828025,69,69,69.0,106140.0,True,2021HU0795910,22
3,45000.0,14900.0,3.0201342281879193,24,21,22.5,59900.0,True,2021HU0796104,53
0,45000.0,58000.0,1.288888888888889,41,45,43.0,103000.0,True,2021HU0796191,8
1,95000.0,75000.0,1.2666666666666666,49,56,52.5,170000.0,True,2021HU0796525,10
0,12100.0,0.0,0.0,71,60,65.5,12100.0,True,2021HU0796988,54
4,50000.0,1300.0,38.46153846153846,65,66,65.5,51300.0,True,2021HU0797017,15
2,80000.0,76000.0,1.0526315789473684,40,41,40.5,156000.0,True,2021HU0797057,26
2,100000.0,138000.0,1.38,48,49,48.5,238000.0,True,2021HU0797227,15
5,50000.0,20.0,2500.0,60,43,51.5,50020.0,True,2021HU0797263,22
0,17200.0,22400.0,1.302325581395349,76,75,75.5,39600.0,True,2021HU0797306,13
1,7200.0,12000.0,1.6666666666666667,87,76,81.5,19200.0,False,2021HU0797702,39
2,102000.0,75000.0,1.36,29,30,29.5,177000.0,True,2021HU0798623,19
2,127500.0,100000.0,1.275,57,61,59.0,227500.0,True,2021HU0798666,43
3,64000.0,5000.0,12.8,72,59,65.5,69000.0,True,2021HU0799070,12
3,419000.0,85000.0,4.929411764705883,48,41,44.5,504000.0,True,2021HU0799143,15
0,29310.0,59800.0,2.040259297168202,68,75,71.5,89110.0,True,2021HU0799526,27
0,45000.0,35100.0,1.2820512820512822,36,38,37.0,80100.0,True,2021HU0799891,7
2,80020.0,20400.0,3.922549019607843,62,57,59.5,100420.0,False,2021HU0800512,30
0,12900.0,13200.0,1.0232558139534884,63,65,64.0,26100.0,True,2021HU0800904,18
1,114040.0,25600.0,4.4546875,76,69,72.5,139640.0,True,2021HU0800947,15
1,100000.0,62000.0,1.6129032258064515,47,46,46.5,162000.0,True,2021HU0802601,12
1,65600.0,102000.0,1.5548780487804879,58,57,57.5,167600.0,True,2021HU0802782,10
3,140690.0,0.0,0.0,60,57,58.5,140690.0,True,2021HU0803130,13
2,15000.0,136000.0,9.066666666666666,44,43,43.5,151000.0,True,2021HU0804187,27
8,527000.0,4000.0,131.75,61,61,61.0,531000.0,True,2021HU0804782,4
0,35900.0,73000.0,2.033426183844011,73,64,68.5,108900.0,True,2021HU0805082,20
0,64000.0,34000.0,1.8823529411764706,60,45,52.5,98000.0,True,2021HU0805121,7
0,41200.0,60000.0,1.4563106796116505,65,70,67.5,101200.0,True,2021HU0805188,11
1,28000.0,130000.0,4.642857142857143,52,57,54.5,158000.0,True,2021HU0805338,47
0,0.0,36800.0,0.0,65,64,64.5,36800.0,True,2021HU0805691,16
1,75000.0,48000.0,1.5625,36,34,35.0,123000.0,True,2021HU0805753,60
1,80000.0,60000.0,1.3333333333333333,37,38,37.5,140000.0,True,2021HU0805814,4
0,35800.0,31800.0,1.1257861635220126,63,67,65.0,67600.0,True,2021HU0806129,4
0,60000.0,38800.0,1.5463917525773196,35,32,33.5,98800.0,True,2021HU0808112,68
1,42900.0,120000.0,2.797202797202797,35,46,40.5,162900.0,True,2021HU0808396,20
0,74400.0,36000.0,2.066666666666667,65,77,71.0,110400.0,True,2021HU0808765,16
2,51300.0,120000.0,2.3391812865497075,47,53,50.0,171300.0,False,2021HU0808801,10
0,26000.0,12000.0,2.1666666666666665,71,76,73.5,38000.0,True,2021HU0808920,13
0,44900.0,37800.0,1.187830687830688,64,64,64.0,82700.0,True,2021HU0809456,5
0,32700.0,30000.0,1.09,71,62,66.5,62700.0,True,2021HU0809514,42
3,88300.0,15000.0,5.886666666666667,71,70,70.5,103300.0,True,2021HU0810267,11
4,3900.0,41700.0,10.692307692307692,29,29,29.0,45600.0,True,2021HU0810828,16
0,56440.0,19240.0,2.9334719334719335,73,78,75.5,75680.0,True,2021HU0810961,13
0,7700.0,17700.0,2.2987012987012987,79,81,80.0,25400.0,True,2021HU0811075,18
2,78800.0,24000.0,3.283333333333333,68,40,54.0,102800.0,True,2021HU0812479,26
1,53000.0,56000.0,1.0566037735849056,39,42,40.5,109000.0,True,2021HU0813219,11
3,409000.0,329000.0,1.243161094224924,72,70,71.0,738000.0,False,2021HU0813522,3
1,73800.0,24000.0,3.075,42,45,43.5,97800.0,True,2021HU0814146,20
0,5800.0,15000.0,2.586206896551724,73,64,68.5,20800.0,True,2021HU0815639,3
0,37300.0,16000.0,2.33125,77,74,75.5,53300.0,True,2021HU0815842,20
5,820.0,45000.0,54.8780487804878,62,58,60.0,45820.0,True,2021HU0816327,33
3,103800.0,0.0,0.0,61,59,60.0,103800.0,True,2021HU0816500,8
1,89300.0,19100.0,4.675392670157068,89,88,88.5,108400.0,True,2021HU0816536,12
0,35000.0,12000.0,2.9166666666666665,59,61,60.0,47000.0,True,2021HU0817684,8
3,80400.0,156800.0,1.9502487562189055,28,28,28.0,237200.0,True,2021HU0817930,16
2,97400.0,10800.0,9.018518518518519,75,69,72.0,108200.0,True,2021HU0818383,16
0,60000.0,37000.0,1.6216216216216217,35,34,34.5,97000.0,True,2021HU0818669,14
2,142000.0,82000.0,1.7317073170731707,50,50,50.0,224000.0,True,2021HU0818970,12
0,34100.0,38000.0,1.1143695014662756,70,74,72.0,72100.0,True,2021HU0819241,27
3,210600.0,60200.0,3.4983388704318936,64,62,63.0,270800.0,True,2021HU0820056,14
2,6700.0,22600.0,3.373134328358209,49,49,49.0,29300.0,True,2021HU0821013,15
1,19700.0,17700.0,1.112994350282486,64,72,68.0,37400.0,False,2021HU0822367,4
0,4100.0,0.0,0.0,66,61,63.5,4100.0,True,2021HU0822750,15
1,17180.0,15000.0,1.1453333333333333,87,84,85.5,32180.0,True,2021HU0824670,8
0,48000.0,70000.0,1.4583333333333333,39,39,39.0,118000.0,True,2021HU0824851,8
0,11000.0,13000.0,1.1818181818181819,44,34,39.0,24000.0,True,2021HU0825600,65
2,183400.0,180000.0,1.018888888888889,65,64,64.5,363400.0,True,2021HU0825884,7
2,32900.0,4400.0,7.4772727272727275,80,70,75.0,37300.0,True,2021HU0825974,12
0,23000.0,50000.0,2.1739130434782608,45,54,49.5,73000.0,True,2021HU0826625,12
0,90500.0,0.0,0.0,41,41,41.0,90500.0,True,2021HU0827506,5
0,68500.0,0.0,0.0,81,74,77.5,68500.0,True,2021HU0827955,13
3,329000.0,100000.0,3.29,89,86,87.5,429000.0,True,2021HU0827968,9
0,122000.0,43000.0,2.8372093023255816,68,66,67.0,165000.0,True,2021HU0829327,12
3,246000.0,57600.0,4.270833333333333,67,68,67.5,303600.0,True,2021HU0829646,16
4,40000.0,1500.0,26.666666666666668,28,32,30.0,41500.0,True,2021HU0830004,28
1,36000.0,55000.0,1.5277777777777777,53,55,54.0,91000.0,True,2021HU0830813,32
2,140000.0,95000.0,1.4736842105263157,30,36,33.0,235000.0,True,2021HU0830899,9
0,28700.0,25900.0,1.1081081081081081,79,72,75.5,54600.0,True,2021HU0831778,12
0,18000.0,45000.0,2.5,64,59,61.5,63000.0,True,2021HU0831859,10
2,40000.0,0.0,0.0,22,24,23.0,40000.0,True,2021HU0832432,5
2,12000.0,72000.0,6.0,69,69,69.0,84000.0,True,2021HU0833261,7
1,20000.0,36000.0,1.8,50,48,49.0,56000.0,False,2021HU0833781,11
4,338000.0,20400.0,16.568627450980394,69,72,70.5,358400.0,True,2021HU0834126,3
0,43700.0,15000.0,2.9133333333333336,67,64,65.5,58700.0,True,2021HU0835606,11
4,45000.0,800.0,56.25,59,60,59.5,45800.0,True,2021HU0835903,11
2,59000.0,12600.0,4.682539682539683,71,66,68.5,71600.0,True,2021HU0836163,14
3,41000.0,7200.0,5.694444444444445,79,80,79.5,48200.0,True,2021HU0836896,24
0,12000.0,19200.0,1.6,73,78,75.5,31200.0,True,2021HU0838540,15
3,163000.0,0.0,0.0,60,55,57.5,163000.0,True,2021HU0838575,26
0,27500.0,35000.0,1.2727272727272727,69,70,69.5,62500.0,True,2021HU0838604,5
0,60000.0,0.0,0.0,32,31,31.5,60000.0,True,2021HU0839341,12
0,17000.0,32400.0,1.9058823529411764,59,67,63.0,49400.0,True,2021HU0839390,16
3,161800.0,18000.0,8.988888888888889,27,27,27.0,179800.0,True,2021HU0840176,22
0,47500.0,31000.0,1.532258064516129,73,70,71.5,78500.0,True,2021HU0841009,28
2,36000.0,0.0,0.0,25,23,24.0,36000.0,True,2021HU0841381,37
0,60000.0,20000.0,3.0,47,49,48.0,80000.0,True,2021HU0841413,12
2,249000.0,87000.0,2.8620689655172415,61,61,61.0,336000.0,True,2021HU0841881,22
2,125000.0,110000.0,1.1363636363636365,31,32,31.5,235000.0,True,2021HU0842594,30
1,88100.0,77300.0,1.1397153945666236,75,79,77.0,165400.0,True,2021HU0843658,8
1,1800.0,0.0,0.0,55,50,52.5,1800.0,True,2021HU0843872,13
0,10000.0,10100.0,1.01,34,40,37.0,20100.0,True,2021HU0843894,27
0,15700.0,31400.0,2.0,68,68,68.0,47100.0,True,2021HU0845090,5
0,0.0,100000.0,0.0,45,43,44.0,100000.0,True,2021HU0845294,16
4,122800.0,0.0,0.0,74,39,56.5,122800.0,True,2021HU0845359,19
4,98000.0,3700.0,26.486486486486488,42,33,37.5,101700.0,True,2021HU0845649,12
5,407000.0,10000.0,40.7,65,80,72.5,417000.0,True,2021HU0845783,14
5,101400.0,0.0,0.0,36,85,60.5,101400.0,False,2021HU0846025,8
3,45640.0,6750.0,6.761481481481481,76,76,76.0,52390.0,True,2021HU0846212,17
0,50000.0,100000.0,2.0,31,40,35.5,150000.0,True,2021HU0848164,18
1,95700.0,50800.0,1.8838582677165354,52,67,59.5,146500.0,True,2021HU0848345,19
0,22020.0,41740.0,1.8955495004541325,67,71,69.0,63760.0,True,2021HU0848550,5
2,40000.0,8400.0,4.761904761904762,56,54,55.0,48400.0,False,2021HU0848714,12
0,43600.0,17300.0,2.520231213872832,64,70,67.0,60900.0,True,2021HU0848774,18
2,61800.0,61800.0,1.0,27,29,28.0,123600.0,True,2021HU0850019,25
0,0.0,0.0,0.0,84,91,87.5,0.0,True,2021HU0850602,13
0,500.0,0.0,0.0,58,58,58.0,500.0,True,2021HU0850710,20
0,43200.0,14400.0,3.0,56,46,51.0,57600.0,True,2021HU0851083,13
2,61000.0,68000.0,1.1147540983606556,53,50,51.5,129000.0,True,2021HU0851663,12
1,30000.0,89600.0,2.986666666666667,49,46,47.5,119600.0,True,2021HU0851789,23
0,20000.0,30000.0,1.5,51,58,54.5,50000.0,True,2021HU0851847,26
2,110000.0,15000.0,7.333333333333333,40,35,37.5,125000.0,True,2021HU0853870,7
0,105000.0,50000.0,2.1,70,74,72.0,155000.0,True,2021HU0854502,24
0,55000.0,40000.0,1.375,44,36,40.0,95000.0,True,2021HU0854540,1
0,128000.0,45000.0,2.8444444444444446,53,55,54.0,173000.0,True,2021HU0854652,14
0,50600.0,22300.0,2.2690582959641254,72,70,71.0,72900.0,True,2021HU0854776,34
0,12500.0,0.0,0.0,43,39,41.0,12500.0,True,2021HU0855157,80
1,75000.0,0.0,0.0,53,41,47.0,75000.0,False,2021HU0855282,12
1,33200.0,38400.0,1.1566265060240963,61,64,62.5,71600.0,True,2021HU0856200,16
3,113400.0,110000.0,1.030909090909091,26,26,26.0,223400.0,True,2021HU0856931,35
0,36000.0,67000.0,1.8611111111111112,33,36,34.5,103000.0,True,2021HU0857345,3
2,54000.0,50000.0,1.08,45,57,51.0,104000.0,False,2021HU0857487,13
1,56100.0,26700.0,2.101123595505618,67,61,64.0,82800.0,True,2021HU0858320,9
2,18200.0,80000.0,4.395604395604396,58,62,60.0,98200.0,True,2021HU0858479,18
1,51600.0,86800.0,1.682170542635659,71,67,69.0,138400.0,True,2021HU0858500,8
2,57000.0,64000.0,1.1228070175438596,56,61,58.5,121000.0,True,2021HU0859067,37
2,160000.0,60000.0,2.6666666666666665,39,38,38.5,220000.0,True,2021HU0859400,46
1,29180.0,91000.0,3.1185743660041125,63,62,62.5,120180.0,True,2021HU0860116,5
2,86000.0,29800.0,2.8859060402684564,50,57,53.5,115800.0,False,2021HU0860314,4
1,38000.0,50000.0,1.3157894736842106,46,44,45.0,88000.0,False,2021HU0860517,3
2,3900.0,20000.0,5.128205128205129,87,90,88.5,23900.0,True,2021HU0860628,14
0,43200.0,41400.0,1.0434782608695652,59,59,59.0,84600.0,True,2021HU0860656,25
0,82400.0,0.0,0.0,62,61,61.5,82400.0,True,2021HU0861103,14
0,0.0,38000.0,0.0,38,36,37.0,38000.0,True,2021HU0861292,11
3,49100.0,320000.0,6.517311608961304,86,84,85.0,369100.0,True,2021HU0861747,12
1,150000.0,30000.0,5.0,64,64,64.0,180000.0,True,2021HU0861867,25
0,30840.0,35700.0,1.1575875486381324,68,70,69.0,66540.0,True,2021HU0862613,10
1,91000.0,100000.0,1.098901098901099,44,46,45.0,191000.0,True,2021HU0863021,24
6,7480.0,108000.0,14.438502673796792,32,35,33.5,115480.0,True,2021HU0864337,32
2,70000.0,19000.0,3.6842105263157894,46,46,46.0,89000.0,False,2021HU0864599,14
1,63000.0,25000.0,2.52,34,34,34.0,88000.0,True,2021HU0864929,34
0,46200.0,0.0,0.0,56,44,50.0,46200.0,True,2021HU0864978,39
1,52700.0,12500.0,4.216,69,64,66.5,65200.0,True,2021HU0866625,7
1,88000.0,70000.0,1.2571428571428571,36,44,40.0,158000.0,True,2021HU0866785,72
0,60000.0,40000.0,1.5,32,31,31.5,100000.0,True,2021HU0866798,69
1,27000.0,8400.0,3.2142857142857144,77,77,77.0,35400.0,True,2021HU0868433,3
1,82000.0,24500.0,3.3469387755102042,80,77,78.5,106500.0,True,2021HU0868532,14
2,152300.0,61100.0,2.492635024549918,62,67,64.5,213400.0,True,2021HU0868956,10
2,4300.0,22000.0,5.116279069767442,36,34,35.0,26300.0,True,2021HU0869212,30
0,90000.0,46000.0,1.9565217391304348,36,32,34.0,136000.0,True,2021HU0869366,24
0,11300.0,18000.0,1.592920353982301,61,70,65.5,29300.0,True,2021HU0869972,18
0,36000.0,39000.0,1.0833333333333333,55,57,56.0,75000.0,True,2021HU0870533,12
3,54800.0,9900.0,5.5353535353535355,54,60,57.0,64700.0,True,2021HU0871077,13
0,92000.0,48000.0,1.9166666666666667,56,48,52.0,140000.0,True,2021HU0872417,27
4,407000.0,61000.0,6.672131147540983,50,55,52.5,468000.0,True,2021HU0872781,15
4,5600.0,58000.0,10.357142857142858,30,31,30.5,63600.0,False,2021HU0873454,26
0,88000.0,42900.0,2.051282051282051,52,51,51.5,130900.0,True,2021HU0873483,13
1,30000.0,9600.0,3.125,67,68,67.5,39600.0,True,2021HU0873800,11
4,0.0,220000.0,0.0,50,49,49.5,220000.0,True,2021HU0874415,19
0,28000.0,66000.0,2.357142857142857,40,43,41.5,94000.0,True,2021HU0875122,39
3,99000.0,5000.0,19.8,55,57,56.0,104000.0,True,2021HU0875711,14
3,90000.0,5000.0,18.0,41,44,42.5,95000.0,True,2021HU0876205,16
2,68000.0,11000.0,6.181818181818182,57,56,56.5,79000.0,True,2021HU0876206,62
3,23600.0,7400.0,3.189189189189189,58,34,46.0,31000.0,False,2021HU0877620,2
1,66920.0,63120.0,1.0602027883396705,71,75,73.0,130040.0,True,2021HU0878157,9
4,65000.0,100.0,650.0,44,48,46.0,65100.0,True,2021HU0878174,16
0,38750.0,100000.0,2.5806451612903225,70,55,62.5,138750.0,True,2021HU0878484,19
3,150000.0,80000.0,1.875,53,53,53.0,230000.0,True,2021HU0878529,18
1,60000.0,122500.0,2.0416666666666665,67,73,70.0,182500.0,True,2021HU0878760,18
9,219300.0,2000.0,109.65,59,38,48.5,221300.0,True,2021HU0880889,20
4,407000.0,0.0,0.0,53,52,52.5,407000.0,True,2021HU0882073,26
0,48000.0,26000.0,1.8461538461538463,51,42,46.5,74000.0,True,2021HU0882390,10
3,156500.0,90000.0,1.738888888888889,81,58,69.5,246500.0,True,2021HU0883006,17
0,43000.0,120000.0,2.7906976744186047,46,44,45.0,163000.0,True,2021HU0883091,12
1,96700.0,91000.0,1.0626373626373626,81,85,83.0,187700.0,True,2021HU0884125,16
3,6060.0,68060.0,11.231023102310232,44,52,48.0,74120.0,True,2021HU0884374,69
0,89800.0,-500.0,0.0,68,66,67.0,89300.0,True,2021HU0884819,8
1,75900.0,30000.0,2.53,49,48,48.5,105900.0,True,2021HU0885070,9
0,21600.0,0.0,0.0,56,41,48.5,21600.0,True,2021HU0885297,7
2,140000.0,60000.0,2.3333333333333335,47,45,46.0,200000.0,True,2021HU0886244,26
0,42000.0,90000.0,2.142857142857143,64,66,65.0,132000.0,True,2021HU0886667,7
1,70000.0,70000.0,1.0,46,39,42.5,140000.0,True,2021HU0887323,15
0,94000.0,40000.0,2.35,54,54,54.0,134000.0,True,2021HU0888195,13
4,427000.0,0.0,0.0,49,50,49.5,427000.0,True,2021HU0888376,9
2,130800.0,71000.0,1.8422535211267606,68,68,68.0,201800.0,True,2021HU0888806,14
1,95600.0,21600.0,4.425925925925926,68,69,68.5,117200.0,True,2021HU0888966,5
2,115000.0,99000.0,1.1616161616161615,46,36,41.0,214000.0,True,2021HU0889605,9
2,35000.0,14150.0,2.4734982332155475,56,81,68.5,49150.0,True,2021HU0890295,7
1,16000.0,53000.0,3.3125,65,66,65.5,69000.0,True,2021HU0890455,8
1,0.0,47000.0,0.0,32,32,32.0,47000.0,False,2021HU0890955,3
4,37900.0,8000.0,4.7375,41,67,54.0,45900.0,False,2021HU0891037,43
1,63100.0,90100.0,1.427892234548336,52,53,52.5,153200.0,True,2021HU0891042,40
0,72000.0,38400.0,1.875,64,62,63.0,110400.0,True,2021HU0891857,35
0,80000.0,47000.0,1.702127659574468,35,39,37.0,127000.0,True,2021HU0891961,27
3,52000.0,160000.0,3.076923076923077,48,45,46.5,212000.0,True,2021HU0893403,7
2,12000.0,82400.0,6.866666666666666,40,43,41.5,94400.0,True,2021HU0893655,21
1,111400.0,60000.0,1.8566666666666667,58,60,59.0,171400.0,True,2021HU0894569,11
0,22000.0,17180.0,1.280558789289872,66,70,68.0,39180.0,True,2021HU0894813,6
0,33600.0,27000.0,1.2444444444444445,64,68,66.0,60600.0,True,2021HU0895633,15
0,24000.0,36000.0,1.5,54,53,53.5,60000.0,True,2021HU0895684,34
4,21600.0,1600.0,13.5,27,26,26.5,23200.0,True,2021HU0897304,9
1,87000.0,80000.0,1.0875,59,65,62.0,167000.0,True,2021HU0897719,22
2,128900.0,39000.0,3.305128205128205,68,90,79.0,167900.0,True,2021HU0898184,1
1,25500.0,94000.0,3.6862745098039214,43,38,40.5,119500.0,True,2021HU0898703,14
1,51000.0,79000.0,1.5490196078431373,34,34,34.0,130000.0,True,2021HU0898704,15
1,67200.0,80000.0,1.1904761904761905,60,60,60.0,147200.0,True,2021HU0898918,38
0,40010.0,55000.0,1.374656335916021,57,56,56.5,95010.0,True,2021HU0901061,15
2,10000.0,51600.0,5.16,71,73,72.0,61600.0,True,2021HU0901690,2
0,0.0,17600.0,0.0,64,65,64.5,17600.0,True,2021HU0901694,12
0,38060.0,33260.0,1.1443174984966926,47,49,48.0,71320.0,True,2021HU0905247,9
3,111000.0,0.0,0.0,62,61,61.5,111000.0,True,2021HU0905382,2
3,22300.0,208000.0,9.327354260089686,33,33,33.0,230300.0,True,2021HU0905462,9
0,108300.0,43200.0,2.5069444444444446,65,64,64.5,151500.0,True,2021HU0906352,32
1,75000.0,60000.0,1.25,51,46,48.5,135000.0,True,2021HU0907211,23
0,53300.0,17900.0,2.977653631284916,89,87,88.0,71200.0,True,2021HU0908113,16
4,202700.0,0.0,0.0,67,64,65.5,202700.0,True,2021HU0908650,3
1,60000.0,58000.0,1.0344827586206897,48,51,49.5,118000.0,True,2021HU0909438,22
0,48400.0,136800.0,2.8264462809917354,63,59,61.0,185200.0,True,2021HU0909524,40
1,27000.0,68000.0,2.5185185185185186,27,29,28.0,95000.0,True,2021HU0909601,22
0,40200.0,21750.0,1.8482758620689654,62,66,64.0,61950.0,True,2021HU0910100,54
0,30050.0,30600.0,1.0183028286189684,73,75,74.0,60650.0,True,2021HU0910995,3
2,47300.0,13200.0,3.5833333333333335,70,82,76.0,60500.0,True,2021HU0911163,33
3,138000.0,25400.0,5.433070866141732,73,71,72.0,163400.0,True,2021HU0912671,13
1,75400.0,54890.0,1.373656403716524,75,76,75.5,130290.0,True,2021HU0913007,11
1,4200.0,11500.0,2.738095238095238,25,30,27.5,15700.0,True,2021HU0913083,14
0,59000.0,23700.0,2.4894514767932487,62,60,61.0,82700.0,True,2021HU0914209,13
1,84000.0,56000.0,1.5,40,37,38.5,140000.0,True,2021HU0914425,18
1,27200.0,37000.0,1.3602941176470589,54,55,54.5,64200.0,True,2021HU0915733,5
0,60000.0,27800.0,2.158273381294964,65,55,60.0,87800.0,True,2021HU0916054,54
2,82500.0,15000.0,5.5,68,70,69.0,97500.0,True,2021HU0916185,18
4,149000.0,0.0,0.0,59,40,49.5,149000.0,True,2021HU0916484,12
1,21200.0,32800.0,1.5471698113207548,58,52,55.0,54000.0,True,2021HU0916709,5
2,21600.0,118400.0,5.481481481481482,54,51,52.5,140000.0,True,2021HU0917307,17
1,0.0,36000.0,0.0,43,47,45.0,36000.0,False,2021HU0918293,13
2,15300.0,95000.0,6.209150326797386,51,50,50.5,110300.0,True,2021HU0918992,13
0,8400.0,7200.0,1.1666666666666667,84,69,76.5,15600.0,True,2021HU0919365,47
0,16350.0,45390.0,2.776146788990826,82,88,85.0,61740.0,True,2021HU0920760,4
3,105000.0,0.0,0.0,37,36,36.5,105000.0,True,2021HU0921068,52
3,176000.0,0.0,0.0,36,32,34.0,176000.0,True,2021HU0921094,18
1,112430.0,29700.0,3.7855218855218857,82,84,83.0,142130.0,True,2021HU0921443,21
4,1500.0,100000.0,66.66666666666667,35,31,33.0,101500.0,True,2021HU0921557,37
0,22900.0,0.0,0.0,42,43,42.5,22900.0,True,2021HU0921789,15
0,31500.0,75500.0,2.3968253968253967,57,56,56.5,107000.0,True,2021HU0921870,7
0,49600.0,43000.0,1.1534883720930234,73,73,73.0,92600.0,True,2021HU0921914,13
1,53600.0,30700.0,1.745928338762215,71,44,57.5,84300.0,True,2021HU0922798,34
1,43200.0,130000.0,3.009259259259259,47,40,43.5,173200.0,True,2021HU0924263,22
2,60000.0,50000.0,1.2,26,23,24.5,110000.0,True,2021HU0925376,11
1,25000.0,39700.0,1.588,63,67,65.0,64700.0,True,2021HU0928005,17
2,93000.0,160020.0,1.7206451612903226,32,34,33.0,253020.0,True,2021HU0928009,18
0,60100.0,26900.0,2.2342007434944238,77,83,80.0,87000.0,True,2021HU0928119,13
0,81000.0,35100.0,2.3076923076923075,54,55,54.5,116100.0,True,2021HU0928229,148
0,67000.0,35390.0,1.893190166713761,67,75,71.0,102390.0,True,2021HU0928581,7
1,50000.0,80000.0,1.6,59,58,58.5,130000.0,False,2021HU0928941,12
2,30000.0,5700.0,5.2631578947368425,66,65,65.5,35700.0,True,2021HU0929952,3
1,16400.0,73800.0,4.5,86,89,87.5,90200.0,True,2021HU0931325,10
1,4010.0,16000.0,3.9900249376558605,78,76,77.0,20010.0,True,2021HU0933261,7
2,36040.0,0.0,0.0,23,22,22.5,36040.0,True,2021HU0933513,17
3,0.0,150000.0,0.0,44,47,45.5,150000.0,True,2021HU0933689,46
1,46600.0,15300.0,3.045751633986928,80,74,77.0,61900.0,True,2021HU0933696,24
4,180000.0,13300.0,13.533834586466165,46,45,45.5,193300.0,True,2021HU0935344,4
0,10400.0,4400.0,2.3636363636363638,74,74,74.0,14800.0,True,2021HU0935988,18
0,99000.0,48000.0,2.0625,65,69,67.0,147000.0,True,2021HU0936218,16
6,7340.0,116000.0,15.803814713896458,65,62,63.5,123340.0,True,2021HU0936341,13
1,300.0,800.0,2.6666666666666665,63,62,62.5,1100.0,False,2021HU0936442,9
1,62100.0,45800.0,1.3558951965065502,83,73,78.0,107900.0,True,2021HU0937106,43
1,41400.0,33500.0,1.2358208955223882,73,75,74.0,74900.0,False,2021HU0937569,14
1,25700.0,6600.0,3.893939393939394,41,36,38.5,32300.0,True,2021HU0937759,51
1,78400.0,78000.0,1.005128205128205,54,47,50.5,156400.0,True,2021HU0937869,13
2,200900.0,47900.0,4.1941544885177455,60,66,63.0,248800.0,True,2021HU0940130,60
8,198000.0,5000.0,39.6,64,74,69.0,203000.0,True,2021HU0940622,15
5,59000.0,3300.0,17.87878787878788,26,23,24.5,62300.0,True,2021HU0940990,70
1,140130.0,35000.0,4.003714285714286,40,40,40.0,175130.0,True,2021HU0941940,27
0,35900.0,36000.0,1.0027855153203342,71,61,66.0,71900.0,True,2021HU0942042,12
1,32000.0,50000.0,1.5625,56,57,56.5,82000.0,True,2021HU0942715,25
0,85000.0,0.0,0.0,72,61,66.5,85000.0,True,2021HU0943584,38
2,70000.0,9500.0,7.368421052631579,72,73,72.5,79500.0,True,2021HU0944968,8
2,72000.0,92000.0,1.2777777777777777,42,42,42.0,164000.0,True,2021HU0945668,15
2,135040.0,70000.0,1.929142857142857,48,47,47.5,205040.0,True,2021HU0947214,25
0,22600.0,35000.0,1.5486725663716814,43,42,42.5,57600.0,True,2021HU0948213,14
1,32400.0,83000.0,2.5617283950617282,28,29,28.5,115400.0,True,2021HU0948382,13
2,143000.0,16700.0,8.562874251497005,68,67,67.5,159700.0,True,2021HU0948495,25
1,75000.0,69000.0,1.0869565217391304,50,45,47.5,144000.0,True,2021HU0948948,21
2,48000.0,45000.0,1.0666666666666667,22,23,22.5,93000.0,True,2021HU0951280,10
2,94400.0,85500.0,1.104093567251462,76,69,72.5,179900.0,True,2021HU0951497,13
1,16800.0,18000.0,1.0714285714285714,68,66,67.0,34800.0,True,2021HU0951730,3
0,0.0,0.0,0.0,56,47,51.5,0.0,True,2021HU0952388,14
4,0.0,200200.0,0.0,51,58,54.5,200200.0,True,2021HU0954471,22
1,70000.0,70000.0,1.0,41,40,40.5,140000.0,True,2021HU0954500,15
2,84000.0,125000.0,1.4880952380952381,49,45,47.0,209000.0,True,2021HU0955515,14
1,56200.0,25500.0,2.203921568627451,48,47,47.5,81700.0,True,2021HU0956402,25
0,0.0,79000.0,0.0,34,35,34.5,79000.0,True,2021HU0956853,41
3,5000.0,70000.0,14.0,66,59,62.5,75000.0,True,2021HU0957354,25
3,108000.0,10000.0,10.8,40,40,40.0,118000.0,True,2021HU0958261,20
0,47900.0,59500.0,1.2421711899791232,65,64,64.5,107400.0,True,2021HU0958369,13
7,160000.0,4000.0,40.0,48,48,48.0,164000.0,True,2021HU0958784,52
4,40.0,11300.0,282.5,66,69,67.5,11340.0,True,2021HU0959896,48
0,25300.0,41100.0,1.6245059288537549,69,56,62.5,66400.0,True,2021HU0960511,8
2,115800.0,110000.0,1.0527272727272727,41,40,40.5,225800.0,True,2021HU0960571,23
2,13700.0,1700.0,8.058823529411764,68,80,74.0,15400.0,True,2021HU0961069,12
0,10800.0,0.0,0.0,77,64,70.5,10800.0,True,2021HU0961599,45
1,56000.0,35000.0,1.6,36,41,38.5,91000.0,False,2021HU0961749,4
0,0.0,35000.0,0.0,51,48,49.5,35000.0,True,2021HU0962416,30
2,70000.0,18000.0,3.888888888888889,55,56,55.5,88000.0,True,2021HU0962927,14
2,136000.0,100000.0,1.36,72,78,75.0,236000.0,True,2021HU0963239,22
1,0.0,70000.0,0.0,34,53,43.5,70000.0,True,2021HU0963846,19
3,60000.0,9200.0,6.521739130434782,28,28,28.0,69200.0,True,2021HU0963859,60
1,62000.0,120000.0,1.935483870967742,53,54,53.5,182000.0,True,2021HU0964321,16
5,43500.0,1500.0,29.0,30,29,29.5,45000.0,True,2021HU0964505,12
1,83100.0,24850.0,3.3440643863179074,70,71,70.5,107950.0,True,2021HU0965008,16
3,289200.0,92500.0,3.1264864864864865,68,54,61.0,381700.0,True,2021HU0965040,6
1,62000.0,72500.0,1.1693548387096775,58,64,61.0,134500.0,True,2021HU0965270,32
3,141400.0,111000.0,1.273873873873874,66,58,62.0,252400.0,True,2021HU0965287,13
3,150000.0,14000.0,10.714285714285714,49,59,54.0,164000.0,True,2021HU0966310,10
2,109600.0,91900.0,1.192600652883569,62,65,63.5,201500.0,True,2021HU0966748,11
2,160000.0,31100.0,5.144694533762058,51,66,58.5,191100.0,True,2021HU0967368,20
4,2900.0,50000.0,17.24137931034483,25,27,26.0,52900.0,True,2021HU0967821,12
1,40000.0,0.0,0.0,36,32,34.0,40000.0,True,2021HU0968401,18
0,24000.0,46800.0,1.95,78,73,75.5,70800.0,True,2021HU0968775,15
3,220000.0,35000.0,6.285714285714286,52,52,52.0,255000.0,True,2021HU0969136,24
1,13000.0,64000.0,4.923076923076923,44,56,50.0,77000.0,True,2021HU0969430,9
1,136000.0,59000.0,2.305084745762712,49,48,48.5,195000.0,True,2021HU0969894,78
1,87600.0,70000.0,1.2514285714285713,60,51,55.5,157600.0,True,2021HU0970274,14
1,120000.0,66000.0,1.8181818181818181,52,55,53.5,186000.0,True,2021HU0970392,8
3,39500.0,3300.0,11.969696969696969,69,70,69.5,42800.0,True,2021HU0970873,11
1,81100.0,71500.0,1.1342657342657343,76,74,75.0,152600.0,True,2021HU0971333,12
0,18000.0,22000.0,1.2222222222222223,68,69,68.5,40000.0,True,2021HU0971502,22
0,52100.0,30000.0,1.7366666666666666,38,42,40.0,82100.0,True,2021HU0971536,24
0,46000.0,41000.0,1.1219512195121952,65,64,64.5,87000.0,True,2021HU0971657,14
2,95200.0,122000.0,1.281512605042017,51,58,54.5,217200.0,True,2021HU0972666,13
0,6400.0,3700.0,1.7297297297297298,30,30,30.0,10100.0,True,2021HU0973085,17
0,36000.0,73000.0,2.0277777777777777,37,41,39.0,109000.0,True,2021HU0973676,14
3,94000.0,16200.0,5.802469135802469,62,61,61.5,110200.0,True,2021HU0973812,24
0,45000.0,48000.0,1.0666666666666667,40,29,34.5,93000.0,True,2021HU0974038,22
0,29600.0,20000.0,1.48,45,35,40.0,49600.0,True,2021HU0974542,13
0,41000.0,24400.0,1.680327868852459,58,73,65.5,65400.0,True,2021HU0975364,14
1,72000.0,74000.0,1.0277777777777777,61,60,60.5,146000.0,True,2021HU0976186,15
6,123000.0,7100.0,17.323943661971832,54,68,61.0,130100.0,True,2021HU0977695,10
0,2500.0,2500.0,1.0,72,69,70.5,5000.0,True,2021HU0980602,11
0,30000.0,35400.0,1.18,60,60,60.0,65400.0,True,2021HU0980606,29
1,120800.0,60000.0,2.013333333333333,65,68,66.5,180800.0,True,2021HU0980714,16
0,40800.0,60000.0,1.4705882352941178,66,62,64.0,100800.0,True,2021HU0981432,13
2,20000.0,50000.0,2.5,23,25,24.0,70000.0,True,2021HU0981468,19
0,24000.0,37200.0,1.55,52,60,56.0,61200.0,True,2021HU0981681,8
3,51200.0,4330.0,11.824480369515012,45,34,39.5,55530.0,True,2021HU0982532,11
4,4300.0,88600.0,20.6046511627907,61,64,62.5,92900.0,True,2021HU0982760,10
2,3600.0,12000.0,3.3333333333333335,74,73,73.5,15600.0,False,2021HU0983724,11
0,48000.0,90000.0,1.875,49,51,50.0,138000.0,True,2021HU0984059,14
3,78000.0,10300.0,7.572815533980583,59,42,50.5,88300.0,True,2021HU0984884,19
6,323600.0,12700.0,25.480314960629922,75,80,77.5,336300.0,True,2021HU0984946,40
1,70000.0,130000.0,1.8571428571428572,37,29,33.0,200000.0,True,2021HU0985070,25
1,62000.0,132000.0,2.129032258064516,52,47,49.5,194000.0,True,2021HU0985436,12
1,97000.0,27400.0,3.54014598540146,59,67,63.0,124400.0,True,2021HU0985757,11
0,-1600.0,0.0,0.0,81,76,78.5,-1600.0,True,2021HU0986750,16
1,50000.0,50000.0,1.0,28,28,28.0,100000.0,True,2021HU0986867,42
0,0.0,66000.0,0.0,30,33,31.5,66000.0,True,2021HU0987124,49
2,2000.0,20000.0,10.0,41,39,40.0,22000.0,True,2021HU0987320,39
2,132600.0,133200.0,1.004524886877828,61,58,59.5,265800.0,True,2021HU0987391,14
1,70000.0,123000.0,1.7571428571428571,51,52,51.5,193000.0,True,2021HU0987522,8
2,2600.0,24000.0,9.23076923076923,62,64,63.0,26600.0,True,2021HU0988507,12
5,231600.0,0.0,0.0,85,58,71.5,231600.0,True,2021HU0989372,27
2,55000.0,10500.0,5.238095238095238,55,62,58.5,65500.0,True,2021HU0991124,2
4,800.0,100000.0,125.0,41,39,40.0,100800.0,True,2021HU0991719,18
4,3000.0,92000.0,30.666666666666668,43,47,45.0,95000.0,True,2021HU0992434,4
3,221000.0,25600.0,8.6328125,73,65,69.0,246600.0,True,2021HU0992510,12
3,156000.0,120000.0,1.3,46,48,47.0,276000.0,True,2021HU0992961,13
1,70000.0,80000.0,1.1428571428571428,58,53,55.5,150000.0,True,2021HU0993505,35
0,11900.0,29200.0,2.453781512605042,70,71,70.5,41100.0,True,2021HU0994862,5
1,85000.0,54000.0,1.5740740740740742,49,54,51.5,139000.0,True,2021HU0995530,12
0,87000.0,35000.0,2.4857142857142858,56,52,54.0,122000.0,True,2021HU0996280,3
0,60000.0,21800.0,2.7522935779816513,42,41,41.5,81800.0,True,2021HU0996870,4
1,25000.0,0.0,0.0,45,41,43.0,25000.0,True,2021HU0996880,16
2,197000.0,190000.0,1.0368421052631578,74,74,74.0,387000.0,True,2021HU0997076,18
4,339200.0,0.0,0.0,70,56,63.0,339200.0,True,2021HU0997355,7
0,19000.0,28000.0,1.4736842105263157,42,37,39.5,47000.0,True,2021HU0997389,7
0,84000.0,36900.0,2.2764227642276422,50,50,50.0,120900.0,True,2021HU0998627,15
0,7200.0,3600.0,2.0,66,75,70.5,10800.0,True,2021HU0998853,17
2,105000.0,100000.0,1.05,31,33,32.0,205000.0,True,2021HU0999152,16
0,15620.0,21300.0,1.3636363636363635,95,80,87.5,36920.0,True,2021HU0999606,12
3,59000.0,11300.0,5.221238938053097,57,61,59.0,70300.0,True,2021HU0999723,11
2,55000.0,8000.0,6.875,75,71,73.0,63000.0,True,2021HU0999816,13
4,314000.0,0.0,0.0,65,65,65.0,314000.0,True,2021HU1001389,7
1,104800.0,69000.0,1.518840579710145,61,61,61.0,173800.0,True,2021HU1001815,8
4,50000.0,50.0,1000.0,40,42,41.0,50050.0,True,2021HU1003052,15
5,1000.0,35000.0,35.0,58,57,57.5,36000.0,True,2021HU1003056,19
2,14000.0,120000.0,8.571428571428571,49,53,51.0,134000.0,True,2021HU1003155,10
0,24800.0,51000.0,2.056451612903226,72,57,64.5,75800.0,True,2021HU1003201,17
3,194400.0,0.0,0.0,67,53,60.0,194400.0,True,2021HU1003314,5
0,100000.0,37000.0,2.7027027027027026,54,45,49.5,137000.0,True,2021HU1003548,15
0,12800.0,15000.0,1.171875,77,79,78.0,27800.0,True,2021HU1005389,35
5,361000.0,0.0,0.0,69,69,69.0,361000.0,True,2021HU1005679,14
0,66000.0,30000.0,2.2,54,56,55.0,96000.0,True,2021HU1005688,8
1,55000.0,21000.0,2.619047619047619,64,62,63.0,76000.0,True,2021HU1006525,2
1,14000.0,21100.0,1.5071428571428571,60,66,63.0,35100.0,True,2021HU1006919,25
0,35400.0,20000.0,1.77,50,48,49.0,55400.0,True,2021HU1008503,26
1,17100.0,0.0,0.0,82,62,72.0,17100.0,True,2021HU1008610,6
2,89000.0,17700.0,5.028248587570621,55,54,54.5,106700.0,True,2021HU1008686,23
0,24070.0,21000.0,1.1461904761904762,62,65,63.5,45070.0,True,2021HU1008835,7
3,64600.0,6300.0,10.253968253968255,73,70,71.5,70900.0,True,2021HU1011087,4
2,74200.0,36000.0,2.061111111111111,72,48,60.0,110200.0,False,2021HU1011311,3
3,128400.0,0.0,0.0,50,46,48.0,128400.0,True,2021HU1011552,17
0,69160.0,0.0,0.0,62,60,61.0,69160.0,True,2021HU1012992,22
0,29250.0,45500.0,1.5555555555555556,67,68,67.5,74750.0,True,2021HU1013419,1
0,78000.0,35000.0,2.2285714285714286,50,46,48.0,113000.0,True,2021HU1013463,44
1,86000.0,0.0,0.0,66,49,57.5,86000.0,True,2021HU1013808,36
2,84400.0,14900.0,5.6644295302013425,83,80,81.5,99300.0,True,2021HU1014376,36
2,103200.0,15100.0,6.8344370860927155,56,61,58.5,118300.0,True,2021HU1014638,18
1,72000.0,99000.0,1.375,36,36,36.0,171000.0,True,2021HU1016309,14
2,202000.0,43200.0,4.675925925925926,67,67,67.0,245200.0,True,2021HU1016915,16
0,21200.0,29300.0,1.3820754716981132,69,68,68.5,50500.0,True,2021HU1017215,30
1,60000.0,0.0,0.0,46,30,38.0,60000.0,True,2021HU1017830,16
4,67000.0,6000.0,11.166666666666666,70,44,57.0,73000.0,True,2021HU1017945,4
1,60000.0,0.0,0.0,30,23,26.5,60000.0,True,2021HU1018123,3
3,199800.0,23100.0,8.64935064935065,95,80,87.5,222900.0,True,2021HU1019135,14
2,143000.0,64000.0,2.234375,56,58,57.0,207000.0,True,2021HU1019214,15
0,19580.0,41180.0,2.1031664964249233,67,67,67.0,60760.0,True,2021HU1019641,10
0,30000.0,15000.0,2.0,54,47,50.5,45000.0,True,2021HU1019722,14
0,71000.0,25010.0,2.838864454218313,56,55,55.5,96010.0,True,2021HU1019889,9
3,110000.0,10000.0,11.0,51,47,49.0,120000.0,True,2021HU1020447,3
0,73600.0,0.0,0.0,40,40,40.0,73600.0,True,2021HU1020719,4
0,81700.0,50000.0,1.634,36,36,36.0,131700.0,True,2021HU1022046,19
5,323600.0,12000.0,26.966666666666665,78,77,77.5,335600.0,True,2021HU1022387,14
2,8700.0,70000.0,8.045977011494253,54,59,56.5,78700.0,True,2021HU1022441,18
0,70000.0,50000.0,1.4,36,35,35.5,120000.0,True,2021HU1022477,10
0,24000.0,0.0,0.0,41,41,41.0,24000.0,True,2021HU1023525,3
5,300.0,8400.0,28.0,25,25,25.0,8700.0,True,2021HU1024032,8
1,76000.0,75000.0,1.0133333333333334,55,53,54.0,151000.0,True,2021HU1024267,4
3,330800.0,35000.0,9.451428571428572,72,74,73.0,365800.0,True,2021HU1024494,15
1,89000.0,80050.0,1.1118051217988758,39,39,39.0,169050.0,True,2021HU1024621,18
8,368000.0,9000.0,40.888888888888886,64,67,65.5,377000.0,True,2021HU1025023,28
3,139000.0,-110.0,0.0,56,42,49.0,138890.0,True,2021HU1025176,15
0,96000.0,0.0,0.0,45,44,44.5,96000.0,True,2021HU1025362,17
2,151600.0,109800.0,1.3806921675774135,71,70,70.5,261400.0,True,2021HU1025395,14
0,14400.0,11400.0,1.263157894736842,37,39,38.0,25800.0,True,2021HU1025965,4
1,95000.0,98000.0,1.0315789473684212,49,52,50.5,193000.0,True,2021HU1025989,40
1,78400.0,89000.0,1.135204081632653,45,40,42.5,167400.0,True,2021HU1026479,15
8,220250.0,30.0,7341.666666666667,50,44,47.0,220280.0,True,2021HU1026825,13
0,87000.0,41700.0,2.0863309352517985,76,73,74.5,128700.0,True,2021HU1027598,29
1,45600.0,12000.0,3.8,62,65,63.5,57600.0,True,2021HU1028063,33
0,0.0,0.0,0.0,68,65,66.5,0.0,True,2021HU1028212,17
3,230000.0,100000.0,2.3,34,37,35.5,330000.0,True,2021HU1028280,22
0,129000.0,43000.0,3.0,58,58,58.0,172000.0,True,2021HU1028646,12
0,100000.0,0.0,0.0,52,38,45.0,100000.0,True,2021HU1028895,8
2,162000.0,200000.0,1.2345679012345678,31,30,30.5,362000.0,True,2021HU1029564,14
1,45000.0,100000.0,2.2222222222222223,31,31,31.0,145000.0,False,2021HU1030539,12
0,26350.0,40250.0,1.5275142314990513,64,61,62.5,66600.0,True,2021HU1032046,21
2,100000.0,11600.0,8.620689655172415,60,56,58.0,111600.0,True,2021HU1032685,8
8,120.0,332000.0,2766.6666666666665,66,68,67.0,332120.0,True,2021HU1033397,12
3,543000.0,123000.0,4.414634146341464,81,82,81.5,666000.0,True,2021HU1033543,12
4,600.0,40000.0,66.66666666666667,49,55,52.0,40600.0,True,2021HU1033764,34
1,60830.0,18700.0,3.2529411764705882,69,69,69.0,79530.0,True,2021HU1034610,20
2,120100.0,90000.0,1.3344444444444445,52,55,53.5,210100.0,True,2021HU1034921,10
1,123000.0,38600.0,3.1865284974093266,68,72,70.0,161600.0,True,2021HU1035718,14
2,100000.0,10000.0,10.0,51,50,50.5,110000.0,True,2021HU1036441,12
2,75000.0,60000.0,1.25,43,47,45.0,135000.0,True,2021HU1037533,7
1,74600.0,80000.0,1.0723860589812333,51,48,49.5,154600.0,True,2021HU1039135,25
1,0.0,0.0,0.0,63,57,60.0,0.0,True,2021HU1039228,17
0,34000.0,20000.0,1.7,72,60,66.0,54000.0,True,2021HU1039990,59
2,130000.0,100000.0,1.3,48,41,44.5,230000.0,True,2021HU1040103,15
2,95000.0,114000.0,1.2,67,66,66.5,209000.0,True,2021HU1041242,14
1,32400.0,14900.0,2.174496644295302,74,72,73.0,47300.0,True,2021HU1042428,2
1,95880.0,95150.0,1.0076720966894377,52,53,52.5,191030.0,True,2021HU1043475,21
0,18000.0,11000.0,1.6363636363636365,65,71,68.0,29000.0,True,2021HU1044076,24
0,32050.0,60000.0,1.8720748829953198,64,55,59.5,92050.0,True,2021HU1044495,17
0,40000.0,40000.0,1.0,60,63,61.5,80000.0,True,2021HU1044572,13
0,0.0,1800.0,0.0,67,67,67.0,1800.0,True,2021HU1045031,54
0,38000.0,24000.0,1.5833333333333333,84,82,83.0,62000.0,True,2021HU1045178,11
2,170000.0,96900.0,1.7543859649122806,58,63,60.5,266900.0,True,2021HU1045540,3
0,40000.0,22200.0,1.8018018018018018,55,57,56.0,62200.0,True,2021HU1046029,2
0,50000.0,23000.0,2.1739130434782608,30,34,32.0,73000.0,True,2021HU1046136,6
1,95000.0,101000.0,1.063157894736842,50,51,50.5,196000.0,True,2021HU1046215,17
1,65000.0,100000.0,1.5384615384615385,52,54,53.0,165000.0,True,2021HU1046254,11
0,20100.0,12200.0,1.6475409836065573,89,74,81.5,32300.0,True,2021HU1046264,11
3,222000.0,28000.0,7.928571428571429,72,70,71.0,250000.0,True,2021HU1046295,13
0,42000.0,55000.0,1.3095238095238095,47,50,48.5,97000.0,True,2021HU1047754,5
1,34400.0,40000.0,1.1627906976744187,64,54,59.0,74400.0,False,2021HU1048404,6
1,30000.0,45000.0,1.5,26,28,27.0,75000.0,True,2021HU1048784,34
1,5000.0,0.0,0.0,28,27,27.5,5000.0,True,2021HU1049374,16
4,338000.0,21600.0,15.648148148148149,68,68,68.0,359600.0,True,2021HU1049646,9
1,103000.0,52000.0,1.9807692307692308,36,39,37.5,155000.0,True,2021HU1049953,21
1,16400.0,7500.0,2.1866666666666665,88,86,87.0,23900.0,False,2021HU1050158,13
1,94000.0,100000.0,1.0638297872340425,38,42,40.0,194000.0,True,2021HU1050509,21
6,1400.0,70000.0,50.0,59,54,56.5,71400.0,False,2021HU1051198,14
4,179000.0,100000.0,1.79,67,46,56.5,279000.0,False,2021HU1051722,4
0,40000.0,36000.0,1.1111111111111112,34,35,34.5,76000.0,True,2021HU1053242,29
0,72000.0,35000.0,2.057142857142857,44,46,45.0,107000.0,True,2021HU1053286,5
1,36000.0,130000.0,3.611111111111111,43,51,47.0,166000.0,True,2021HU1054075,6
1,32750.0,7230.0,4.529737206085754,72,67,69.5,39980.0,True,2021HU1054778,13
2,77300.0,20400.0,3.7892156862745097,72,72,72.0,97700.0,False,2021HU1055890,15
3,407000.0,90000.0,4.522222222222222,40,44,42.0,497000.0,True,2021HU1055921,29
0,52500.0,34800.0,1.5086206896551724,46,46,46.0,87300.0,True,2021HU1056376,8
2,314000.0,314000.0,1.0,61,61,61.0,628000.0,True,2021HU1056423,19
0,47200.0,36000.0,1.3111111111111111,61,61,61.0,83200.0,True,2021HU1056638,14
2,51000.0,10000.0,5.1,78,78,78.0,61000.0,True,2021HU1057339,16
0,33100.0,17800.0,1.8595505617977528,85,84,84.5,50900.0,True,2021HU1057697,13
0,2000.0,5000.0,2.5,64,49,56.5,7000.0,True,2021HU1058023,29
1,57000.0,128600.0,2.256140350877193,48,51,49.5,185600.0,True,2021HU1058211,14
0,30000.0,30000.0,1.0,58,61,59.5,60000.0,True,2021HU1058357,87
1,21600.0,38400.0,1.7777777777777777,78,74,76.0,60000.0,False,2021HU1058497,40
3,71700.0,13200.0,5.431818181818182,59,63,61.0,84900.0,True,2021HU1059060,62
4,100000.0,4000.0,25.0,39,40,39.5,104000.0,True,2021HU1059546,18
2,69160.0,136000.0,1.9664545980335455,62,56,59.0,205160.0,True,2021HU1059581,18
0,18600.0,10000.0,1.86,54,60,57.0,28600.0,True,2021HU1059679,10
3,121000.0,160000.0,1.322314049586777,49,49,49.0,281000.0,False,2021HU1059716,20
8,240200.0,6400.0,37.53125,73,72,72.5,246600.0,True,2021HU1060024,28
3,76500.0,317500.0,4.150326797385621,69,68,68.5,394000.0,True,2021HU1060205,5
9,325000.0,2400.0,135.41666666666666,73,50,61.5,327400.0,True,2021HU1060291,8
2,17000.0,52400.0,3.0823529411764707,67,69,68.0,69400.0,True,2021HU1060311,8
0,60000.0,36000.0,1.6666666666666667,41,37,39.0,96000.0,True,2021HU1060527,13
0,29200.0,19300.0,1.5129533678756477,74,86,80.0,48500.0,True,2021HU1061200,3
4,3000.0,7200.0,2.4,28,19,23.5,10200.0,False,2021HU1061404,37
2,148720.0,58000.0,2.564137931034483,72,74,73.0,206720.0,True,2021HU1061773,6
1,15000.0,75000.0,5.0,61,62,61.5,90000.0,True,2021HU1061843,13
0,36000.0,49700.0,1.3805555555555555,61,63,62.0,85700.0,True,2021HU1061901,25
2,127500.0,141500.0,1.1098039215686275,73,68,70.5,269000.0,True,2021HU1062071,6
1,65110.0,87000.0,1.3362002764552297,62,60,61.0,152110.0,True,2021HU1062599,26
1,9800.0,46500.0,4.744897959183674,64,68,66.0,56300.0,True,2021HU1062829,23
0,26000.0,15100.0,1.7218543046357615,84,77,80.5,41100.0,True,2021HU1063422,4
2,90600.0,130600.0,1.4415011037527594,86,89,87.5,221200.0,True,2021HU1064015,43
2,60000.0,151900.0,2.5316666666666667,65,66,65.5,211900.0,True,2021HU1064801,7
0,41000.0,55000.0,1.3414634146341464,50,54,52.0,96000.0,True,2021HU1065612,71
4,74200.0,200.0,371.0,63,59,61.0,74400.0,True,2021HU1066584,14
0,28000.0,12000.0,2.3333333333333335,86,72,79.0,40000.0,True,2021HU1066879,7
5,35900.0,720.0,49.861111111111114,58,55,56.5,36620.0,True,2021HU1067208,6
2,53500.0,9000.0,5.944444444444445,55,51,53.0,62500.0,True,2021HU1067407,6
1,9300.0,10800.0,1.1612903225806452,85,78,81.5,20100.0,True,2021HU1067843,20
7,6000.0,125000.0,20.833333333333332,53,55,54.0,131000.0,True,2021HU1068511,14
0,82900.0,29400.0,2.8197278911564627,76,73,74.5,112300.0,True,2021HU1068561,3
2,10170.0,82000.0,8.062930186823992,70,63,66.5,92170.0,True,2021HU1068615,52
1,120000.0,55000.0,2.1818181818181817,45,46,45.5,175000.0,True,2021HU1069019,8
5,417000.0,10000.0,41.7,57,53,55.0,427000.0,True,2021HU1069483,41
0,54000.0,19200.0,2.8125,55,56,55.5,73200.0,True,2021HU1069662,7
1,60000.0,40000.0,1.5,74,59,66.5,100000.0,True,2021HU1071128,12
1,32000.0,45000.0,1.40625,56,60,58.0,77000.0,True,2021HU1071240,8
3,77000.0,348300.0,4.523376623376623,74,70,72.0,425300.0,True,2021HU1072065,7
0,0.0,35000.0,0.0,60,47,53.5,35000.0,True,2021HU1072337,14
1,90000.0,20000.0,4.5,55,55,55.0,110000.0,True,2021HU1072561,13
0,67600.0,42000.0,1.6095238095238096,70,65,67.5,109600.0,True,2021HU1073212,12
2,78000.0,13000.0,6.0,57,64,60.5,91000.0,True,2021HU1073515,14
0,6000.0,3000.0,2.0,47,39,43.0,9000.0,True,2021HU1073601,30
0,35000.0,35000.0,1.0,59,57,58.0,70000.0,True,2021HU1074166,37
0,120000.0,48000.0,2.5,31,33,32.0,168000.0,True,2021HU1074944,11
0,12200.0,5000.0,2.44,77,67,72.0,17200.0,True,2021HU1075190,31
0,61200.0,20900.0,2.9282296650717705,81,76,78.5,82100.0,True,2021HU1075758,14
0,35000.0,28600.0,1.2237762237762237,66,65,65.5,63600.0,True,2021HU1076192,12
0,21500.0,13200.0,1.628787878787879,89,87,88.0,34700.0,True,2021HU1076226,9
2,120000.0,18000.0,6.666666666666667,57,55,56.0,138000.0,True,2021HU1077740,19
0,0.0,94800.0,0.0,69,68,68.5,94800.0,True,2021HU1077762,7
0,30000.0,0.0,0.0,42,42,42.0,30000.0,True,2021HU1077925,5
2,97100.0,115000.0,1.184346035015448,62,60,61.0,212100.0,True,2021HU1077965,4
1,80000.0,90000.0,1.125,42,42,42.0,170000.0,True,2021HU1078129,18
2,150000.0,85000.0,1.7647058823529411,44,42,43.0,235000.0,True,2021HU1078983,16
1,70000.0,130000.0,1.8571428571428572,53,53,53.0,200000.0,True,2021HU1079150,4
1,57000.0,58000.0,1.0175438596491229,41,41,41.0,115000.0,True,2021HU1079516,27
2,77000.0,9600.0,8.020833333333334,76,69,72.5,86600.0,True,2021HU1081094,8
1,12000.0,22000.0,1.8333333333333333,72,68,70.0,34000.0,True,2021HU1082261,2
2,40000.0,10000.0,4.0,26,24,25.0,50000.0,True,2021HU1082786,15
1,39040.0,20000.0,1.952,54,59,56.5,59040.0,True,2021HU1082963,7
0,74000.0,0.0,0.0,51,54,52.5,74000.0,True,2021HU1083985,19
0,15000.0,5000.0,3.0,52,54,53.0,20000.0,True,2021HU1084690,38
1,100000.0,60000.0,1.6666666666666667,62,57,59.5,160000.0,True,2021HU1085138,12
1,10000.0,32000.0,3.2,37,37,37.0,42000.0,True,2021HU1085320,11
0,50000.0,25000.0,2.0,41,40,40.5,75000.0,True,2021HU1085601,13
2,98100.0,155000.0,1.5800203873598369,78,75,76.5,253100.0,True,2021HU1085697,12
3,143200.0,88200.0,1.6235827664399094,56,74,65.0,231400.0,True,2021HU1085720,14
3,216000.0,25200.0,8.571428571428571,76,83,79.5,241200.0,True,2021HU1086644,13
1,102000.0,64000.0,1.59375,37,39,38.0,166000.0,True,2021HU1087774,20
7,120000.0,8800.0,13.636363636363637,63,65,64.0,128800.0,True,2021HU1088178,48
2,146000.0,157400.0,1.0780821917808219,54,64,59.0,303400.0,True,2021HU1088221,36
1,23000.0,12000.0,1.9166666666666667,24,26,25.0,35000.0,True,2021HU1088293,26
0,64000.0,28000.0,2.2857142857142856,69,57,63.0,92000.0,True,2021HU1088451,22
1,55000.0,145000.0,2.6363636363636362,63,65,64.0,200000.0,True,2021HU1090177,11
2,114500.0,17200.0,6.656976744186046,35,35,35.0,131700.0,True,2021HU1090333,20
0,30000.0,30000.0,1.0,67,66,66.5,60000.0,True,2021HU1090906,47
2,69000.0,40000.0,1.725,26,23,24.5,109000.0,True,2021HU1092108,44
0,47700.0,30400.0,1.569078947368421,71,65,68.0,78100.0,True,2021HU1092265,21
0,100000.0,0.0,0.0,60,62,61.0,100000.0,True,2021HU1093514,19
0,59000.0,48800.0,1.209016393442623,45,35,40.0,107800.0,True,2021HU1093634,17
7,134540.0,20.0,6727.0,49,48,48.5,134560.0,True,2021HU1094829,14
2,113200.0,95100.0,1.1903259726603574,36,37,36.5,208300.0,True,2021HU1094958,47
0,20700.0,8400.0,2.4642857142857144,83,71,77.0,29100.0,True,2021HU1095147,4
1,38800.0,0.0,0.0,56,28,42.0,38800.0,True,2021HU1095844,25
1,100000.0,20000.0,5.0,48,51,49.5,120000.0,True,2021HU1096127,6
0,85000.0,0.0,0.0,40,38,39.0,85000.0,True,2021HU1096522,14
4,68150.0,8500.0,8.01764705882353,25,23,24.0,76650.0,True,2021HU1097441,18
1,0.0,29000.0,0.0,27,28,27.5,29000.0,True,2021HU1098314,12
2,353000.0,338000.0,1.044378698224852,70,71,70.5,691000.0,True,2021HU1098446,17
0,30000.0,30000.0,1.0,65,52,58.5,60000.0,True,2021HU1099761,14
1,125800.0,41700.0,3.016786570743405,48,47,47.5,167500.0,True,2021HU1100259,13
1,8000.0,16800.0,2.1,61,70,65.5,24800.0,False,2021HU1101220,21
3,181000.0,16000.0,11.3125,54,51,52.5,197000.0,True,2021HU1101563,8
1,45400.0,10600.0,4.283018867924528,77,73,75.0,56000.0,True,2021HU1101741,19
2,70000.0,18000.0,3.888888888888889,61,57,59.0,88000.0,True,2021HU1103115,8
1,100000.0,55000.0,1.8181818181818181,63,57,60.0,155000.0,True,2021HU1103538,7
1,0.0,38000.0,0.0,25,27,26.0,38000.0,True,2021HU1104508,31
3,100000.0,8100.0,12.345679012345679,52,53,52.5,108100.0,True,2021HU1104944,22
0,1800.0,0.0,0.0,58,61,59.5,1800.0,True,2021HU1104999,79
1,50300.0,44800.0,1.1227678571428572,51,53,52.0,95100.0,True,2021HU1105160,12
2,65000.0,87000.0,1.3384615384615384,57,58,57.5,152000.0,True,2021HU1105639,9
1,0.0,64000.0,0.0,40,43,41.5,64000.0,True,2021HU1105855,16
0,21400.0,38400.0,1.794392523364486,51,47,49.0,59800.0,True,2021HU1105875,20
1,113000.0,66000.0,1.7121212121212122,75,77,76.0,179000.0,True,2021HU1106092,14
0,29500.0,14000.0,2.107142857142857,33,38,35.5,43500.0,True,2021HU1108552,9
3,133000.0,0.0,0.0,74,62,68.0,133000.0,True,2021HU1108613,32
1,25900.0,87000.0,3.359073359073359,33,32,32.5,112900.0,True,2021HU1109064,42
3,25000.0,200000.0,8.0,39,39,39.0,225000.0,True,2021HU1109098,7
2,13200.0,69100.0,5.234848484848484,71,72,71.5,82300.0,True,2021HU1109584,12
3,150000.0,10300.0,14.563106796116505,46,46,46.0,160300.0,True,2021HU1110243,6
0,24000.0,24000.0,1.0,53,56,54.5,48000.0,True,2021HU1110955,19
1,99300.0,36000.0,2.7583333333333333,52,51,51.5,135300.0,True,2021HU1111040,10
5,12000.0,314000.0,26.166666666666668,63,61,62.0,326000.0,True,2021HU1111102,3
1,84600.0,29400.0,2.877551020408163,49,48,48.5,114000.0,False,2021HU1112212,4
1,90000.0,85000.0,1.0588235294117647,41,50,45.5,175000.0,True,2021HU1112242,2
0,49000.0,53000.0,1.0816326530612246,54,58,56.0,102000.0,True,2021HU1112355,30
2,25200.0,143200.0,5.682539682539683,69,69,69.0,168400.0,True,2021HU1113092,13
1,100100.0,70000.0,1.43,43,44,43.5,170100.0,True,2021HU1113357,35
2,30000.0,168000.0,5.6,58,59,58.5,198000.0,True,2021HU1113642,9
1,80000.0,60000.0,1.3333333333333333,55,55,55.0,140000.0,True,2021HU1114279,31
1,70000.0,25200.0,2.7777777777777777,62,61,61.5,95200.0,True,2021HU1115114,12
1,15000.0,50000.0,3.3333333333333335,32,30,31.0,65000.0,True,2021HU1115410,39
0,36000.0,28800.0,1.25,45,42,43.5,64800.0,True,2021HU1115460,14
0,9000.0,14400.0,1.6,85,83,84.0,23400.0,True,2021HU1115472,4
4,20000.0,140.0,142.85714285714286,78,75,76.5,20140.0,True,2021HU1116482,14
5,310800.0,12000.0,25.9,74,69,71.5,322800.0,True,2021HU1117057,12
1,28400.0,106000.0,3.732394366197183,66,68,67.0,134400.0,True,2021HU1117640,14
1,11800.0,48800.0,4.135593220338983,60,68,64.0,60600.0,True,2021HU1119115,4
0,120000.0,40000.0,3.0,36,34,35.0,160000.0,True,2021HU1119426,44
1,61000.0,70000.0,1.1475409836065573,52,54,53.0,131000.0,True,2021HU1119781,14
2,104000.0,120000.0,1.1538461538461537,47,45,46.0,224000.0,True,2021HU1122328,12
0,42000.0,62000.0,1.4761904761904763,41,42,41.5,104000.0,True,2021HU1122585,16
0,49000.0,34200.0,1.432748538011696,63,64,63.5,83200.0,True,2021HU1122777,14
1,72300.0,24500.0,2.951020408163265,89,89,89.0,96800.0,True,2021HU1123690,10
0,41000.0,38000.0,1.0789473684210527,66,67,66.5,79000.0,True,2021HU1123776,3
4,60000.0,2000.0,30.0,52,51,51.5,62000.0,True,2021HU1124873,14
2,35100.0,40000.0,1.1396011396011396,23,24,23.5,75100.0,True,2021HU1124966,29
0,32000.0,30000.0,1.0666666666666667,68,66,67.0,62000.0,True,2021HU1125506,9
2,99000.0,80000.0,1.2375,34,32,33.0,179000.0,True,2021HU1125958,11
0,14400.0,14400.0,1.0,74,75,74.5,28800.0,True,2021HU1126285,3
3,124600.0,132000.0,1.059390048154093,59,59,59.0,256600.0,True,2021HU1126287,7
1,90000.0,67000.0,1.3432835820895523,52,52,52.0,157000.0,True,2021HU1127944,14
1,30000.0,150000.0,5.0,52,54,53.0,180000.0,True,2021HU1128357,44
2,60000.0,30600.0,1.9607843137254901,22,19,20.5,90600.0,True,2021HU1128660,21
1,17000.0,80000.0,4.705882352941177,56,61,58.5,97000.0,True,2021HU1128713,45
8,337000.0,4800.0,70.20833333333333,78,79,78.5,341800.0,True,2021HU1128838,3
0,81600.0,33400.0,2.44311377245509,67,64,65.5,115000.0,True,2021HU1128857,21
0,16500.0,17700.0,1.0727272727272728,71,65,68.0,34200.0,True,2021HU1128997,11
2,108000.0,98000.0,1.1020408163265305,61,58,59.5,206000.0,True,2021HU1129078,45
4,66000.0,3000.0,22.0,34,29,31.5,69000.0,True,2021HU1129762,16
0,45300.0,27000.0,1.6777777777777778,65,62,63.5,72300.0,True,2021HU1130747,4
0,34200.0,54500.0,1.5935672514619883,75,75,75.0,88700.0,True,2021HU1130908,8
0,50000.0,19300.0,2.5906735751295336,68,69,68.5,69300.0,True,2021HU1130909,12
3,0.0,120000.0,0.0,42,43,42.5,120000.0,True,2021HU1131253,19
0,58600.0,29400.0,1.9931972789115646,73,68,70.5,88000.0,True,2021HU1131694,17
1,85000.0,95000.0,1.1176470588235294,50,53,51.5,180000.0,True,2021HU1132070,40
2,70000.0,150000.0,2.142857142857143,49,49,49.0,220000.0,True,2021HU1132091,7
1,92000.0,23000.0,4.0,60,60,60.0,115000.0,True,2021HU1134941,56
2,154000.0,314000.0,2.038961038961039,67,64,65.5,468000.0,True,2021HU1135239,15
2,117600.0,33400.0,3.5209580838323356,79,80,79.5,151000.0,True,2021HU1136000,15
1,40000.0,0.0,0.0,27,23,25.0,40000.0,True,2021HU1136304,14
0,31300.0,13200.0,2.371212121212121,68,70,69.0,44500.0,True,2021HU1136458,6
2,18600.0,3100.0,6.0,69,72,70.5,21700.0,True,2021HU1137013,11
1,54000.0,28000.0,1.9285714285714286,67,49,58.0,82000.0,True,2021HU1137760,7
3,193550.0,731150.0,3.7775768535262206,72,72,72.0,924700.0,True,2021HU1138029,4
0,42880.0,15900.0,2.6968553459119495,50,65,57.5,58780.0,True,2021HU1138315,8
2,2800.0,27510.0,9.825,62,66,64.0,30310.0,True,2021HU1138435,4
0,24200.0,46800.0,1.9338842975206612,87,84,85.5,71000.0,True,2021HU1140126,4
1,105000.0,82000.0,1.2804878048780488,49,48,48.5,187000.0,True,2021HU1140305,40
1,68000.0,0.0,0.0,59,59,59.0,68000.0,True,2021HU1140409,17
1,48200.0,22700.0,2.1233480176211454,46,48,47.0,70900.0,True,2021HU1140559,18
0,53700.0,20100.0,2.671641791044776,67,68,67.5,73800.0,True,2021HU1140579,14
2,123200.0,100000.0,1.232,52,51,51.5,223200.0,True,2021HU1141208,8
1,65010.0,65000.0,1.0001538461538462,70,61,65.5,130010.0,True,2021HU1141710,14
1,75200.0,61000.0,1.2327868852459016,65,64,64.5,136200.0,True,2021HU1141861,4
0,0.0,63000.0,0.0,38,43,40.5,63000.0,True,2021HU1142165,48
2,130000.0,100000.0,1.3,58,56,57.0,230000.0,True,2021HU1142268,15
0,50000.0,100000.0,2.0,34,39,36.5,150000.0,True,2021HU1142334,13
2,61000.0,11000.0,5.545454545454546,52,42,47.0,72000.0,True,2021HU1142891,6
0,39000.0,72400.0,1.8564102564102565,70,79,74.5,111400.0,True,2021HU1143953,5
4,368000.0,0.0,0.0,56,48,52.0,368000.0,True,2021HU1144433,98
2,25200.0,3200.0,7.875,67,70,68.5,28400.0,True,2021HU1145951,14
3,146000.0,0.0,0.0,51,55,53.0,146000.0,True,2021HU1146018,11
0,40820.0,65570.0,1.6063204311611954,70,67,68.5,106390.0,True,2021HU1146152,15
1,70000.0,60000.0,1.1666666666666667,34,38,36.0,130000.0,True,2021HU1146447,39
2,150000.0,80000.0,1.875,56,53,54.5,230000.0,True,2021HU1146728,14
2,76300.0,11600.0,6.577586206896552,89,95,92.0,87900.0,True,2021HU1146907,15
1,71000.0,40000.0,1.775,26,30,28.0,111000.0,True,2021HU1147093,53
2,150000.0,65000.0,2.3076923076923075,47,45,46.0,215000.0,True,2021HU1148479,7
1,28000.0,22000.0,1.2727272727272727,42,47,44.5,50000.0,True,2021HU1148670,17
1,62400.0,19110.0,3.2653061224489797,82,82,82.0,81510.0,True,2021HU1149121,12
0,64000.0,48900.0,1.30879345603272,44,47,45.5,112900.0,True,2021HU1149229,29
0,33700.0,0.0,0.0,50,48,49.0,33700.0,True,2021HU1150884,13
1,90200.0,49220.0,1.8325883787078423,69,73,71.0,139420.0,True,2021HU1151785,7
2,157000.0,100000.0,1.57,55,51,53.0,257000.0,True,2021HU1152851,16
0,50700.0,23300.0,2.1759656652360513,74,77,75.5,74000.0,True,2021HU1153909,12
4,5000.0,60000.0,12.0,63,62,62.5,65000.0,True,2021HU1155368,15
6,110000.0,9000.0,12.222222222222221,63,72,67.5,119000.0,True,2021HU1156354,12
1,86000.0,82000.0,1.048780487804878,48,43,45.5,168000.0,True,2021HU1156359,9
0,57900.0,28800.0,2.0104166666666665,43,44,43.5,86700.0,True,2021HU1156565,9
2,90500.0,10090.0,8.969276511397423,44,53,48.5,100590.0,True,2021HU1156851,14
1,18000.0,0.0,0.0,65,54,59.5,18000.0,True,2021HU1157257,3
1,16000.0,35000.0,2.1875,55,54,54.5,51000.0,True,2021HU1157920,31
1,72000.0,73000.0,1.0138888888888888,42,43,42.5,145000.0,True,2021HU1159152,14
0,34200.0,55900.0,1.6345029239766082,71,70,70.5,90100.0,True,2021HU1159234,13
1,30000.0,136000.0,4.533333333333333,35,38,36.5,166000.0,True,2021HU1159610,50
0,33500.0,0.0,0.0,46,46,46.0,33500.0,True,2021HU1159620,18
3,100000.0,6000.0,16.666666666666668,66,64,65.0,106000.0,True,2021HU1159652,22
0,60500.0,22600.0,2.6769911504424777,54,49,51.5,83100.0,True,2021HU1159902,11
0,5100.0,14500.0,2.843137254901961,95,87,91.0,19600.0,True,2021HU1159985,15
0,41950.0,70500.0,1.6805721096543504,46,49,47.5,112450.0,True,2021HU1160439,10
4,100000.0,300.0,333.3333333333333,42,39,40.5,100300.0,True,2021HU1161512,25
1,102000.0,87000.0,1.1724137931034482,57,56,56.5,189000.0,True,2021HU1162769,8
3,41400.0,224000.0,5.4106280193236715,72,72,72.0,265400.0,True,2021HU1163510,8
1,56000.0,99000.0,1.7678571428571428,47,46,46.5,155000.0,True,2021HU1163930,14
0,0.0,44000.0,0.0,42,41,41.5,44000.0,True,2021HU1164019,44
0,112500.0,37500.0,3.0,54,53,53.5,150000.0,True,2021HU1164225,8
1,60000.0,76000.0,1.2666666666666666,36,35,35.5,136000.0,True,2021HU1165184,92
0,41000.0,60000.0,1.4634146341463414,48,46,47.0,101000.0,True,2021HU1165641,14
0,104100.0,38600.0,2.6968911917098444,71,74,72.5,142700.0,True,2021HU1166027,26
1,130000.0,35000.0,3.7142857142857144,54,58,56.0,165000.0,True,2021HU1167878,24
0,72000.0,35600.0,2.0224719101123596,51,50,50.5,107600.0,True,2021HU1168787,9
1,79400.0,61000.0,1.301639344262295,64,66,65.0,140400.0,True,2021HU1169350,6
4,251600.0,25000.0,10.064,47,51,49.0,276600.0,True,2021HU1169405,7
2,0.0,45000.0,0.0,22,21,21.5,45000.0,True,2021HU1169766,10
0,27200.0,65000.0,2.389705882352941,68,54,61.0,92200.0,True,2021HU1170352,4
0,36000.0,47000.0,1.3055555555555556,81,70,75.5,83000.0,True,2021HU1171950,2
0,40000.0,45000.0,1.125,58,59,58.5,85000.0,True,2021HU1172499,15
0,33000.0,0.0,0.0,34,38,36.0,33000.0,True,2021HU1172681,32
0,24600.0,8500.0,2.8941176470588235,88,87,87.5,33100.0,True,2021HU1172967,7
0,6000.0,15000.0,2.5,56,65,60.5,21000.0,True,2021HU1173112,16
1,40500.0,46600.0,1.1506172839506172,35,37,36.0,87100.0,True,2021HU1173628,15
2,60000.0,15000.0,4.0,25,26,25.5,75000.0,True,2021HU1176359,13
0,49600.0,0.0,0.0,69,63,66.0,49600.0,True,2021HU1177049,9
0,70000.0,36300.0,1.9283746556473829,48,47,47.5,106300.0,True,2021HU1177058,47
1,53020.0,56400.0,1.0637495284798189,71,74,72.5,109420.0,True,2021HU1177136,6
2,120000.0,100000.0,1.2,31,30,30.5,220000.0,True,2021HU1177538,16
1,50000.0,40000.0,1.25,45,49,47.0,90000.0,False,2021HU1178086,17
1,8300.0,5000.0,1.66,42,42,42.0,13300.0,True,2021HU1178404,20
1,52000.0,60000.0,1.1538461538461537,48,54,51.0,112000.0,True,2021HU1178407,7
0,46800.0,41900.0,1.1169451073985681,45,44,44.5,88700.0,True,2021HU1178723,12
0,30000.0,41000.0,1.3666666666666667,65,65,65.0,71000.0,True,2021HU1178979,13
0,14400.0,16800.0,1.1666666666666667,68,69,68.5,31200.0,True,2021HU1179815,21
1,98000.0,98700.0,1.0071428571428571,59,66,62.5,196700.0,True,2021HU1180657,18
0,35100.0,37000.0,1.0541310541310542,72,73,72.5,72100.0,True,2021HU1181853,4
1,22500.0,43400.0,1.9288888888888889,72,78,75.0,65900.0,False,2021HU1182339,11
0,3100.0,8000.0,2.5806451612903225,50,52,51.0,11100.0,True,2021HU1182541,16
2,200000.0,120000.0,1.6666666666666667,59,47,53.0,320000.0,True,2021HU1182940,12
2,200000.0,110000.0,1.8181818181818181,63,60,61.5,310000.0,True,2021HU1183288,16
3,64000.0,6000.0,10.666666666666666,75,75,75.0,70000.0,True,2021HU1183296,4
0,36000.0,0.0,0.0,74,84,79.0,36000.0,True,2021HU1183448,3
0,38000.0,50000.0,1.3157894736842106,34,29,31.5,88000.0,True,2021HU1183646,3
2,310500.0,120000.0,2.5875,53,58,55.5,430500.0,True,2021HU1183878,39
0,65010.0,40000.0,1.62525,59,65,62.0,105010.0,True,2021HU1184287,31
0,0.0,25000.0,0.0,32,32,32.0,25000.0,True,2021HU1187120,13
5,74200.0,230000.0,3.0997304582210243,77,46,61.5,304200.0,True,2021HU1189085,24
0,8400.0,11800.0,1.4047619047619047,84,73,78.5,20200.0,True,2021HU1189642,11
0,73200.0,29400.0,2.489795918367347,35,39,37.0,102600.0,True,2021HU1190155,10
1,36800.0,61400.0,1.6684782608695652,68,72,70.0,98200.0,True,2021HU1190196,12
1,80000.0,20000.0,4.0,44,40,42.0,100000.0,True,2021HU1190316,50
1,65000.0,26000.0,2.5,56,60,58.0,91000.0,True,2021HU1190876,18
1,40000.0,42000.0,1.05,61,79,70.0,82000.0,True,2021HU1191135,15
0,75000.0,0.0,0.0,36,35,35.5,75000.0,True,2021HU1192464,19
1,62000.0,0.0,0.0,27,24,25.5,62000.0,True,2021HU1192732,7
1,60000.0,18000.0,3.3333333333333335,34,33,33.5,78000.0,True,2021HU1193018,19
2,130000.0,52000.0,2.5,44,45,44.5,182000.0,False,2021HU1193397,5
3,120000.0,0.0,0.0,78,81,79.5,120000.0,True,2021HU1193401,14
0,0.0,50000.0,0.0,52,51,51.5,50000.0,True,2021HU1194660,12
0,20400.0,59300.0,2.906862745098039,38,39,38.5,79700.0,True,2021HU1194806,21
1,25000.0,34000.0,1.36,34,30,32.0,59000.0,False,2021HU1195423,5
4,28500.0,20.0,1425.0,72,57,64.5,28520.0,True,2021HU1197626,7
1,45400.0,23400.0,1.9401709401709402,59,42,50.5,68800.0,True,2021HU1197773,15
1,0.0,0.0,0.0,32,31,31.5,0.0,False,2021HU1198674,44
0,0.0,40800.0,0.0,37,39,38.0,40800.0,True,2021HU1199888,42
2,335600.0,366000.0,1.0905840286054826,68,75,71.5,701600.0,True,2021HU1200352,3
2,8500.0,1000.0,8.5,50,47,48.5,9500.0,True,2021HU1201101,16
0,38100.0,70000.0,1.837270341207349,68,72,70.0,108100.0,True,2021HU1201114,4
0,15600.0,34800.0,2.230769230769231,68,68,68.0,50400.0,True,2021HU1201115,14
8,2400.0,199000.0,82.91666666666667,62,64,63.0,201400.0,True,2021HU1201621,2
0,0.0,19200.0,0.0,81,74,77.5,19200.0,True,2021HU1202312,5
4,29200.0,1400.0,20.857142857142858,73,72,72.5,30600.0,True,2021HU1204254,5
1,54000.0,11900.0,4.53781512605042,64,66,65.0,65900.0,True,2021HU1204864,3
1,40000.0,13200.0,3.0303030303030303,70,65,67.5,53200.0,True,2021HU1205530,9
1,13000.0,18400.0,1.4153846153846155,76,95,85.5,31400.0,True,2021HU1205836,35
0,17900.0,24500.0,1.3687150837988826,73,77,75.0,42400.0,True,2021HU1206167,34
2,7000.0,25500.0,3.642857142857143,72,62,67.0,32500.0,False,2021HU1207452,82
0,50300.0,50000.0,1.006,57,61,59.0,100300.0,True,2021HU1209046,12
4,56000.0,2000.0,28.0,41,43,42.0,58000.0,True,2021HU1209470,13
2,88000.0,55000.0,1.6,64,60,62.0,143000.0,True,2021HU1209695,52
4,721000.0,41000.0,17.585365853658537,55,45,50.0,762000.0,True,2021HU1209987,17
1,11500.0,39000.0,3.391304347826087,50,60,55.0,50500.0,True,2021HU1211412,36
1,95000.0,78000.0,1.2179487179487178,52,41,46.5,173000.0,True,2021HU1211455,8
1,35000.0,0.0,0.0,29,28,28.5,35000.0,True,2021HU1211669,11
0,0.0,0.0,0.0,44,43,43.5,0.0,True,2021HU1212157,8
1,105000.0,22000.0,4.7727272727272725,43,33,38.0,127000.0,True,2021HU1212159,23
0,27200.0,40000.0,1.4705882352941178,52,58,55.0,67200.0,True,2021HU1212613,13
2,147200.0,57000.0,2.5824561403508772,49,37,43.0,204200.0,True,2021HU1212833,21
0,14700.0,39600.0,2.693877551020408,81,81,81.0,54300.0,True,2021HU1213101,3
0,0.0,0.0,0.0,62,62,62.0,0.0,True,2021HU1213749,18
0,15000.0,40000.0,2.6666666666666665,58,58,58.0,55000.0,True,2021HU1213752,11
0,36920.0,43120.0,1.1679306608884075,75,74,74.5,80040.0,True,2021HU1214011,13
2,132500.0,41700.0,3.1774580335731413,74,74,74.0,174200.0,True,2021HU1214535,21
0,55900.0,33400.0,1.6736526946107784,85,83,84.0,89300.0,True,2021HU1215018,7
0,29600.0,69800.0,2.358108108108108,67,68,67.5,99400.0,True,2021HU1215238,14
2,17100.0,2600.0,6.576923076923077,58,61,59.5,19700.0,True,2021HU1215385,25
2,3000.0,0.0,0.0,85,32,58.5,3000.0,False,2021HU1215819,22
0,49200.0,42000.0,1.1714285714285715,66,66,66.0,91200.0,True,2021HU1215927,11
0,80800.0,37200.0,2.172043010752688,73,72,72.5,118000.0,True,2021HU1217453,16
4,32600.0,192600.0,5.9079754601226995,68,72,70.0,225200.0,True,2021HU1218082,9
0,0.0,9000.0,0.0,65,68,66.5,9000.0,True,2021HU1218334,10
0,22500.0,22500.0,1.0,59,57,58.0,45000.0,True,2021HU1218395,18
2,7200.0,56700.0,7.875,60,66,63.0,63900.0,True,2021HU1218987,17
0,46000.0,34000.0,1.3529411764705883,52,56,54.0,80000.0,True,2021HU1219360,35
2,111200.0,106200.0,1.0470809792843692,62,51,56.5,217400.0,True,2021HU1219548,14
0,25000.0,37200.0,1.488,59,59,59.0,62200.0,True,2021HU1219632,83
2,130000.0,75390.0,1.7243666268735907,35,41,38.0,205390.0,True,2021HU1220057,25
0,35000.0,34120.0,1.0257913247362251,37,38,37.5,69120.0,True,2021HU1220258,38
2,129000.0,324000.0,2.511627906976744,43,54,48.5,453000.0,True,2021HU1221582,20
0,54700.0,26120.0,2.094180704441041,70,68,69.0,80820.0,True,2021HU1221818,16
2,140000.0,66000.0,2.121212121212121,48,46,47.0,206000.0,True,2021HU1221944,15
1,46800.0,10000.0,4.68,72,81,76.5,56800.0,True,2021HU1222395,12
1,50600.0,12200.0,4.147540983606557,89,83,86.0,62800.0,True,2021HU1222932,9
0,30000.0,86000.0,2.8666666666666667,53,54,53.5,116000.0,True,2021HU1222979,13
0,88000.0,35000.0,2.5142857142857142,51,38,44.5,123000.0,True,2021HU1223052,17
1,7200.0,12000.0,1.6666666666666667,67,67,67.0,19200.0,True,2021HU1223235,65
1,103200.0,34570.0,2.985247324269598,71,72,71.5,137770.0,True,2021HU1223722,12
1,0.0,30000.0,0.0,72,63,67.5,30000.0,False,2021HU1224535,9
1,55000.0,95000.0,1.7272727272727273,62,59,60.5,150000.0,True,2021HU1224937,36
1,63000.0,95000.0,1.507936507936508,47,48,47.5,158000.0,True,2021HU1225019,15
0,102000.0,47000.0,2.1702127659574466,57,46,51.5,149000.0,True,2021HU1225152,7
0,66100.0,0.0,0.0,65,60,62.5,66100.0,True,2021HU1225360,25
8,407000.0,7000.0,58.142857142857146,37,36,36.5,414000.0,True,2021HU1225638,19
2,53900.0,6200.0,8.693548387096774,73,68,70.5,60100.0,True,2021HU1226350,47
5,85410.0,4100.0,20.83170731707317,67,67,67.0,89510.0,True,2021HU1226824,28
4,457000.0,0.0,0.0,54,56,55.0,457000.0,True,2021HU1227640,22
2,88000.0,156000.0,1.7727272727272727,51,51,51.0,244000.0,True,2021HU1227654,16
1,91500.0,60000.0,1.525,58,54,56.0,151500.0,True,2021HU1227684,50
3,35200.0,2200.0,16.0,58,59,58.5,37400.0,True,2021HU1227771,1
3,1900.0,23700.0,12.473684210526315,83,79,81.0,25600.0,True,2021HU1228044,13
1,27000.0,10000.0,2.7,59,50,54.5,37000.0,True,2021HU1228063,5
0,6400.0,6400.0,1.0,71,72,71.5,12800.0,True,2021HU1228198,35
3,53000.0,152000.0,2.8679245283018866,32,37,34.5,205000.0,True,2021HU1228554,5
1,45000.0,78000.0,1.7333333333333334,52,47,49.5,123000.0,True,2021HU1228597,14
2,28300.0,15000.0,1.8866666666666667,26,25,25.5,43300.0,False,2021HU1229021,53
2,160000.0,25000.0,6.4,62,55,58.5,185000.0,True,2021HU1229942,14
1,55000.0,123000.0,2.2363636363636363,59,59,59.0,178000.0,True,2021HU1230167,12
0,43000.0,62000.0,1.441860465116279,40,35,37.5,105000.0,True,2021HU1231928,17
3,0.0,156800.0,0.0,30,31,30.5,156800.0,True,2021HU1231960,25
1,23800.0,46200.0,1.9411764705882353,78,80,79.0,70000.0,True,2021HU1232145,14
2,100980.0,170000.0,1.6835016835016836,52,52,52.0,270980.0,True,2021HU1232419,5
0,43000.0,17800.0,2.4157303370786516,84,81,82.5,60800.0,True,2021HU1232514,20
4,58000.0,490.0,118.36734693877551,56,49,52.5,58490.0,True,2021HU1232523,9
1,64000.0,92000.0,1.4375,46,47,46.5,156000.0,True,2021HU1233014,11
2,155500.0,185000.0,1.189710610932476,47,42,44.5,340500.0,True,2021HU1233177,5
1,100000.0,80000.0,1.25,60,57,58.5,180000.0,True,2021HU1233296,51
1,14400.0,60000.0,4.166666666666667,71,60,65.5,74400.0,True,2021HU1234753,15
2,170300.0,180300.0,1.0587199060481502,69,73,71.0,350600.0,True,2021HU1235052,23
2,62000.0,10560.0,5.871212121212121,62,60,61.0,72560.0,True,2021HU1235159,13
1,27800.0,25900.0,1.0733590733590734,46,38,42.0,53700.0,False,2021HU1235337,13
0,62100.0,44000.0,1.4113636363636364,66,61,63.5,106100.0,True,2021HU1236166,5
1,84900.0,94900.0,1.1177856301531213,69,69,69.0,179800.0,True,2021HU1236586,17
5,55000.0,2000.0,27.5,39,40,39.5,57000.0,True,2021HU1236810,14
0,0.0,0.0,0.0,59,57,58.0,0.0,True,2021HU1237310,15
0,48000.0,54000.0,1.125,62,63,62.5,102000.0,True,2021HU1237478,24
1,83000.0,110000.0,1.3253012048192772,40,49,44.5,193000.0,True,2021HU1238040,7
0,41400.0,30700.0,1.3485342019543973,76,86,81.0,72100.0,True,2021HU1238289,9
4,40200.0,2000.0,20.1,58,58,58.0,42200.0,True,2021HU1238938,44
7,109500.0,6300.0,17.38095238095238,52,53,52.5,115800.0,False,2021HU1239500,37
0,28000.0,10000.0,2.8,69,70,69.5,38000.0,True,2021HU1239558,14
2,10000.0,70000.0,7.0,44,46,45.0,80000.0,True,2021HU1239904,9
0,27100.0,0.0,0.0,63,56,59.5,27100.0,True,2021HU1240238,25
0,44020.0,89020.0,2.0222626079054975,48,47,47.5,133040.0,True,2021HU1240759,15
1,36000.0,30000.0,1.2,59,72,65.5,66000.0,True,2021HU1240939,11
1,19000.0,0.0,0.0,47,40,43.5,19000.0,False,2021HU1241683,14
0,35000.0,100000.0,2.857142857142857,39,46,42.5,135000.0,True,2021HU1242135,33
0,34000.0,12000.0,2.8333333333333335,69,54,61.5,46000.0,True,2021HU1243068,7
2,82000.0,8400.0,9.761904761904763,62,69,65.5,90400.0,True,2021HU1243733,7
0,33300.0,64000.0,1.921921921921922,73,74,73.5,97300.0,True,2021HU1244366,8
1,15000.0,0.0,0.0,74,62,68.0,15000.0,True,2021HU1244461,43
0,40000.0,101000.0,2.525,63,59,61.0,141000.0,True,2021HU1245130,12
2,34200.0,6000.0,5.7,34,35,34.5,40200.0,True,2021HU1245351,16
2,33000.0,48400.0,1.4666666666666666,65,61,63.0,81400.0,False,2021HU1246499,14
1,79000.0,54000.0,1.462962962962963,55,56,55.5,133000.0,True,2021HU1246829,21
1,89000.0,54000.0,1.6481481481481481,62,62,62.0,143000.0,True,2021HU1247411,49
0,10000.0,0.0,0.0,60,54,57.0,10000.0,True,2021HU1247771,97
0,39000.0,26000.0,1.5,69,69,69.0,65000.0,True,2021HU1249284,11
1,50000.0,16000.0,3.125,37,34,35.5,66000.0,True,2021HU1251384,20
1,150000.0,30000.0,5.0,56,59,57.5,180000.0,True,2021HU1251505,18
0,30000.0,46000.0,1.5333333333333334,52,50,51.0,76000.0,True,2021HU1252184,20
1,73500.0,42100.0,1.7458432304038005,67,66,66.5,115600.0,True,2021HU1252457,8
1,60000.0,92000.0,1.5333333333333334,36,35,35.5,152000.0,True,2021HU1252765,19
3,101000.0,89000.0,1.1348314606741574,43,51,47.0,190000.0,False,2021HU1252834,14
2,110000.0,12500.0,8.8,62,60,61.0,122500.0,True,2021HU1253024,16
1,93000.0,93000.0,1.0,37,37,37.0,186000.0,True,2021HU1253049,9
3,18000.0,2200.0,8.181818181818182,46,38,42.0,20200.0,True,2021HU1253205,15
1,40000.0,25000.0,1.6,25,34,29.5,65000.0,True,2021HU1254128,25
3,20000.0,2000.0,10.0,41,36,38.5,22000.0,True,2021HU1255100,113
1,100000.0,30000.0,3.3333333333333335,58,46,52.0,130000.0,True,2021HU1255233,14
0,90000.0,0.0,0.0,44,44,44.0,90000.0,True,2021HU1255353,9
2,55000.0,55000.0,1.0,49,50,49.5,110000.0,True,2021HU1256695,20
2,6700.0,34000.0,5.074626865671642,50,47,48.5,40700.0,True,2021HU1257891,17
1,100000.0,100000.0,1.0,52,52,52.0,200000.0,True,2021HU1258390,13
3,5000.0,36000.0,7.2,31,25,28.0,41000.0,True,2021HU1259163,6
2,16000.0,2800.0,5.714285714285714,75,73,74.0,18800.0,True,2021HU1259383,5
0,45000.0,90000.0,2.0,51,59,55.0,135000.0,True,2021HU1260454,15
2,48000.0,7600.0,6.315789473684211,67,68,67.5,55600.0,True,2021HU1261641,33
0,24400.0,65500.0,2.6844262295081966,40,41,40.5,89900.0,True,2021HU1261762,15
0,80000.0,0.0,0.0,41,34,37.5,80000.0,True,2021HU1261912,21
1,62000.0,60000.0,1.0333333333333334,47,57,52.0,122000.0,True,2021HU1262573,12
1,37000.0,50000.0,1.3513513513513513,58,58,58.0,87000.0,True,2021HU1263178,2
1,40000.0,85000.0,2.125,27,27,27.0,125000.0,True,2021HU1263476,12
1,95000.0,22000.0,4.318181818181818,32,32,32.0,117000.0,True,2021HU1263513,13
3,172800.0,15700.0,11.006369426751592,74,73,73.5,188500.0,True,2021HU1264394,49
0,38200.0,22000.0,1.7363636363636363,43,41,42.0,60200.0,True,2021HU1265270,11
3,208500.0,32300.0,6.455108359133127,78,77,77.5,240800.0,True,2021HU1265437,19
1,42000.0,41200.0,1.0194174757281553,72,72,72.0,83200.0,True,2021HU1265704,13
0,0.0,75000.0,0.0,46,43,44.5,75000.0,True,2021HU1265855,9
0,61500.0,0.0,0.0,87,88,87.5,61500.0,True,2021HU1265982,19
3,61000.0,15000.0,4.066666666666666,64,44,54.0,76000.0,False,2021HU1266748,28
0,10500.0,13600.0,1.2952380952380953,66,66,66.0,24100.0,True,2021HU1267434,13
0,0.0,0.0,0.0,49,52,50.5,0.0,True,2021HU1268116,45
1,63000.0,60000.0,1.05,61,65,63.0,123000.0,True,2021HU1268306,17
0,11000.0,0.0,0.0,38,38,38.0,11000.0,True,2021HU1268710,63
8,407000.0,5000.0,81.4,51,49,50.0,412000.0,True,2021HU1268806,14
1,25000.0,0.0,0.0,35,34,34.5,25000.0,False,2021HU1270157,8
1,19800.0,78000.0,3.9393939393939394,50,51,50.5,97800.0,True,2021HU1270388,12
2,115000.0,30000.0,3.8333333333333335,28,30,29.0,145000.0,True,2021HU1270484,21
1,22400.0,67000.0,2.9910714285714284,91,70,80.5,89400.0,True,2021HU1270870,4
1,17100.0,59500.0,3.47953216374269,72,63,67.5,76600.0,True,2021HU1270990,8
1,22500.0,49400.0,2.1955555555555555,37,37,37.0,71900.0,True,2021HU1271028,17
8,4000.0,202000.0,50.5,61,63,62.0,206000.0,True,2021HU1272144,9
7,200.0,104000.0,520.0,53,53,53.0,104200.0,True,2021HU1272243,23
0,7800.0,22000.0,2.8205128205128207,62,64,63.0,29800.0,True,2021HU1272447,23
0,32100.0,51000.0,1.588785046728972,33,36,34.5,83100.0,True,2021HU1273184,12
0,41180.0,69060.0,1.677027683341428,78,72,75.0,110240.0,True,2021HU1273622,16
2,29000.0,95000.0,3.2758620689655173,50,57,53.5,124000.0,False,2021HU1275491,33
1,18500.0,60000.0,3.2432432432432434,59,54,56.5,78500.0,True,2021HU1275649,23
1,90000.0,68000.0,1.3235294117647058,35,35,35.0,158000.0,True,2021HU1275787,37
2,78570.0,8100.0,9.7,78,78,78.0,86670.0,True,2021HU1275969,13
1,0.0,25000.0,0.0,27,27,27.0,25000.0,True,2021HU1275978,49
3,2900.0,24000.0,8.275862068965518,74,70,72.0,26900.0,True,2021HU1276618,10
0,40000.0,20000.0,2.0,65,61,63.0,60000.0,True,2021HU1276621,23
1,64000.0,18000.0,3.5555555555555554,56,58,57.0,82000.0,True,2021HU1276751,16
0,30000.0,24600.0,1.2195121951219512,69,70,69.5,54600.0,True,2021HU1277045,21
2,31150.0,0.0,0.0,75,58,66.5,31150.0,False,2021HU1277390,20
0,19200.0,36000.0,1.875,33,40,36.5,55200.0,True,2021HU1277576,15
2,12430.0,76000.0,6.114239742558326,33,35,34.0,88430.0,True,2021HU1277874,15
0,90300.0,45000.0,2.006666666666667,60,61,60.5,135300.0,True,2021HU1278549,14
3,10800.0,8000.0,1.35,69,23,46.0,18800.0,False,2021HU1278891,6
3,140000.0,20000.0,7.0,51,53,52.0,160000.0,True,2021HU1279351,2
7,6000.0,110000.0,18.333333333333332,31,30,30.5,116000.0,False,2021HU1279854,14
0,28000.0,80000.0,2.857142857142857,48,44,46.0,108000.0,True,2021HU1280223,20
0,31000.0,26000.0,1.1923076923076923,70,69,69.5,57000.0,True,2021HU1280261,11
2,35000.0,15000.0,2.3333333333333335,20,19,19.5,50000.0,True,2021HU1281196,53
1,18200.0,46010.0,2.528021978021978,65,58,61.5,64210.0,False,2021HU1282083,12
2,100000.0,60000.0,1.6666666666666667,60,60,60.0,160000.0,True,2021HU1282311,42
0,20700.0,21600.0,1.0434782608695652,66,69,67.5,42300.0,True,2021HU1282549,16
0,24600.0,12600.0,1.9523809523809523,64,69,66.5,37200.0,True,2021HU1282897,14
2,246100.0,111000.0,2.217117117117117,60,58,59.0,357100.0,True,2021HU1283778,8
2,85300.0,120000.0,1.4067995310668229,53,54,53.5,205300.0,True,2021HU1283832,3
4,341500.0,23300.0,14.656652360515022,95,92,93.5,364800.0,True,2021HU1284297,16
1,94700.0,19900.0,4.758793969849246,71,68,69.5,114600.0,True,2021HU1284432,29
2,60000.0,15000.0,4.0,28,25,26.5,75000.0,True,2021HU1284945,14
1,130000.0,63000.0,2.0634920634920637,36,38,37.0,193000.0,True,2021HU1285505,22
6,135000.0,9000.0,15.0,66,61,63.5,144000.0,True,2021HU1286264,7
0,22200.0,51300.0,2.310810810810811,73,70,71.5,73500.0,True,2021HU1286413,7
3,120000.0,0.0,0.0,58,47,52.5,120000.0,True,2021HU1286456,12
0,45000.0,100000.0,2.2222222222222223,55,45,50.0,145000.0,True,2021HU1287338,7
1,103200.0,76400.0,1.350785340314136,73,73,73.0,179600.0,True,2021HU1287603,13
1,74000.0,40000.0,1.85,64,68,66.0,114000.0,True,2021HU1287683,2
4,1800.0,42000.0,23.333333333333332,61,60,60.5,43800.0,True,2021HU1287882,7
3,145000.0,-1600.0,0.0,75,73,74.0,143400.0,True,2021HU1288465,15
1,20050.0,100120.0,4.993516209476309,74,69,71.5,120170.0,True,2021HU1288555,19
1,72000.0,80000.0,1.1111111111111112,36,39,37.5,152000.0,True,2021HU1288764,15
3,179000.0,11000.0,16.272727272727273,68,64,66.0,190000.0,True,2021HU1289489,4
2,82200.0,9000.0,9.133333333333333,67,69,68.0,91200.0,True,2021HU1290538,12
0,33400.0,0.0,0.0,45,47,46.0,33400.0,True,2021HU1291079,3
0,24000.0,23400.0,1.0256410256410255,32,31,31.5,47400.0,True,2021HU1291354,63
1,90000.0,85000.0,1.0588235294117647,33,32,32.5,175000.0,True,2021HU1291596,16
2,19000.0,71000.0,3.736842105263158,48,48,48.0,90000.0,True,2021HU1292490,8
2,140000.0,18200.0,7.6923076923076925,61,55,58.0,158200.0,True,2021HU1292737,27
0,19900.0,28400.0,1.4271356783919598,78,79,78.5,48300.0,True,2021HU1293585,22
0,35200.0,14000.0,2.5142857142857142,75,76,75.5,49200.0,True,2021HU1293756,13
3,72000.0,11100.0,6.486486486486487,70,48,59.0,83100.0,True,2021HU1294191,55
1,9100.0,3300.0,2.757575757575758,71,52,61.5,12400.0,True,2021HU1294242,14
4,240000.0,0.0,0.0,46,43,44.5,240000.0,True,2021HU1295751,36
0,-1600.0,0.0,0.0,55,53,54.0,-1600.0,True,2021HU1296021,20
0,24000.0,34100.0,1.4208333333333334,52,50,51.0,58100.0,True,2021HU1296827,16
0,20720.0,26150.0,1.2620656370656371,75,76,75.5,46870.0,True,2021HU1297335,7
2,9000.0,75000.0,8.333333333333334,36,42,39.0,84000.0,True,2021HU1297583,28
0,35000.0,14000.0,2.5,41,42,41.5,49000.0,True,2021HU1297585,12
1,68000.0,15600.0,4.358974358974359,51,47,49.0,83600.0,True,2021HU1298634,12
0,40500.0,57900.0,1.4296296296296296,79,78,78.5,98400.0,True,2021HU1298736,18
2,221000.0,133000.0,1.6616541353383458,52,55,53.5,354000.0,True,2021HU1299225,5
1,25600.0,58000.0,2.265625,46,56,51.0,83600.0,False,2021HU1299542,11
0,17000.0,40000.0,2.3529411764705883,50,64,57.0,57000.0,True,2021HU1299850,7
2,140000.0,20000.0,7.0,76,88,82.0,160000.0,True,2021HU1300418,12
0,110000.0,50000.0,2.2,46,44,45.0,160000.0,True,2021HU1300419,12
1,26500.0,15900.0,1.6666666666666667,67,71,69.0,42400.0,True,2021HU1300468,2
0,20000.0,60000.0,3.0,58,58,58.0,80000.0,True,2021HU1300776,11
1,79200.0,39600.0,2.0,78,54,66.0,118800.0,True,2021HU1300873,2
1,57600.0,74200.0,1.2881944444444444,72,72,72.0,131800.0,True,2021HU1301383,56
3,125000.0,0.0,0.0,41,39,40.0,125000.0,True,2021HU1301725,20
5,260.0,37000.0,142.30769230769232,27,28,27.5,37260.0,True,2021HU1301896,13
1,150000.0,31000.0,4.838709677419355,44,39,41.5,181000.0,True,2021HU1302234,22
0,41300.0,45000.0,1.089588377723971,66,59,62.5,86300.0,True,2021HU1302361,13
0,45500.0,35800.0,1.270949720670391,63,56,59.5,81300.0,True,2021HU1302704,12
2,6600.0,37300.0,5.651515151515151,58,59,58.5,43900.0,True,2021HU1302755,6
0,100000.0,0.0,0.0,60,54,57.0,100000.0,True,2021HU1302829,5
1,70000.0,90000.0,1.2857142857142858,45,49,47.0,160000.0,True,2021HU1302968,21
2,15600.0,95000.0,6.089743589743589,64,54,59.0,110600.0,True,2021HU1303250,20
2,17200.0,156000.0,9.069767441860465,41,41,41.0,173200.0,True,2021HU1305138,7
3,92000.0,408000.0,4.434782608695652,43,44,43.5,500000.0,True,2021HU1306387,6
0,12000.0,12000.0,1.0,73,72,72.5,24000.0,True,2021HU1307055,8
4,51200.0,407000.0,7.94921875,59,54,56.5,458200.0,True,2021HU1307370,8
2,105000.0,39000.0,2.6923076923076925,49,44,46.5,144000.0,False,2021HU1307790,6
1,12000.0,36000.0,3.0,41,39,40.0,48000.0,False,2021HU1307911,17
0,14400.0,16000.0,1.1111111111111112,43,46,44.5,30400.0,True,2021HU1308355,37
0,43000.0,42000.0,1.0238095238095237,44,40,42.0,85000.0,True,2021HU1308450,18
0,28000.0,30800.0,1.1,78,67,72.5,58800.0,True,2021HU1308533,25
3,57000.0,57000.0,1.0,50,52,51.0,114000.0,False,2021HU1309345,2
4,54100.0,438600.0,8.10720887245841,64,62,63.0,492700.0,True,2021HU1310047,8
0,59200.0,20400.0,2.9019607843137254,67,64,65.5,79600.0,True,2021HU1310505,3
3,324000.0,100000.0,3.24,53,47,50.0,424000.0,True,2021HU1311384,15
1,12400.0,37900.0,3.056451612903226,68,80,74.0,50300.0,True,2021HU1312000,14
6,7900.0,130000.0,16.455696202531644,65,63,64.0,137900.0,True,2021HU1312265,38
2,50000.0,50000.0,1.0,21,21,21.0,100000.0,True,2021HU1312297,54
1,80000.0,84000.0,1.05,59,55,57.0,164000.0,True,2021HU1312511,37
0,22000.0,26000.0,1.1818181818181819,78,76,77.0,48000.0,True,2021HU1312668,8
2,10500.0,101000.0,9.619047619047619,70,67,68.5,111500.0,True,2021HU1312669,20
0,75500.0,0.0,0.0,73,69,71.0,75500.0,True,2021HU1313281,15
0,28000.0,44000.0,1.5714285714285714,33,35,34.0,72000.0,True,2021HU1314363,32
0,92300.0,33500.0,2.755223880597015,83,80,81.5,125800.0,True,2021HU1314421,5
0,43200.0,71900.0,1.6643518518518519,63,60,61.5,115100.0,True,2021HU1314546,15
0,26500.0,31200.0,1.1773584905660377,53,62,57.5,57700.0,True,2021HU1315404,13
0,58000.0,48000.0,1.2083333333333333,76,75,75.5,106000.0,True,2021HU1315690,12
3,72000.0,13100.0,5.4961832061068705,22,28,25.0,85100.0,True,2021HU1315939,44
0,41000.0,52600.0,1.2829268292682927,62,56,59.0,93600.0,True,2021HU1316877,19
2,85000.0,75000.0,1.1333333333333333,37,55,46.0,160000.0,True,2021HU1318528,35
3,75600.0,6600.0,11.454545454545455,92,86,89.0,82200.0,True,2021HU1319111,17
1,50170.0,50000.0,1.0034,35,35,35.0,100170.0,True,2021HU1319603,19
4,25000.0,324000.0,12.96,51,52,51.5,349000.0,True,2021HU1319795,18
3,103000.0,0.0,0.0,63,59,61.0,103000.0,True,2021HU1319969,19
2,44000.0,0.0,0.0,58,49,53.5,44000.0,False,2021HU1320437,3
2,44600.0,6000.0,7.433333333333334,32,34,33.0,50600.0,True,2021HU1320918,12
1,60000.0,12000.0,5.0,73,74,73.5,72000.0,True,2021HU1321186,5
5,85000.0,428000.0,5.035294117647059,57,78,67.5,513000.0,True,2021HU1322302,11
1,40000.0,25500.0,1.5686274509803921,54,43,48.5,65500.0,False,2021HU1322320,47
1,35000.0,12000.0,2.9166666666666665,82,66,74.0,47000.0,True,2021HU1322854,12
1,52000.0,120000.0,2.3076923076923075,43,40,41.5,172000.0,True,2021HU1323108,41
0,15000.0,23000.0,1.5333333333333334,30,31,30.5,38000.0,True,2021HU1323420,21
0,14200.0,7600.0,1.868421052631579,92,90,91.0,21800.0,True,2021HU1324299,12
0,35000.0,37200.0,1.062857142857143,76,73,74.5,72200.0,True,2021HU1324430,13
0,24100.0,0.0,0.0,67,59,63.0,24100.0,True,2021HU1324601,29
0,37000.0,15000.0,2.466666666666667,69,57,63.0,52000.0,True,2021HU1325175,14
0,21200.0,0.0,0.0,43,55,49.0,21200.0,True,2021HU1326862,37
0,29700.0,16170.0,1.836734693877551,51,52,51.5,45870.0,True,2021HU1327669,32
0,65030.0,25300.0,2.5703557312252965,59,69,64.0,90330.0,True,2021HU1327718,22
2,16600.0,15600.0,1.064102564102564,67,83,75.0,32200.0,True,2021HU1329394,44
3,148000.0,0.0,0.0,37,37,37.0,148000.0,True,2021HU1329422,25
4,98000.0,720.0,136.11111111111111,56,56,56.0,98720.0,True,2021HU1329490,22
2,136700.0,15400.0,8.876623376623376,61,65,63.0,152100.0,True,2021HU1330575,13
6,113000.0,8400.0,13.452380952380953,60,62,61.0,121400.0,True,2021HU1330579,2
0,20100.0,16000.0,1.25625,61,69,65.0,36100.0,True,2021HU1330684,11
0,35000.0,39300.0,1.1228571428571428,70,71,70.5,74300.0,True,2021HU1330880,12
2,50000.0,14000.0,3.5714285714285716,47,46,46.5,64000.0,False,2021HU1332075,10
0,45000.0,27000.0,1.6666666666666667,63,61,62.0,72000.0,True,2021HU1332901,69
1,74600.0,100000.0,1.3404825737265416,48,47,47.5,174600.0,True,2021HU1333659,14
1,123000.0,52800.0,2.3295454545454546,55,66,60.5,175800.0,True,2021HU1334078,14
4,407000.0,71000.0,5.732394366197183,53,51,52.0,478000.0,True,2021HU1334503,24
1,24000.0,88000.0,3.6666666666666665,60,63,61.5,112000.0,True,2021HU1334736,8
2,72000.0,21100.0,3.4123222748815167,41,43,42.0,93100.0,True,2021HU1335446,15
0,9500.0,7200.0,1.3194444444444444,70,71,70.5,16700.0,True,2021HU1336157,7
1,94000.0,94000.0,1.0,58,59,58.5,188000.0,True,2021HU1336256,7
2,142000.0,80000.0,1.775,57,57,57.0,222000.0,True,2021HU1336325,16
0,5000.0,6000.0,1.2,58,48,53.0,11000.0,True,2021HU1336375,13
0,97000.0,48000.0,2.0208333333333335,63,65,64.0,145000.0,True,2021HU1336515,15
2,70000.0,22000.0,3.1818181818181817,51,51,51.0,92000.0,True,2021HU1337462,23
0,125000.0,50000.0,2.5,61,71,66.0,175000.0,True,2021HU1337969,2
3,204000.0,200000.0,1.02,68,63,65.5,404000.0,False,2021HU1338961,19
1,77000.0,70000.0,1.1,64,62,63.0,147000.0,True,2021HU1340583,39
2,87000.0,150000.0,1.7241379310344827,64,64,64.0,237000.0,True,2021HU1340671,15
4,56100.0,5000.0,11.22,82,65,73.5,61100.0,True,2021HU1341430,11
0,60020.0,40000.0,1.5005,59,55,57.0,100020.0,True,2021HU1342223,16
2,21600.0,18000.0,1.2,20,21,20.5,39600.0,True,2021HU1342695,12
2,150000.0,100000.0,1.5,51,45,48.0,250000.0,True,2021HU1344074,41
1,23400.0,33900.0,1.4487179487179487,84,86,85.0,57300.0,True,2021HU1344832,13
2,37200.0,4900.0,7.591836734693878,65,67,66.0,42100.0,True,2021HU1344969,12
2,116000.0,16000.0,7.25,70,60,65.0,132000.0,True,2021HU1345966,4
2,40000.0,80000.0,2.0,23,26,24.5,120000.0,True,2021HU1347790,4
1,122400.0,26040.0,4.700460829493087,44,39,41.5,148440.0,True,2021HU1347808,14
1,95800.0,70000.0,1.3685714285714285,56,54,55.0,165800.0,True,2021HU1347893,38
1,0.0,0.0,0.0,35,35,35.0,0.0,False,2021HU1348152,15
6,49600.0,1800.0,27.555555555555557,23,23,23.0,51400.0,True,2021HU1348193,35
0,64200.0,43100.0,1.4895591647331787,81,78,79.5,107300.0,True,2021HU1348747,14
4,237000.0,0.0,0.0,67,54,60.5,237000.0,True,2021HU1349103,10
0,39200.0,52000.0,1.3265306122448979,59,49,54.0,91200.0,True,2021HU1350193,4
1,72000.0,65000.0,1.1076923076923078,49,52,50.5,137000.0,True,2021HU1350590,32
1,35700.0,0.0,0.0,74,74,74.0,35700.0,False,2021HU1350694,12
0,28700.0,50000.0,1.7421602787456445,52,51,51.5,78700.0,True,2021HU1350765,59
0,50000.0,150000.0,3.0,45,44,44.5,200000.0,True,2021HU1351163,16
1,32000.0,0.0,0.0,26,25,25.5,32000.0,True,2021HU1351383,28
2,156500.0,187000.0,1.194888178913738,73,70,71.5,343500.0,True,2021HU1351571,5
0,50000.0,40000.0,1.25,56,58,57.0,90000.0,True,2021HU1352518,3
3,120000.0,10000.0,12.0,41,36,38.5,130000.0,True,2021HU1352534,90
1,21600.0,7600.0,2.8421052631578947,61,58,59.5,29200.0,False,2021HU1352646,6
0,113200.0,42000.0,2.6952380952380954,39,37,38.0,155200.0,True,2021HU1353091,14
0,40000.0,40000.0,1.0,53,53,53.0,80000.0,True,2021HU1353284,20
2,133000.0,162000.0,1.218045112781955,71,66,68.5,295000.0,True,2021HU1353576,15
0,60100.0,0.0,0.0,43,35,39.0,60100.0,True,2021HU1353984,37
0,70000.0,0.0,0.0,60,54,57.0,70000.0,True,2021HU1354531,13
1,20600.0,14000.0,1.4714285714285715,78,79,78.5,34600.0,True,2021HU1355921,8
0,45600.0,24800.0,1.8387096774193548,51,60,55.5,70400.0,True,2021HU1356017,7
2,170000.0,70000.0,2.4285714285714284,52,55,53.5,240000.0,True,2021HU1356304,13
1,90000.0,90000.0,1.0,59,57,58.0,180000.0,True,2021HU1357352,6
2,186000.0,110000.0,1.690909090909091,46,44,45.0,296000.0,True,2021HU1357518,18
0,40000.0,119000.0,2.975,30,34,32.0,159000.0,True,2021HU1357595,46
1,71600.0,112100.0,1.5656424581005586,67,64,65.5,183700.0,True,2021HU1357635,12
1,80100.0,88000.0,1.0986267166042447,48,52,50.0,168100.0,True,2021HU1357960,13
2,186000.0,99050.0,1.87783947501262,59,56,57.5,285050.0,True,2021HU1358555,3
3,22230.0,191600.0,8.618983355825462,81,81,81.0,213830.0,True,2021HU1358850,15
0,20000.0,31000.0,1.55,56,56,56.0,51000.0,True,2021HU1358987,49
0,65000.0,32000.0,2.03125,58,53,55.5,97000.0,True,2021HU1359029,21
0,12000.0,12000.0,1.0,70,71,70.5,24000.0,True,2021HU1360309,25
0,71100.0,0.0,0.0,76,79,77.5,71100.0,True,2021HU1360626,10
2,85000.0,150000.0,1.7647058823529411,51,52,51.5,235000.0,True,2021HU1361010,11
0,37200.0,24800.0,1.5,31,31,31.0,62000.0,True,2021HU1361350,32
1,44000.0,35000.0,1.2571428571428571,42,33,37.5,79000.0,True,2021HU1361798,45
3,40000.0,6800.0,5.882352941176471,24,27,25.5,46800.0,True,2021HU1361898,8
1,62000.0,85000.0,1.3709677419354838,52,54,53.0,147000.0,True,2021HU1362855,8
2,26000.0,138800.0,5.338461538461538,58,64,61.0,164800.0,True,2021HU1363518,23
1,41800.0,10760.0,3.8847583643122676,59,50,54.5,52560.0,True,2021HU1363613,14
1,72000.0,54000.0,1.3333333333333333,37,34,35.5,126000.0,True,2021HU1363706,28
0,5800.0,0.0,0.0,70,71,70.5,5800.0,True,2021HU1364387,5
2,44000.0,25900.0,1.6988416988416988,40,41,40.5,69900.0,False,2021HU1365096,9
2,25800.0,158700.0,6.151162790697675,75,79,77.0,184500.0,True,2021HU1365251,60
0,30000.0,87000.0,2.9,56,56,56.0,117000.0,True,2021HU1365498,16
0,45000.0,62000.0,1.3777777777777778,46,45,45.5,107000.0,True,2021HU1366019,40
0,18600.0,0.0,0.0,53,43,48.0,18600.0,True,2021HU1366041,72
0,56000.0,20000.0,2.8,32,30,31.0,76000.0,True,2021HU1366940,18
0,76000.0,30000.0,2.533333333333333,35,36,35.5,106000.0,True,2021HU1367057,12
3,60000.0,80000.0,1.3333333333333333,34,41,37.5,140000.0,False,2021HU1368389,10
0,0.0,60000.0,0.0,46,53,49.5,60000.0,True,2021HU1369103,19
1,62900.0,14200.0,4.429577464788732,70,69,69.5,77100.0,True,2021HU1369421,6
0,54000.0,34100.0,1.5835777126099706,72,70,71.0,88100.0,True,2021HU1371314,11
2,9600.0,4100.0,2.341463414634146,85,66,75.5,13700.0,True,2021HU1371559,19
0,22000.0,65000.0,2.9545454545454546,59,58,58.5,87000.0,True,2021HU1371714,17
1,11600.0,4400.0,2.6363636363636362,64,44,54.0,16000.0,True,2021HU1372089,8
0,20000.0,60000.0,3.0,67,67,67.0,80000.0,True,2021HU1372353,11
0,40000.0,42000.0,1.05,46,42,44.0,82000.0,True,2021HU1372437,5
1,57000.0,65000.0,1.1403508771929824,59,54,56.5,122000.0,True,2021HU1372462,13
1,110900.0,54000.0,2.053703703703704,57,56,56.5,164900.0,True,2021HU1372638,19
2,150000.0,100000.0,1.5,56,63,59.5,250000.0,True,2021HU1372964,35
0,0.0,0.0,0.0,63,58,60.5,0.0,True,2021HU1374647,64
1,10000.0,46300.0,4.63,60,67,63.5,56300.0,True,2021HU1376264,17
0,12000.0,12000.0,1.0,83,83,83.0,24000.0,True,2021HU1377451,22
3,10800.0,72000.0,6.666666666666667,73,69,71.0,82800.0,True,2021HU1377593,14
6,40.0,6200.0,155.0,35,69,52.0,6240.0,True,2021HU1377668,9
0,34000.0,100000.0,2.9411764705882355,34,33,33.5,134000.0,True,2021HU1377671,55
1,70000.0,0.0,0.0,28,28,28.0,70000.0,True,2021HU1377869,17
0,46900.0,27910.0,1.6804012898602652,77,78,77.5,74810.0,True,2021HU1378895,25
1,40000.0,12000.0,3.3333333333333335,37,37,37.0,52000.0,True,2021HU1379194,39
0,44000.0,44000.0,1.0,57,43,50.0,88000.0,True,2021HU1379778,59
0,40000.0,40000.0,1.0,33,35,34.0,80000.0,True,2021HU1380139,28
0,36000.0,20000.0,1.8,31,36,33.5,56000.0,True,2021HU1381279,11
0,45000.0,39000.0,1.1538461538461537,51,50,50.5,84000.0,True,2021HU1381372,22
0,35800.0,35300.0,1.0141643059490084,61,65,63.0,71100.0,True,2021HU1382205,22
0,34900.0,51000.0,1.4613180515759312,37,38,37.5,85900.0,True,2021HU1382522,7
0,20000.0,25000.0,1.25,65,61,63.0,45000.0,True,2021HU1382635,23
0,60000.0,32200.0,1.8633540372670807,61,65,63.0,92200.0,True,2021HU1382653,22
2,3600.0,3760.0,1.0444444444444445,77,85,81.0,7360.0,False,2021HU1383251,13
7,185000.0,3000.0,61.666666666666664,65,64,64.5,188000.0,True,2021HU1383494,6
3,49200.0,327600.0,6.658536585365853,65,74,69.5,376800.0,True,2021HU1384202,3
3,71090.0,6800.0,10.454411764705883,56,52,54.0,77890.0,True,2021HU1384248,17
3,120000.0,17000.0,7.0588235294117645,31,25,28.0,137000.0,True,2021HU1384413,15
1,60000.0,0.0,0.0,55,59,57.0,60000.0,True,2021HU1384588,3
1,46400.0,14900.0,3.1140939597315436,73,70,71.5,61300.0,True,2021HU1385686,33
0,19000.0,14000.0,1.3571428571428572,69,64,66.5,33000.0,True,2021HU1385867,12
2,124000.0,324000.0,2.6129032258064515,49,49,49.0,448000.0,True,2021HU1386420,88
3,8300.0,85000.0,10.240963855421686,73,76,74.5,93300.0,True,2021HU1387190,17
3,80000.0,4000.0,20.0,43,38,40.5,84000.0,True,2021HU1387633,32
1,83000.0,100000.0,1.2048192771084338,54,53,53.5,183000.0,True,2021HU1388425,20
1,90000.0,80000.0,1.125,35,33,34.0,170000.0,True,2021HU1388576,14
0,55300.0,22000.0,2.5136363636363637,42,35,38.5,77300.0,True,2021HU1388690,38
2,85000.0,145000.0,1.7058823529411764,58,55,56.5,230000.0,True,2021HU1388896,23
0,123800.0,45600.0,2.7149122807017543,80,77,78.5,169400.0,True,2021HU1389615,9
3,200000.0,60000.0,3.3333333333333335,78,78,78.0,260000.0,True,2021HU1390017,13
3,97600.0,7500.0,13.013333333333334,74,69,71.5,105100.0,True,2021HU1390804,24
3,7200.0,80000.0,11.11111111111111,57,59,58.0,87200.0,True,2021HU1391055,7
0,35000.0,100000.0,2.857142857142857,37,36,36.5,135000.0,True,2021HU1391643,83
0,55000.0,41100.0,1.338199513381995,53,51,52.0,96100.0,True,2021HU1391935,26
1,80000.0,120000.0,1.5,38,37,37.5,200000.0,True,2021HU1392501,15
4,40000.0,1000.0,40.0,30,30,30.0,41000.0,True,2021HU1392815,7
1,60000.0,60000.0,1.0,63,64,63.5,120000.0,True,2021HU1393204,31
1,37000.0,10730.0,3.4482758620689653,83,69,76.0,47730.0,True,2021HU1394646,8
0,18000.0,20400.0,1.1333333333333333,77,79,78.0,38400.0,True,2021HU1395264,34
2,129300.0,75600.0,1.7103174603174602,67,70,68.5,204900.0,True,2021HU1397447,14
0,100000.0,0.0,0.0,45,46,45.5,100000.0,True,2021HU1397638,15
0,55000.0,36000.0,1.5277777777777777,58,56,57.0,91000.0,True,2021HU1397994,41
0,18000.0,29000.0,1.6111111111111112,73,76,74.5,47000.0,True,2021HU1399053,3
0,78000.0,0.0,0.0,33,32,32.5,78000.0,True,2021HU1399684,68
1,15600.0,61000.0,3.91025641025641,65,71,68.0,76600.0,True,2021HU1400045,3
0,28800.0,10200.0,2.823529411764706,52,58,55.0,39000.0,True,2021HU1400355,25
3,18400.0,3100.0,5.935483870967742,70,54,62.0,21500.0,True,2021HU1400397,14
2,20000.0,168000.0,8.4,71,72,71.5,188000.0,True,2021HU1400790,3
0,88000.0,0.0,0.0,50,47,48.5,88000.0,True,2021HU1400969,36
7,189000.0,1600.0,118.125,68,69,68.5,190600.0,True,2021HU1402442,24
2,0.0,7200.0,0.0,30,29,29.5,7200.0,False,2021HU1402523,14
1,26500.0,10100.0,2.623762376237624,72,70,71.0,36600.0,True,2021HU1402655,8
1,19200.0,24030.0,1.2515625,65,87,76.0,43230.0,True,2021HU1406041,4
7,161500.0,20.0,8075.0,49,58,53.5,161520.0,True,2021HU1406239,24
1,70000.0,46000.0,1.5217391304347827,27,27,27.0,116000.0,True,2021HU1406869,36
1,73000.0,16890.0,4.322084073416223,68,65,66.5,89890.0,True,2021HU1409407,14
0,10800.0,31000.0,2.8703703703703702,85,83,84.0,41800.0,True,2021HU1410070,16
3,0.0,136000.0,0.0,47,47,47.0,136000.0,True,2021HU1410414,15
0,24000.0,30000.0,1.25,50,45,47.5,54000.0,True,2021HU1411342,3
1,14400.0,27000.0,1.875,44,73,58.5,41400.0,True,2021HU1411447,10
2,150000.0,100000.0,1.5,50,47,48.5,250000.0,True,2021HU1411995,23
0,57700.0,0.0,0.0,67,66,66.5,57700.0,True,2021HU1412024,15
1,100000.0,55000.0,1.8181818181818181,52,48,50.0,155000.0,True,2021HU1413177,14
5,49460.0,60.0,824.3333333333334,75,72,73.5,49520.0,True,2021HU1413265,94
1,32400.0,60000.0,1.8518518518518519,75,72,73.5,92400.0,False,2021HU1413511,11
0,0.0,97000.0,0.0,38,37,37.5,97000.0,True,2021HU1414499,8
0,53000.0,50000.0,1.06,35,36,35.5,103000.0,True,2021HU1415101,84
3,12000.0,150000.0,12.5,46,45,45.5,162000.0,True,2021HU1415410,33
0,3900.0,3100.0,1.2580645161290323,81,81,81.0,7000.0,True,2022HU0000163,18
1,37500.0,140000.0,3.7333333333333334,66,60,63.0,177500.0,True,2022HU0000228,15
1,80000.0,50000.0,1.6,61,62,61.5,130000.0,True,2022HU0000863,16
6,124800.0,8300.0,15.036144578313253,46,48,47.0,133100.0,True,2022HU0001761,14
0,43000.0,74000.0,1.7209302325581395,51,51,51.0,117000.0,True,2022HU0001831,14
2,104000.0,100000.0,1.04,45,48,46.5,204000.0,True,2022HU0001852,49
0,100000.0,0.0,0.0,42,47,44.5,100000.0,True,2022HU0002056,22
0,11800.0,5900.0,2.0,69,77,73.0,17700.0,True,2022HU0002275,7
0,110000.0,50000.0,2.2,52,53,52.5,160000.0,True,2022HU0002386,11
1,135000.0,43000.0,3.13953488372093,35,35,35.0,178000.0,True,2022HU0002955,31
1,64400.0,17700.0,3.638418079096045,79,77,78.0,82100.0,True,2022HU0003501,29
0,35700.0,0.0,0.0,60,60,60.0,35700.0,True,2022HU0004114,16
7,114300.0,5000.0,22.86,44,42,43.0,119300.0,True,2022HU0004220,19
1,71500.0,90000.0,1.2587412587412588,59,60,59.5,161500.0,True,2022HU0004757,4
0,44700.0,36000.0,1.2416666666666667,41,44,42.5,80700.0,True,2022HU0004907,21
1,80000.0,75000.0,1.0666666666666667,52,56,54.0,155000.0,True,2022HU0007612,10
4,34300.0,1000.0,34.3,52,51,51.5,35300.0,True,2022HU0007693,17
0,24000.0,43000.0,1.7916666666666667,54,49,51.5,67000.0,True,2022HU0007769,13
0,50000.0,40000.0,1.25,65,64,64.5,90000.0,True,2022HU0009058,17
1,143000.0,31500.0,4.5396825396825395,65,64,64.5,174500.0,True,2022HU0009836,8
0,34000.0,60000.0,1.7647058823529411,40,43,41.5,94000.0,True,2022HU0010631,17
0,18000.0,0.0,0.0,55,55,55.0,18000.0,True,2022HU0010902,10
0,10900.0,25100.0,2.302752293577982,37,49,43.0,36000.0,True,2022HU0011017,13
2,120000.0,115000.0,1.0434782608695652,36,29,32.5,235000.0,True,2022HU0011730,27
2,119400.0,90000.0,1.3266666666666667,40,42,41.0,209400.0,True,2022HU0013030,21
0,35000.0,22000.0,1.5909090909090908,62,58,60.0,57000.0,True,2022HU0013120,7
1,54800.0,11900.0,4.605042016806722,89,85,87.0,66700.0,True,2022HU0013588,41
0,25000.0,29000.0,1.16,56,57,56.5,54000.0,True,2022HU0013737,11
1,105000.0,90000.0,1.1666666666666667,49,49,49.0,195000.0,True,2022HU0013946,26
1,27660.0,125000.0,4.5191612436731745,74,74,74.0,152660.0,True,2022HU0016446,11
2,123200.0,100000.0,1.232,51,46,48.5,223200.0,True,2022HU0016462,65
0,25000.0,50000.0,2.0,39,36,37.5,75000.0,True,2022HU0016769,11
2,155000.0,95000.0,1.631578947368421,57,66,61.5,250000.0,True,2022HU0017034,6
0,100000.0,47000.0,2.127659574468085,46,42,44.0,147000.0,True,2022HU0017162,18
4,503000.0,60000.0,8.383333333333333,52,53,52.5,563000.0,True,2022HU0018051,9
0,40800.0,34800.0,1.1724137931034482,40,38,39.0,75600.0,True,2022HU0018629,2
2,50000.0,35000.0,1.4285714285714286,63,24,43.5,85000.0,False,2022HU0018867,14
8,803000.0,8000.0,100.375,58,58,58.0,811000.0,True,2022HU0019010,14
0,40000.0,48000.0,1.2,62,63,62.5,88000.0,True,2022HU0019357,6
2,114400.0,115600.0,1.0104895104895104,80,83,81.5,230000.0,True,2022HU0019491,11
1,25000.0,24500.0,1.0204081632653061,56,50,53.0,49500.0,False,2022HU0020782,7
1,14900.0,51800.0,3.476510067114094,71,73,72.0,66700.0,True,2022HU0021188,11
1,23400.0,77000.0,3.2905982905982905,52,51,51.5,100400.0,True,2022HU0021219,25
4,207000.0,16500.0,12.545454545454545,67,72,69.5,223500.0,True,2022HU0021880,10
0,80000.0,40000.0,2.0,55,55,55.0,120000.0,True,2022HU0022994,14
2,75000.0,13000.0,5.769230769230769,81,75,78.0,88000.0,True,2022HU0023034,19
2,33000.0,75000.0,2.272727272727273,24,25,24.5,108000.0,True,2022HU0024029,34
1,40000.0,103040.0,2.576,64,66,65.0,143040.0,True,2022HU0024224,8
1,75500.0,109000.0,1.4437086092715232,74,73,73.5,184500.0,True,2022HU0024306,14
0,26300.0,24000.0,1.0958333333333334,53,57,55.0,50300.0,True,2022HU0024347,5
0,35000.0,40000.0,1.1428571428571428,49,50,49.5,75000.0,True,2022HU0024402,57
2,30000.0,7900.0,3.7974683544303796,45,57,51.0,37900.0,False,2022HU0024786,15
0,36200.0,76000.0,2.0994475138121547,61,62,61.5,112200.0,True,2022HU0025240,3
0,5000.0,4400.0,1.1363636363636365,52,54,53.0,9400.0,True,2022HU0025309,11
2,76000.0,25000.0,3.04,28,27,27.5,101000.0,True,2022HU0026178,14
1,59000.0,13700.0,4.306569343065694,77,76,76.5,72700.0,True,2022HU0026346,12
2,30000.0,30000.0,1.0,21,21,21.0,60000.0,True,2022HU0026589,36
1,39600.0,11900.0,3.327731092436975,73,67,70.0,51500.0,True,2022HU0027853,23
0,7000.0,0.0,0.0,29,32,30.5,7000.0,True,2022HU0028420,10
0,10000.0,14000.0,1.4,52,52,52.0,24000.0,True,2022HU0028839,27
4,193000.0,10000.0,19.3,66,62,64.0,203000.0,True,2022HU0029443,17
0,117100.0,40700.0,2.8771498771498774,90,82,86.0,157800.0,True,2022HU0029786,15
2,112000.0,22100.0,5.067873303167421,62,60,61.0,134100.0,True,2022HU0030200,8
1,43500.0,10600.0,4.10377358490566,86,86,86.0,54100.0,True,2022HU0030962,10
5,215800.0,10200.0,21.15686274509804,63,73,68.0,226000.0,True,2022HU0031121,18
1,75000.0,60000.0,1.25,53,60,56.5,135000.0,True,2022HU0031366,12
0,25000.0,25500.0,1.02,71,69,70.0,50500.0,True,2022HU0031477,14
1,23700.0,7000.0,3.3857142857142857,70,66,68.0,30700.0,True,2022HU0033634,4
0,19800.0,0.0,0.0,61,60,60.5,19800.0,True,2022HU0035271,13
8,8400.0,221600.0,26.38095238095238,75,73,74.0,230000.0,True,2022HU0035738,34
3,120000.0,0.0,0.0,61,65,63.0,120000.0,True,2022HU0036600,28
1,53000.0,63600.0,1.2,67,62,64.5,116600.0,True,2022HU0036865,51
1,23400.0,90000.0,3.8461538461538463,31,33,32.0,113400.0,True,2022HU0037182,12
0,18100.0,20000.0,1.1049723756906078,65,63,64.0,38100.0,True,2022HU0037500,15
2,227500.0,80000.0,2.84375,82,68,75.0,307500.0,True,2022HU0038141,9
2,150000.0,100000.0,1.5,51,53,52.0,250000.0,True,2022HU0038983,10
1,46700.0,0.0,0.0,28,29,28.5,46700.0,True,2022HU0039376,55
0,65000.0,24900.0,2.610441767068273,57,61,59.0,89900.0,True,2022HU0039537,4
2,113000.0,119000.0,1.0530973451327434,60,56,58.0,232000.0,True,2022HU0039665,8
1,24000.0,106000.0,4.416666666666667,66,63,64.5,130000.0,True,2022HU0039679,15
1,86000.0,102000.0,1.186046511627907,33,33,33.0,188000.0,True,2022HU0039824,17
1,55000.0,120000.0,2.1818181818181817,54,55,54.5,175000.0,True,2022HU0041366,50
1,26400.0,34400.0,1.303030303030303,37,38,37.5,60800.0,True,2022HU0042440,8
0,5000.0,5000.0,1.0,65,56,60.5,10000.0,True,2022HU0042599,17
0,0.0,55000.0,0.0,52,53,52.5,55000.0,True,2022HU0042617,27
3,135000.0,19500.0,6.923076923076923,79,58,68.5,154500.0,True,2022HU0042958,13
3,56800.0,240100.0,4.227112676056338,93,97,95.0,296900.0,True,2022HU0043058,10
1,124000.0,70000.0,1.7714285714285714,47,51,49.0,194000.0,True,2022HU0044362,38
2,22000.0,24000.0,1.0909090909090908,19,19,19.0,46000.0,True,2022HU0044778,47
0,45000.0,55000.0,1.2222222222222223,61,60,60.5,100000.0,True,2022HU0045053,9
0,18100.0,0.0,0.0,54,55,54.5,18100.0,True,2022HU0045558,45
1,120200.0,30300.0,3.966996699669967,70,67,68.5,150500.0,True,2022HU0046417,18
0,9200.0,5600.0,1.6428571428571428,77,77,77.0,14800.0,True,2022HU0046975,52
2,18000.0,8400.0,2.142857142857143,76,53,64.5,26400.0,False,2022HU0047194,11
0,35800.0,96100.0,2.684357541899441,78,78,78.0,131900.0,True,2022HU0047473,9
0,44800.0,41000.0,1.0926829268292684,65,65,65.0,85800.0,True,2022HU0047562,18
0,48000.0,28000.0,1.7142857142857142,34,35,34.5,76000.0,True,2022HU0047855,10
4,1400.0,46400.0,33.142857142857146,77,79,78.0,47800.0,True,2022HU0049134,12
1,91000.0,60000.0,1.5166666666666666,65,69,67.0,151000.0,True,2022HU0049726,29
0,78000.0,39000.0,2.0,67,81,74.0,117000.0,True,2022HU0050464,6
3,8050.0,86000.0,10.683229813664596,64,66,65.0,94050.0,True,2022HU0050722,38
0,28650.0,16000.0,1.790625,73,78,75.5,44650.0,True,2022HU0051318,8
2,52000.0,60000.0,1.1538461538461537,39,33,36.0,112000.0,False,2022HU0051714,16
4,312000.0,17000.0,18.352941176470587,54,43,48.5,329000.0,True,2022HU0051815,19
1,80000.0,53000.0,1.509433962264151,54,53,53.5,133000.0,True,2022HU0052187,15
3,115000.0,0.0,0.0,43,37,40.0,115000.0,True,2022HU0052344,27
1,91000.0,30000.0,3.033333333333333,39,37,38.0,121000.0,True,2022HU0052446,33
2,189000.0,50000.0,3.78,46,42,44.0,239000.0,True,2022HU0052505,13
1,14000.0,26400.0,1.8857142857142857,80,78,79.0,40400.0,True,2022HU0053192,10
1,70000.0,90000.0,1.2857142857142858,35,32,33.5,160000.0,True,2022HU0054081,11
4,0.0,110000.0,0.0,29,27,28.0,110000.0,True,2022HU0054132,17
2,44000.0,76000.0,1.7272727272727273,50,30,40.0,120000.0,False,2022HU0055020,31
0,0.0,100000.0,0.0,45,43,44.0,100000.0,True,2022HU0055533,8
0,102000.0,39800.0,2.562814070351759,37,30,33.5,141800.0,True,2022HU0055599,5
2,78000.0,83000.0,1.064102564102564,69,72,70.5,161000.0,True,2022HU0056166,11
1,65000.0,65000.0,1.0,50,44,47.0,130000.0,True,2022HU0056268,18
0,22000.0,54000.0,2.4545454545454546,58,55,56.5,76000.0,True,2022HU0056573,13
2,70000.0,58000.0,1.206896551724138,56,54,55.0,128000.0,True,2022HU0056735,4
1,95000.0,60000.0,1.5833333333333333,49,50,49.5,155000.0,True,2022HU0057478,4
1,56000.0,80000.0,1.4285714285714286,45,45,45.0,136000.0,True,2022HU0058202,10
0,63100.0,48000.0,1.3145833333333334,55,57,56.0,111100.0,True,2022HU0059659,16
0,42000.0,22000.0,1.9090909090909092,67,72,69.5,64000.0,True,2022HU0060001,36
4,376700.0,0.0,0.0,75,62,68.5,376700.0,True,2022HU0060178,18
4,76060.0,450.0,169.0222222222222,32,37,34.5,76510.0,True,2022HU0060734,9
1,18000.0,5300.0,3.3962264150943398,57,65,61.0,23300.0,True,2022HU0061855,15
0,50000.0,50000.0,1.0,59,52,55.5,100000.0,True,2022HU0062294,5
3,117590.0,21000.0,5.599523809523809,71,51,61.0,138590.0,True,2022HU0062410,3
1,73600.0,81100.0,1.1019021739130435,66,61,63.5,154700.0,True,2022HU0063066,19
2,89110.0,138200.0,1.5508921557625406,82,76,79.0,227310.0,True,2022HU0063556,25
1,60000.0,120000.0,2.0,32,32,32.0,180000.0,True,2022HU0063575,19
2,70000.0,17000.0,4.117647058823529,52,53,52.5,87000.0,True,2022HU0063615,20
4,2200.0,65200.0,29.636363636363637,28,33,30.5,67400.0,True,2022HU0063732,58
1,33600.0,12100.0,2.7768595041322315,71,68,69.5,45700.0,True,2022HU0065530,13
1,83000.0,70000.0,1.1857142857142857,55,56,55.5,153000.0,True,2022HU0065768,13
4,1300.0,21000.0,16.153846153846153,74,74,74.0,22300.0,False,2022HU0066212,14
3,168100.0,41400.0,4.0603864734299515,74,72,73.0,209500.0,True,2022HU0066830,14
3,37500.0,187500.0,5.0,57,64,60.5,225000.0,True,2022HU0067641,9
0,11650.0,0.0,0.0,66,62,64.0,11650.0,True,2022HU0067673,15
0,8000.0,8000.0,1.0,57,66,61.5,16000.0,True,2022HU0068064,7
2,102100.0,98000.0,1.0418367346938775,68,65,66.5,200100.0,True,2022HU0069049,9
2,78000.0,65000.0,1.2,57,58,57.5,143000.0,False,2022HU0069068,16
0,83100.0,47300.0,1.7568710359408033,74,70,72.0,130400.0,True,2022HU0069944,14
1,48000.0,21000.0,2.2857142857142856,25,25,25.0,69000.0,True,2022HU0070176,12
1,150000.0,35000.0,4.285714285714286,40,36,38.0,185000.0,True,2022HU0070537,35
1,111100.0,66600.0,1.6681681681681682,87,87,87.0,177700.0,True,2022HU0070805,18
2,16600.0,2200.0,7.545454545454546,66,68,67.0,18800.0,True,2022HU0070971,9
0,13800.0,18000.0,1.3043478260869565,66,57,61.5,31800.0,True,2022HU0071621,15
1,97000.0,90000.0,1.0777777777777777,61,63,62.0,187000.0,True,2022HU0071807,9
1,80000.0,98000.0,1.225,35,35,35.0,178000.0,True,2022HU0072897,20
4,28700.0,2500.0,11.48,74,66,70.0,31200.0,True,2022HU0072960,15
1,75500.0,68500.0,1.102189781021898,51,49,50.0,144000.0,True,2022HU0073532,4
0,11100.0,18000.0,1.6216216216216217,74,74,74.0,29100.0,True,2022HU0074046,9
1,43780.0,0.0,0.0,58,59,58.5,43780.0,True,2022HU0074629,12
0,25200.0,41100.0,1.630952380952381,69,65,67.0,66300.0,True,2022HU0074804,12
1,47000.0,86080.0,1.8314893617021277,50,52,51.0,133080.0,True,2022HU0075609,13
2,60000.0,12000.0,5.0,31,24,27.5,72000.0,True,2022HU0075699,10
2,175000.0,100000.0,1.75,46,46,46.0,275000.0,True,2022HU0075939,7
2,13000.0,100000.0,7.6923076923076925,46,53,49.5,113000.0,True,2022HU0075999,13
0,65800.0,33500.0,1.964179104477612,49,51,50.0,99300.0,True,2022HU0076397,13
2,97100.0,107800.0,1.110195674562307,84,88,86.0,204900.0,True,2022HU0077878,6
3,101000.0,453000.0,4.485148514851486,56,57,56.5,554000.0,True,2022HU0078045,10
0,-2200.0,24000.0,0.0,73,71,72.0,21800.0,True,2022HU0078476,6
1,36000.0,103200.0,2.8666666666666667,57,59,58.0,139200.0,True,2022HU0078552,14
1,9600.0,42000.0,4.375,70,73,71.5,51600.0,True,2022HU0079185,5
1,46500.0,30900.0,1.5048543689320388,25,25,25.0,77400.0,True,2022HU0079505,8
3,510000.0,170000.0,3.0,41,39,40.0,680000.0,False,2022HU0079937,12
0,0.0,100000.0,0.0,39,44,41.5,100000.0,True,2022HU0081639,70
2,72700.0,143800.0,1.9779917469050894,76,81,78.5,216500.0,True,2022HU0081647,28
0,40030.0,46030.0,1.1498875843117662,70,70,70.0,86060.0,True,2022HU0081652,17
1,54200.0,17700.0,3.062146892655367,70,71,70.5,71900.0,True,2022HU0083450,10
4,80000.0,7900.0,10.126582278481013,68,67,67.5,87900.0,True,2022HU0084044,15
3,70000.0,4800.0,14.583333333333334,48,51,49.5,74800.0,True,2022HU0084333,23
0,105100.0,49800.0,2.110441767068273,44,43,43.5,154900.0,True,2022HU0084526,3
3,0.0,167400.0,0.0,62,64,63.0,167400.0,True,2022HU0085513,20
0,98400.0,0.0,0.0,74,60,67.0,98400.0,True,2022HU0085853,16
0,34300.0,46800.0,1.3644314868804666,65,63,64.0,81100.0,True,2022HU0086782,9
0,37700.0,24000.0,1.5708333333333333,73,73,73.0,61700.0,True,2022HU0086868,7
1,11800.0,42100.0,3.5677966101694913,71,67,69.0,53900.0,True,2022HU0087484,10
1,25000.0,55000.0,2.2,56,48,52.0,80000.0,False,2022HU0087591,15
1,120500.0,65000.0,1.853846153846154,38,38,38.0,185500.0,True,2022HU0087739,17
1,80300.0,29000.0,2.768965517241379,29,28,28.5,109300.0,True,2022HU0088229,13
0,52100.0,48100.0,1.0831600831600832,73,72,72.5,100200.0,True,2022HU0088747,25
1,114100.0,62000.0,1.8403225806451613,58,52,55.0,176100.0,True,2022HU0089052,10
0,50000.0,50000.0,1.0,56,55,55.5,100000.0,True,2022HU0089104,15
0,15600.0,20300.0,1.3012820512820513,66,68,67.0,35900.0,True,2022HU0089669,3
0,73800.0,43500.0,1.696551724137931,73,63,68.0,117300.0,True,2022HU0090199,30
0,40000.0,60000.0,1.5,56,55,55.5,100000.0,True,2022HU0090238,2
1,5900.0,26000.0,4.406779661016949,45,42,43.5,31900.0,True,2022HU0090275,18
1,52000.0,32800.0,1.5853658536585367,57,55,56.0,84800.0,True,2022HU0090309,22
7,132000.0,4.0,33000.0,48,44,46.0,132004.0,True,2022HU0091196,11
1,80000.0,87000.0,1.0875,56,51,53.5,167000.0,True,2022HU0092011,19
1,91000.0,80000.0,1.1375,61,59,60.0,171000.0,True,2022HU0092228,18
0,91200.0,34600.0,2.6358381502890174,41,42,41.5,125800.0,True,2022HU0092243,13
0,27000.0,17000.0,1.588235294117647,42,43,42.5,44000.0,True,2022HU0092492,4
4,375200.0,50000.0,7.504,70,58,64.0,425200.0,False,2022HU0092801,24
2,83000.0,12000.0,6.916666666666667,67,74,70.5,95000.0,True,2022HU0093300,8
1,92000.0,55000.0,1.6727272727272726,65,63,64.0,147000.0,True,2022HU0094559,21
4,90.0,20000.0,222.22222222222223,36,41,38.5,20090.0,True,2022HU0096618,25
4,799000.0,49000.0,16.306122448979593,40,39,39.5,848000.0,True,2022HU0097244,11
2,0.0,200.0,0.0,26,28,27.0,200.0,True,2022HU0097257,14
1,55000.0,130000.0,2.3636363636363638,53,53,53.0,185000.0,True,2022HU0098262,18
3,37400.0,7500.0,4.986666666666666,78,74,76.0,44900.0,False,2022HU0098829,24
1,25100.0,28100.0,1.1195219123505975,27,32,29.5,53200.0,True,2022HU0098898,49
0,74700.0,0.0,0.0,80,78,79.0,74700.0,True,2022HU0099800,3
2,87500.0,222260.0,2.5401142857142855,73,76,74.5,309760.0,True,2022HU0100158,5
0,32800.0,42000.0,1.2804878048780488,74,76,75.0,74800.0,True,2022HU0100176,9
1,100000.0,60000.0,1.6666666666666667,60,55,57.5,160000.0,True,2022HU0101462,10
2,51500.0,6600.0,7.803030303030303,65,69,67.0,58100.0,True,2022HU0103250,52
2,46000.0,30000.0,1.5333333333333334,67,50,58.5,76000.0,False,2022HU0103627,3
4,1800.0,48000.0,26.666666666666668,69,68,68.5,49800.0,True,2022HU0103701,4
2,10000.0,90000.0,9.0,33,39,36.0,100000.0,True,2022HU0104164,24
2,100000.0,110000.0,1.1,44,41,42.5,210000.0,True,2022HU0104716,38
0,22800.0,48000.0,2.1052631578947367,52,55,53.5,70800.0,True,2022HU0104926,38
1,40000.0,0.0,0.0,72,79,75.5,40000.0,True,2022HU0105823,11
1,25000.0,11600.0,2.1551724137931036,40,32,36.0,36600.0,False,2022HU0107250,11
0,25400.0,23800.0,1.0672268907563025,42,48,45.0,49200.0,True,2022HU0107340,21
2,45400.0,11000.0,4.127272727272727,42,48,45.0,56400.0,True,2022HU0107665,14
4,344800.0,0.0,0.0,73,65,69.0,344800.0,True,2022HU0109166,3
1,117000.0,38100.0,3.0708661417322833,74,78,76.0,155100.0,True,2022HU0109342,7
2,62600.0,9100.0,6.8791208791208796,69,79,74.0,71700.0,True,2022HU0109522,23
1,32800.0,49900.0,1.521341463414634,50,45,47.5,82700.0,True,2022HU0110101,28
0,60000.0,44400.0,1.3513513513513513,75,79,77.0,104400.0,True,2022HU0110157,8
8,110400.0,5100.0,21.647058823529413,48,37,42.5,115500.0,True,2022HU0110817,12
0,36000.0,55000.0,1.5277777777777777,60,57,58.5,91000.0,True,2022HU0112806,63
0,680.0,0.0,0.0,56,62,59.0,680.0,True,2022HU0113134,45
3,56100.0,199880.0,3.5629233511586453,83,80,81.5,255980.0,True,2022HU0113655,12
1,43000.0,0.0,0.0,72,79,75.5,43000.0,True,2022HU0113939,20
1,75000.0,55000.0,1.3636363636363635,33,31,32.0,130000.0,True,2022HU0114228,5
1,72000.0,16000.0,4.5,36,28,32.0,88000.0,True,2022HU0114308,15
1,69000.0,86000.0,1.2463768115942029,62,64,63.0,155000.0,True,2022HU0114583,16
0,0.0,50000.0,0.0,56,66,61.0,50000.0,True,2022HU0114620,5
5,503000.0,0.0,0.0,69,40,54.5,503000.0,True,2022HU0114724,6
0,0.0,37200.0,0.0,66,65,65.5,37200.0,True,2022HU0115563,8
1,0.0,0.0,0.0,49,50,49.5,0.0,True,2022HU0115608,2
1,85000.0,55000.0,1.5454545454545454,32,33,32.5,140000.0,True,2022HU0116017,15
1,101800.0,71200.0,1.4297752808988764,65,65,65.0,173000.0,True,2022HU0117475,13
4,205000.0,27000.0,7.592592592592593,60,65,62.5,232000.0,True,2022HU0118132,14
0,16200.0,37200.0,2.2962962962962963,74,71,72.5,53400.0,True,2022HU0118310,30
0,32000.0,27100.0,1.1808118081180812,34,34,34.0,59100.0,True,2022HU0119935,8
1,69000.0,22000.0,3.1363636363636362,72,73,72.5,91000.0,True,2022HU0119945,15
2,30000.0,4800.0,6.25,36,27,31.5,34800.0,True,2022HU0121082,5
1,34600.0,11400.0,3.0350877192982457,84,70,77.0,46000.0,True,2022HU0121327,7
1,0.0,85000.0,0.0,26,27,26.5,85000.0,True,2022HU0121440,14
2,135700.0,100000.0,1.357,59,57,58.0,235700.0,True,2022HU0121465,30
0,79200.0,37800.0,2.0952380952380953,81,77,79.0,117000.0,True,2022HU0122567,11
1,32200.0,135000.0,4.192546583850931,75,71,73.0,167200.0,True,2022HU0122985,9
3,283000.0,68400.0,4.137426900584796,58,55,56.5,351400.0,True,2022HU0122997,11
0,97800.0,0.0,0.0,57,57,57.0,97800.0,True,2022HU0124510,13
2,101000.0,58000.0,1.7413793103448276,40,35,37.5,159000.0,False,2022HU0124770,93
2,60000.0,100000.0,1.6666666666666667,72,68,70.0,160000.0,True,2022HU0124779,41
0,20700.0,10000.0,2.07,62,62,62.0,30700.0,True,2022HU0125239,2
3,160000.0,60000.0,2.6666666666666665,40,40,40.0,220000.0,False,2022HU0125508,15
2,112500.0,141000.0,1.2533333333333334,78,72,75.0,253500.0,True,2022HU0125847,2
1,31000.0,44400.0,1.4322580645161291,75,64,69.5,75400.0,True,2022HU0126613,17
8,5000.0,503000.0,100.6,50,52,51.0,508000.0,True,2022HU0127322,9
4,140000.0,10000.0,14.0,63,70,66.5,150000.0,True,2022HU0127380,8
1,100000.0,80000.0,1.25,39,40,39.5,180000.0,True,2022HU0127665,18
0,30000.0,10000.0,3.0,59,67,63.0,40000.0,True,2022HU0128100,3
0,18200.0,8800.0,2.0681818181818183,80,71,75.5,27000.0,True,2022HU0129993,17
2,188800.0,40000.0,4.72,70,64,67.0,228800.0,True,2022HU0130394,9
8,505100.0,300.0,1683.6666666666667,45,49,47.0,505400.0,True,2022HU0130574,6
5,230.0,43030.0,187.08695652173913,57,34,45.5,43260.0,True,2022HU0130829,8
2,36000.0,165000.0,4.583333333333333,41,43,42.0,201000.0,True,2022HU0131434,7
3,165700.0,13900.0,11.920863309352518,75,73,74.0,179600.0,True,2022HU0131789,10
1,97000.0,0.0,0.0,56,60,58.0,97000.0,True,2022HU0133528,13
4,1600.0,96000.0,60.0,36,33,34.5,97600.0,True,2022HU0134027,12
3,98800.0,22400.0,4.410714285714286,70,36,53.0,121200.0,False,2022HU0134830,8
1,76600.0,22800.0,3.3596491228070176,70,67,68.5,99400.0,True,2022HU0137259,16
1,105000.0,85000.0,1.2352941176470589,58,57,57.5,190000.0,True,2022HU0137346,8
1,145000.0,40000.0,3.625,58,57,57.5,185000.0,True,2022HU0137556,2
0,0.0,20000.0,0.0,44,50,47.0,20000.0,True,2022HU0137947,34
0,0.0,100000.0,0.0,42,43,42.5,100000.0,True,2022HU0138013,71
1,23400.0,0.0,0.0,59,59,59.0,23400.0,False,2022HU0138078,13
0,20500.0,0.0,0.0,55,52,53.5,20500.0,True,2022HU0138123,38
3,70000.0,13000.0,5.384615384615385,47,51,49.0,83000.0,True,2022HU0139412,14
0,58200.0,21800.0,2.669724770642202,74,60,67.0,80000.0,True,2022HU0139977,8
1,155000.0,36000.0,4.305555555555555,60,63,61.5,191000.0,True,2022HU0139987,12
1,120000.0,80000.0,1.5,52,48,50.0,200000.0,True,2022HU0140470,12
2,60000.0,20350.0,2.9484029484029484,22,21,21.5,80350.0,True,2022HU0140841,6
0,23100.0,16000.0,1.44375,85,86,85.5,39100.0,True,2022HU0140846,11
4,356000.0,20000.0,17.8,62,61,61.5,376000.0,True,2022HU0141191,4
0,69804.0,35500.0,1.9663098591549295,70,66,68.0,105304.0,True,2022HU0141422,28
0,6300.0,9600.0,1.5238095238095237,74,77,75.5,15900.0,True,2022HU0142854,14
0,15000.0,10000.0,1.5,60,59,59.5,25000.0,True,2022HU0145358,15
0,65000.0,30000.0,2.1666666666666665,65,54,59.5,95000.0,True,2022HU0145388,19
4,590.0,21100.0,35.76271186440678,55,52,53.5,21690.0,True,2022HU0145926,8
1,88000.0,90000.0,1.0227272727272727,43,46,44.5,178000.0,True,2022HU0146301,32
0,29000.0,80000.0,2.7586206896551726,31,31,31.0,109000.0,True,2022HU0146793,17
0,42400.0,66400.0,1.5660377358490567,62,62,62.0,108800.0,True,2022HU0148226,17
0,29100.0,63700.0,2.189003436426117,67,66,66.5,92800.0,True,2022HU0148867,13
0,71500.0,50000.0,1.43,77,68,72.5,121500.0,True,2022HU0149819,15
0,148000.0,50000.0,2.96,34,34,34.0,198000.0,True,2022HU0149976,23
1,34000.0,111000.0,3.264705882352941,68,70,69.0,145000.0,True,2022HU0150063,4
1,44700.0,46200.0,1.0335570469798658,72,53,62.5,90900.0,True,2022HU0151883,8
1,101800.0,65000.0,1.5661538461538462,34,32,33.0,166800.0,True,2022HU0152467,31
0,39600.0,38100.0,1.0393700787401574,83,83,83.0,77700.0,True,2022HU0153274,10
1,115000.0,85000.0,1.3529411764705883,43,51,47.0,200000.0,True,2022HU0153391,10
4,218000.0,0.0,0.0,74,65,69.5,218000.0,True,2022HU0153932,12
4,112000.0,0.0,0.0,50,27,38.5,112000.0,True,2022HU0154149,18
0,25900.0,68900.0,2.66023166023166,74,78,76.0,94800.0,True,2022HU0154285,8
1,57000.0,71000.0,1.2456140350877194,46,42,44.0,128000.0,True,2022HU0155099,2
1,15700.0,14200.0,1.1056338028169015,77,72,74.5,29900.0,True,2022HU0155496,19
1,59000.0,19500.0,3.0256410256410255,66,57,61.5,78500.0,True,2022HU0155838,11
0,21600.0,60000.0,2.7777777777777777,66,65,65.5,81600.0,True,2022HU0156173,28
2,90200.0,67490.0,1.336494295451178,65,64,64.5,157690.0,True,2022HU0158513,17
1,15000.0,30000.0,2.0,40,37,38.5,45000.0,False,2022HU0158837,22
4,500800.0,74000.0,6.767567567567568,63,60,61.5,574800.0,True,2022HU0159183,10
0,34000.0,0.0,0.0,37,38,37.5,34000.0,True,2022HU0159406,15
0,27000.0,41000.0,1.5185185185185186,66,66,66.0,68000.0,True,2022HU0160156,11
1,0.0,0.0,0.0,28,28,28.0,0.0,True,2022HU0160220,15
2,161000.0,200000.0,1.2422360248447204,57,54,55.5,361000.0,True,2022HU0160424,41
1,20000.0,71000.0,3.55,34,35,34.5,91000.0,True,2022HU0160701,44
1,27650.0,108300.0,3.9168173598553344,74,72,73.0,135950.0,True,2022HU0160999,18
2,12000.0,120000.0,10.0,28,32,30.0,132000.0,True,2022HU0161149,20
4,394000.0,78000.0,5.051282051282051,77,63,70.0,472000.0,True,2022HU0162240,5
1,20000.0,15000.0,1.3333333333333333,26,34,30.0,35000.0,False,2022HU0163893,29
4,354100.0,69500.0,5.094964028776978,76,74,75.0,423600.0,True,2022HU0165236,20
1,32300.0,35400.0,1.0959752321981424,47,46,46.5,67700.0,True,2022HU0165433,32
3,112000.0,0.0,0.0,64,54,59.0,112000.0,True,2022HU0166195,17
2,131800.0,23200.0,5.681034482758621,71,70,70.5,155000.0,True,2022HU0166720,27
2,128700.0,20300.0,6.3399014778325125,77,78,77.5,149000.0,True,2022HU0166977,13
1,17400.0,75800.0,4.35632183908046,56,59,57.5,93200.0,True,2022HU0167422,8
1,30000.0,44000.0,1.4666666666666666,71,50,60.5,74000.0,True,2022HU0167584,11
1,0.0,7000.0,0.0,69,69,69.0,7000.0,True,2022HU0167838,10
5,25500.0,500.0,51.0,70,64,67.0,26000.0,True,2022HU0168054,10
1,4500.0,17700.0,3.933333333333333,35,35,35.0,22200.0,True,2022HU0168403,4
0,44100.0,46200.0,1.0476190476190477,88,77,82.5,90300.0,True,2022HU0169081,9
2,89300.0,25720.0,3.4720062208398135,73,67,70.0,115020.0,True,2022HU0169301,20
6,135050.0,7200.0,18.756944444444443,50,49,49.5,142250.0,True,2022HU0169526,15
0,21610.0,21600.0,1.0004629629629629,81,68,74.5,43210.0,True,2022HU0169853,26
2,8600.0,57300.0,6.662790697674419,66,71,68.5,65900.0,True,2022HU0170010,19
4,8000.0,67000.0,8.375,24,21,22.5,75000.0,True,2022HU0170635,8
0,0.0,0.0,0.0,42,42,42.0,0.0,True,2022HU0171548,60
3,110020.0,0.0,0.0,32,31,31.5,110020.0,True,2022HU0172182,53
1,48600.0,67000.0,1.3786008230452675,42,44,43.0,115600.0,False,2022HU0172381,5
3,1760.0,19500.0,11.079545454545455,56,47,51.5,21260.0,True,2022HU0172746,7
1,96000.0,54000.0,1.7777777777777777,30,34,32.0,150000.0,True,2022HU0172996,18
0,60000.0,48000.0,1.25,56,43,49.5,108000.0,True,2022HU0174232,8
2,245300.0,195000.0,1.2579487179487179,80,67,73.5,440300.0,True,2022HU0175272,4
0,36000.0,80600.0,2.238888888888889,75,69,72.0,116600.0,True,2022HU0176226,10
2,96000.0,185000.0,1.9270833333333333,61,61,61.0,281000.0,True,2022HU0176779,21
0,11900.0,19800.0,1.6638655462184875,74,75,74.5,31700.0,True,2022HU0176880,3
0,60000.0,40000.0,1.5,58,65,61.5,100000.0,True,2022HU0177744,27
2,200000.0,95000.0,2.1052631578947367,45,53,49.0,295000.0,True,2022HU0179766,13
2,90000.0,225000.0,2.5,36,36,36.0,315000.0,True,2022HU0179788,14
1,26400.0,8000.0,3.3,70,71,70.5,34400.0,True,2022HU0180026,44
3,197000.0,0.0,0.0,87,79,83.0,197000.0,True,2022HU0180596,20
0,54000.0,36000.0,1.5,39,31,35.0,90000.0,True,2022HU0181156,15
1,110000.0,90000.0,1.2222222222222223,32,32,32.0,200000.0,True,2022HU0181541,9
2,120000.0,150000.0,1.25,42,41,41.5,270000.0,True,2022HU0181559,59
1,54000.0,22000.0,2.4545454545454546,27,31,29.0,76000.0,True,2022HU0181633,23
0,65000.0,30000.0,2.1666666666666665,41,42,41.5,95000.0,True,2022HU0181978,22
0,60000.0,31000.0,1.935483870967742,44,45,44.5,91000.0,True,2022HU0183123,10
0,13200.0,11000.0,1.2,72,61,66.5,24200.0,True,2022HU0183568,11
0,13100.0,13200.0,1.0076335877862594,67,72,69.5,26300.0,True,2022HU0184290,15
3,155000.0,18100.0,8.56353591160221,51,62,56.5,173100.0,True,2022HU0184464,15
0,41300.0,54900.0,1.3292978208232447,79,82,80.5,96200.0,True,2022HU0184533,13
8,293900.0,6500.0,45.215384615384615,76,75,75.5,300400.0,True,2022HU0186184,11
7,174000.0,1500.0,116.0,67,66,66.5,175500.0,True,2022HU0186503,8
2,150000.0,120000.0,1.25,48,48,48.0,270000.0,True,2022HU0186664,25
1,71400.0,95000.0,1.330532212885154,58,59,58.5,166400.0,True,2022HU0186845,9
3,43200.0,245800.0,5.689814814814815,81,79,80.0,289000.0,True,2022HU0187082,21
0,7100.0,0.0,0.0,33,35,34.0,7100.0,True,2022HU0187313,10
0,0.0,12000.0,0.0,59,59,59.0,12000.0,True,2022HU0187826,64
3,5400.0,60000.0,11.11111111111111,40,52,46.0,65400.0,True,2022HU0188784,9
1,96000.0,57000.0,1.6842105263157894,41,40,40.5,153000.0,True,2022HU0189983,21
0,56000.0,50000.0,1.12,65,65,65.0,106000.0,True,2022HU0190089,23
0,56000.0,30000.0,1.8666666666666667,29,34,31.5,86000.0,True,2022HU0190162,13
1,70000.0,70000.0,1.0,56,58,57.0,140000.0,True,2022HU0190406,6
1,77000.0,62000.0,1.2419354838709677,63,63,63.0,139000.0,True,2022HU0190587,8
7,130000.0,5000.0,26.0,40,41,40.5,135000.0,True,2022HU0190703,14
1,22900.0,93000.0,4.06113537117904,71,75,73.0,115900.0,True,2022HU0191004,24
7,114900.0,7000.0,16.414285714285715,72,68,70.0,121900.0,True,2022HU0191641,9
2,69150.0,96300.0,1.3926247288503253,68,68,68.0,165450.0,True,2022HU0192975,27
4,2000.0,58000.0,29.0,53,54,53.5,60000.0,True,2022HU0193031,24
4,248000.0,18000.0,13.777777777777779,81,84,82.5,266000.0,True,2022HU0193532,12
1,41000.0,45000.0,1.0975609756097562,33,30,31.5,86000.0,False,2022HU0193978,8
1,97000.0,64000.0,1.515625,55,52,53.5,161000.0,True,2022HU0194697,3
1,91200.0,96800.0,1.0614035087719298,66,78,72.0,188000.0,True,2022HU0194715,4
2,80000.0,127000.0,1.5875,47,48,47.5,207000.0,True,2022HU0194808,21
2,170000.0,80000.0,2.125,40,45,42.5,250000.0,True,2022HU0195280,10
1,4000.0,0.0,0.0,81,79,80.0,4000.0,False,2022HU0195556,32
1,80000.0,70000.0,1.1428571428571428,31,30,30.5,150000.0,True,2022HU0196712,22
2,14900.0,130900.0,8.78523489932886,69,74,71.5,145800.0,True,2022HU0196949,41
0,14400.0,0.0,0.0,97,92,94.5,14400.0,True,2022HU0199482,16
0,43000.0,115000.0,2.6744186046511627,33,34,33.5,158000.0,True,2022HU0199607,14
1,57200.0,58000.0,1.013986013986014,63,58,60.5,115200.0,True,2022HU0200385,11
0,15700.0,15400.0,1.0194805194805194,75,63,69.0,31100.0,True,2022HU0200559,7
0,38000.0,28000.0,1.3571428571428572,40,43,41.5,66000.0,True,2022HU0200621,17
2,108000.0,62000.0,1.7419354838709677,57,55,56.0,170000.0,True,2022HU0200941,45
1,0.0,22000.0,0.0,65,65,65.0,22000.0,True,2022HU0201368,5
2,9600.0,59900.0,6.239583333333333,76,75,75.5,69500.0,True,2022HU0202110,19
3,50000.0,296000.0,5.92,47,43,45.0,346000.0,True,2022HU0202158,7
2,68500.0,117300.0,1.7124087591240875,67,67,67.0,185800.0,True,2022HU0202462,12
4,222300.0,20000.0,11.115,75,76,75.5,242300.0,True,2022HU0202853,17
1,74200.0,62300.0,1.1910112359550562,67,69,68.0,136500.0,True,2022HU0203233,3
1,90000.0,70000.0,1.2857142857142858,40,38,39.0,160000.0,True,2022HU0203559,17
0,36520.0,25720.0,1.4199066874027995,70,68,69.0,62240.0,True,2022HU0203602,9
0,0.0,39600.0,0.0,31,34,32.5,39600.0,True,2022HU0204086,23
1,60000.0,65000.0,1.0833333333333333,32,32,32.0,125000.0,True,2022HU0204535,26
1,83900.0,25000.0,3.356,76,77,76.5,108900.0,True,2022HU0204568,17
1,38000.0,85000.0,2.236842105263158,41,42,41.5,123000.0,True,2022HU0204603,9
2,94000.0,9600.0,9.791666666666666,41,43,42.0,103600.0,True,2022HU0205104,15
3,126000.0,90000.0,1.4,72,50,61.0,216000.0,True,2022HU0205481,18
0,0.0,9600.0,0.0,56,58,57.0,9600.0,True,2022HU0205803,4
1,72000.0,84000.0,1.1666666666666667,51,36,43.5,156000.0,True,2022HU0206391,12
0,60000.0,22600.0,2.6548672566371683,81,76,78.5,82600.0,True,2022HU0206406,61
2,120000.0,15000.0,8.0,53,53,53.0,135000.0,True,2022HU0207209,10
0,50000.0,50000.0,1.0,44,44,44.0,100000.0,True,2022HU0207449,6
0,0.0,36000.0,0.0,55,55,55.0,36000.0,True,2022HU0208736,8
0,42100.0,40100.0,1.0498753117206983,62,56,59.0,82200.0,True,2022HU0209059,30
2,611000.0,293000.0,2.0853242320819114,57,62,59.5,904000.0,True,2022HU0209243,16
1,70000.0,120000.0,1.7142857142857142,46,48,47.0,190000.0,True,2022HU0210956,22
3,78340.0,180200.0,2.3002297676793466,68,69,68.5,258540.0,False,2022HU0212863,23
2,29800.0,44000.0,1.476510067114094,66,69,67.5,73800.0,False,2022HU0212999,64
0,49400.0,40000.0,1.235,63,64,63.5,89400.0,True,2022HU0214015,40
0,6000.0,11700.0,1.95,82,79,80.5,17700.0,True,2022HU0214126,17
1,60000.0,70000.0,1.1666666666666667,39,40,39.5,130000.0,True,2022HU0214546,24
1,60000.0,60000.0,1.0,47,54,50.5,120000.0,True,2022HU0215060,12
3,0.0,158300.0,0.0,68,72,70.0,158300.0,True,2022HU0215321,18
1,86000.0,32100.0,2.6791277258566977,68,56,62.0,118100.0,False,2022HU0215518,22
1,44900.0,36000.0,1.2472222222222222,51,37,44.0,80900.0,True,2022HU0216446,5
3,0.0,102000.0,0.0,33,35,34.0,102000.0,True,2022HU0216690,71
0,60000.0,0.0,0.0,39,40,39.5,60000.0,True,2022HU0217321,13
0,18600.0,35400.0,1.903225806451613,73,74,73.5,54000.0,True,2022HU0217347,28
3,120500.0,140000.0,1.161825726141079,40,60,50.0,260500.0,True,2022HU0217651,19
4,10900.0,4.0,2725.0,72,74,73.0,10904.0,True,2022HU0217755,7
1,42000.0,15000.0,2.8,29,29,29.0,57000.0,True,2022HU0218168,4
0,33000.0,55000.0,1.6666666666666667,48,47,47.5,88000.0,True,2022HU0218189,16
0,18900.0,0.0,0.0,60,59,59.5,18900.0,True,2022HU0218226,29
0,45000.0,22300.0,2.0179372197309418,58,57,57.5,67300.0,True,2022HU0218234,4
1,44000.0,9600.0,4.583333333333333,71,79,75.0,53600.0,True,2022HU0218878,88
0,81800.0,0.0,0.0,68,68,68.0,81800.0,True,2022HU0219729,10
2,22400.0,5000.0,4.48,54,58,56.0,27400.0,True,2022HU0220035,17
6,104520.0,7040.0,14.846590909090908,78,75,76.5,111560.0,True,2022HU0220820,12
2,30000.0,3000.0,10.0,51,42,46.5,33000.0,True,2022HU0220910,31
1,54100.0,15100.0,3.5827814569536423,69,76,72.5,69200.0,True,2022HU0221401,14
3,134000.0,0.0,0.0,50,61,55.5,134000.0,True,2022HU0221433,10
1,43000.0,10800.0,3.9814814814814814,44,42,43.0,53800.0,True,2022HU0221903,26
0,95000.0,0.0,0.0,38,37,37.5,95000.0,True,2022HU0222260,11
4,40900.0,1500.0,27.266666666666666,35,27,31.0,42400.0,True,2022HU0222592,107
1,0.0,40400.0,0.0,38,40,39.0,40400.0,False,2022HU0224805,21
0,0.0,79200.0,0.0,64,69,66.5,79200.0,True,2022HU0225023,10
0,74010.0,-2200.0,0.0,38,37,37.5,71810.0,True,2022HU0226216,42
0,24500.0,40000.0,1.6326530612244898,72,70,71.0,64500.0,True,2022HU0226345,10
0,36000.0,48000.0,1.3333333333333333,70,66,68.0,84000.0,True,2022HU0226969,50
0,114000.0,47600.0,2.3949579831932772,68,67,67.5,161600.0,True,2022HU0228421,15
2,30200.0,154800.0,5.125827814569536,69,71,70.0,185000.0,True,2022HU0229517,8
2,9600.0,54000.0,5.625,71,75,73.0,63600.0,True,2022HU0229749,13
2,28000.0,140000.0,5.0,28,30,29.0,168000.0,True,2022HU0230483,15
3,34200.0,5000.0,6.84,27,28,27.5,39200.0,True,2022HU0230790,13
2,83000.0,13100.0,6.33587786259542,85,81,83.0,96100.0,True,2022HU0230809,13
3,47000.0,4300.0,10.930232558139535,72,72,72.0,51300.0,True,2022HU0231203,46
2,9700.0,80100.0,8.257731958762887,67,66,66.5,89800.0,True,2022HU0231444,14
0,7500.0,20000.0,2.6666666666666665,37,38,37.5,27500.0,True,2022HU0231809,12
1,66000.0,25000.0,2.64,45,45,45.0,91000.0,False,2022HU0232513,18
0,22600.0,0.0,0.0,68,68,68.0,22600.0,True,2022HU0232853,12
0,60200.0,39000.0,1.5435897435897437,30,30,30.0,99200.0,True,2022HU0233205,15
2,150000.0,95000.0,1.5789473684210527,61,74,67.5,245000.0,True,2022HU0233557,9
0,45300.0,70800.0,1.5629139072847682,71,71,71.0,116100.0,True,2022HU0233816,16
3,102000.0,0.0,0.0,31,30,30.5,102000.0,True,2022HU0233908,20
1,87000.0,74000.0,1.1756756756756757,52,57,54.5,161000.0,True,2022HU0234124,18
1,59600.0,64000.0,1.0738255033557047,61,67,64.0,123600.0,True,2022HU0234782,14
0,37400.0,36800.0,1.016304347826087,76,77,76.5,74200.0,True,2022HU0235048,10
1,20100.0,77300.0,3.845771144278607,62,70,66.0,97400.0,True,2022HU0235403,5
1,30000.0,55000.0,1.8333333333333333,55,64,59.5,85000.0,True,2022HU0235780,21
2,5700.0,43200.0,7.578947368421052,47,45,46.0,48900.0,True,2022HU0237869,4
2,116600.0,133000.0,1.1406518010291595,54,59,56.5,249600.0,True,2022HU0238692,18
0,43400.0,45700.0,1.0529953917050692,61,65,63.0,89100.0,True,2022HU0238990,29
3,158900.0,11500.0,13.817391304347826,70,57,63.5,170400.0,True,2022HU0239174,11
1,23400.0,89600.0,3.8290598290598292,72,77,74.5,113000.0,True,2022HU0239435,9
0,45000.0,80000.0,1.7777777777777777,75,78,76.5,125000.0,True,2022HU0239589,9
0,45000.0,70000.0,1.5555555555555556,44,46,45.0,115000.0,True,2022HU0240209,14
4,4600.0,48000.0,10.434782608695652,42,38,40.0,52600.0,False,2022HU0240442,19
1,80000.0,40800.0,1.9607843137254901,25,26,25.5,120800.0,True,2022HU0240453,23
0,22200.0,13200.0,1.6818181818181819,57,66,61.5,35400.0,True,2022HU0240543,8
2,90000.0,250000.0,2.7777777777777777,47,40,43.5,340000.0,True,2022HU0241177,6
2,200000.0,80000.0,2.5,47,43,45.0,280000.0,True,2022HU0241573,16
1,1700.0,5100.0,3.0,82,69,75.5,6800.0,True,2022HU0241736,11
3,110000.0,10000.0,11.0,51,55,53.0,120000.0,True,2022HU0242361,10
3,130000.0,0.0,0.0,42,39,40.5,130000.0,True,2022HU0243149,31
2,80500.0,160500.0,1.9937888198757765,34,33,33.5,241000.0,True,2022HU0243634,19
2,80400.0,16600.0,4.843373493975903,84,87,85.5,97000.0,False,2022HU0243670,21
2,9000.0,40000.0,4.444444444444445,28,31,29.5,49000.0,True,2022HU0244452,26
2,153600.0,99500.0,1.543718592964824,77,75,76.0,253100.0,True,2022HU0244945,14
4,63600.0,5200.0,12.23076923076923,62,57,59.5,68800.0,True,2022HU0245034,4
2,46000.0,54700.0,1.1891304347826086,53,49,51.0,100700.0,False,2022HU0245278,22
0,29000.0,64900.0,2.2379310344827585,75,72,73.5,93900.0,True,2022HU0245420,34
2,50000.0,235000.0,4.7,68,67,67.5,285000.0,True,2022HU0245478,16
4,56000.0,1760.0,31.818181818181817,59,59,59.0,57760.0,True,2022HU0245500,14
4,220000.0,16004.0,13.74656335916021,39,33,36.0,236004.0,True,2022HU0246379,47
3,142100.0,14000.0,10.15,73,75,74.0,156100.0,True,2022HU0246381,11
0,43200.0,0.0,0.0,59,60,59.5,43200.0,True,2022HU0246620,5
0,42700.0,120000.0,2.810304449648712,48,47,47.5,162700.0,True,2022HU0248009,14
0,21000.0,18000.0,1.1666666666666667,74,75,74.5,39000.0,True,2022HU0248067,16
0,63000.0,0.0,0.0,48,43,45.5,63000.0,True,2022HU0248385,15
2,135000.0,90000.0,1.5,55,55,55.0,225000.0,True,2022HU0248667,12
7,189500.0,100.0,1895.0,66,68,67.0,189600.0,True,2022HU0248996,17
2,65000.0,54000.0,1.2037037037037037,40,35,37.5,119000.0,False,2022HU0249639,15
0,6000.0,2000.0,3.0,70,71,70.5,8000.0,True,2022HU0250133,26
0,42000.0,39200.0,1.0714285714285714,76,76,76.0,81200.0,True,2022HU0250616,11
1,135000.0,60000.0,2.25,35,36,35.5,195000.0,True,2022HU0250872,17
2,132000.0,163000.0,1.2348484848484849,62,54,58.0,295000.0,True,2022HU0251025,16
1,50000.0,13000.0,3.8461538461538463,67,71,69.0,63000.0,True,2022HU0251249,3
1,79000.0,20500.0,3.8536585365853657,93,82,87.5,99500.0,True,2022HU0251484,20
1,21100.0,6800.0,3.1029411764705883,68,64,66.0,27900.0,True,2022HU0252108,8
1,145000.0,45000.0,3.2222222222222223,53,49,51.0,190000.0,True,2022HU0252996,13
3,63000.0,5500.0,11.454545454545455,76,76,76.0,68500.0,True,2022HU0253684,16
1,65000.0,60000.0,1.0833333333333333,43,41,42.0,125000.0,True,2022HU0254039,14
6,5600.0,101800.0,18.178571428571427,60,65,62.5,107400.0,True,2022HU0255190,4
0,45200.0,17800.0,2.539325842696629,66,64,65.0,63000.0,True,2022HU0255222,26
0,65000.0,35000.0,1.8571428571428572,45,44,44.5,100000.0,True,2022HU0255478,5
5,860.0,24000.0,27.906976744186046,36,39,37.5,24860.0,False,2022HU0255502,32
0,50000.0,42000.0,1.1904761904761905,45,48,46.5,92000.0,True,2022HU0255815,10
3,128000.0,218000.0,1.703125,47,51,49.0,346000.0,True,2022HU0257493,37
0,37300.0,57800.0,1.549597855227882,66,64,65.0,95100.0,True,2022HU0258547,17
0,48000.0,21810.0,2.200825309491059,87,82,84.5,69810.0,True,2022HU0258561,9
2,13700.0,48900.0,3.5693430656934306,28,29,28.5,62600.0,True,2022HU0259113,63
2,10300.0,32000.0,3.1067961165048543,67,67,67.0,42300.0,False,2022HU0259635,13
4,503000.0,30000.0,16.766666666666666,37,37,37.0,533000.0,True,2022HU0259996,11
1,138000.0,43000.0,3.2093023255813953,54,55,54.5,181000.0,True,2022HU0260833,7
0,36000.0,0.0,0.0,59,66,62.5,36000.0,True,2022HU0261901,32
0,33600.0,0.0,0.0,37,38,37.5,33600.0,True,2022HU0262542,39
3,2800.0,29100.0,10.392857142857142,64,55,59.5,31900.0,True,2022HU0263587,20
0,40000.0,28900.0,1.3840830449826989,54,55,54.5,68900.0,True,2022HU0264262,6
1,66000.0,55000.0,1.2,48,60,54.0,121000.0,True,2022HU0264702,13
0,12000.0,20000.0,1.6666666666666667,44,44,44.0,32000.0,True,2022HU0265088,9
0,43000.0,80000.0,1.8604651162790697,58,57,57.5,123000.0,True,2022HU0265596,9
0,35000.0,100000.0,2.857142857142857,44,45,44.5,135000.0,True,2022HU0265846,11
1,0.0,4.0,0.0,72,71,71.5,4.0,False,2022HU0266534,40
4,296000.0,0.0,0.0,48,46,47.0,296000.0,True,2022HU0267837,9
0,40000.0,40000.0,1.0,30,30,30.0,80000.0,True,2022HU0269121,12
1,44800.0,49700.0,1.109375,86,85,85.5,94500.0,False,2022HU0269373,23
0,22000.0,64900.0,2.95,84,83,83.5,86900.0,True,2022HU0269423,7
1,75000.0,48200.0,1.5560165975103735,50,48,49.0,123200.0,True,2022HU0269829,14
0,10400.0,4200.0,2.4761904761904763,84,72,78.0,14600.0,True,2022HU0270525,3
0,17200.0,14000.0,1.2285714285714286,65,71,68.0,31200.0,True,2022HU0270715,8
1,33000.0,61100.0,1.8515151515151516,75,74,74.5,94100.0,True,2022HU0270769,13
3,60000.0,15000.0,4.0,30,27,28.5,75000.0,False,2022HU0271209,14
2,175000.0,60000.0,2.9166666666666665,56,57,56.5,235000.0,True,2022HU0271599,6
1,58000.0,27000.0,2.1481481481481484,29,29,29.0,85000.0,True,2022HU0272343,20
0,-900.0,14600.0,0.0,89,90,89.5,13700.0,True,2022HU0273249,10
2,296000.0,296000.0,1.0,53,52,52.5,592000.0,True,2022HU0273792,14
0,50000.0,53400.0,1.068,80,86,83.0,103400.0,True,2022HU0275199,12
3,70000.0,10000.0,7.0,52,75,63.5,80000.0,True,2022HU0275400,28
2,75800.0,9100.0,8.32967032967033,69,70,69.5,84900.0,True,2022HU0275414,16
1,80000.0,100000.0,1.25,57,55,56.0,180000.0,True,2022HU0276418,28
2,105000.0,111200.0,1.059047619047619,35,36,35.5,216200.0,True,2022HU0276775,30
4,21100.0,221000.0,10.4739336492891,75,81,78.0,242100.0,True,2022HU0277118,10
4,96000.0,300.0,320.0,63,61,62.0,96300.0,True,2022HU0277214,13
4,455100.0,23000.0,19.786956521739132,71,63,67.0,478100.0,True,2022HU0277623,16
1,110000.0,81800.0,1.3447432762836187,50,51,50.5,191800.0,True,2022HU0278100,12
2,6500.0,36000.0,5.538461538461538,60,66,63.0,42500.0,True,2022HU0278487,30
1,98050.0,45000.0,2.178888888888889,54,53,53.5,143050.0,True,2022HU0279425,6
3,12000.0,126000.0,10.5,71,78,74.5,138000.0,True,2022HU0279444,7
2,118000.0,85000.0,1.388235294117647,48,46,47.0,203000.0,True,2022HU0280278,3
0,9600.0,0.0,0.0,78,74,76.0,9600.0,True,2022HU0281210,13
0,50000.0,100000.0,2.0,56,50,53.0,150000.0,True,2022HU0281394,18
1,65000.0,65000.0,1.0,63,58,60.5,130000.0,True,2022HU0282440,13
2,150000.0,94000.0,1.5957446808510638,46,61,53.5,244000.0,True,2022HU0283205,9
1,8400.0,38400.0,4.571428571428571,69,73,71.0,46800.0,True,2022HU0284668,102
2,145900.0,18100.0,8.060773480662984,72,70,71.0,164000.0,True,2022HU0285278,8
1,25000.0,65000.0,2.6,25,32,28.5,90000.0,True,2022HU0287383,54
0,40000.0,107000.0,2.675,31,35,33.0,147000.0,True,2022HU0289371,10
0,35000.0,90000.0,2.5714285714285716,31,34,32.5,125000.0,True,2022HU0289695,9
3,200000.0,0.0,0.0,37,44,40.5,200000.0,True,2022HU0289914,10
1,56000.0,15000.0,3.7333333333333334,41,41,41.0,71000.0,True,2022HU0290593,18
3,42000.0,0.0,0.0,23,20,21.5,42000.0,False,2022HU0291824,30
2,14000.0,60000.0,4.285714285714286,36,33,34.5,74000.0,False,2022HU0291943,83
0,37500.0,30000.0,1.25,43,37,40.0,67500.0,True,2022HU0293421,3
4,0.0,145000.0,0.0,52,38,45.0,145000.0,False,2022HU0293865,9
1,63800.0,60000.0,1.0633333333333332,62,60,61.0,123800.0,True,2022HU0293920,19
0,24700.0,56000.0,2.2672064777327936,69,67,68.0,80700.0,True,2022HU0295037,19
1,105800.0,60000.0,1.7633333333333334,66,59,62.5,165800.0,True,2022HU0295633,16
0,54000.0,34000.0,1.588235294117647,44,44,44.0,88000.0,True,2022HU0296403,8
0,57200.0,21500.0,2.66046511627907,83,78,80.5,78700.0,True,2022HU0296525,19
5,15000.0,327200.0,21.813333333333333,79,84,81.5,342200.0,True,2022HU0296574,33
2,60000.0,59000.0,1.0169491525423728,48,48,48.0,119000.0,False,2022HU0296705,14
7,2900.0,195200.0,67.3103448275862,73,69,71.0,198100.0,True,2022HU0296922,6
1,25000.0,50000.0,2.0,35,37,36.0,75000.0,True,2022HU0297520,54
0,0.0,0.0,0.0,74,73,73.5,0.0,True,2022HU0297814,18
0,84000.0,46200.0,1.8181818181818181,33,40,36.5,130200.0,True,2022HU0298610,13
0,60100.0,0.0,0.0,70,64,67.0,60100.0,True,2022HU0298680,3
0,20000.0,20000.0,1.0,45,46,45.5,40000.0,True,2022HU0299149,70
1,68000.0,80000.0,1.1764705882352942,48,53,50.5,148000.0,True,2022HU0299189,14
1,38000.0,8800.0,4.318181818181818,70,65,67.5,46800.0,True,2022HU0299364,17
1,0.0,0.0,0.0,61,73,67.0,0.0,True,2022HU0299899,55
0,16800.0,23900.0,1.4226190476190477,71,64,67.5,40700.0,True,2022HU0301711,2
4,120000.0,0.0,0.0,52,50,51.0,120000.0,True,2022HU0303790,18
1,85500.0,58000.0,1.4741379310344827,84,83,83.5,143500.0,True,2022HU0304043,22
1,45000.0,65000.0,1.4444444444444444,42,40,41.0,110000.0,False,2022HU0304811,11
1,70000.0,38000.0,1.8421052631578947,70,66,68.0,108000.0,True,2022HU0305417,4
1,60000.0,60000.0,1.0,35,39,37.0,120000.0,True,2022HU0305918,20
1,0.0,35000.0,0.0,54,45,49.5,35000.0,False,2022HU0306958,16
2,167500.0,30000.0,5.583333333333333,48,52,50.0,197500.0,True,2022HU0307542,19
4,548000.0,0.0,0.0,64,59,61.5,548000.0,True,2022HU0307985,12
1,4200.0,0.0,0.0,52,47,49.5,4200.0,True,2022HU0308018,37
2,110000.0,142000.0,1.290909090909091,62,60,61.0,252000.0,True,2022HU0308305,10
0,39100.0,65700.0,1.680306905370844,68,68,68.0,104800.0,True,2022HU0309165,13
1,56400.0,57000.0,1.0106382978723405,55,51,53.0,113400.0,True,2022HU0310947,26
0,0.0,40000.0,0.0,46,53,49.5,40000.0,True,2022HU0311555,15
0,32300.0,16800.0,1.9226190476190477,75,75,75.0,49100.0,True,2022HU0311968,13
1,33100.0,55000.0,1.661631419939577,27,25,26.0,88100.0,True,2022HU0312570,10
1,9000.0,43800.0,4.866666666666666,79,76,77.5,52800.0,True,2022HU0313943,11
2,503000.0,503000.0,1.0,68,68,68.0,1006000.0,True,2022HU0314632,9
0,0.0,38000.0,0.0,33,33,33.0,38000.0,True,2022HU0315604,27
3,40000.0,10000.0,4.0,21,21,21.0,50000.0,True,2022HU0317610,62
0,53400.0,33700.0,1.5845697329376855,84,84,84.0,87100.0,True,2022HU0317928,10
1,17300.0,0.0,0.0,56,38,47.0,17300.0,True,2022HU0317935,20
0,40000.0,49200.0,1.23,47,50,48.5,89200.0,True,2022HU0320180,4
1,60000.0,53000.0,1.1320754716981132,39,35,37.0,113000.0,True,2022HU0321295,14
4,500.0,23000.0,46.0,64,58,61.0,23500.0,True,2022HU0321738,11
0,46420.0,40000.0,1.1605,64,61,62.5,86420.0,True,2022HU0322876,80
0,-4700.0,18000.0,0.0,62,68,65.0,13300.0,True,2022HU0323102,22
1,69000.0,112000.0,1.6231884057971016,34,36,35.0,181000.0,True,2022HU0323726,53
0,26400.0,39600.0,1.5,70,74,72.0,66000.0,True,2022HU0324738,9
1,84000.0,78000.0,1.0769230769230769,57,57,57.0,162000.0,True,2022HU0326181,12
1,121000.0,57000.0,2.1228070175438596,31,34,32.5,178000.0,True,2022HU0326261,15
0,49000.0,48000.0,1.0208333333333333,44,45,44.5,97000.0,True,2022HU0326295,25
1,85300.0,60300.0,1.4145936981757876,71,67,69.0,145600.0,True,2022HU0326691,16
0,30500.0,49000.0,1.6065573770491803,68,70,69.0,79500.0,True,2022HU0327603,20
0,85000.0,33000.0,2.5757575757575757,78,86,82.0,118000.0,True,2022HU0328076,8
3,12400.0,89800.0,7.241935483870968,79,76,77.5,102200.0,False,2022HU0328118,24
2,103000.0,120000.0,1.1650485436893203,39,49,44.0,223000.0,True,2022HU0328902,26
1,100000.0,30900.0,3.236245954692557,35,31,33.0,130900.0,True,2022HU0329356,33
2,160000.0,107600.0,1.486988847583643,33,33,33.0,267600.0,True,2022HU0330727,21
0,33100.0,37000.0,1.1178247734138973,62,63,62.5,70100.0,True,2022HU0330743,18
3,-4800.0,110000.0,0.0,52,55,53.5,105200.0,True,2022HU0331718,14
8,250.0,563250.0,2253.0,56,57,56.5,563500.0,True,2022HU0331923,10
2,85000.0,70000.0,1.2142857142857142,41,42,41.5,155000.0,False,2022HU0332701,27
1,41000.0,38800.0,1.056701030927835,51,53,52.0,79800.0,True,2022HU0333730,17
0,33400.0,0.0,0.0,29,31,30.0,33400.0,True,2022HU0334080,36
0,33000.0,25000.0,1.32,44,57,50.5,58000.0,True,2022HU0334612,18
0,50000.0,0.0,0.0,35,35,35.0,50000.0,True,2022HU0335542,55
0,44000.0,75000.0,1.7045454545454546,69,69,69.0,119000.0,True,2022HU0337182,4
2,241000.0,504000.0,2.091286307053942,46,42,44.0,745000.0,True,2022HU0337278,19
0,88100.0,34000.0,2.5911764705882354,79,75,77.0,122100.0,True,2022HU0337342,21
3,72000.0,175200.0,2.433333333333333,56,65,60.5,247200.0,True,2022HU0337417,14
0,41600.0,47900.0,1.1514423076923077,47,52,49.5,89500.0,True,2022HU0337574,16
2,110000.0,175000.0,1.5909090909090908,38,43,40.5,285000.0,True,2022HU0339197,11
1,9200.0,36800.0,4.0,46,46,46.0,46000.0,True,2022HU0339946,9
2,89570.0,50600.0,1.7701581027667985,72,77,74.5,140170.0,True,2022HU0341004,9
4,0.0,143400.0,0.0,56,80,68.0,143400.0,True,2022HU0341510,15
1,83100.0,50500.0,1.6455445544554455,69,65,67.0,133600.0,True,2022HU0342200,12
2,7600.0,71000.0,9.342105263157896,66,80,73.0,78600.0,True,2022HU0342449,23
4,309600.0,26900.0,11.509293680297398,69,68,68.5,336500.0,True,2022HU0344022,9
0,16000.0,41700.0,2.60625,79,66,72.5,57700.0,True,2022HU0344354,8
0,48200.0,53900.0,1.1182572614107884,90,81,85.5,102100.0,True,2022HU0344485,13
0,0.0,95100.0,0.0,62,65,63.5,95100.0,True,2022HU0345637,10
3,20400.0,1100.0,18.545454545454547,68,69,68.5,21500.0,True,2022HU0345944,17
2,15600.0,4400.0,3.5454545454545454,86,91,88.5,20000.0,True,2022HU0346157,16
1,34000.0,115000.0,3.3823529411764706,51,37,44.0,149000.0,True,2022HU0346675,13
0,70000.0,25000.0,2.8,37,37,37.0,95000.0,True,2022HU0346733,15
0,32080.0,15840.0,2.025252525252525,91,81,86.0,47920.0,True,2022HU0346987,15
1,17000.0,23400.0,1.3764705882352941,73,73,73.0,40400.0,True,2022HU0347837,9
8,300000.0,9800.0,30.612244897959183,67,65,66.0,309800.0,True,2022HU0348090,31
0,6000.0,7000.0,1.1666666666666667,81,76,78.5,13000.0,True,2022HU0348201,5
1,64000.0,65000.0,1.015625,52,50,51.0,129000.0,True,2022HU0348415,3
1,48800.0,20000.0,2.44,84,59,71.5,68800.0,True,2022HU0350151,9
8,212000.0,2000.0,106.0,33,33,33.0,214000.0,True,2022HU0350674,35
0,137000.0,50000.0,2.74,70,65,67.5,187000.0,True,2022HU0350863,15
1,100900.0,58000.0,1.7396551724137932,66,68,67.0,158900.0,True,2022HU0351603,19
0,0.0,98000.0,0.0,33,36,34.5,98000.0,True,2022HU0351682,14
0,40900.0,29500.0,1.3864406779661016,74,71,72.5,70400.0,True,2022HU0351771,10
4,2400.0,50000.0,20.833333333333332,61,70,65.5,52400.0,True,2022HU0351872,7
1,62000.0,90000.0,1.4516129032258065,32,32,32.0,152000.0,True,2022HU0352121,18
1,58000.0,110000.0,1.896551724137931,75,77,76.0,168000.0,True,2022HU0352248,2
2,114600.0,104000.0,1.101923076923077,71,66,68.5,218600.0,True,2022HU0352303,10
0,0.0,55000.0,0.0,36,38,37.0,55000.0,True,2022HU0352997,23
1,0.0,0.0,0.0,69,66,67.5,0.0,False,2022HU0353612,33
0,45600.0,20900.0,2.1818181818181817,66,66,66.0,66500.0,True,2022HU0353783,20
1,100000.0,100000.0,1.0,43,43,43.0,200000.0,True,2022HU0354774,16
8,300000.0,2400.0,125.0,61,59,60.0,302400.0,True,2022HU0356257,22
0,87000.0,37600.0,2.3138297872340425,62,64,63.0,124600.0,True,2022HU0356282,15
4,4800.0,26000.0,5.416666666666667,22,20,21.0,30800.0,True,2022HU0357254,5
1,73000.0,71800.0,1.0167130919220055,48,46,47.0,144800.0,True,2022HU0357971,17
0,39750.0,0.0,0.0,54,52,53.0,39750.0,True,2022HU0358878,59
1,96000.0,101100.0,1.053125,52,52,52.0,197100.0,True,2022HU0359223,19
0,45510.0,72010.0,1.5822896066798506,63,63,63.0,117520.0,True,2022HU0360643,10
2,16300.0,130950.0,8.033742331288343,63,66,64.5,147250.0,True,2022HU0361109,8
0,46300.0,89000.0,1.9222462203023758,48,52,50.0,135300.0,True,2022HU0361117,11
1,40400.0,41000.0,1.0148514851485149,61,64,62.5,81400.0,False,2022HU0361259,4
1,54200.0,13000.0,4.1692307692307695,52,38,45.0,67200.0,True,2022HU0361826,11
0,41000.0,33400.0,1.2275449101796407,72,67,69.5,74400.0,True,2022HU0362899,11
0,31600.0,27600.0,1.144927536231884,83,78,80.5,59200.0,True,2022HU0363680,29
1,20450.0,6800.0,3.0073529411764706,59,58,58.5,27250.0,True,2022HU0363783,17
2,195000.0,92000.0,2.119565217391304,55,54,54.5,287000.0,True,2022HU0363869,26
2,6600.0,36000.0,5.454545454545454,42,37,39.5,42600.0,True,2022HU0364082,5
1,19400.0,67400.0,3.4742268041237114,83,85,84.0,86800.0,True,2022HU0364945,15
0,13000.0,6400.0,2.03125,59,52,55.5,19400.0,True,2022HU0365493,20
0,96000.0,39600.0,2.4242424242424243,33,34,33.5,135600.0,True,2022HU0365622,7
1,107000.0,85000.0,1.2588235294117647,58,55,56.5,192000.0,True,2022HU0365707,8
3,431000.0,109000.0,3.9541284403669725,56,60,58.0,540000.0,True,2022HU0365985,15
0,44700.0,33500.0,1.3343283582089551,72,67,69.5,78200.0,True,2022HU0366874,17
2,99000.0,128000.0,1.292929292929293,63,62,62.5,227000.0,True,2022HU0367448,3
0,17500.0,21700.0,1.24,58,67,62.5,39200.0,True,2022HU0368422,21
3,7000.0,47600.0,6.8,62,68,65.0,54600.0,True,2022HU0368587,24
2,62000.0,163000.0,2.629032258064516,54,54,54.0,225000.0,True,2022HU0369802,14
1,72050.0,48600.0,1.4825102880658436,49,50,49.5,120650.0,True,2022HU0370088,43
4,235430.0,17300.0,13.608670520231215,75,70,72.5,252730.0,True,2022HU0371143,17
3,150000.0,0.0,0.0,42,52,47.0,150000.0,True,2022HU0371529,24
0,28000.0,43300.0,1.5464285714285715,61,53,57.0,71300.0,True,2022HU0371745,15
4,250100.0,0.0,0.0,52,49,50.5,250100.0,True,2022HU0373290,9
2,90000.0,14000.0,6.428571428571429,60,59,59.5,104000.0,True,2022HU0373451,11
0,13800.0,12000.0,1.15,68,61,64.5,25800.0,True,2022HU0373568,1
1,42600.0,0.0,0.0,83,75,79.0,42600.0,True,2022HU0374542,18
2,58000.0,60000.0,1.0344827586206897,51,46,48.5,118000.0,True,2022HU0375048,10
0,35000.0,20000.0,1.75,48,47,47.5,55000.0,True,2022HU0375219,15
0,8400.0,7200.0,1.1666666666666667,72,73,72.5,15600.0,True,2022HU0375396,28
1,43600.0,17800.0,2.449438202247191,79,80,79.5,61400.0,True,2022HU0375959,17
1,87030.0,78000.0,1.1157692307692308,40,44,42.0,165030.0,True,2022HU0376337,28
0,35000.0,95000.0,2.7142857142857144,54,65,59.5,130000.0,True,2022HU0377706,20
1,124000.0,65000.0,1.9076923076923078,62,52,57.0,189000.0,True,2022HU0378201,21
0,24810.0,33400.0,1.3462313583232568,32,32,32.0,58210.0,True,2022HU0379543,10
3,318400.0,94000.0,3.3872340425531915,76,72,74.0,412400.0,True,2022HU0379736,9
5,15640.0,503000.0,32.16112531969309,53,52,52.5,518640.0,True,2022HU0379769,20
0,44000.0,28000.0,1.5714285714285714,37,38,37.5,72000.0,True,2022HU0379822,6
0,80000.0,30000.0,2.6666666666666665,46,32,39.0,110000.0,True,2022HU0380483,23
1,65000.0,125000.0,1.9230769230769231,38,37,37.5,190000.0,True,2022HU0380971,12
0,3400.0,5800.0,1.7058823529411764,69,65,67.0,9200.0,True,2022HU0381038,5
0,55000.0,40000.0,1.375,46,47,46.5,95000.0,True,2022HU0381115,54
1,17000.0,50000.0,2.9411764705882355,59,63,61.0,67000.0,True,2022HU0381956,15
1,122600.0,71000.0,1.7267605633802816,53,55,54.0,193600.0,True,2022HU0381992,12
4,503000.0,0.0,0.0,37,38,37.5,503000.0,True,2022HU0382458,19
0,44600.0,45500.0,1.0201793721973094,31,31,31.0,90100.0,True,2022HU0382970,34
1,95000.0,42000.0,2.261904761904762,56,60,58.0,137000.0,True,2022HU0383356,12
2,169000.0,60000.0,2.816666666666667,43,44,43.5,229000.0,True,2022HU0383524,15
0,24000.0,42000.0,1.75,51,44,47.5,66000.0,True,2022HU0383544,15
2,100000.0,150000.0,1.5,39,36,37.5,250000.0,True,2022HU0384647,15
5,503000.0,15400.0,32.66233766233766,50,44,47.0,518400.0,True,2022HU0384914,40
0,25000.0,43600.0,1.744,68,68,68.0,68600.0,True,2022HU0384959,18
2,80100.0,50050.0,1.6003996003996004,61,53,57.0,130150.0,True,2022HU0384988,11
2,105000.0,25000.0,4.2,29,30,29.5,130000.0,True,2022HU0385061,10
3,90700.0,7400.0,12.256756756756756,66,68,67.0,98100.0,True,2022HU0385135,27
0,51300.0,0.0,0.0,69,66,67.5,51300.0,True,2022HU0385548,8
3,145400.0,0.0,0.0,64,59,61.5,145400.0,True,2022HU0385657,9
3,196500.0,38000.0,5.171052631578948,66,57,61.5,234500.0,True,2022HU0386061,11
4,71000.0,400.0,177.5,79,69,74.0,71400.0,True,2022HU0386378,13
2,95000.0,15000.0,6.333333333333333,59,57,58.0,110000.0,True,2022HU0386461,38
0,5100.0,9200.0,1.803921568627451,55,45,50.0,14300.0,True,2022HU0386788,4
1,100000.0,50000.0,2.0,46,46,46.0,150000.0,False,2022HU0387564,48
1,39200.0,19900.0,1.9698492462311559,52,52,52.0,59100.0,False,2022HU0388036,17
0,0.0,16900.0,0.0,34,34,34.0,16900.0,True,2022HU0388475,14
4,20500.0,338200.0,16.497560975609755,86,72,79.0,358700.0,True,2022HU0388561,24
1,80000.0,80000.0,1.0,52,51,51.5,160000.0,True,2022HU0389190,13
1,70000.0,40600.0,1.7241379310344827,44,41,42.5,110600.0,False,2022HU0389465,15
0,51000.0,22100.0,2.3076923076923075,69,62,65.5,73100.0,True,2022HU0390723,4
2,70200.0,12000.0,5.85,57,54,55.5,82200.0,True,2022HU0390750,10
2,0.0,35000.0,0.0,24,24,24.0,35000.0,True,2022HU0390924,7
1,93000.0,70000.0,1.3285714285714285,52,49,50.5,163000.0,True,2022HU0390936,19
2,81200.0,239000.0,2.9433497536945814,54,56,55.0,320200.0,True,2022HU0391118,12
0,36220.0,15000.0,2.4146666666666667,70,68,69.0,51220.0,True,2022HU0391687,7
0,80000.0,45000.0,1.7777777777777777,61,57,59.0,125000.0,True,2022HU0392000,9
1,8400.0,30000.0,3.5714285714285716,70,67,68.5,38400.0,True,2022HU0392215,11
0,30000.0,30000.0,1.0,43,47,45.0,60000.0,True,2022HU0393094,68
1,100000.0,82000.0,1.2195121951219512,55,55,55.0,182000.0,True,2022HU0393576,17
2,3600.0,27510.0,7.641666666666667,69,68,68.5,31110.0,True,2022HU0394179,13
0,0.0,14300.0,0.0,64,69,66.5,14300.0,True,2022HU0394462,4
3,16700.0,32000.0,1.9161676646706587,23,24,23.5,48700.0,False,2022HU0394486,26
1,56600.0,38600.0,1.4663212435233162,69,68,68.5,95200.0,True,2022HU0394707,13
3,60030.0,70000.0,1.1660836248542394,25,22,23.5,130030.0,True,2022HU0395673,17
0,20000.0,0.0,0.0,63,61,62.0,20000.0,True,2022HU0395830,45
2,146000.0,74000.0,1.972972972972973,48,53,50.5,220000.0,True,2022HU0395933,16
2,293000.0,148000.0,1.9797297297297298,82,75,78.5,441000.0,True,2022HU0397580,15
3,39000.0,67000.0,1.7179487179487178,67,30,48.5,106000.0,False,2022HU0397823,16
1,105000.0,80000.0,1.3125,57,59,58.0,185000.0,True,2022HU0398268,18
0,23500.0,27800.0,1.1829787234042553,62,66,64.0,51300.0,True,2022HU0399134,2
1,55000.0,65000.0,1.1818181818181819,44,43,43.5,120000.0,True,2022HU0399153,51
0,60000.0,50000.0,1.2,33,35,34.0,110000.0,True,2022HU0400106,28
0,42700.0,37300.0,1.1447721179624666,67,64,65.5,80000.0,True,2022HU0400138,13
0,80000.0,50000.0,1.6,57,57,57.0,130000.0,True,2022HU0401951,8
0,18100.0,28900.0,1.5966850828729282,84,89,86.5,47000.0,True,2022HU0401980,9
1,0.0,15000.0,0.0,60,69,64.5,15000.0,False,2022HU0402371,71
0,15000.0,6600.0,2.272727272727273,70,70,70.0,21600.0,True,2022HU0402719,9
3,11000.0,120000.0,10.909090909090908,38,39,38.5,131000.0,True,2022HU0402865,23
2,80000.0,67000.0,1.1940298507462686,45,48,46.5,147000.0,True,2022HU0403027,8
1,40000.0,36000.0,1.1111111111111112,36,38,37.0,76000.0,False,2022HU0403909,14
2,104000.0,136400.0,1.3115384615384615,62,75,68.5,240400.0,True,2022HU0403984,28
2,131000.0,17650.0,7.422096317280453,67,68,67.5,148650.0,True,2022HU0404370,4
0,37500.0,49700.0,1.3253333333333333,79,77,78.0,87200.0,True,2022HU0404626,18
1,12200.0,60000.0,4.918032786885246,42,42,42.0,72200.0,True,2022HU0404894,12
1,70000.0,61210.0,1.1436039862767522,60,63,61.5,131210.0,True,2022HU0406020,9
3,36000.0,10000.0,3.6,23,23,23.0,46000.0,True,2022HU0406028,17
0,13500.0,29000.0,2.1481481481481484,61,67,64.0,42500.0,True,2022HU0406473,7
1,36300.0,11000.0,3.3,82,77,79.5,47300.0,True,2022HU0406694,3
1,21500.0,92000.0,4.27906976744186,64,65,64.5,113500.0,True,2022HU0406718,15
3,155000.0,0.0,0.0,52,47,49.5,155000.0,True,2022HU0407266,21
0,30200.0,39500.0,1.3079470198675496,76,82,79.0,69700.0,True,2022HU0407617,14
1,880.0,4200.0,4.7727272727272725,62,65,63.5,5080.0,True,2022HU0407771,6
2,146000.0,60000.0,2.433333333333333,65,55,60.0,206000.0,True,2022HU0408014,24
0,0.0,100000.0,0.0,45,46,45.5,100000.0,True,2022HU0409001,36
2,175000.0,85000.0,2.0588235294117645,55,57,56.0,260000.0,True,2022HU0409040,24
1,55000.0,84000.0,1.5272727272727273,36,35,35.5,139000.0,True,2022HU0409450,39
0,51000.0,25900.0,1.9691119691119692,52,50,51.0,76900.0,True,2022HU0409528,6
2,503000.0,505000.0,1.0039761431411531,47,48,47.5,1008000.0,True,2022HU0409665,12
3,110000.0,0.0,0.0,39,40,39.5,110000.0,True,2022HU0409688,17
2,58000.0,156000.0,2.689655172413793,51,63,57.0,214000.0,True,2022HU0410614,18
1,30000.0,9600.0,3.125,52,57,54.5,39600.0,True,2022HU0410899,5
0,53100.0,42100.0,1.2612826603325415,70,71,70.5,95200.0,True,2022HU0411516,10
1,72000.0,72000.0,1.0,54,47,50.5,144000.0,True,2022HU0411729,11
0,0.0,23470.0,0.0,41,47,44.0,23470.0,True,2022HU0411828,32
0,34800.0,18000.0,1.9333333333333333,61,63,62.0,52800.0,True,2022HU0412217,3
4,238600.0,25600.0,9.3203125,69,73,71.0,264200.0,True,2022HU0412271,17
3,100000.0,5500.0,18.181818181818183,55,56,55.5,105500.0,True,2022HU0412745,13
0,8220.0,5300.0,1.5509433962264152,56,66,61.0,13520.0,True,2022HU0413113,19
3,80000.0,14000.0,5.714285714285714,26,31,28.5,94000.0,True,2022HU0413848,37
1,5600.0,1600.0,3.5,71,70,70.5,7200.0,True,2022HU0415223,52
1,17300.0,57300.0,3.3121387283236996,75,74,74.5,74600.0,True,2022HU0415714,8
3,19500.0,120000.0,6.153846153846154,34,31,32.5,139500.0,True,2022HU0415728,24
0,20000.0,10800.0,1.8518518518518519,63,70,66.5,30800.0,True,2022HU0415744,4
4,91000.0,503000.0,5.527472527472527,66,61,63.5,594000.0,True,2022HU0416188,22
1,78800.0,88800.0,1.1269035532994924,68,67,67.5,167600.0,True,2022HU0416369,13
3,110000.0,539100.0,4.900909090909091,50,51,50.5,649100.0,True,2022HU0417270,16
1,90000.0,75000.0,1.2,36,38,37.0,165000.0,True,2022HU0417453,24
2,99000.0,15000.0,6.6,36,44,40.0,114000.0,True,2022HU0417777,10
0,18300.0,6400.0,2.859375,54,51,52.5,24700.0,True,2022HU0418468,13
1,75600.0,57300.0,1.3193717277486912,73,67,70.0,132900.0,True,2022HU0418764,6
3,41200.0,6000.0,6.866666666666666,63,62,62.5,47200.0,False,2022HU0419432,9
0,37800.0,48600.0,1.2857142857142858,42,53,47.5,86400.0,True,2022HU0419988,61
0,47300.0,74400.0,1.572938689217759,63,64,63.5,121700.0,True,2022HU0422382,22
1,13000.0,9600.0,1.3541666666666667,55,61,58.0,22600.0,True,2022HU0422992,7
1,50000.0,60000.0,1.2,46,46,46.0,110000.0,True,2022HU0423300,4
1,0.0,56000.0,0.0,55,51,53.0,56000.0,False,2022HU0423862,76
4,291000.0,58400.0,4.982876712328767,55,65,60.0,349400.0,False,2022HU0424005,18
2,53600.0,13900.0,3.856115107913669,72,77,74.5,67500.0,True,2022HU0424732,10
2,150000.0,150000.0,1.0,54,52,53.0,300000.0,True,2022HU0425043,11
0,470.0,0.0,0.0,47,45,46.0,470.0,True,2022HU0425197,51
3,45900.0,234500.0,5.108932461873638,66,67,66.5,280400.0,True,2022HU0425245,6
2,12200.0,40000.0,3.278688524590164,27,26,26.5,52200.0,True,2022HU0425474,15
3,326000.0,40500.0,8.049382716049383,76,78,77.0,366500.0,True,2022HU0425691,3
1,82000.0,80000.0,1.025,49,47,48.0,162000.0,True,2022HU0426066,22
2,68000.0,86000.0,1.2647058823529411,35,57,46.0,154000.0,True,2022HU0426181,10
1,99000.0,88300.0,1.1211778029445074,59,57,58.0,187300.0,True,2022HU0426190,27
3,300000.0,65000.0,4.615384615384615,56,56,56.0,365000.0,True,2022HU0426277,4
0,15000.0,0.0,0.0,53,49,51.0,15000.0,True,2022HU0426279,14
2,23100.0,118000.0,5.108225108225108,64,61,62.5,141100.0,True,2022HU0426605,18
2,1500.0,11000.0,7.333333333333333,52,52,52.0,12500.0,True,2022HU0427224,3
2,291000.0,220000.0,1.3227272727272728,66,52,59.0,511000.0,True,2022HU0427800,17
1,70000.0,65000.0,1.0769230769230769,46,46,46.0,135000.0,True,2022HU0427870,8
8,122300.0,2400.0,50.958333333333336,62,60,61.0,124700.0,False,2022HU0428808,21
8,500.0,503500.0,1007.0,39,42,40.5,504000.0,True,2022HU0429536,13
2,71000.0,210000.0,2.9577464788732395,67,67,67.0,281000.0,True,2022HU0429640,15
1,60000.0,51000.0,1.1764705882352942,59,59,59.0,111000.0,True,2022HU0431247,11
7,5000.0,103600.0,20.72,90,89,89.5,108600.0,True,2022HU0431524,4
2,105000.0,15000.0,7.0,53,46,49.5,120000.0,True,2022HU0431609,9
3,68000.0,5000.0,13.6,38,42,40.0,73000.0,True,2022HU0431904,8
1,93900.0,62800.0,1.4952229299363058,65,63,64.0,156700.0,True,2022HU0431922,7
3,55000.0,15600.0,3.5256410256410255,68,70,69.0,70600.0,False,2022HU0432743,48
0,120000.0,42000.0,2.857142857142857,40,42,41.0,162000.0,True,2022HU0432756,6
0,19800.0,17700.0,1.11864406779661,71,78,74.5,37500.0,True,2022HU0432791,15
2,60200.0,98000.0,1.627906976744186,48,41,44.5,158200.0,True,2022HU0433568,55
4,216500.0,14000.0,15.464285714285714,72,71,71.5,230500.0,True,2022HU0434320,26
2,139000.0,90000.0,1.5444444444444445,59,58,58.5,229000.0,True,2022HU0434447,14
2,30000.0,5000.0,6.0,57,55,56.0,35000.0,True,2022HU0434522,8
1,84130.0,54030.0,1.5570979085693133,83,77,80.0,138160.0,True,2022HU0434954,10
1,19000.0,85000.0,4.473684210526316,55,53,54.0,104000.0,True,2022HU0437178,5
2,90000.0,190000.0,2.111111111111111,45,47,46.0,280000.0,True,2022HU0437211,12
3,169700.0,62000.0,2.7370967741935486,55,75,65.0,231700.0,True,2022HU0437217,14
0,30000.0,0.0,0.0,32,35,33.5,30000.0,True,2022HU0437914,40
2,105800.0,11600.0,9.120689655172415,75,74,74.5,117400.0,True,2022HU0438614,13
4,60000.0,71000.0,1.1833333333333333,61,37,49.0,131000.0,False,2022HU0439150,8
2,106000.0,108000.0,1.0188679245283019,40,49,44.5,214000.0,True,2022HU0440478,10
3,9600.0,40000.0,4.166666666666667,47,47,47.0,49600.0,False,2022HU0440481,12
0,33800.0,58700.0,1.7366863905325445,73,75,74.0,92500.0,True,2022HU0440595,6
0,39600.0,74000.0,1.8686868686868687,61,63,62.0,113600.0,True,2022HU0440799,5
3,120000.0,0.0,0.0,43,45,44.0,120000.0,True,2022HU0441260,35
0,45150.0,28000.0,1.6125,79,79,79.0,73150.0,True,2022HU0442004,11
4,1200.0,28900.0,24.083333333333332,56,61,58.5,30100.0,True,2022HU0442321,11
0,68000.0,23000.0,2.9565217391304346,57,42,49.5,91000.0,True,2022HU0442792,26
0,90000.0,0.0,0.0,34,35,34.5,90000.0,True,2022HU0443372,31
0,5100.0,9210.0,1.8058823529411765,68,70,69.0,14310.0,True,2022HU0443998,10
2,45000.0,30000.0,1.5,51,49,50.0,75000.0,False,2022HU0444217,20
3,180000.0,0.0,0.0,44,47,45.5,180000.0,True,2022HU0444687,29
0,9500.0,20800.0,2.1894736842105265,34,34,34.0,30300.0,True,2022HU0445140,62
1,88500.0,88500.0,1.0,65,65,65.0,177000.0,True,2022HU0445579,10
2,6000.0,36000.0,6.0,79,77,78.0,42000.0,True,2022HU0446375,10
4,240000.0,13000.0,18.46153846153846,65,64,64.5,253000.0,True,2022HU0447186,28
0,68000.0,0.0,0.0,60,56,58.0,68000.0,True,2022HU0449000,13
0,77900.0,40300.0,1.933002481389578,69,74,71.5,118200.0,True,2022HU0449135,9
2,35000.0,70000.0,2.0,24,24,24.0,105000.0,True,2022HU0449191,16
0,35000.0,18000.0,1.9444444444444444,45,46,45.5,53000.0,True,2022HU0449857,18
2,27600.0,4800.0,5.75,69,73,71.0,32400.0,True,2022HU0450162,48
1,20000.0,74000.0,3.7,71,76,73.5,94000.0,True,2022HU0452656,14
0,55000.0,40000.0,1.375,54,55,54.5,95000.0,True,2022HU0452750,11
0,10500.0,31000.0,2.9523809523809526,64,70,67.0,41500.0,True,2022HU0452969,15
1,28900.0,0.0,0.0,65,64,64.5,28900.0,True,2022HU0453056,60
1,15000.0,0.0,0.0,67,63,65.0,15000.0,True,2022HU0455231,41
3,72000.0,10100.0,7.128712871287129,26,27,26.5,82100.0,True,2022HU0455297,10
2,189000.0,68000.0,2.7794117647058822,58,52,55.0,257000.0,True,2022HU0455785,16
1,36000.0,55800.0,1.55,48,54,51.0,91800.0,False,2022HU0455877,4
2,200000.0,108000.0,1.8518518518518519,49,50,49.5,308000.0,True,2022HU0455924,21
4,142100.0,0.0,0.0,70,30,50.0,142100.0,True,2022HU0455942,39
3,175000.0,53000.0,3.30188679245283,63,60,61.5,228000.0,True,2022HU0455961,41
4,208000.0,0.0,0.0,51,54,52.5,208000.0,True,2022HU0456482,10
0,35000.0,30000.0,1.1666666666666667,36,39,37.5,65000.0,True,2022HU0458934,10
0,14600.0,36500.0,2.5,76,76,76.0,51100.0,True,2022HU0459184,6
1,35000.0,112000.0,3.2,42,43,42.5,147000.0,True,2022HU0459836,30
0,50000.0,90000.0,1.8,41,41,41.0,140000.0,True,2022HU0460045,14
2,63100.0,175000.0,2.77337559429477,75,76,75.5,238100.0,True,2022HU0460782,28
0,62360.0,21760.0,2.8658088235294117,42,43,42.5,84120.0,True,2022HU0461565,14
1,130000.0,42000.0,3.0952380952380953,36,31,33.5,172000.0,True,2022HU0461993,4
0,60000.0,0.0,0.0,36,33,34.5,60000.0,True,2022HU0462044,40
0,35000.0,65000.0,1.8571428571428572,42,44,43.0,100000.0,True,2022HU0462279,7
1,92000.0,60000.0,1.5333333333333334,48,49,48.5,152000.0,True,2022HU0462772,14
0,0.0,75200.0,0.0,41,42,41.5,75200.0,True,2022HU0462833,33
1,12200.0,5000.0,2.44,35,34,34.5,17200.0,True,2022HU0462970,10
4,600.0,70000.0,116.66666666666667,63,62,62.5,70600.0,True,2022HU0463610,11
2,79700.0,61000.0,1.3065573770491803,72,64,68.0,140700.0,False,2022HU0464158,8
1,80000.0,100000.0,1.25,50,50,50.0,180000.0,True,2022HU0464278,9
0,19800.0,45000.0,2.272727272727273,57,49,53.0,64800.0,True,2022HU0464831,26
1,0.0,30000.0,0.0,34,31,32.5,30000.0,False,2022HU0464914,24
5,503000.0,17800.0,28.258426966292134,43,52,47.5,520800.0,True,2022HU0465076,25
1,88400.0,95000.0,1.0746606334841629,55,56,55.5,183400.0,True,2022HU0465451,11
2,58830.0,12400.0,4.744354838709677,68,75,71.5,71230.0,True,2022HU0466029,14
0,20600.0,58000.0,2.8155339805825244,51,46,48.5,78600.0,True,2022HU0468277,15
8,500.0,140000.0,280.0,45,42,43.5,140500.0,False,2022HU0469000,23
0,50000.0,60000.0,1.2,51,47,49.0,110000.0,True,2022HU0469248,10
1,30000.0,10000.0,3.0,28,24,26.0,40000.0,True,2022HU0469275,23
0,17000.0,0.0,0.0,41,37,39.0,17000.0,True,2022HU0469286,23
0,15700.0,0.0,0.0,68,66,67.0,15700.0,True,2022HU0469525,17
0,0.0,100000.0,0.0,43,46,44.5,100000.0,True,2022HU0470456,22
1,80000.0,76000.0,1.0526315789473684,53,51,52.0,156000.0,True,2022HU0470550,13
3,115000.0,0.0,0.0,44,41,42.5,115000.0,True,2022HU0471268,13
1,37600.0,11500.0,3.2695652173913046,75,73,74.0,49100.0,True,2022HU0471581,28
1,87000.0,78000.0,1.1153846153846154,42,45,43.5,165000.0,True,2022HU0472182,11
2,179200.0,130000.0,1.3784615384615384,67,62,64.5,309200.0,True,2022HU0474010,15
7,193000.0,6000.0,32.166666666666664,57,51,54.0,199000.0,True,2022HU0474119,8
1,0.0,100000.0,0.0,36,38,37.0,100000.0,False,2022HU0474244,6
1,90000.0,72000.0,1.25,71,71,71.0,162000.0,True,2022HU0474259,9
0,79800.0,0.0,0.0,38,40,39.0,79800.0,True,2022HU0475139,11
1,122500.0,65000.0,1.8846153846153846,38,38,38.0,187500.0,True,2022HU0476249,20
4,137500.0,0.0,0.0,67,64,65.5,137500.0,True,2022HU0476251,20
3,0.0,200000.0,0.0,53,53,53.0,200000.0,True,2022HU0476590,14
0,84000.0,46000.0,1.826086956521739,36,40,38.0,130000.0,True,2022HU0477273,18
1,85500.0,105000.0,1.2280701754385965,54,47,50.5,190500.0,True,2022HU0478410,18
0,16800.0,15600.0,1.0769230769230769,35,34,34.5,32400.0,True,2022HU0478989,11
1,67500.0,17500.0,3.857142857142857,73,74,73.5,85000.0,True,2022HU0478998,4
3,145400.0,25000.0,5.816,63,65,64.0,170400.0,True,2022HU0479221,24
0,45000.0,100000.0,2.2222222222222223,52,45,48.5,145000.0,True,2022HU0479459,60
2,15000.0,2000.0,7.5,45,45,45.0,17000.0,True,2022HU0479667,22
0,37700.0,23700.0,1.590717299578059,63,63,63.0,61400.0,True,2022HU0479785,15
5,464000.0,19300.0,24.041450777202073,79,74,76.5,483300.0,True,2022HU0480244,88
0,0.0,28000.0,0.0,60,62,61.0,28000.0,True,2022HU0480458,8
0,16100.0,25800.0,1.6024844720496894,70,70,70.0,41900.0,True,2022HU0480534,13
1,35000.0,55000.0,1.5714285714285714,43,46,44.5,90000.0,False,2022HU0480899,3
1,73000.0,75000.0,1.0273972602739727,39,40,39.5,148000.0,True,2022HU0482939,4
2,137300.0,15200.0,9.032894736842104,77,67,72.0,152500.0,True,2022HU0483290,16
2,170000.0,115000.0,1.4782608695652173,52,44,48.0,285000.0,True,2022HU0483454,14
1,59300.0,16500.0,3.5939393939393938,73,70,71.5,75800.0,True,2022HU0483573,21
1,0.0,0.0,0.0,81,76,78.5,0.0,True,2022HU0483681,11
1,0.0,14000.0,0.0,33,30,31.5,14000.0,True,2022HU0483879,106
2,27000.0,148000.0,5.481481481481482,66,63,64.5,175000.0,True,2022HU0484009,16
2,250000.0,300000.0,1.2,44,46,45.0,550000.0,True,2022HU0485254,21
0,10100.0,0.0,0.0,53,51,52.0,10100.0,True,2022HU0485265,11
0,100000.0,40000.0,2.5,41,47,44.0,140000.0,True,2022HU0485968,25
1,29100.0,0.0,0.0,42,35,38.5,29100.0,True,2022HU0486699,25
4,184000.0,18000.0,10.222222222222221,66,67,66.5,202000.0,True,2022HU0487099,126
1,96000.0,30800.0,3.116883116883117,57,66,61.5,126800.0,True,2022HU0487256,16
4,75000.0,3600.0,20.833333333333332,88,85,86.5,78600.0,True,2022HU0488229,10
2,120000.0,12000.0,10.0,56,60,58.0,132000.0,True,2022HU0489114,7
2,184000.0,80000.0,2.3,39,39,39.0,264000.0,True,2022HU0489205,15
0,0.0,65200.0,0.0,33,33,33.0,65200.0,True,2022HU0490445,18
1,60000.0,60000.0,1.0,36,38,37.0,120000.0,True,2022HU0490532,49
2,24000.0,148000.0,6.166666666666667,64,63,63.5,172000.0,True,2022HU0490787,8
3,176000.0,0.0,0.0,54,57,55.5,176000.0,True,2022HU0491288,14
0,29200.0,35000.0,1.1986301369863013,36,27,31.5,64200.0,True,2022HU0491564,32
1,31600.0,10800.0,2.925925925925926,85,69,77.0,42400.0,True,2022HU0492631,10
0,40000.0,50000.0,1.25,34,32,33.0,90000.0,True,2022HU0492792,33
1,112000.0,68900.0,1.625544267053701,61,72,66.5,180900.0,True,2022HU0493252,55
0,79000.0,45000.0,1.7555555555555555,52,44,48.0,124000.0,True,2022HU0493522,8
0,90000.0,50000.0,1.8,46,44,45.0,140000.0,True,2022HU0494996,4
2,90000.0,100000.0,1.1111111111111112,49,48,48.5,190000.0,False,2022HU0496181,53
2,12000.0,80000.0,6.666666666666667,44,40,42.0,92000.0,True,2022HU0496341,30
2,3700.0,32000.0,8.64864864864865,61,74,67.5,35700.0,True,2022HU0497103,9
3,168400.0,0.0,0.0,53,48,50.5,168400.0,True,2022HU0498038,11
2,32000.0,24500.0,1.3061224489795917,21,24,22.5,56500.0,True,2022HU0499394,70
0,50000.0,60000.0,1.2,48,49,48.5,110000.0,True,2022HU0499762,45
3,40000.0,45700.0,1.1425,59,36,47.5,85700.0,False,2022HU0500094,11
0,33400.0,12990.0,2.571208622016936,75,83,79.0,46390.0,True,2022HU0501004,24
2,41800.0,11000.0,3.8,42,40,41.0,52800.0,False,2022HU0501481,7
0,0.0,60000.0,0.0,68,70,69.0,60000.0,True,2022HU0501572,38
1,12000.0,14000.0,1.1666666666666667,55,49,52.0,26000.0,True,2022HU0501804,16
3,249000.0,53000.0,4.69811320754717,54,52,53.0,302000.0,True,2022HU0502541,13
1,30000.0,50000.0,1.6666666666666667,28,29,28.5,80000.0,True,2022HU0502575,29
4,341100.0,31500.0,10.82857142857143,68,73,70.5,372600.0,True,2022HU0503284,17
0,28000.0,28800.0,1.0285714285714285,45,45,45.0,56800.0,True,2022HU0503339,10
3,4800.0,68620.0,14.295833333333333,71,70,70.5,73420.0,True,2022HU0503428,9
1,60000.0,60000.0,1.0,63,59,61.0,120000.0,True,2022HU0503494,6
0,27120.0,53800.0,1.9837758112094395,85,82,83.5,80920.0,True,2022HU0503560,10
4,80000.0,250000.0,3.125,66,74,70.0,330000.0,True,2022HU0504481,12
2,130000.0,130000.0,1.0,38,38,38.0,260000.0,True,2022HU0504556,8
0,24000.0,44000.0,1.8333333333333333,66,71,68.5,68000.0,True,2022HU0504579,11
4,503500.0,50000.0,10.07,70,69,69.5,553500.0,True,2022HU0504736,3
0,12000.0,4800.0,2.5,70,68,69.0,16800.0,True,2022HU0504800,24
2,120000.0,20000.0,6.0,59,47,53.0,140000.0,True,2022HU0505339,15
0,40000.0,82000.0,2.05,40,35,37.5,122000.0,True,2022HU0506077,11
0,64400.0,25000.0,2.576,72,62,67.0,89400.0,True,2022HU0506505,16
3,5000.0,60000.0,12.0,52,54,53.0,65000.0,True,2022HU0507322,4
0,40000.0,45500.0,1.1375,31,32,31.5,85500.0,True,2022HU0507388,116
1,32200.0,10000.0,3.22,76,74,75.0,42200.0,True,2022HU0508693,12
0,0.0,0.0,0.0,36,35,35.5,0.0,True,2022HU0509307,26
1,61000.0,61580.0,1.0095081967213115,59,59,59.0,122580.0,True,2022HU0509408,10
1,51300.0,80200.0,1.5633528265107213,76,74,75.0,131500.0,True,2022HU0509437,10
2,160000.0,65000.0,2.4615384615384617,48,47,47.5,225000.0,True,2022HU0509675,10
0,63000.0,49000.0,1.2857142857142858,54,58,56.0,112000.0,True,2022HU0509919,13
0,20000.0,48000.0,2.4,51,58,54.5,68000.0,True,2022HU0510121,4
1,70000.0,40000.0,1.75,44,42,43.0,110000.0,False,2022HU0510186,14
0,35000.0,75000.0,2.142857142857143,50,51,50.5,110000.0,True,2022HU0510613,6
1,89800.0,92400.0,1.0289532293986636,81,82,81.5,182200.0,True,2022HU0510870,13
0,42600.0,33400.0,1.2754491017964071,78,78,78.0,76000.0,True,2022HU0510876,11
4,398400.0,34200.0,11.649122807017545,70,69,69.5,432600.0,True,2022HU0511236,15
2,60000.0,7100.0,8.450704225352112,37,36,36.5,67100.0,True,2022HU0511716,5
2,100000.0,18000.0,5.555555555555555,47,52,49.5,118000.0,True,2022HU0511913,5
1,119000.0,32200.0,3.6956521739130435,40,36,38.0,151200.0,True,2022HU0512031,14
2,139600.0,130000.0,1.073846153846154,60,61,60.5,269600.0,True,2022HU0512808,13
1,55200.0,53400.0,1.0337078651685394,73,73,73.0,108600.0,True,2022HU0512932,20
1,63370.0,80890.0,1.276471516490453,88,89,88.5,144260.0,True,2022HU0513434,10
0,24100.0,20700.0,1.1642512077294687,75,75,75.0,44800.0,True,2022HU0513834,4
0,41000.0,32000.0,1.28125,64,65,64.5,73000.0,True,2022HU0514517,3
0,0.0,76000.0,0.0,39,40,39.5,76000.0,True,2022HU0515003,21
1,55000.0,57000.0,1.0363636363636364,66,63,64.5,112000.0,True,2022HU0515986,12
4,235000.0,0.0,0.0,58,58,58.0,235000.0,True,2022HU0516053,8
0,37400.0,80000.0,2.1390374331550803,68,67,67.5,117400.0,True,2022HU0516543,6
3,160000.0,13000.0,12.307692307692308,66,67,66.5,173000.0,True,2022HU0516811,24
8,205000.0,930.0,220.43010752688173,70,65,67.5,205930.0,True,2022HU0516962,2
1,36000.0,14400.0,2.5,55,65,60.0,50400.0,True,2022HU0518941,23
0,30800.0,0.0,0.0,71,71,71.0,30800.0,True,2022HU0518976,6
1,20000.0,65000.0,3.25,38,42,40.0,85000.0,True,2022HU0518980,54
1,17000.0,83000.0,4.882352941176471,51,46,48.5,100000.0,True,2022HU0520012,9
0,21300.0,10500.0,2.0285714285714285,76,74,75.0,31800.0,True,2022HU0520045,11
1,10000.0,46000.0,4.6,70,72,71.0,56000.0,True,2022HU0520900,10
1,54000.0,0.0,0.0,31,30,30.5,54000.0,True,2022HU0521251,12
2,32000.0,22000.0,1.4545454545454546,74,58,66.0,54000.0,False,2022HU0521421,24
4,296000.0,0.0,0.0,76,65,70.5,296000.0,True,2022HU0521883,18
0,39900.0,51800.0,1.2982456140350878,54,55,54.5,91700.0,True,2022HU0522501,33
0,50000.0,45000.0,1.1111111111111112,61,63,62.0,95000.0,True,2022HU0522698,35
2,97000.0,16000.0,6.0625,49,54,51.5,113000.0,True,2022HU0523036,10
1,26700.0,0.0,0.0,63,62,62.5,26700.0,True,2022HU0523228,24
5,53500.0,600.0,89.16666666666667,75,56,65.5,54100.0,True,2022HU0523527,17
0,16900.0,34800.0,2.059171597633136,57,67,62.0,51700.0,True,2022HU0523626,38
0,0.0,0.0,0.0,59,55,57.0,0.0,True,2022HU0523997,17
3,25000.0,2300.0,10.869565217391305,62,61,61.5,27300.0,True,2022HU0526987,15
1,72000.0,52000.0,1.3846153846153846,40,47,43.5,124000.0,True,2022HU0527999,28
8,220500.0,5500.0,40.09090909090909,37,37,37.0,226000.0,True,2022HU0528391,27
1,101000.0,30000.0,3.3666666666666667,66,68,67.0,131000.0,True,2022HU0528712,9
2,140400.0,107800.0,1.3024118738404453,77,83,80.0,248200.0,True,2022HU0529512,17
2,28600.0,150000.0,5.244755244755245,62,57,59.5,178600.0,True,2022HU0529578,18
1,54000.0,90000.0,1.6666666666666667,49,58,53.5,144000.0,True,2022HU0530301,17
0,29700.0,12100.0,2.4545454545454546,71,69,70.0,41800.0,True,2022HU0530725,10
1,76000.0,95000.0,1.25,68,66,67.0,171000.0,True,2022HU0530942,17
1,96400.0,70950.0,1.3587033121916843,41,39,40.0,167350.0,True,2022HU0531406,33
0,18400.0,15300.0,1.2026143790849673,74,73,73.5,33700.0,True,2022HU0532219,9
1,14500.0,4100.0,3.5365853658536586,79,79,79.0,18600.0,True,2022HU0532220,15
0,35000.0,65000.0,1.8571428571428572,41,47,44.0,100000.0,True,2022HU0532383,18
0,30000.0,35000.0,1.1666666666666667,68,81,74.5,65000.0,True,2022HU0532418,8
4,1000.0,40000.0,40.0,39,38,38.5,41000.0,True,2022HU0532948,76
0,84000.0,0.0,0.0,44,44,44.0,84000.0,True,2022HU0533021,10
2,148000.0,238000.0,1.6081081081081081,67,69,68.0,386000.0,True,2022HU0533516,23
2,149200.0,71200.0,2.095505617977528,73,72,72.5,220400.0,True,2022HU0533614,20
0,22000.0,60100.0,2.731818181818182,63,64,63.5,82100.0,True,2022HU0534505,14
0,62000.0,0.0,0.0,50,52,51.0,62000.0,True,2022HU0534629,16
0,29700.0,11700.0,2.5384615384615383,70,69,69.5,41400.0,True,2022HU0534745,34
0,25000.0,0.0,0.0,31,30,30.5,25000.0,True,2022HU0534816,13
2,109400.0,51000.0,2.145098039215686,66,48,57.0,160400.0,True,2022HU0535086,12
1,6000.0,0.0,0.0,66,65,65.5,6000.0,False,2022HU0535544,17
2,4000.0,25900.0,6.475,40,41,40.5,29900.0,True,2022HU0535656,5
4,296000.0,0.0,0.0,53,56,54.5,296000.0,True,2022HU0535985,9
0,36000.0,76000.0,2.111111111111111,41,38,39.5,112000.0,True,2022HU0536010,52
2,57000.0,18000.0,3.1666666666666665,28,27,27.5,75000.0,True,2022HU0536490,17
2,30000.0,76000.0,2.533333333333333,26,43,34.5,106000.0,True,2022HU0537229,6
2,102900.0,15900.0,6.471698113207547,84,80,82.0,118800.0,True,2022HU0537261,21
2,160000.0,150000.0,1.0666666666666667,51,53,52.0,310000.0,True,2022HU0539343,13
2,72000.0,127000.0,1.7638888888888888,26,27,26.5,199000.0,True,2022HU0539428,28
3,250100.0,65000.0,3.8476923076923075,69,66,67.5,315100.0,True,2022HU0539998,6
3,274490.0,50000.0,5.4898,52,51,51.5,324490.0,True,2022HU0540476,51
1,36000.0,148000.0,4.111111111111111,50,63,56.5,184000.0,True,2022HU0540816,16
4,235670.0,14700.0,16.031972789115645,72,69,70.5,250370.0,True,2022HU0541060,14
0,50000.0,96100.0,1.922,74,74,74.0,146100.0,True,2022HU0541207,11
3,189100.0,0.0,0.0,89,83,86.0,189100.0,True,2022HU0541872,16
0,40000.0,54000.0,1.35,49,51,50.0,94000.0,True,2022HU0542431,33
0,32000.0,12000.0,2.6666666666666665,86,80,83.0,44000.0,True,2022HU0542433,15
0,0.0,50000.0,0.0,39,39,39.0,50000.0,True,2022HU0542958,28
0,14400.0,12000.0,1.2,61,62,61.5,26400.0,True,2022HU0543530,3
2,100250.0,100500.0,1.0024937655860349,44,49,46.5,200750.0,True,2022HU0545001,20
0,18000.0,0.0,0.0,68,66,67.0,18000.0,True,2022HU0545206,46
0,0.0,100000.0,0.0,47,35,41.0,100000.0,True,2022HU0545664,22
1,24000.0,100000.0,4.166666666666667,31,31,31.0,124000.0,True,2022HU0545812,30
1,30100.0,10000.0,3.01,79,79,79.0,40100.0,True,2022HU0545998,9
1,56500.0,127000.0,2.247787610619469,73,74,73.5,183500.0,True,2022HU0546392,13
0,83200.0,45000.0,1.8488888888888888,40,39,39.5,128200.0,True,2022HU0546809,16
0,83000.0,48000.0,1.7291666666666667,48,50,49.0,131000.0,True,2022HU0546888,13
0,27000.0,45100.0,1.6703703703703703,62,60,61.0,72100.0,True,2022HU0547351,41
0,40000.0,38000.0,1.0526315789473684,81,81,81.0,78000.0,True,2022HU0547624,9
4,130000.0,0.0,0.0,52,44,48.0,130000.0,True,2022HU0548625,43
4,306000.0,30000.0,10.2,83,79,81.0,336000.0,True,2022HU0549074,18
0,32000.0,30000.0,1.0666666666666667,58,62,60.0,62000.0,True,2022HU0549147,25
2,111100.0,95000.0,1.1694736842105262,78,78,78.0,206100.0,True,2022HU0549886,15
1,18000.0,24000.0,1.3333333333333333,69,70,69.5,42000.0,True,2022HU0550186,34
0,0.0,45500.0,0.0,26,34,30.0,45500.0,True,2022HU0550225,12
2,6600.0,40000.0,6.0606060606060606,61,64,62.5,46600.0,True,2022HU0550552,9
0,17000.0,0.0,0.0,64,57,60.5,17000.0,True,2022HU0550786,14
2,9000.0,45010.0,5.001111111111111,67,64,65.5,54010.0,True,2022HU0551843,8
1,40000.0,40000.0,1.0,45,46,45.5,80000.0,True,2022HU0552250,7
1,45900.0,0.0,0.0,28,29,28.5,45900.0,True,2022HU0553848,18
3,135000.0,0.0,0.0,54,52,53.0,135000.0,True,2022HU0553933,20
0,41700.0,23500.0,1.774468085106383,62,68,65.0,65200.0,True,2022HU0554250,14
1,150000.0,34000.0,4.411764705882353,42,44,43.0,184000.0,True,2022HU0554367,7
1,57080.0,14980.0,3.8104138851802403,75,72,73.5,72060.0,True,2022HU0554629,17
0,36000.0,75200.0,2.088888888888889,37,37,37.0,111200.0,True,2022HU0554681,10
0,48700.0,42200.0,1.1540284360189574,61,55,58.0,90900.0,True,2022HU0555279,5
2,211000.0,46000.0,4.586956521739131,60,62,61.0,257000.0,True,2022HU0555323,4
0,30400.0,12000.0,2.533333333333333,55,57,56.0,42400.0,True,2022HU0555419,29
1,85000.0,94000.0,1.1058823529411765,33,39,36.0,179000.0,True,2022HU0555510,12
2,59500.0,21200.0,2.806603773584906,78,70,74.0,80700.0,False,2022HU0555942,10
4,90000.0,8800.0,10.227272727272727,51,51,51.0,98800.0,True,2022HU0556956,13
0,50000.0,0.0,0.0,31,30,30.5,50000.0,True,2022HU0557324,9
2,138000.0,111600.0,1.2365591397849462,51,50,50.5,249600.0,True,2022HU0558198,13
0,50000.0,61000.0,1.22,59,63,61.0,111000.0,True,2022HU0558403,19
1,52000.0,10800.0,4.814814814814815,36,36,36.0,62800.0,True,2022HU0558691,7
0,50000.0,110000.0,2.2,52,51,51.5,160000.0,True,2022HU0560078,38
0,90000.0,36000.0,2.5,50,52,51.0,126000.0,True,2022HU0560872,15
1,39700.0,12200.0,3.2540983606557377,71,70,70.5,51900.0,True,2022HU0561822,9
0,80000.0,0.0,0.0,49,41,45.0,80000.0,True,2022HU0562181,31
0,39800.0,48100.0,1.2085427135678393,83,80,81.5,87900.0,True,2022HU0562518,12
1,18000.0,18000.0,1.0,30,29,29.5,36000.0,True,2022HU0562668,3
2,150000.0,110000.0,1.3636363636363635,50,50,50.0,260000.0,True,2022HU0562690,17
0,0.0,0.0,0.0,53,54,53.5,0.0,True,2022HU0562999,17
0,0.0,82000.0,0.0,35,35,35.0,82000.0,True,2022HU0563021,19
0,58500.0,43700.0,1.3386727688787186,74,77,75.5,102200.0,True,2022HU0563323,16
8,199000.0,5000.0,39.8,66,66,66.0,204000.0,True,2022HU0563641,11
4,225000.0,0.0,0.0,66,59,62.5,225000.0,True,2022HU0564958,10
1,98500.0,68500.0,1.437956204379562,87,80,83.5,167000.0,True,2022HU0565233,16
0,64000.0,0.0,0.0,58,58,58.0,64000.0,True,2022HU0566565,16
2,6000.0,58900.0,9.816666666666666,68,75,71.5,64900.0,True,2022HU0566803,13
1,90000.0,106000.0,1.1777777777777778,42,41,41.5,196000.0,True,2022HU0566866,23
0,0.0,9000.0,0.0,37,29,33.0,9000.0,True,2022HU0567584,116
4,576700.0,40000.0,14.4175,68,66,67.0,616700.0,True,2022HU0567704,18
0,49700.0,56900.0,1.1448692152917506,79,78,78.5,106600.0,True,2022HU0569465,30
0,11900.0,20500.0,1.7226890756302522,71,78,74.5,32400.0,True,2022HU0569668,10
0,27100.0,13400.0,2.0223880597014925,88,83,85.5,40500.0,True,2022HU0570235,2
0,14000.0,22500.0,1.6071428571428572,67,66,66.5,36500.0,True,2022HU0571759,12
1,65000.0,120000.0,1.8461538461538463,35,40,37.5,185000.0,True,2022HU0572101,36
0,39000.0,49500.0,1.2692307692307692,59,64,61.5,88500.0,True,2022HU0572531,16
2,155000.0,185000.0,1.1935483870967742,45,52,48.5,340000.0,True,2022HU0573649,18
2,43000.0,18900.0,2.2751322751322753,97,90,93.5,61900.0,False,2022HU0575045,18
2,83000.0,111000.0,1.3373493975903614,59,65,62.0,194000.0,True,2022HU0575101,15
0,80000.0,50000.0,1.6,45,36,40.5,130000.0,True,2022HU0575451,5
1,80000.0,79000.0,1.0126582278481013,49,46,47.5,159000.0,True,2022HU0575883,16
1,60000.0,69200.0,1.1533333333333333,72,81,76.5,129200.0,True,2022HU0577117,4
0,62950.0,36000.0,1.7486111111111111,70,70,70.0,98950.0,True,2022HU0577139,15
0,43400.0,29200.0,1.4863013698630136,30,31,30.5,72600.0,True,2022HU0577312,15
0,32700.0,27100.0,1.2066420664206643,84,80,82.0,59800.0,True,2022HU0577777,9
2,123000.0,107100.0,1.1484593837535013,71,71,71.0,230100.0,True,2022HU0579191,31
2,106500.0,17650.0,6.0339943342776206,60,56,58.0,124150.0,True,2022HU0579199,13
2,113000.0,68000.0,1.661764705882353,61,61,61.0,181000.0,False,2022HU0579789,12
3,1600.0,28000.0,17.5,36,32,34.0,29600.0,True,2022HU0580271,17
3,62000.0,7200.0,8.61111111111111,58,57,57.5,69200.0,False,2022HU0580760,19
2,101600.0,105500.0,1.0383858267716535,59,68,63.5,207100.0,True,2022HU0580990,18
3,34000.0,268100.0,7.885294117647059,66,73,69.5,302100.0,True,2022HU0581764,8
0,63320.0,0.0,0.0,74,61,67.5,63320.0,True,2022HU0581885,15
0,81000.0,0.0,0.0,46,45,45.5,81000.0,True,2022HU0583685,10
1,70000.0,75000.0,1.0714285714285714,41,42,41.5,145000.0,True,2022HU0584097,19
0,90000.0,36500.0,2.4657534246575343,57,54,55.5,126500.0,True,2022HU0584363,16
1,35000.0,33000.0,1.0606060606060606,25,25,25.0,68000.0,True,2022HU0584910,11
6,103900.0,6500.0,15.984615384615385,68,67,67.5,110400.0,True,2022HU0585028,5
7,170000.0,1200.0,141.66666666666666,58,55,56.5,171200.0,True,2022HU0585116,8
2,115010.0,23000.0,5.0004347826086954,54,49,51.5,138010.0,True,2022HU0587105,46
0,37000.0,0.0,0.0,38,37,37.5,37000.0,True,2022HU0588174,23
2,296000.0,296000.0,1.0,52,50,51.0,592000.0,True,2022HU0591430,2
1,35000.0,32500.0,1.0769230769230769,55,57,56.0,67500.0,True,2022HU0591595,9
0,35500.0,48000.0,1.352112676056338,31,32,31.5,83500.0,True,2022HU0592794,13
0,45500.0,58600.0,1.287912087912088,82,82,82.0,104100.0,True,2022HU0593526,20
6,75000.0,1100.0,68.18181818181819,52,69,60.5,76100.0,True,2022HU0594002,10
1,21000.0,67400.0,3.2095238095238097,68,72,70.0,88400.0,True,2022HU0595189,4
0,36000.0,27000.0,1.3333333333333333,62,59,60.5,63000.0,True,2022HU0595581,16
0,41000.0,30000.0,1.3666666666666667,70,70,70.0,71000.0,True,2022HU0595603,7
1,102000.0,90000.0,1.1333333333333333,57,55,56.0,192000.0,True,2022HU0595831,15
0,29000.0,48000.0,1.6551724137931034,34,45,39.5,77000.0,True,2022HU0596227,9
1,100500.0,57000.0,1.763157894736842,31,34,32.5,157500.0,True,2022HU0596766,9
2,2400.0,13200.0,5.5,65,71,68.0,15600.0,True,2022HU0597012,10
2,55000.0,15000.0,3.6666666666666665,47,51,49.0,70000.0,True,2022HU0598233,4
1,12000.0,60000.0,5.0,66,68,67.0,72000.0,True,2022HU0598560,11
0,38200.0,35800.0,1.0670391061452513,74,74,74.0,74000.0,True,2022HU0598561,8
1,58800.0,75000.0,1.2755102040816326,32,39,35.5,133800.0,True,2022HU0599321,14
0,51000.0,0.0,0.0,71,74,72.5,51000.0,True,2022HU0599349,17
1,52000.0,70000.0,1.3461538461538463,44,45,44.5,122000.0,True,2022HU0599437,18
1,55000.0,56000.0,1.018181818181818,56,56,56.0,111000.0,True,2022HU0599461,27
1,78000.0,81000.0,1.0384615384615385,65,67,66.0,159000.0,True,2022HU0599517,14
1,75000.0,57000.0,1.3157894736842106,47,50,48.5,132000.0,True,2022HU0601141,2
2,9800.0,1800.0,5.444444444444445,74,77,75.5,11600.0,True,2022HU0601801,11
7,142000.0,5000.0,28.4,55,60,57.5,147000.0,True,2022HU0601832,4
4,57960.0,1400.0,41.4,54,51,52.5,59360.0,True,2022HU0602179,18
3,68200.0,8200.0,8.317073170731707,90,85,87.5,76400.0,False,2022HU0602418,12
3,170000.0,10000.0,17.0,49,54,51.5,180000.0,True,2022HU0603619,10
2,13000.0,100000.0,7.6923076923076925,51,47,49.0,113000.0,True,2022HU0605585,10
1,35000.0,26000.0,1.3461538461538463,66,66,66.0,61000.0,False,2022HU0605626,26
0,33500.0,66000.0,1.9701492537313432,79,75,77.0,99500.0,True,2022HU0606138,22
2,113000.0,74000.0,1.527027027027027,64,73,68.5,187000.0,True,2022HU0606304,14
0,12300.0,26300.0,2.138211382113821,78,76,77.0,38600.0,True,2022HU0607847,10
4,330800.0,27000.0,12.251851851851852,77,77,77.0,357800.0,True,2022HU0607958,14
1,22800.0,57000.0,2.5,40,47,43.5,79800.0,True,2022HU0608440,29
0,9600.0,16400.0,1.7083333333333333,81,81,81.0,26000.0,True,2022HU0608441,12
1,132100.0,30000.0,4.403333333333333,68,75,71.5,162100.0,True,2022HU0608482,26
2,70000.0,25000.0,2.8,21,21,21.0,95000.0,True,2022HU0609651,25
1,58000.0,85000.0,1.4655172413793103,35,35,35.0,143000.0,True,2022HU0610325,24
0,49500.0,20000.0,2.475,77,77,77.0,69500.0,True,2022HU0610855,18
2,382400.0,203000.0,1.883743842364532,72,84,78.0,585400.0,True,2022HU0611518,14
5,345900.0,12400.0,27.89516129032258,82,79,80.5,358300.0,True,2022HU0611681,13
0,30000.0,48000.0,1.6,35,35,35.0,78000.0,True,2022HU0612563,6
4,233000.0,39400.0,5.913705583756345,68,68,68.0,272400.0,True,2022HU0613233,20
0,50000.0,35000.0,1.4285714285714286,51,55,53.0,85000.0,True,2022HU0614511,8
6,109900.0,9800.0,11.214285714285714,71,67,69.0,119700.0,True,2022HU0614679,9
2,59300.0,10400.0,5.701923076923077,77,67,72.0,69700.0,True,2022HU0614784,28
2,37400.0,21000.0,1.7809523809523808,57,37,47.0,58400.0,False,2022HU0614797,20
1,0.0,24000.0,0.0,44,56,50.0,24000.0,True,2022HU0615336,19
1,30000.0,107000.0,3.566666666666667,40,44,42.0,137000.0,True,2022HU0615393,5
1,16400.0,66400.0,4.048780487804878,72,67,69.5,82800.0,True,2022HU0615505,5
3,240000.0,58100.0,4.130808950086059,47,50,48.5,298100.0,True,2022HU0616114,16
2,69600.0,11100.0,6.27027027027027,88,83,85.5,80700.0,True,2022HU0617472,14
3,113100.0,0.0,0.0,70,62,66.0,113100.0,True,2022HU0618594,12
2,60000.0,95000.0,1.5833333333333333,50,49,49.5,155000.0,False,2022HU0618885,29
3,433000.0,281250.0,1.5395555555555556,64,64,64.0,714250.0,False,2022HU0619868,8
0,28900.0,24500.0,1.1795918367346938,69,69,69.0,53400.0,True,2022HU0620583,13
1,119000.0,63000.0,1.8888888888888888,65,61,63.0,182000.0,True,2022HU0621626,6
7,119400.0,5000.0,23.88,73,68,70.5,124400.0,True,2022HU0621986,15
5,798900.0,50800.0,15.726377952755906,77,79,78.0,849700.0,True,2022HU0623159,10
1,6000.0,9600.0,1.6,62,82,72.0,15600.0,True,2022HU0623362,35
4,28700.0,5000.0,5.74,21,22,21.5,33700.0,True,2022HU0624301,37
0,50000.0,67000.0,1.34,36,32,34.0,117000.0,True,2022HU0624645,6
0,18000.0,43800.0,2.433333333333333,63,58,60.5,61800.0,True,2022HU0624697,12
0,48600.0,25000.0,1.944,48,55,51.5,73600.0,True,2022HU0624724,25
2,27000.0,20000.0,1.35,22,21,21.5,47000.0,True,2022HU0624777,31
0,53000.0,36000.0,1.4722222222222223,83,82,82.5,89000.0,True,2022HU0625020,17
1,39700.0,80000.0,2.0151133501259446,62,51,56.5,119700.0,False,2022HU0625452,15
4,336000.0,100000.0,3.36,57,52,54.5,436000.0,False,2022HU0625661,16
3,12200.0,70000.0,5.737704918032787,62,71,66.5,82200.0,True,2022HU0626016,29
2,7300.0,43100.0,5.904109589041096,74,72,73.0,50400.0,True,2022HU0627136,7
1,80000.0,65000.0,1.2307692307692308,33,44,38.5,145000.0,True,2022HU0627970,35
1,54000.0,0.0,0.0,42,52,47.0,54000.0,False,2022HU0628808,8
0,36150.0,84000.0,2.323651452282158,60,60,60.0,120150.0,True,2022HU0629046,6
1,60000.0,13000.0,4.615384615384615,35,46,40.5,73000.0,True,2022HU0629137,18
3,2000.0,40000.0,20.0,30,30,30.0,42000.0,True,2022HU0629943,18
1,130500.0,39700.0,3.287153652392947,72,73,72.5,170200.0,True,2022HU0630439,10
3,140000.0,65000.0,2.1538461538461537,55,51,53.0,205000.0,True,2022HU0630799,17
0,50000.0,38000.0,1.3157894736842106,63,58,60.5,88000.0,True,2022HU0630807,25
4,503000.0,100000.0,5.03,58,54,56.0,603000.0,True,2022HU0631213,15
1,36000.0,10000.0,3.6,40,40,40.0,46000.0,True,2022HU0631286,4
2,12000.0,65700.0,5.475,65,70,67.5,77700.0,True,2022HU0631859,10
3,0.0,180000.0,0.0,58,61,59.5,180000.0,True,2022HU0633107,57
0,20700.0,7880.0,2.6269035532994924,63,63,63.0,28580.0,True,2022HU0633790,4
0,37300.0,58000.0,1.5549597855227881,69,76,72.5,95300.0,True,2022HU0633898,21
1,100000.0,30000.0,3.3333333333333335,57,57,57.0,130000.0,True,2022HU0634188,15
4,81000.0,1000.0,81.0,64,65,64.5,82000.0,True,2022HU0634305,31
1,59050.0,98400.0,1.6663844199830653,54,52,53.0,157450.0,True,2022HU0634519,17
3,239600.0,543400.0,2.2679465776293823,78,58,68.0,783000.0,True,2022HU0635032,15
0,77800.0,33800.0,2.301775147928994,51,51,51.0,111600.0,True,2022HU0635163,28
0,21600.0,0.0,0.0,54,57,55.5,21600.0,True,2022HU0635498,62
1,55000.0,60000.0,1.0909090909090908,44,49,46.5,115000.0,True,2022HU0635773,8
3,20000.0,70000.0,3.5,53,50,51.5,90000.0,False,2022HU0636005,8
0,38000.0,45000.0,1.1842105263157894,53,54,53.5,83000.0,True,2022HU0636151,19
0,0.0,0.0,0.0,55,56,55.5,0.0,True,2022HU0636319,4
1,50000.0,52000.0,1.04,42,43,42.5,102000.0,False,2022HU0637360,28
2,43100.0,172250.0,3.996519721577726,69,74,71.5,215350.0,True,2022HU0637614,18
1,90000.0,100000.0,1.1111111111111112,36,35,35.5,190000.0,True,2022HU0637841,28
3,4700.0,60000.0,12.76595744680851,32,32,32.0,64700.0,True,2022HU0638949,9
3,150000.0,0.0,0.0,61,62,61.5,150000.0,True,2022HU0639248,11
1,32000.0,92000.0,2.875,58,57,57.5,124000.0,True,2022HU0639700,7
0,6400.0,12400.0,1.9375,85,83,84.0,18800.0,True,2022HU0640272,14
2,40000.0,40000.0,1.0,21,22,21.5,80000.0,True,2022HU0640863,8
7,115020.0,2200.0,52.28181818181818,63,64,63.5,117220.0,True,2022HU0641682,13
3,149800.0,14300.0,10.475524475524475,75,76,75.5,164100.0,True,2022HU0642124,8
3,105000.0,186000.0,1.7714285714285714,49,51,50.0,291000.0,False,2022HU0642516,35
6,583000.0,20000.0,29.15,57,56,56.5,603000.0,True,2022HU0642840,4
0,36200.0,72700.0,2.0082872928176796,78,78,78.0,108900.0,True,2022HU0643029,19
0,0.0,79000.0,0.0,39,43,41.0,79000.0,True,2022HU0643198,19
0,70000.0,45050.0,1.5538290788013318,45,40,42.5,115050.0,True,2022HU0644299,10
0,0.0,73000.0,0.0,38,43,40.5,73000.0,True,2022HU0644367,33
4,16500.0,3000.0,5.5,85,62,73.5,19500.0,True,2022HU0644543,40
1,65000.0,78200.0,1.2030769230769232,38,41,39.5,143200.0,True,2022HU0644546,15
0,0.0,100000.0,0.0,51,51,51.0,100000.0,True,2022HU0644560,5
1,60500.0,60500.0,1.0,45,46,45.5,121000.0,True,2022HU0644689,19
0,88000.0,46000.0,1.9130434782608696,49,51,50.0,134000.0,True,2022HU0644892,8
4,120.0,40000.0,333.3333333333333,32,46,39.0,40120.0,True,2022HU0645017,31
1,68800.0,14900.0,4.617449664429531,73,67,70.0,83700.0,True,2022HU0645236,14
2,19700.0,65000.0,3.299492385786802,86,69,77.5,84700.0,True,2022HU0645306,9
3,107400.0,125000.0,1.1638733705772812,34,35,34.5,232400.0,True,2022HU0645982,17
0,35100.0,71900.0,2.0484330484330484,80,84,82.0,107000.0,True,2022HU0646912,12
0,31000.0,70000.0,2.2580645161290325,58,57,57.5,101000.0,True,2022HU0648119,6
0,60000.0,32000.0,1.875,64,57,60.5,92000.0,True,2022HU0648411,12
2,10600.0,74300.0,7.009433962264151,68,68,68.0,84900.0,True,2022HU0648662,10
1,23600.0,76000.0,3.2203389830508473,37,36,36.5,99600.0,True,2022HU0648992,10
0,26400.0,31600.0,1.196969696969697,64,57,60.5,58000.0,True,2022HU0649377,7
1,60000.0,80000.0,1.3333333333333333,44,44,44.0,140000.0,True,2022HU0649457,19
1,63100.0,73100.0,1.1584786053882725,56,60,58.0,136200.0,True,2022HU0649513,9
1,16400.0,6400.0,2.5625,70,50,60.0,22800.0,True,2022HU0650153,10
0,41100.0,53300.0,1.29683698296837,81,80,80.5,94400.0,True,2022HU0651229,10
0,30000.0,0.0,0.0,33,32,32.5,30000.0,True,2022HU0651879,12
0,72000.0,0.0,0.0,51,54,52.5,72000.0,True,2022HU0651942,84
0,48000.0,48000.0,1.0,75,75,75.0,96000.0,True,2022HU0652289,15
2,77800.0,14400.0,5.402777777777778,80,75,77.5,92200.0,True,2022HU0652327,15
3,9000.0,91500.0,10.166666666666666,76,77,76.5,100500.0,True,2022HU0652573,8
0,48500.0,40000.0,1.2125,60,64,62.0,88500.0,True,2022HU0652869,13
0,94000.0,0.0,0.0,38,28,33.0,94000.0,True,2022HU0653339,29
5,800800.0,35000.0,22.88,44,41,42.5,835800.0,True,2022HU0653867,22
1,84000.0,75200.0,1.1170212765957446,31,35,33.0,159200.0,True,2022HU0653947,16
1,101600.0,45000.0,2.2577777777777777,73,41,57.0,146600.0,True,2022HU0654214,16
1,34000.0,0.0,0.0,28,29,28.5,34000.0,True,2022HU0654322,10
0,72050.0,40000.0,1.80125,54,63,58.5,112050.0,True,2022HU0654663,13
0,54000.0,47000.0,1.148936170212766,40,30,35.0,101000.0,True,2022HU0655172,11
4,1800.0,37000.0,20.555555555555557,36,40,38.0,38800.0,True,2022HU0656009,8
0,8400.0,11400.0,1.3571428571428572,67,78,72.5,19800.0,True,2022HU0656289,10
2,20300.0,84000.0,4.137931034482759,71,59,65.0,104300.0,False,2022HU0657244,10
2,58400.0,7800.0,7.487179487179487,65,57,61.0,66200.0,True,2022HU0657466,9
1,84000.0,25000.0,3.36,51,53,52.0,109000.0,True,2022HU0657504,10
1,32500.0,110100.0,3.3876923076923076,60,58,59.0,142600.0,True,2022HU0657549,16
4,50000.0,803000.0,16.06,58,60,59.0,853000.0,True,2022HU0657697,19
2,85000.0,123000.0,1.4470588235294117,83,87,85.0,208000.0,True,2022HU0657857,19
1,0.0,23000.0,0.0,54,52,53.0,23000.0,True,2022HU0658295,2
3,218400.0,32000.0,6.825,78,78,78.0,250400.0,True,2022HU0658490,6
1,60000.0,55000.0,1.0909090909090908,53,56,54.5,115000.0,True,2022HU0659056,10
1,11400.0,49250.0,4.3201754385964914,61,63,62.0,60650.0,True,2022HU0659292,16
1,56000.0,29400.0,1.9047619047619047,60,68,64.0,85400.0,False,2022HU0660179,45
0,97000.0,41300.0,2.348668280871671,65,59,62.0,138300.0,True,2022HU0660971,44
0,94100.0,0.0,0.0,81,86,83.5,94100.0,True,2022HU0661314,11
0,31000.0,73700.0,2.3774193548387097,67,74,70.5,104700.0,True,2022HU0661485,9
1,72000.0,54000.0,1.3333333333333333,58,65,61.5,126000.0,True,2022HU0661897,15
2,101600.0,62100.0,1.6360708534621577,83,80,81.5,163700.0,True,2022HU0662146,11
0,12000.0,12000.0,1.0,43,41,42.0,24000.0,True,2022HU0663013,15
0,32800.0,38800.0,1.1829268292682926,76,76,76.0,71600.0,True,2022HU0663275,25
2,100000.0,114000.0,1.14,43,43,43.0,214000.0,True,2022HU0663703,23
1,70000.0,80000.0,1.1428571428571428,40,45,42.5,150000.0,True,2022HU0663801,23
1,13500.0,64000.0,4.7407407407407405,73,72,72.5,77500.0,True,2022HU0664003,20
1,113000.0,45000.0,2.511111111111111,61,53,57.0,158000.0,False,2022HU0664018,23
1,65500.0,70000.0,1.0687022900763359,50,50,50.0,135500.0,True,2022HU0665260,18
1,87200.0,26700.0,3.2659176029962547,62,67,64.5,113900.0,True,2022HU0665823,15
2,127000.0,150300.0,1.183464566929134,41,43,42.0,277300.0,True,2022HU0666010,9
2,116700.0,12400.0,9.411290322580646,75,74,74.5,129100.0,True,2022HU0666026,11
1,90000.0,75500.0,1.1920529801324504,39,42,40.5,165500.0,True,2022HU0666086,11
2,63000.0,95000.0,1.507936507936508,53,46,49.5,158000.0,True,2022HU0666439,15
0,42000.0,0.0,0.0,47,49,48.0,42000.0,True,2022HU0667116,27
0,36140.0,60000.0,1.6602102933038185,57,57,57.0,96140.0,True,2022HU0667399,12
3,96110.0,5000.0,19.222,72,60,66.0,101110.0,True,2022HU0668080,10
3,296000.0,80000.0,3.7,41,44,42.5,376000.0,True,2022HU0668620,11
0,19000.0,28800.0,1.5157894736842106,74,79,76.5,47800.0,True,2022HU0670242,13
1,62000.0,20000.0,3.1,45,51,48.0,82000.0,True,2022HU0670656,24
0,9000.0,0.0,0.0,54,62,58.0,9000.0,True,2022HU0670737,4
1,34300.0,8700.0,3.942528735632184,81,78,79.5,43000.0,True,2022HU0670873,10
1,22300.0,0.0,0.0,75,62,68.5,22300.0,False,2022HU0672287,20
2,0.0,0.0,0.0,55,81,68.0,0.0,False,2022HU0672495,15
1,115200.0,72400.0,1.591160220994475,67,77,72.0,187600.0,True,2022HU0672668,12
5,23300.0,503000.0,21.587982832618025,69,57,63.0,526300.0,True,2022HU0672751,5
1,7000.0,30000.0,4.285714285714286,40,51,45.5,37000.0,True,2022HU0673239,22
3,200000.0,0.0,0.0,58,58,58.0,200000.0,True,2022HU0674514,67
4,0.0,366000.0,0.0,55,60,57.5,366000.0,True,2022HU0674833,4
0,61700.0,30000.0,2.0566666666666666,31,32,31.5,91700.0,True,2022HU0675436,27
3,0.0,125000.0,0.0,66,65,65.5,125000.0,True,2022HU0675484,8
1,68000.0,70000.0,1.0294117647058822,60,60,60.0,138000.0,True,2022HU0675493,14
1,52000.0,61000.0,1.1730769230769231,58,58,58.0,113000.0,True,2022HU0675668,16
2,48000.0,34000.0,1.411764705882353,23,22,22.5,82000.0,True,2022HU0675670,4
3,120000.0,114500.0,1.0480349344978166,47,51,49.0,234500.0,True,2022HU0676250,17
2,150000.0,107000.0,1.4018691588785046,58,57,57.5,257000.0,True,2022HU0677366,11
0,50400.0,40100.0,1.256857855361596,67,62,64.5,90500.0,True,2022HU0677539,20
8,300000.0,6000.0,50.0,49,47,48.0,306000.0,True,2022HU0677850,26
1,80000.0,100000.0,1.25,75,66,70.5,180000.0,True,2022HU0677889,14
0,14000.0,35000.0,2.5,66,63,64.5,49000.0,True,2022HU0678006,10
3,42000.0,6000.0,7.0,41,48,44.5,48000.0,True,2022HU0678038,18
2,27000.0,36000.0,1.3333333333333333,24,25,24.5,63000.0,True,2022HU0678057,17
0,90700.0,32430.0,2.7967930928152946,62,61,61.5,123130.0,True,2022HU0678240,52
2,105000.0,104000.0,1.0096153846153846,31,32,31.5,209000.0,True,2022HU0679730,6
4,90000.0,1600.0,56.25,59,60,59.5,91600.0,True,2022HU0680721,7
2,13000.0,68000.0,5.230769230769231,56,59,57.5,81000.0,True,2022HU0681468,12
6,24000.0,1000.0,24.0,21,25,23.0,25000.0,True,2022HU0681541,21
1,70000.0,20000.0,3.5,63,61,62.0,90000.0,True,2022HU0682747,2
4,203000.0,38000.0,5.342105263157895,82,79,80.5,241000.0,True,2022HU0683808,11
1,8400.0,40000.0,4.761904761904762,67,73,70.0,48400.0,True,2022HU0683990,5
0,36000.0,22000.0,1.6363636363636365,65,69,67.0,58000.0,True,2022HU0686260,25
0,100000.0,0.0,0.0,50,53,51.5,100000.0,True,2022HU0686332,83
1,56200.0,78000.0,1.387900355871886,38,42,40.0,134200.0,True,2022HU0686920,20
0,20600.0,39000.0,1.8932038834951457,70,70,70.0,59600.0,True,2022HU0687013,2
3,3100.0,30700.0,9.903225806451612,62,62,62.0,33800.0,False,2022HU0687327,15
3,67200.0,192000.0,2.857142857142857,97,89,93.0,259200.0,True,2022HU0687415,20
2,93800.0,51000.0,1.8392156862745097,52,44,48.0,144800.0,True,2022HU0688059,16
4,218100.0,0.0,0.0,66,62,64.0,218100.0,True,2022HU0688315,5
4,77500.0,10000.0,7.75,85,49,67.0,87500.0,False,2022HU0688923,19
1,9900.0,48820.0,4.931313131313131,68,65,66.5,58720.0,True,2022HU0689241,17
1,25000.0,70000.0,2.8,38,38,38.0,95000.0,False,2022HU0689320,87
3,196500.0,35000.0,5.614285714285714,68,58,63.0,231500.0,True,2022HU0690106,50
0,30000.0,43200.0,1.44,60,65,62.5,73200.0,True,2022HU0691232,6
8,330000.0,4000.0,82.5,59,57,58.0,334000.0,True,2022HU0691444,17
1,82000.0,70000.0,1.1714285714285715,52,43,47.5,152000.0,True,2022HU0692034,16
1,110000.0,80000.0,1.375,45,48,46.5,190000.0,True,2022HU0692360,5
1,60000.0,60000.0,1.0,38,36,37.0,120000.0,True,2022HU0692649,20
1,62000.0,70000.0,1.1290322580645162,46,46,46.0,132000.0,True,2022HU0693574,33
1,80000.0,68000.0,1.1764705882352942,76,76,76.0,148000.0,True,2022HU0693849,7
0,43000.0,24000.0,1.7916666666666667,46,36,41.0,67000.0,True,2022HU0694554,21
2,60000.0,7600.0,7.894736842105263,30,36,33.0,67600.0,True,2022HU0694809,8
1,20600.0,83900.0,4.072815533980583,76,74,75.0,104500.0,True,2022HU0695062,28
1,20500.0,20000.0,1.025,70,71,70.5,40500.0,True,2022HU0697543,33
1,63000.0,110000.0,1.746031746031746,43,43,43.0,173000.0,True,2022HU0698647,15
0,25000.0,50000.0,2.0,29,33,31.0,75000.0,True,2022HU0699241,10
1,49200.0,39000.0,1.2615384615384615,76,77,76.5,88200.0,True,2022HU0699255,24
0,19700.0,14900.0,1.3221476510067114,65,65,65.0,34600.0,True,2022HU0699319,11
0,60000.0,30000.0,2.0,55,58,56.5,90000.0,True,2022HU0699439,14
4,300.0,27000.0,90.0,60,68,64.0,27300.0,True,2022HU0700483,24
1,45000.0,0.0,0.0,65,60,62.5,45000.0,True,2022HU0700548,37
0,5000.0,11000.0,2.2,82,77,79.5,16000.0,True,2022HU0701111,23
0,34800.0,24300.0,1.4320987654320987,97,90,93.5,59100.0,True,2022HU0701473,19
1,34180.0,153600.0,4.4938560561732,69,71,70.0,187780.0,True,2022HU0702872,16
0,19200.0,19300.0,1.0052083333333333,90,84,87.0,38500.0,True,2022HU0702996,19
2,79000.0,11100.0,7.117117117117117,71,72,71.5,90100.0,True,2022HU0703198,31
0,0.0,15000.0,0.0,38,42,40.0,15000.0,True,2022HU0703498,12
0,43800.0,44600.0,1.0182648401826484,47,51,49.0,88400.0,True,2022HU0703645,46
1,100000.0,92000.0,1.0869565217391304,58,58,58.0,192000.0,True,2022HU0705453,9
0,40000.0,50000.0,1.25,74,65,69.5,90000.0,True,2022HU0705501,9
3,133000.0,0.0,0.0,33,33,33.0,133000.0,True,2022HU0706039,9
1,20620.0,85000.0,4.122211445198836,70,74,72.0,105620.0,True,2022HU0707150,17
2,121000.0,180490.0,1.4916528925619834,37,37,37.0,301490.0,True,2022HU0708067,14
1,130000.0,70000.0,1.8571428571428572,38,31,34.5,200000.0,True,2022HU0708898,22
3,400000.0,100000.0,4.0,50,47,48.5,500000.0,True,2022HU0710237,16
1,5470.0,14400.0,2.6325411334552102,86,87,86.5,19870.0,True,2022HU0711898,25
1,9600.0,45000.0,4.6875,70,68,69.0,54600.0,True,2022HU0712132,6
0,20000.0,38000.0,1.9,66,79,72.5,58000.0,True,2022HU0712226,19
1,12500.0,20800.0,1.664,30,27,28.5,33300.0,True,2022HU0712392,61
1,62000.0,62000.0,1.0,61,65,63.0,124000.0,True,2022HU0712479,9
1,48000.0,14400.0,3.3333333333333335,76,74,75.0,62400.0,True,2022HU0712878,13
3,80000.0,15000.0,5.333333333333333,40,35,37.5,95000.0,False,2022HU0713209,19
0,0.0,26400.0,0.0,47,51,49.0,26400.0,True,2022HU0713431,8
1,92000.0,33000.0,2.787878787878788,32,24,28.0,125000.0,True,2022HU0713912,14
1,72000.0,24000.0,3.0,83,58,70.5,96000.0,True,2022HU0714912,15
1,70100.0,90000.0,1.2838801711840229,44,43,43.5,160100.0,True,2022HU0715093,11
0,45600.0,28400.0,1.6056338028169015,74,72,73.0,74000.0,True,2022HU0715616,5
1,19600.0,5900.0,3.3220338983050848,82,81,81.5,25500.0,True,2022HU0716271,60
3,40000.0,2000.0,20.0,34,37,35.5,42000.0,True,2022HU0716468,19
0,25800.0,22400.0,1.1517857142857142,68,66,67.0,48200.0,True,2022HU0716711,13
4,0.0,503000.0,0.0,52,54,53.0,503000.0,True,2022HU0716799,13
2,36000.0,0.0,0.0,24,23,23.5,36000.0,True,2022HU0716842,15
4,100.0,60000.0,600.0,60,62,61.0,60100.0,True,2022HU0716862,13
0,120000.0,50000.0,2.4,40,40,40.0,170000.0,True,2022HU0717042,48
1,0.0,76000.0,0.0,25,28,26.5,76000.0,True,2022HU0717699,19
3,11600.0,840.0,13.80952380952381,71,65,68.0,12440.0,True,2022HU0721666,16
5,503000.0,10000.0,50.3,30,33,31.5,513000.0,True,2022HU0722157,10
5,12000.0,300000.0,25.0,58,60,59.0,312000.0,True,2022HU0722330,29
0,58900.0,0.0,0.0,42,39,40.5,58900.0,True,2022HU0723365,2
4,250000.0,0.0,0.0,47,58,52.5,250000.0,True,2022HU0723432,3
1,64020.0,68020.0,1.0624804748516088,39,43,41.0,132040.0,True,2022HU0725645,10
0,15300.0,0.0,0.0,40,33,36.5,15300.0,True,2022HU0725683,36
0,100000.0,0.0,0.0,55,53,54.0,100000.0,True,2022HU0726048,82
1,56000.0,64700.0,1.1553571428571427,65,67,66.0,120700.0,True,2022HU0726652,11
0,28000.0,0.0,0.0,60,57,58.5,28000.0,True,2022HU0727770,8
0,28000.0,0.0,0.0,55,50,52.5,28000.0,True,2022HU0728496,23
2,190000.0,43000.0,4.4186046511627906,55,56,55.5,233000.0,True,2022HU0728664,10
1,37000.0,15000.0,2.466666666666667,67,48,57.5,52000.0,True,2022HU0729045,7
1,110000.0,55000.0,2.0,51,47,49.0,165000.0,True,2022HU0729477,16
1,36890.0,113400.0,3.074003795066414,62,63,62.5,150290.0,True,2022HU0729798,12
2,23150.0,3900.0,5.935897435897436,58,61,59.5,27050.0,True,2022HU0730340,10
1,45400.0,48000.0,1.0572687224669604,52,53,52.5,93400.0,True,2022HU0730488,6
0,26700.0,12000.0,2.225,33,38,35.5,38700.0,True,2022HU0730502,13
2,70000.0,50000.0,1.4,38,35,36.5,120000.0,False,2022HU0731132,17
2,80000.0,15000.0,5.333333333333333,39,39,39.0,95000.0,True,2022HU0731648,36
2,200000.0,214000.0,1.07,58,67,62.5,414000.0,True,2022HU0731684,8
2,76000.0,60000.0,1.2666666666666666,64,60,62.0,136000.0,True,2022HU0733063,10
0,0.0,100000.0,0.0,52,43,47.5,100000.0,True,2022HU0733333,15
2,23700.0,73000.0,3.080168776371308,72,64,68.0,96700.0,True,2022HU0733457,12
0,18000.0,48000.0,2.6666666666666665,41,41,41.0,66000.0,True,2022HU0733801,18
1,29000.0,43000.0,1.4827586206896552,54,53,53.5,72000.0,False,2022HU0735842,9
2,139780.0,57000.0,2.452280701754386,68,64,66.0,196780.0,True,2022HU0736373,9
1,18000.0,39000.0,2.1666666666666665,69,70,69.5,57000.0,True,2022HU0736657,3
0,82800.0,38210.0,2.166971996859461,80,77,78.5,121010.0,True,2022HU0737811,8
1,55400.0,84000.0,1.516245487364621,35,35,35.0,139400.0,True,2022HU0738737,12
0,85590.0,0.0,0.0,83,84,83.5,85590.0,True,2022HU0738977,41
3,208400.0,37800.0,5.5132275132275135,75,78,76.5,246200.0,True,2022HU0739163,10
0,80600.0,0.0,0.0,57,58,57.5,80600.0,True,2022HU0739591,13
1,35000.0,130000.0,3.7142857142857144,57,56,56.5,165000.0,True,2022HU0739926,38
1,80500.0,107600.0,1.3366459627329192,65,63,64.0,188100.0,True,2022HU0740488,9
8,4000.0,250000.0,62.5,49,52,50.5,254000.0,True,2022HU0740510,46
4,523000.0,50000.0,10.46,71,71,71.0,573000.0,True,2022HU0740867,8
1,38000.0,70000.0,1.8421052631578947,30,27,28.5,108000.0,True,2022HU0742215,30
1,73000.0,75000.0,1.0273972602739727,36,36,36.0,148000.0,True,2022HU0744058,16
1,33000.0,103200.0,3.1272727272727274,57,61,59.0,136200.0,True,2022HU0745491,16
4,236000.0,0.0,0.0,55,58,56.5,236000.0,True,2022HU0745644,8
0,37600.0,51000.0,1.3563829787234043,65,65,65.0,88600.0,True,2022HU0746205,10
4,226500.0,0.0,0.0,77,70,73.5,226500.0,True,2022HU0746237,7
0,30000.0,90000.0,3.0,60,60,60.0,120000.0,True,2022HU0746287,23
1,40000.0,45000.0,1.125,30,27,28.5,85000.0,True,2022HU0746780,10
0,62000.0,0.0,0.0,66,62,64.0,62000.0,True,2022HU0747901,4
1,60010.0,85000.0,1.4164305949008498,39,40,39.5,145010.0,True,2022HU0748200,13
1,94000.0,68000.0,1.3823529411764706,70,60,65.0,162000.0,True,2022HU0748644,23
0,30000.0,49000.0,1.6333333333333333,46,43,44.5,79000.0,True,2022HU0748794,17
1,10200.0,37500.0,3.676470588235294,65,68,66.5,47700.0,True,2022HU0749276,15
1,90000.0,100000.0,1.1111111111111112,42,45,43.5,190000.0,True,2022HU0749657,11
0,45000.0,20000.0,2.25,38,42,40.0,65000.0,True,2022HU0751496,32
0,5000.0,0.0,0.0,58,60,59.0,5000.0,True,2022HU0751509,29
1,51000.0,0.0,0.0,38,33,35.5,51000.0,True,2022HU0751583,2
2,36000.0,21000.0,1.7142857142857142,25,22,23.5,57000.0,True,2022HU0752304,15
3,6100.0,39500.0,6.475409836065574,76,52,64.0,45600.0,True,2022HU0752924,9
1,42100.0,12000.0,3.5083333333333333,78,80,79.0,54100.0,True,2022HU0753479,14
0,29000.0,52000.0,1.793103448275862,43,43,43.0,81000.0,True,2022HU0753589,12
0,25000.0,40000.0,1.6,37,35,36.0,65000.0,True,2022HU0753933,55
3,175100.0,47000.0,3.725531914893617,41,34,37.5,222100.0,False,2022HU0754317,21
1,27000.0,100000.0,3.7037037037037037,69,64,66.5,127000.0,True,2022HU0755103,6
3,75000.0,76300.0,1.0173333333333334,60,30,45.0,151300.0,False,2022HU0755275,59
2,296000.0,503000.0,1.6993243243243243,53,52,52.5,799000.0,True,2022HU0756828,8
1,71000.0,60000.0,1.1833333333333333,57,60,58.5,131000.0,True,2022HU0758181,10
1,19200.0,85700.0,4.463541666666667,62,67,64.5,104900.0,True,2022HU0758653,21
7,180000.0,1000.0,180.0,51,54,52.5,181000.0,True,2022HU0759094,18
0,60000.0,34000.0,1.7647058823529411,65,71,68.0,94000.0,True,2022HU0759772,5
0,30900.0,12000.0,2.575,75,74,74.5,42900.0,True,2022HU0759805,42
1,12500.0,27000.0,2.16,26,30,28.0,39500.0,True,2022HU0759828,13
2,53900.0,9100.0,5.923076923076923,71,68,69.5,63000.0,True,2022HU0759835,18
1,50000.0,40000.0,1.25,31,28,29.5,90000.0,True,2022HU0760440,36
8,2000.0,200000.0,100.0,41,52,46.5,202000.0,True,2022HU0761256,17
1,87000.0,96000.0,1.103448275862069,42,45,43.5,183000.0,True,2022HU0762026,14
3,21610.0,112000.0,5.182785747339195,52,49,50.5,133610.0,False,2022HU0762330,1
0,20000.0,28000.0,1.4,52,42,47.0,48000.0,True,2022HU0763035,5
1,42000.0,8700.0,4.827586206896552,71,79,75.0,50700.0,True,2022HU0763296,18
0,36240.0,76240.0,2.1037527593818983,32,34,33.0,112480.0,True,2022HU0763312,8
3,54000.0,175000.0,3.240740740740741,59,60,59.5,229000.0,True,2022HU0763320,13
3,0.0,134600.0,0.0,56,58,57.0,134600.0,True,2022HU0763400,7
1,12000.0,42100.0,3.5083333333333333,64,70,67.0,54100.0,True,2022HU0763594,11
2,80000.0,85000.0,1.0625,33,26,29.5,165000.0,True,2022HU0764184,14
2,70000.0,10000.0,7.0,62,63,62.5,80000.0,True,2022HU0764951,9
0,30000.0,53000.0,1.7666666666666666,56,59,57.5,83000.0,True,2022HU0765043,5
1,55000.0,82400.0,1.4981818181818183,60,63,61.5,137400.0,True,2022HU0765397,15
2,125000.0,152000.0,1.216,62,58,60.0,277000.0,True,2022HU0766118,15
1,15400.0,49000.0,3.1818181818181817,89,91,90.0,64400.0,True,2022HU0766238,11
4,150.0,33500.0,223.33333333333334,58,49,53.5,33650.0,True,2022HU0766331,20
1,20450.0,6000.0,3.408333333333333,72,67,69.5,26450.0,True,2022HU0766480,17
2,9200.0,78000.0,8.478260869565217,46,48,47.0,87200.0,True,2022HU0766847,18
3,85000.0,301000.0,3.541176470588235,59,59,59.0,386000.0,True,2022HU0767164,63
0,50600.0,46100.0,1.0976138828633406,73,74,73.5,96700.0,True,2022HU0769864,7
0,40000.0,20800.0,1.9230769230769231,68,74,71.0,60800.0,True,2022HU0770252,10
0,48400.0,48930.0,1.0109504132231404,70,67,68.5,97330.0,True,2022HU0770539,9
0,30000.0,20000.0,1.5,54,51,52.5,50000.0,True,2022HU0771756,4
2,133100.0,30000.0,4.4366666666666665,73,54,63.5,163100.0,True,2022HU0771949,14
3,0.0,132800.0,0.0,36,39,37.5,132800.0,True,2022HU0772621,12
0,17100.0,48000.0,2.807017543859649,71,64,67.5,65100.0,True,2022HU0773118,9
3,5400.0,93500.0,17.314814814814813,46,40,43.0,98900.0,True,2022HU0773171,9
1,58000.0,90000.0,1.5517241379310345,54,53,53.5,148000.0,True,2022HU0773864,30
0,38000.0,53000.0,1.394736842105263,48,43,45.5,91000.0,True,2022HU0774220,34
2,11500.0,68800.0,5.982608695652174,64,60,62.0,80300.0,True,2022HU0774508,33
0,84000.0,0.0,0.0,39,34,36.5,84000.0,True,2022HU0774792,150
3,95000.0,8500.0,11.176470588235293,73,72,72.5,103500.0,True,2022HU0775275,15
0,62600.0,29400.0,2.129251700680272,68,63,65.5,92000.0,True,2022HU0775901,6
1,61100.0,95000.0,1.5548281505728314,77,82,79.5,156100.0,True,2022HU0776063,12
3,165000.0,32000.0,5.15625,37,35,36.0,197000.0,False,2022HU0776443,17
2,164000.0,250000.0,1.524390243902439,52,39,45.5,414000.0,True,2022HU0777073,14
0,50000.0,48000.0,1.0416666666666667,55,57,56.0,98000.0,True,2022HU0778223,61
2,104100.0,14000.0,7.435714285714286,76,74,75.0,118100.0,True,2022HU0778675,11
2,28700.0,0.0,0.0,27,28,27.5,28700.0,False,2022HU0779231,40
3,160000.0,15000.0,10.666666666666666,56,52,54.0,175000.0,True,2022HU0779341,18
1,72800.0,53900.0,1.3506493506493507,76,76,76.0,126700.0,True,2022HU0780184,10
1,76600.0,90000.0,1.174934725848564,61,58,59.5,166600.0,True,2022HU0780502,12
0,25000.0,20000.0,1.25,56,56,56.0,45000.0,True,2022HU0781243,50
1,57000.0,80000.0,1.4035087719298245,34,36,35.0,137000.0,True,2022HU0781973,5
2,300000.0,101300.0,2.9615004935834155,63,74,68.5,401300.0,True,2022HU0782648,13
0,50000.0,45100.0,1.1086474501108647,50,64,57.0,95100.0,True,2022HU0784682,28
1,100000.0,90000.0,1.1111111111111112,33,33,33.0,190000.0,True,2022HU0784775,17
4,56600.0,50.0,1132.0,78,74,76.0,56650.0,True,2022HU0785702,31
0,0.0,53000.0,0.0,54,54,54.0,53000.0,True,2022HU0787620,22
4,85000.0,300.0,283.3333333333333,34,35,34.5,85300.0,True,2022HU0787632,21
1,0.0,80000.0,0.0,54,52,53.0,80000.0,False,2022HU0789879,9
0,40000.0,60000.0,1.5,46,48,47.0,100000.0,True,2022HU0790430,22
0,29000.0,52000.0,1.793103448275862,43,43,43.0,81000.0,True,2022HU0791849,5
0,50000.0,63000.0,1.26,31,30,30.5,113000.0,True,2022HU0792438,11
1,92400.0,19300.0,4.787564766839378,75,73,74.0,111700.0,True,2022HU0793146,30
3,135000.0,0.0,0.0,52,48,50.0,135000.0,True,2022HU0793208,9
7,100010.0,100.0,1000.1,39,40,39.5,100110.0,True,2022HU0793460,18
0,43700.0,17700.0,2.468926553672316,38,43,40.5,61400.0,True,2022HU0794688,11
2,70000.0,20000.0,3.5,59,59,59.0,90000.0,True,2022HU0796932,22
3,77600.0,7300.0,10.63013698630137,97,90,93.5,84900.0,True,2022HU0797823,9
0,54000.0,0.0,0.0,39,44,41.5,54000.0,True,2022HU0797889,19
1,65000.0,82000.0,1.2615384615384615,49,46,47.5,147000.0,True,2022HU0798134,9
0,4800.0,10000.0,2.0833333333333335,69,62,65.5,14800.0,True,2022HU0798628,17
0,31000.0,44000.0,1.4193548387096775,56,61,58.5,75000.0,True,2022HU0799791,23
4,3000.0,81100.0,27.033333333333335,75,78,76.5,84100.0,True,2022HU0799918,15
2,87700.0,209000.0,2.3831242873432155,49,48,48.5,296700.0,True,2022HU0800771,10
0,148700.0,50000.0,2.974,49,47,48.0,198700.0,True,2022HU0801073,19
1,100000.0,60000.0,1.6666666666666667,43,46,44.5,160000.0,True,2022HU0802464,21
1,40000.0,0.0,0.0,29,28,28.5,40000.0,True,2022HU0803094,14
0,38000.0,40000.0,1.0526315789473684,51,55,53.0,78000.0,True,2022HU0803294,46
0,80000.0,45000.0,1.7777777777777777,47,48,47.5,125000.0,True,2022HU0803867,32
0,12000.0,20000.0,1.6666666666666667,32,32,32.0,32000.0,True,2022HU0803923,48
0,47000.0,31400.0,1.4968152866242037,68,76,72.0,78400.0,True,2022HU0807489,9
0,13900.0,20100.0,1.4460431654676258,68,69,68.5,34000.0,True,2022HU0808290,10
0,39000.0,0.0,0.0,50,46,48.0,39000.0,True,2022HU0809039,15
0,53450.0,41050.0,1.3020706455542022,81,83,82.0,94500.0,True,2022HU0809082,11
1,21600.0,100000.0,4.62962962962963,37,36,36.5,121600.0,True,2022HU0809148,21
2,9600.0,0.0,0.0,54,72,63.0,9600.0,False,2022HU0809191,9
3,150000.0,52000.0,2.8846153846153846,49,49,49.0,202000.0,True,2022HU0809480,23
2,11700.0,51000.0,4.358974358974359,24,27,25.5,62700.0,True,2022HU0810170,144
2,41300.0,0.0,0.0,23,25,24.0,41300.0,True,2022HU0810222,19
2,117800.0,14200.0,8.295774647887324,31,29,30.0,132000.0,True,2022HU0810430,42
1,57070.0,64070.0,1.1226563868932888,69,70,69.5,121140.0,True,2022HU0810849,31
1,45000.0,125000.0,2.7777777777777777,56,58,57.0,170000.0,True,2022HU0811553,12
1,19000.0,34000.0,1.7894736842105263,43,66,54.5,53000.0,True,2022HU0811672,13
3,24100.0,33700.0,1.3983402489626555,78,54,66.0,57800.0,False,2022HU0811751,12
3,41100.0,181000.0,4.40389294403893,69,70,69.5,222100.0,True,2022HU0811755,21
2,108500.0,110000.0,1.0138248847926268,39,31,35.0,218500.0,True,2022HU0812339,15
3,85000.0,7800.0,10.897435897435898,59,64,61.5,92800.0,True,2022HU0812612,13
0,100000.0,50000.0,2.0,50,49,49.5,150000.0,True,2022HU0813189,19
0,20000.0,48000.0,2.4,43,45,44.0,68000.0,True,2022HU0813278,4
1,10100.0,3000.0,3.3666666666666667,37,37,37.0,13100.0,True,2022HU0814082,28
3,52200.0,218000.0,4.176245210727969,67,59,63.0,270200.0,True,2022HU0816159,16
1,22300.0,90000.0,4.0358744394618835,52,47,49.5,112300.0,True,2022HU0816871,30
0,40300.0,16000.0,2.51875,34,35,34.5,56300.0,True,2022HU0817045,20
1,118750.0,36700.0,3.2356948228882834,68,66,67.0,155450.0,True,2022HU0817122,9
0,92000.0,0.0,0.0,64,50,57.0,92000.0,True,2022HU0818660,13
0,10500.0,5500.0,1.9090909090909092,77,74,75.5,16000.0,True,2022HU0818663,17
1,40000.0,0.0,0.0,28,27,27.5,40000.0,True,2022HU0818705,35
0,80000.0,0.0,0.0,60,59,59.5,80000.0,True,2022HU0818779,7
0,33500.0,40000.0,1.1940298507462686,67,67,67.0,73500.0,True,2022HU0819442,7
1,40000.0,10000.0,4.0,32,31,31.5,50000.0,True,2022HU0820247,33
0,20000.0,16000.0,1.25,40,43,41.5,36000.0,True,2022HU0820769,13
1,102000.0,28000.0,3.642857142857143,34,44,39.0,130000.0,True,2022HU0821151,31
0,35600.0,59000.0,1.6573033707865168,59,60,59.5,94600.0,True,2022HU0821734,7
1,62600.0,14700.0,4.258503401360544,76,76,76.0,77300.0,True,2022HU0822486,12
2,135000.0,70000.0,1.9285714285714286,52,46,49.0,205000.0,True,2022HU0822899,19
2,77000.0,181100.0,2.351948051948052,55,57,56.0,258100.0,True,2022HU0823328,9
3,10200.0,64000.0,6.2745098039215685,66,84,75.0,74200.0,True,2022HU0823414,12
0,23900.0,32000.0,1.3389121338912133,38,38,38.0,55900.0,True,2022HU0824064,19
2,117000.0,60000.0,1.95,73,54,63.5,177000.0,True,2022HU0824563,18
1,18000.0,31300.0,1.738888888888889,70,70,70.0,49300.0,True,2022HU0824822,41
1,92000.0,100000.0,1.0869565217391304,70,58,64.0,192000.0,True,2022HU0825038,10
0,90000.0,41000.0,2.1951219512195124,37,36,36.5,131000.0,True,2022HU0825914,11
8,2400.0,111700.0,46.541666666666664,56,64,60.0,114100.0,True,2022HU0826020,12
2,102670.0,165400.0,1.6109866562773936,71,72,71.5,268070.0,True,2022HU0826304,8
1,48000.0,34800.0,1.3793103448275863,65,68,66.5,82800.0,True,2022HU0827760,35
4,347700.0,27400.0,12.68978102189781,80,77,78.5,375100.0,True,2022HU0828119,27
2,90000.0,120000.0,1.3333333333333333,61,48,54.5,210000.0,True,2022HU0828181,21
6,134100.0,8500.0,15.776470588235295,73,68,70.5,142600.0,True,2022HU0830029,18
1,80060.0,62000.0,1.2912903225806451,64,59,61.5,142060.0,True,2022HU0830056,16
1,100000.0,87000.0,1.1494252873563218,54,52,53.0,187000.0,True,2022HU0830226,170
1,101300.0,31000.0,3.267741935483871,69,73,71.0,132300.0,True,2022HU0830349,18
1,35000.0,12000.0,2.9166666666666665,69,66,67.5,47000.0,True,2022HU0830517,12
0,35000.0,90000.0,2.5714285714285716,37,41,39.0,125000.0,True,2022HU0830778,18
3,0.0,150000.0,0.0,31,31,31.0,150000.0,True,2022HU0831750,31
3,70470.0,3600.0,19.575,53,58,55.5,74070.0,True,2022HU0831762,35
4,250500.0,0.0,0.0,65,58,61.5,250500.0,True,2022HU0832170,11
0,110000.0,50000.0,2.2,53,54,53.5,160000.0,True,2022HU0833589,17
0,0.0,100000.0,0.0,49,45,47.0,100000.0,True,2022HU0834038,25
5,11000.0,196200.0,17.836363636363636,58,76,67.0,207200.0,True,2022HU0834496,16
3,0.0,150000.0,0.0,55,56,55.5,150000.0,True,2022HU0834715,14
2,108500.0,130600.0,1.2036866359447005,40,39,39.5,239100.0,True,2022HU0834884,7
3,218000.0,39600.0,5.505050505050505,73,64,68.5,257600.0,True,2022HU0835426,19
0,44090.0,44450.0,1.0081651168065322,68,64,66.0,88540.0,True,2022HU0835558,18
0,45000.0,0.0,0.0,32,41,36.5,45000.0,True,2022HU0835572,10
2,18000.0,110000.0,6.111111111111111,38,37,37.5,128000.0,True,2022HU0835624,14
2,120000.0,100000.0,1.2,35,35,35.0,220000.0,True,2022HU0838075,18
0,50000.0,71200.0,1.424,52,50,51.0,121200.0,True,2022HU0838420,9
0,100700.0,40000.0,2.5175,58,55,56.5,140700.0,True,2022HU0839021,18
0,70000.0,36200.0,1.9337016574585635,81,84,82.5,106200.0,True,2022HU0839089,16
7,5400.0,192000.0,35.55555555555556,64,67,65.5,197400.0,True,2022HU0839263,7
0,45000.0,25000.0,1.8,58,62,60.0,70000.0,True,2022HU0839282,7
2,160600.0,31500.0,5.098412698412698,82,79,80.5,192100.0,True,2022HU0840952,9
5,233000.0,0.0,0.0,77,53,65.0,233000.0,True,2022HU0841074,3
1,50400.0,72300.0,1.4345238095238095,51,49,50.0,122700.0,True,2022HU0841314,14
1,60000.0,14430.0,4.158004158004158,70,70,70.0,74430.0,True,2022HU0841324,17
2,25000.0,0.0,0.0,27,59,43.0,25000.0,False,2022HU0841977,17
0,20000.0,50000.0,2.5,50,52,51.0,70000.0,True,2022HU0844549,122
0,50000.0,25600.0,1.953125,40,45,42.5,75600.0,True,2022HU0844897,30
3,5000.0,62000.0,12.4,76,78,77.0,67000.0,True,2022HU0844989,81
2,19100.0,119200.0,6.2408376963350785,53,59,56.0,138300.0,True,2022HU0845659,8
0,35000.0,60000.0,1.7142857142857142,35,38,36.5,95000.0,True,2022HU0846535,11
2,145900.0,70800.0,2.060734463276836,70,73,71.5,216700.0,True,2022HU0847015,16
0,19200.0,11000.0,1.7454545454545454,72,73,72.5,30200.0,True,2022HU0849329,10
4,59000.0,400.0,147.5,65,60,62.5,59400.0,True,2022HU0849530,9
1,64000.0,48000.0,1.3333333333333333,33,29,31.0,112000.0,False,2022HU0851128,3
2,13000.0,46800.0,3.6,26,26,26.0,59800.0,True,2022HU0851794,10
0,25000.0,30000.0,1.2,30,30,30.0,55000.0,True,2022HU0851958,22
5,503000.0,19200.0,26.197916666666668,58,73,65.5,522200.0,True,2022HU0852710,12
3,48000.0,8400.0,5.714285714285714,77,65,71.0,56400.0,True,2022HU0852746,10
4,77800.0,503000.0,6.4652956298200515,64,64,64.0,580800.0,True,2022HU0853381,31
3,39400.0,3500.0,11.257142857142858,65,61,63.0,42900.0,True,2022HU0853825,30
2,77500.0,25000.0,3.1,97,90,93.5,102500.0,True,2022HU0853912,16
6,68000.0,210000.0,3.088235294117647,35,68,51.5,278000.0,False,2022HU0854242,11
1,63000.0,0.0,0.0,79,53,66.0,63000.0,True,2022HU0854272,9
7,135000.0,5000.0,27.0,47,47,47.0,140000.0,True,2022HU0854724,32
2,90000.0,12000.0,7.5,41,40,40.5,102000.0,True,2022HU0855686,40
0,0.0,40000.0,0.0,50,56,53.0,40000.0,True,2022HU0855777,70
0,31600.0,0.0,0.0,79,83,81.0,31600.0,True,2022HU0855857,8
0,73500.0,35580.0,2.0657672849915683,80,76,78.0,109080.0,True,2022HU0856327,12
3,6700.0,21000.0,3.1343283582089554,21,20,20.5,27700.0,True,2022HU0856799,27
2,102000.0,145000.0,1.4215686274509804,63,64,63.5,247000.0,True,2022HU0857027,27
0,35000.0,23400.0,1.4957264957264957,59,55,57.0,58400.0,True,2022HU0857422,9
0,99300.0,43900.0,2.2619589977220955,66,64,65.0,143200.0,True,2022HU0857489,15
0,44900.0,40000.0,1.1225,65,63,64.0,84900.0,True,2022HU0857584,19
2,11500.0,45700.0,3.973913043478261,62,62,62.0,57200.0,True,2022HU0858194,4
1,95000.0,35000.0,2.7142857142857144,30,29,29.5,130000.0,True,2022HU0858917,14
0,60500.0,24100.0,2.5103734439834025,68,64,66.0,84600.0,True,2022HU0859371,17
4,97000.0,346000.0,3.5670103092783507,65,59,62.0,443000.0,True,2022HU0859656,9
2,125000.0,110000.0,1.1363636363636365,38,38,38.0,235000.0,True,2022HU0859673,29
2,33000.0,10500.0,3.142857142857143,73,55,64.0,43500.0,True,2022HU0859950,14
0,82000.0,0.0,0.0,71,63,67.0,82000.0,True,2022HU0860273,2
1,10900.0,11500.0,1.055045871559633,28,26,27.0,22400.0,True,2022HU0860293,19
3,200000.0,0.0,0.0,36,35,35.5,200000.0,True,2022HU0861023,10
1,1600.0,5200.0,3.25,73,74,73.5,6800.0,True,2022HU0862971,14
2,38000.0,11000.0,3.4545454545454546,29,28,28.5,49000.0,True,2022HU0863242,9
1,54000.0,111000.0,2.0555555555555554,49,56,52.5,165000.0,True,2022HU0865201,16
3,100700.0,0.0,0.0,36,35,35.5,100700.0,True,2022HU0865502,19
1,8000.0,4000.0,2.0,65,72,68.5,12000.0,True,2022HU0865980,7
0,41900.0,0.0,0.0,35,35,35.0,41900.0,True,2022HU0866933,16
1,58800.0,14500.0,4.055172413793104,64,70,67.0,73300.0,True,2022HU0867232,9
0,45100.0,68200.0,1.5121951219512195,69,70,69.5,113300.0,True,2022HU0868547,10
0,30000.0,74600.0,2.486666666666667,58,46,52.0,104600.0,True,2022HU0869473,18
0,5100.0,0.0,0.0,64,53,58.5,5100.0,True,2022HU0869508,9
1,54000.0,58000.0,1.0740740740740742,72,73,72.5,112000.0,True,2022HU0869991,9
3,51000.0,4800.0,10.625,64,72,68.0,55800.0,True,2022HU0870805,15
3,45700.0,6000.0,7.616666666666666,56,59,57.5,51700.0,True,2022HU0871010,21
2,71000.0,8400.0,8.452380952380953,60,69,64.5,79400.0,True,2022HU0871244,24
0,50000.0,75000.0,1.5,39,35,37.0,125000.0,True,2022HU0871578,11
0,24000.0,24000.0,1.0,67,67,67.0,48000.0,True,2022HU0872298,15
7,2700.0,140000.0,51.851851851851855,51,60,55.5,142700.0,True,2022HU0873137,16
0,12000.0,30000.0,2.5,41,45,43.0,42000.0,True,2022HU0873204,39
2,114100.0,107100.0,1.065359477124183,76,75,75.5,221200.0,True,2022HU0873730,18
3,50000.0,285000.0,5.7,62,61,61.5,335000.0,True,2022HU0874323,13
0,39000.0,15000.0,2.6,39,39,39.0,54000.0,True,2022HU0876763,49
0,28000.0,62700.0,2.2392857142857143,78,79,78.5,90700.0,True,2022HU0877361,8
1,0.0,42600.0,0.0,49,43,46.0,42600.0,True,2022HU0877433,6
2,11500.0,74400.0,6.469565217391304,59,64,61.5,85900.0,True,2022HU0877538,21
4,500800.0,0.0,0.0,49,50,49.5,500800.0,True,2022HU0878363,13
1,0.0,25000.0,0.0,49,63,56.0,25000.0,False,2022HU0878486,33
4,227800.0,18600.0,12.24731182795699,73,74,73.5,246400.0,True,2022HU0879044,7
3,32000.0,2000.0,16.0,64,64,64.0,34000.0,True,2022HU0879453,7
2,110000.0,210000.0,1.9090909090909092,50,49,49.5,320000.0,True,2022HU0879470,9
1,60000.0,30000.0,2.0,64,63,63.5,90000.0,False,2022HU0880725,22
0,41300.0,70000.0,1.694915254237288,60,60,60.0,111300.0,True,2022HU0881175,16
1,51900.0,16300.0,3.184049079754601,62,75,68.5,68200.0,True,2022HU0881288,15
3,228300.0,32800.0,6.960365853658536,67,67,67.0,261100.0,True,2022HU0881576,31
4,278000.0,0.0,0.0,62,58,60.0,278000.0,True,2022HU0882843,10
1,100000.0,60000.0,1.6666666666666667,38,44,41.0,160000.0,True,2022HU0882977,7
3,27300.0,207600.0,7.604395604395604,40,43,41.5,234900.0,True,2022HU0883739,45
3,144000.0,0.0,0.0,53,53,53.0,144000.0,True,2022HU0884740,19
0,55800.0,27800.0,2.0071942446043165,72,65,68.5,83600.0,True,2022HU0885389,10
0,50000.0,91400.0,1.828,62,64,63.0,141400.0,True,2022HU0886643,10
0,0.0,32000.0,0.0,56,49,52.5,32000.0,True,2022HU0886768,24
1,-800.0,40000.0,0.0,29,29,29.0,39200.0,True,2022HU0886852,22
0,30000.0,55700.0,1.8566666666666667,75,74,74.5,85700.0,True,2022HU0887349,15
3,20000.0,2000.0,10.0,63,64,63.5,22000.0,True,2022HU0887465,48
2,800.0,0.0,0.0,22,22,22.0,800.0,True,2022HU0888053,23
1,45350.0,12000.0,3.779166666666667,73,69,71.0,57350.0,True,2022HU0888284,17
3,120000.0,0.0,0.0,46,41,43.5,120000.0,True,2022HU0889137,27
0,101100.0,47000.0,2.151063829787234,65,61,63.0,148100.0,True,2022HU0889850,25
0,0.0,50000.0,0.0,36,31,33.5,50000.0,True,2022HU0890046,6
0,48000.0,42000.0,1.1428571428571428,69,69,69.0,90000.0,True,2022HU0890092,8
0,47000.0,80000.0,1.702127659574468,31,31,31.0,127000.0,True,2022HU0890559,23
1,63440.0,13340.0,4.755622188905547,67,67,67.0,76780.0,True,2022HU0890699,17
2,77800.0,8400.0,9.261904761904763,70,68,69.0,86200.0,True,2022HU0891322,11
0,16000.0,21000.0,1.3125,75,75,75.0,37000.0,True,2022HU0892227,16
2,120000.0,115000.0,1.0434782608695652,45,48,46.5,235000.0,True,2022HU0892455,30
0,21600.0,25200.0,1.1666666666666667,80,80,80.0,46800.0,True,2022HU0892880,17
2,9700.0,49000.0,5.051546391752577,69,66,67.5,58700.0,True,2022HU0895096,21
8,222800.0,8200.0,27.170731707317074,83,80,81.5,231000.0,True,2022HU0895122,16
0,35600.0,26400.0,1.3484848484848484,70,68,69.0,62000.0,True,2022HU0895211,4
0,54000.0,45000.0,1.2,52,53,52.5,99000.0,True,2022HU0896517,20
2,170000.0,70000.0,2.4285714285714284,49,46,47.5,240000.0,True,2022HU0897220,12
0,38000.0,20000.0,1.9,64,64,64.0,58000.0,True,2022HU0897792,20
3,27000.0,35200.0,1.3037037037037038,62,42,52.0,62200.0,False,2022HU0898723,22
0,115000.0,43900.0,2.6195899772209565,49,50,49.5,158900.0,True,2022HU0899089,43
1,80000.0,118000.0,1.475,34,32,33.0,198000.0,True,2022HU0899725,8
2,66000.0,66000.0,1.0,55,55,55.0,132000.0,False,2022HU0899837,20
0,22800.0,33000.0,1.4473684210526316,70,64,67.0,55800.0,True,2022HU0901176,14
2,80000.0,25000.0,3.2,68,67,67.5,105000.0,True,2022HU0901335,24
0,50000.0,57900.0,1.158,32,35,33.5,107900.0,True,2022HU0901463,13
1,60200.0,97000.0,1.611295681063123,77,79,78.0,157200.0,True,2022HU0901607,12
0,54800.0,49000.0,1.1183673469387756,36,32,34.0,103800.0,True,2022HU0902193,17
1,75000.0,110000.0,1.4666666666666666,67,62,64.5,185000.0,True,2022HU0902872,3
1,143200.0,45800.0,3.126637554585153,66,61,63.5,189000.0,True,2022HU0903339,15
0,68000.0,0.0,0.0,37,36,36.5,68000.0,True,2022HU0903412,22
7,10.0,180490.0,18049.0,44,43,43.5,180500.0,True,2022HU0904364,20
1,0.0,53000.0,0.0,46,55,50.5,53000.0,False,2022HU0904567,16
1,100000.0,51000.0,1.9607843137254901,45,44,44.5,151000.0,True,2022HU0905300,10
4,528000.0,79000.0,6.6835443037974684,65,59,62.0,607000.0,True,2022HU0906000,5
0,30700.0,55200.0,1.798045602605863,89,97,93.0,85900.0,True,2022HU0906537,11
0,25000.0,40000.0,1.6,44,46,45.0,65000.0,True,2022HU0907488,7
1,24000.0,21000.0,1.1428571428571428,62,32,47.0,45000.0,True,2022HU0908054,13
0,0.0,35000.0,0.0,44,47,45.5,35000.0,True,2022HU0908177,18
2,80000.0,80000.0,1.0,44,33,38.5,160000.0,False,2022HU0909938,14
0,100000.0,36400.0,2.7472527472527473,57,54,55.5,136400.0,True,2022HU0910353,11
1,32400.0,100600.0,3.1049382716049383,67,66,66.5,133000.0,True,2022HU0911374,24
0,50000.0,40000.0,1.25,34,36,35.0,90000.0,True,2022HU0911481,10
1,15990.0,5300.0,3.016981132075472,64,70,67.0,21290.0,True,2022HU0911712,17
3,91800.0,8000.0,11.475,75,62,68.5,99800.0,True,2022HU0911726,5
2,503000.0,503000.0,1.0,50,38,44.0,1006000.0,True,2022HU0911826,11
2,193000.0,75000.0,2.5733333333333333,62,62,62.0,268000.0,True,2022HU0911899,6
4,200000.0,0.0,0.0,56,56,56.0,200000.0,False,2022HU0912668,9
4,43100.0,3100.0,13.903225806451612,28,27,27.5,46200.0,True,2022HU0913064,16
3,10900.0,124200.0,11.394495412844037,45,35,40.0,135100.0,True,2022HU0913135,27
0,33300.0,16700.0,1.9940119760479043,66,66,66.0,50000.0,True,2022HU0913402,13
0,7200.0,0.0,0.0,75,70,72.5,7200.0,True,2022HU0913472,10
1,22600.0,48000.0,2.1238938053097347,74,79,76.5,70600.0,True,2022HU0914496,23
0,49400.0,47200.0,1.0466101694915255,75,69,72.0,96600.0,True,2022HU0914549,11
4,189800.0,0.0,0.0,64,61,62.5,189800.0,True,2022HU0914855,18
0,50000.0,70000.0,1.4,58,67,62.5,120000.0,True,2022HU0915248,12
0,40800.0,20000.0,2.04,69,65,67.0,60800.0,True,2022HU0916274,17
0,35300.0,19400.0,1.8195876288659794,72,73,72.5,54700.0,True,2022HU0916392,10
7,2800.0,140000.0,50.0,58,59,58.5,142800.0,True,2022HU0916627,11
0,70000.0,34000.0,2.0588235294117645,31,31,31.0,104000.0,True,2022HU0919129,17
3,70000.0,300000.0,4.285714285714286,46,54,50.0,370000.0,True,2022HU0920431,10
1,141000.0,37800.0,3.7301587301587302,69,67,68.0,178800.0,True,2022HU0921882,10
0,2100.0,0.0,0.0,69,64,66.5,2100.0,True,2022HU0921997,26
5,503000.0,30000.0,16.766666666666666,46,45,45.5,533000.0,True,2022HU0922280,19
1,0.0,45000.0,0.0,29,29,29.0,45000.0,True,2022HU0922543,19
4,100700.0,0.0,0.0,81,52,66.5,100700.0,True,2022HU0923001,17
2,48000.0,4800.0,10.0,70,70,70.0,52800.0,True,2022HU0923443,11
1,20000.0,72000.0,3.6,49,50,49.5,92000.0,True,2022HU0924073,2
0,44600.0,0.0,0.0,82,75,78.5,44600.0,True,2022HU0924361,20
4,11000.0,212100.0,19.28181818181818,66,76,71.0,223100.0,True,2022HU0924491,8
0,80000.0,0.0,0.0,32,32,32.0,80000.0,True,2022HU0924604,13
1,30000.0,15000.0,2.0,54,61,57.5,45000.0,True,2022HU0924832,11
0,50000.0,60000.0,1.2,40,46,43.0,110000.0,True,2022HU0924844,15
2,80000.0,60000.0,1.3333333333333333,28,29,28.5,140000.0,True,2022HU0925699,88
1,55000.0,40000.0,1.375,62,63,62.5,95000.0,True,2022HU0927233,18
1,25700.0,11700.0,2.1965811965811968,75,73,74.0,37400.0,True,2022HU0927651,21
0,20400.0,39800.0,1.9509803921568627,78,75,76.5,60200.0,True,2022HU0927947,18
1,60000.0,55000.0,1.0909090909090908,53,56,54.5,115000.0,True,2022HU0928170,20
0,18400.0,51500.0,2.7989130434782608,78,84,81.0,69900.0,True,2022HU0928699,9
0,57000.0,35000.0,1.6285714285714286,55,61,58.0,92000.0,True,2022HU0929159,16
0,12900.0,8400.0,1.5357142857142858,41,40,40.5,21300.0,True,2022HU0929233,11
1,120000.0,47000.0,2.5531914893617023,47,43,45.0,167000.0,True,2022HU0930633,23
0,62300.0,50000.0,1.246,71,64,67.5,112300.0,True,2022HU0930901,26
1,4610.0,22620.0,4.906724511930586,60,62,61.0,27230.0,True,2022HU0931903,10
1,62900.0,62000.0,1.014516129032258,72,66,69.0,124900.0,True,2022HU0932090,8
1,21300.0,81040.0,3.8046948356807513,70,69,69.5,102340.0,True,2022HU0933068,39
3,118000.0,0.0,0.0,39,39,39.0,118000.0,True,2022HU0933583,15
0,80900.0,48040.0,1.6840133222314737,71,72,71.5,128940.0,True,2022HU0934867,9
2,100000.0,18200.0,5.4945054945054945,74,78,76.0,118200.0,True,2022HU0935309,11
0,0.0,40000.0,0.0,39,44,41.5,40000.0,True,2022HU0935462,14
0,51200.0,20000.0,2.56,75,65,70.0,71200.0,True,2022HU0935879,13
1,103200.0,57100.0,1.8073555166374782,74,70,72.0,160300.0,True,2022HU0937632,9
0,33400.0,30000.0,1.1133333333333333,63,63,63.0,63400.0,True,2022HU0937826,27
3,296000.0,70000.0,4.228571428571429,63,65,64.0,366000.0,True,2022HU0940405,19
2,65000.0,96000.0,1.476923076923077,61,62,61.5,161000.0,True,2022HU0940459,19
1,51600.0,66900.0,1.2965116279069768,71,73,72.0,118500.0,True,2022HU0942905,12
1,43900.0,19300.0,2.2746113989637307,74,73,73.5,63200.0,True,2022HU0942948,8
1,136000.0,36000.0,3.7777777777777777,59,61,60.0,172000.0,True,2022HU0943350,28
0,7200.0,5000.0,1.44,73,75,74.0,12200.0,True,2022HU0944148,15
0,87000.0,44600.0,1.9506726457399104,65,63,64.0,131600.0,True,2022HU0944427,15
1,38400.0,55000.0,1.4322916666666667,73,71,72.0,93400.0,True,2022HU0945417,10
4,50000.0,1300.0,38.46153846153846,56,63,59.5,51300.0,True,2022HU0945857,20
0,-2300.0,80000.0,0.0,35,36,35.5,77700.0,True,2022HU0946895,10
7,140000.0,3500.0,40.0,52,49,50.5,143500.0,True,2022HU0947390,19
2,7400.0,71000.0,9.594594594594595,54,49,51.5,78400.0,True,2022HU0947631,10
0,38000.0,70000.0,1.8421052631578947,60,48,54.0,108000.0,True,2022HU0949417,4
0,35000.0,65000.0,1.8571428571428572,59,54,56.5,100000.0,True,2022HU0949579,29
2,68000.0,95000.0,1.3970588235294117,56,56,56.0,163000.0,False,2022HU0949747,29
2,72000.0,12000.0,6.0,74,73,73.5,84000.0,True,2022HU0949832,4
0,100000.0,45000.0,2.2222222222222223,48,51,49.5,145000.0,True,2022HU0950041,3
7,109000.0,1100.0,99.0909090909091,58,53,55.5,110100.0,True,2022HU0950980,17
4,0.0,503000.0,0.0,40,45,42.5,503000.0,True,2022HU0951807,5
0,41200.0,67000.0,1.6262135922330097,70,75,72.5,108200.0,True,2022HU0951809,28
1,74600.0,54100.0,1.3789279112754158,69,70,69.5,128700.0,True,2022HU0952649,27
1,13500.0,56900.0,4.214814814814815,76,75,75.5,70400.0,True,2022HU0953260,10
2,34020.0,39000.0,1.146384479717813,23,23,23.0,73020.0,True,2022HU0953971,32
0,46000.0,0.0,0.0,43,42,42.5,46000.0,True,2022HU0954200,51
0,76100.0,40700.0,1.8697788697788698,75,77,76.0,116800.0,True,2022HU0954951,12
1,19900.0,11300.0,1.761061946902655,66,68,67.0,31200.0,False,2022HU0955164,16
0,1000.0,2000.0,2.0,53,55,54.0,3000.0,True,2022HU0955869,20
0,75000.0,50000.0,1.5,51,51,51.0,125000.0,True,2022HU0955996,4
2,42500.0,13200.0,3.2196969696969697,75,78,76.5,55700.0,True,2022HU0956101,17
4,230000.0,0.0,0.0,42,39,40.5,230000.0,True,2022HU0956295,28
0,36200.0,27700.0,1.3068592057761732,74,66,70.0,63900.0,True,2022HU0956833,12
1,50000.0,10800.0,4.62962962962963,62,72,67.0,60800.0,True,2022HU0958229,21
0,108000.0,40000.0,2.7,75,62,68.5,148000.0,True,2022HU0958373,5
0,5200.0,3500.0,1.4857142857142858,54,55,54.5,8700.0,True,2022HU0958464,10
0,6200.0,8600.0,1.3870967741935485,93,85,89.0,14800.0,True,2022HU0958663,10
0,99000.0,40000.0,2.475,59,54,56.5,139000.0,True,2022HU0958839,6
0,50000.0,139200.0,2.784,36,39,37.5,189200.0,True,2022HU0959083,15
0,120000.0,41000.0,2.926829268292683,47,51,49.0,161000.0,True,2022HU0959557,15
0,33400.0,28100.0,1.188612099644128,30,30,30.0,61500.0,True,2022HU0959584,3
1,59000.0,12300.0,4.796747967479675,64,67,65.5,71300.0,True,2022HU0960007,10
1,84800.0,60000.0,1.4133333333333333,39,42,40.5,144800.0,True,2022HU0960725,19
1,30600.0,124500.0,4.068627450980392,92,97,94.5,155100.0,True,2022HU0960813,9
1,55800.0,95900.0,1.7186379928315412,77,73,75.0,151700.0,True,2022HU0961049,54
1,18700.0,65000.0,3.4759358288770055,32,35,33.5,83700.0,True,2022HU0961567,19
1,66900.0,65400.0,1.0229357798165137,73,76,74.5,132300.0,True,2022HU0961702,16
1,73300.0,46000.0,1.5934782608695652,72,76,74.0,119300.0,True,2022HU0962093,10
3,10400.0,161000.0,15.48076923076923,38,38,38.0,171400.0,True,2022HU0963207,42
1,32000.0,40000.0,1.25,48,48,48.0,72000.0,True,2022HU0963775,17
2,10700.0,45000.0,4.205607476635514,61,62,61.5,55700.0,False,2022HU0963933,12
0,37500.0,50100.0,1.336,72,69,70.5,87600.0,True,2022HU0964608,11
7,2000.0,117000.0,58.5,56,55,55.5,119000.0,True,2022HU0964630,16
0,58000.0,0.0,0.0,48,46,47.0,58000.0,True,2022HU0965860,41
4,0.0,503000.0,0.0,59,60,59.5,503000.0,True,2022HU0966846,21
1,8700.0,4700.0,1.851063829787234,75,71,73.0,13400.0,True,2022HU0967125,9
0,4700.0,8400.0,1.7872340425531914,72,69,70.5,13100.0,True,2022HU0967493,8
0,47400.0,0.0,0.0,59,63,61.0,47400.0,True,2022HU0967559,12
1,84700.0,83700.0,1.01194743130227,85,75,80.0,168400.0,True,2022HU0968272,6
0,48000.0,38000.0,1.263157894736842,41,42,41.5,86000.0,True,2022HU0969294,20
5,90700.0,610.0,148.68852459016392,67,62,64.5,91310.0,True,2022HU0969827,5
3,120000.0,0.0,0.0,43,42,42.5,120000.0,True,2022HU0969849,10
3,140000.0,0.0,0.0,47,45,46.0,140000.0,True,2022HU0970010,15
0,27900.0,30500.0,1.093189964157706,66,68,67.0,58400.0,True,2022HU0970137,10
1,104200.0,90000.0,1.1577777777777778,53,54,53.5,194200.0,True,2022HU0970458,5
3,52000.0,3800.0,13.68421052631579,56,67,61.5,55800.0,True,2022HU0971942,5
2,4800.0,46200.0,9.625,92,89,90.5,51000.0,True,2022HU0972136,21
1,13500.0,4000.0,3.375,71,60,65.5,17500.0,True,2022HU0972559,33
2,60000.0,90000.0,1.5,43,43,43.0,150000.0,False,2022HU0973762,6
1,90000.0,54000.0,1.6666666666666667,40,46,43.0,144000.0,True,2022HU0974580,6
3,77800.0,243100.0,3.1246786632390746,78,74,76.0,320900.0,True,2022HU0975179,18
2,186000.0,300000.0,1.6129032258064515,59,56,57.5,486000.0,True,2022HU0975828,1
2,93000.0,180000.0,1.935483870967742,53,49,51.0,273000.0,True,2022HU0976171,50
0,80000.0,45000.0,1.7777777777777777,58,52,55.0,125000.0,True,2022HU0976701,6
0,120000.0,50000.0,2.4,52,52,52.0,170000.0,True,2022HU0976717,17
0,90000.0,0.0,0.0,59,57,58.0,90000.0,True,2022HU0976937,15
1,52000.0,50000.0,1.04,26,28,27.0,102000.0,True,2022HU0977502,37
0,40400.0,106500.0,2.636138613861386,44,46,45.0,146900.0,True,2022HU0977984,11
3,60000.0,5000.0,12.0,45,49,47.0,65000.0,True,2022HU0978149,42
2,110300.0,92000.0,1.1989130434782609,78,74,76.0,202300.0,True,2022HU0978231,29
1,77000.0,0.0,0.0,31,25,28.0,77000.0,True,2022HU0978570,13
2,12000.0,60000.0,5.0,28,28,28.0,72000.0,True,2022HU0978870,14
0,40000.0,51000.0,1.275,61,67,64.0,91000.0,True,2022HU0978926,17
0,22000.0,0.0,0.0,30,35,32.5,22000.0,True,2022HU0979084,41
1,43000.0,90000.0,2.0930232558139537,65,59,62.0,133000.0,True,2022HU0979299,4
0,71000.0,50000.0,1.42,80,90,85.0,121000.0,True,2022HU0979319,8
0,22200.0,59000.0,2.6576576576576576,70,76,73.0,81200.0,True,2022HU0979416,11
1,77800.0,87800.0,1.1285347043701799,56,55,55.5,165600.0,True,2022HU0979423,30
0,35000.0,49000.0,1.4,45,44,44.5,84000.0,True,2022HU0979756,23
4,80000.0,5000.0,16.0,28,28,28.0,85000.0,True,2022HU0980273,103
0,66900.0,49700.0,1.3460764587525151,77,73,75.0,116600.0,True,2022HU0980320,21
1,82400.0,65500.0,1.2580152671755724,71,71,71.0,147900.0,True,2022HU0980680,16
0,50000.0,131000.0,2.62,75,81,78.0,181000.0,True,2022HU0980995,37
0,42700.0,19500.0,2.18974358974359,76,80,78.0,62200.0,True,2022HU0981240,16
2,23000.0,70000.0,3.0434782608695654,25,26,25.5,93000.0,True,2022HU0981254,20
0,121000.0,45700.0,2.647702407002188,66,61,63.5,166700.0,True,2022HU0981677,35
1,75000.0,60000.0,1.25,46,42,44.0,135000.0,True,2022HU0981992,40
1,120000.0,32800.0,3.658536585365854,58,59,58.5,152800.0,True,2022HU0982930,31
1,100000.0,52000.0,1.9230769230769231,32,34,33.0,152000.0,True,2022HU0983362,29
0,65000.0,35000.0,1.8571428571428572,38,37,37.5,100000.0,True,2022HU0983424,23
1,9100.0,37000.0,4.065934065934066,69,57,63.0,46100.0,True,2022HU0983779,12
0,1800.0,4200.0,2.3333333333333335,78,77,77.5,6000.0,True,2022HU0983958,16
0,0.0,30000.0,0.0,38,41,39.5,30000.0,True,2022HU0984381,13
1,90000.0,73000.0,1.2328767123287672,60,63,61.5,163000.0,True,2022HU0984479,7
0,38600.0,42000.0,1.0880829015544042,47,41,44.0,80600.0,True,2022HU0984719,11
8,302000.0,5000.0,60.4,79,72,75.5,307000.0,True,2022HU0985157,2
0,30000.0,11000.0,2.727272727272727,44,41,42.5,41000.0,True,2022HU0985235,5
7,2300.0,138600.0,60.26086956521739,59,60,59.5,140900.0,True,2022HU0985779,9
1,59000.0,136400.0,2.311864406779661,61,63,62.0,195400.0,True,2022HU0985780,18
1,81930.0,0.0,0.0,83,62,72.5,81930.0,True,2022HU0986238,19
1,79000.0,65000.0,1.2153846153846153,44,44,44.0,144000.0,True,2022HU0988483,5
3,190100.0,0.0,0.0,92,90,91.0,190100.0,True,2022HU0988831,16
0,28000.0,9600.0,2.9166666666666665,81,81,81.0,37600.0,True,2022HU0990424,7
3,114100.0,0.0,0.0,67,58,62.5,114100.0,True,2022HU0990885,16
4,138700.0,0.0,0.0,82,58,70.0,138700.0,True,2022HU0991055,46
3,5000.0,55000.0,11.0,38,36,37.0,60000.0,True,2022HU0991266,49
2,81900.0,203300.0,2.4822954822954824,76,75,75.5,285200.0,True,2022HU0992223,11
3,133000.0,100000.0,1.33,66,54,60.0,233000.0,False,2022HU0992732,2
3,44000.0,3000.0,14.666666666666666,73,75,74.0,47000.0,True,2022HU0994586,8
4,240100.0,18000.0,13.338888888888889,82,81,81.5,258100.0,True,2022HU0996605,9
2,226000.0,93000.0,2.4301075268817205,36,33,34.5,319000.0,True,2022HU0997295,38
3,75600.0,4600.0,16.434782608695652,57,57,57.0,80200.0,True,2022HU0997308,4
1,52000.0,77000.0,1.4807692307692308,48,47,47.5,129000.0,True,2022HU0997797,45
0,8800.0,7600.0,1.1578947368421053,80,73,76.5,16400.0,True,2022HU0998306,12
0,50000.0,100000.0,2.0,40,41,40.5,150000.0,True,2022HU0998519,21
0,83000.0,32900.0,2.522796352583587,31,32,31.5,115900.0,True,2022HU0999084,17
1,60000.0,12000.0,5.0,52,47,49.5,72000.0,True,2022HU0999820,20
1,40000.0,9500.0,4.2105263157894735,47,43,45.0,49500.0,True,2022HU1000051,23
3,37000.0,3100.0,11.935483870967742,62,57,59.5,40100.0,True,2022HU1000169,38
1,70000.0,120000.0,1.7142857142857142,48,49,48.5,190000.0,True,2022HU1000520,8
0,61000.0,23500.0,2.595744680851064,75,73,74.0,84500.0,True,2022HU1001228,9
1,100000.0,100000.0,1.0,47,47,47.0,200000.0,True,2022HU1001478,17
4,308900.0,17200.0,17.959302325581394,89,86,87.5,326100.0,True,2022HU1001847,8
3,302900.0,48000.0,6.310416666666667,49,54,51.5,350900.0,True,2022HU1001890,15
0,50000.0,40000.0,1.25,51,47,49.0,90000.0,True,2022HU1001945,2
2,204000.0,89000.0,2.292134831460674,58,53,55.5,293000.0,True,2022HU1002620,14
1,52000.0,14100.0,3.6879432624113475,30,30,30.0,66100.0,True,2022HU1003740,23
0,19000.0,19400.0,1.0210526315789474,76,70,73.0,38400.0,True,2022HU1003833,13
2,12000.0,94000.0,7.833333333333333,70,72,71.0,106000.0,True,2022HU1004609,8
1,33300.0,100000.0,3.003003003003003,45,44,44.5,133300.0,True,2022HU1004724,9
2,182100.0,270000.0,1.4827018121911038,73,66,69.5,452100.0,True,2022HU1004745,9
3,71000.0,12000.0,5.916666666666667,25,29,27.0,83000.0,True,2022HU1005009,45
0,74000.0,31200.0,2.371794871794872,51,50,50.5,105200.0,True,2022HU1005542,9
1,9000.0,30300.0,3.3666666666666667,76,85,80.5,39300.0,True,2022HU1005558,12
3,130000.0,130000.0,1.0,29,29,29.0,260000.0,True,2022HU1005964,14
1,112000.0,40000.0,2.8,52,50,51.0,152000.0,True,2022HU1006311,16
2,13900.0,25000.0,1.7985611510791366,66,63,64.5,38900.0,False,2022HU1007194,105
3,400000.0,80000.0,5.0,37,38,37.5,480000.0,True,2022HU1008246,49
1,60000.0,65000.0,1.0833333333333333,39,40,39.5,125000.0,True,2022HU1010138,50
2,18000.0,120000.0,6.666666666666667,36,39,37.5,138000.0,True,2022HU1013760,15
1,80100.0,78000.0,1.0269230769230768,69,68,68.5,158100.0,True,2022HU1014446,16
0,9500.0,0.0,0.0,42,41,41.5,9500.0,True,2022HU1014639,21
0,26000.0,36800.0,1.4153846153846155,50,45,47.5,62800.0,True,2022HU1014882,6
4,3200.0,39000.0,12.1875,62,58,60.0,42200.0,False,2022HU1015013,43
1,71900.0,20100.0,3.5771144278606966,84,79,81.5,92000.0,True,2022HU1015020,14
1,62500.0,-2200.0,0.0,57,67,62.0,60300.0,True,2022HU1015027,26
0,40000.0,39000.0,1.0256410256410255,44,46,45.0,79000.0,True,2022HU1015049,21
1,60000.0,65000.0,1.0833333333333333,36,44,40.0,125000.0,True,2022HU1015144,37
1,21900.0,96300.0,4.397260273972603,57,55,56.0,118200.0,True,2022HU1015553,17
1,0.0,12000.0,0.0,51,49,50.0,12000.0,False,2022HU1015870,10
2,48000.0,8400.0,5.714285714285714,65,65,65.0,56400.0,True,2022HU1017278,12
2,25700.0,120000.0,4.669260700389105,31,35,33.0,145700.0,True,2022HU1017319,51
2,66000.0,134210.0,2.0334848484848487,47,45,46.0,200210.0,True,2022HU1018101,11
0,8700.0,10100.0,1.160919540229885,62,63,62.5,18800.0,True,2022HU1018340,5
7,5800.0,148000.0,25.517241379310345,69,70,69.5,153800.0,True,2022HU1018843,22
3,135000.0,0.0,0.0,66,60,63.0,135000.0,True,2022HU1020222,9
3,180000.0,60000.0,3.0,48,47,47.5,240000.0,True,2022HU1020720,97
1,38000.0,52030.0,1.3692105263157894,40,41,40.5,90030.0,False,2022HU1021743,25
1,57200.0,70500.0,1.2325174825174825,66,65,65.5,127700.0,True,2022HU1021912,18
4,523000.0,0.0,0.0,56,46,51.0,523000.0,True,2022HU1022786,6
2,105300.0,15000.0,7.02,38,45,41.5,120300.0,True,2022HU1023375,11
2,4200.0,21800.0,5.190476190476191,50,55,52.5,26000.0,True,2022HU1023842,28
3,87000.0,5900.0,14.745762711864407,67,68,67.5,92900.0,True,2022HU1025379,4
2,83500.0,131200.0,1.5712574850299401,58,59,58.5,214700.0,True,2022HU1026843,14
2,91000.0,137100.0,1.5065934065934066,68,69,68.5,228100.0,True,2022HU1027041,8
0,0.0,60000.0,0.0,46,46,46.0,60000.0,True,2022HU1027592,49
2,41000.0,9000.0,4.555555555555555,86,68,77.0,50000.0,True,2022HU1027702,12
0,47400.0,138200.0,2.9156118143459917,80,89,84.5,185600.0,True,2022HU1028561,19
0,77400.0,0.0,0.0,74,63,68.5,77400.0,True,2022HU1029209,4
6,115000.0,5900.0,19.491525423728813,61,65,63.0,120900.0,True,2022HU1030852,15
1,54500.0,103500.0,1.8990825688073394,67,75,71.0,158000.0,True,2022HU1033307,14
3,47000.0,9300.0,5.053763440860215,35,36,35.5,56300.0,False,2022HU1034107,20
2,97290.0,134210.0,1.3794840168568199,55,54,54.5,231500.0,True,2022HU1034518,10
0,22400.0,32000.0,1.4285714285714286,37,48,42.5,54400.0,True,2022HU1036672,4
0,21500.0,28000.0,1.302325581395349,62,63,62.5,49500.0,True,2022HU1037140,34
0,135100.0,50000.0,2.702,45,40,42.5,185100.0,True,2022HU1037910,12
3,36000.0,5000.0,7.2,50,47,48.5,41000.0,False,2022HU1038221,22
0,0.0,12000.0,0.0,65,57,61.0,12000.0,True,2022HU1038667,10
2,60000.0,120000.0,2.0,43,45,44.0,180000.0,True,2022HU1038770,11
2,125000.0,84000.0,1.4880952380952381,52,54,53.0,209000.0,True,2022HU1039020,15
0,48250.0,50000.0,1.0362694300518134,44,49,46.5,98250.0,True,2022HU1039262,11
1,46000.0,23000.0,2.0,90,73,81.5,69000.0,True,2022HU1039345,24
0,6400.0,5900.0,1.0847457627118644,77,69,73.0,12300.0,True,2022HU1039469,9
0,39300.0,73300.0,1.8651399491094147,75,72,73.5,112600.0,True,2022HU1040268,20
2,0.0,32000.0,0.0,84,37,60.5,32000.0,False,2022HU1040519,11
0,14000.0,12000.0,1.1666666666666667,47,56,51.5,26000.0,True,2022HU1041582,25
1,75100.0,65000.0,1.1553846153846155,63,58,60.5,140100.0,True,2022HU1042078,13
0,32300.0,16200.0,1.9938271604938271,71,58,64.5,48500.0,True,2022HU1043117,4
1,30000.0,0.0,0.0,26,32,29.0,30000.0,True,2022HU1043316,11
0,39920.0,116200.0,2.9108216432865732,74,84,79.0,156120.0,True,2022HU1044137,7
0,7200.0,0.0,0.0,66,55,60.5,7200.0,True,2022HU1044600,14
2,63000.0,54000.0,1.1666666666666667,49,52,50.5,117000.0,True,2022HU1044665,3
1,55000.0,102000.0,1.8545454545454545,63,64,63.5,157000.0,True,2022HU1044892,6
0,92400.0,42000.0,2.2,66,65,65.5,134400.0,True,2022HU1045263,8
1,0.0,51200.0,0.0,72,72,72.0,51200.0,False,2022HU1046352,9
0,32600.0,54380.0,1.6680981595092024,67,66,66.5,86980.0,True,2022HU1046665,15
1,65000.0,120000.0,1.8461538461538463,53,50,51.5,185000.0,True,2022HU1046815,4
0,74000.0,35000.0,2.1142857142857143,48,49,48.5,109000.0,True,2022HU1048494,35
0,97000.0,33000.0,2.9393939393939394,37,30,33.5,130000.0,True,2022HU1049684,29
0,51000.0,0.0,0.0,63,58,60.5,51000.0,True,2022HU1050300,12
0,11100.0,6000.0,1.85,59,69,64.0,17100.0,True,2022HU1050559,4
0,47100.0,59000.0,1.2526539278131634,77,78,77.5,106100.0,True,2022HU1050686,14
2,40800.0,24000.0,1.7,21,23,22.0,64800.0,True,2022HU1051378,10
0,22000.0,17700.0,1.2429378531073447,69,82,75.5,39700.0,True,2022HU1053005,7
8,360000.0,6000.0,60.0,66,60,63.0,366000.0,True,2022HU1053573,20
2,7000.0,70000.0,10.0,56,59,57.5,77000.0,True,2022HU1054098,19
2,140000.0,115700.0,1.2100259291270528,60,63,61.5,255700.0,True,2022HU1054211,12
0,63600.0,0.0,0.0,76,66,71.0,63600.0,True,2022HU1054796,18
5,90000.0,340.0,264.70588235294116,65,51,58.0,90340.0,True,2022HU1055032,17
2,56000.0,14300.0,3.9160839160839163,43,45,44.0,70300.0,True,2022HU1056170,10
2,6800.0,46800.0,6.882352941176471,74,75,74.5,53600.0,True,2022HU1056766,15
1,53000.0,125000.0,2.358490566037736,53,54,53.5,178000.0,True,2022HU1057440,12
1,21000.0,96300.0,4.585714285714285,33,39,36.0,117300.0,True,2022HU1057731,24
7,149800.0,9100.0,16.46153846153846,80,80,80.0,158900.0,True,2022HU1057796,43
1,58800.0,12100.0,4.859504132231405,67,65,66.0,70900.0,True,2022HU1057892,15
2,48700.0,15100.0,3.225165562913907,80,75,77.5,63800.0,True,2022HU1058061,11
1,60000.0,0.0,0.0,30,28,29.0,60000.0,True,2022HU1058348,11
2,13100.0,72000.0,5.4961832061068705,61,56,58.5,85100.0,True,2022HU1059047,18
3,0.0,200000.0,0.0,56,51,53.5,200000.0,True,2022HU1059361,7
2,167000.0,61000.0,2.737704918032787,62,53,57.5,228000.0,True,2022HU1059665,7
0,30000.0,50000.0,1.6666666666666667,50,50,50.0,80000.0,True,2022HU1060399,16
7,129000.0,1600.0,80.625,31,30,30.5,130600.0,True,2022HU1060870,18
1,32000.0,9400.0,3.404255319148936,76,79,77.5,41400.0,True,2022HU1061713,9
4,210000.0,20000.0,10.5,82,83,82.5,230000.0,True,2022HU1061986,22
1,96000.0,55000.0,1.7454545454545454,67,66,66.5,151000.0,True,2022HU1062075,23
1,110000.0,36600.0,3.0054644808743167,76,76,76.0,146600.0,True,2022HU1062105,17
0,45000.0,0.0,0.0,36,37,36.5,45000.0,True,2022HU1062201,23
2,62400.0,8800.0,7.090909090909091,73,74,73.5,71200.0,True,2022HU1062216,19
1,5900.0,0.0,0.0,75,56,65.5,5900.0,True,2022HU1062637,10
1,140000.0,40000.0,3.5,46,44,45.0,180000.0,True,2022HU1063718,37
1,20000.0,17500.0,1.1428571428571428,64,59,61.5,37500.0,False,2022HU1064696,9
3,8000.0,50000.0,6.25,32,33,32.5,58000.0,False,2022HU1064996,14
4,45000.0,700.0,64.28571428571429,36,41,38.5,45700.0,True,2022HU1065417,14
1,0.0,55200.0,0.0,46,64,55.0,55200.0,True,2022HU1066771,7
3,181500.0,51000.0,3.5588235294117645,50,49,49.5,232500.0,True,2022HU1067331,19
1,75000.0,33600.0,2.232142857142857,60,76,68.0,108600.0,True,2022HU1068317,30
2,170000.0,20000.0,8.5,36,35,35.5,190000.0,True,2022HU1069162,17
0,6400.0,15900.0,2.484375,70,69,69.5,22300.0,True,2022HU1069233,15
1,100000.0,30000.0,3.3333333333333335,52,58,55.0,130000.0,True,2022HU1069816,26
0,60000.0,48500.0,1.2371134020618557,48,45,46.5,108500.0,True,2022HU1070905,3
6,20600.0,2000.0,10.3,68,22,45.0,22600.0,False,2022HU1071263,14
2,10100.0,0.0,0.0,71,52,61.5,10100.0,True,2022HU1071793,21
3,0.0,150000.0,0.0,58,61,59.5,150000.0,True,2022HU1072383,4
0,37200.0,72200.0,1.9408602150537635,67,76,71.5,109400.0,True,2022HU1072525,8
1,39500.0,17600.0,2.2443181818181817,35,43,39.0,57100.0,True,2022HU1073467,16
1,116000.0,59400.0,1.9528619528619529,73,71,72.0,175400.0,True,2022HU1073921,10
1,65000.0,65000.0,1.0,52,49,50.5,130000.0,True,2022HU1074040,11
1,93000.0,98000.0,1.053763440860215,47,46,46.5,191000.0,True,2022HU1074545,8
1,40000.0,70000.0,1.75,25,26,25.5,110000.0,True,2022HU1074982,17
1,102200.0,68000.0,1.5029411764705882,42,39,40.5,170200.0,True,2022HU1075407,10
0,44900.0,21300.0,2.107981220657277,75,75,75.0,66200.0,True,2022HU1075543,15
0,40000.0,78000.0,1.95,43,48,45.5,118000.0,True,2022HU1076141,33
2,99800.0,117800.0,1.1803607214428857,37,36,36.5,217600.0,True,2022HU1076857,17
0,52500.0,0.0,0.0,81,69,75.0,52500.0,True,2022HU1078426,5
1,43240.0,12000.0,3.6033333333333335,70,69,69.5,55240.0,True,2022HU1079162,16
1,63200.0,120000.0,1.8987341772151898,45,45,45.0,183200.0,True,2022HU1079842,17
0,26500.0,14400.0,1.8402777777777777,73,73,73.0,40900.0,True,2022HU1080536,10
1,100000.0,65000.0,1.5384615384615385,47,47,47.0,165000.0,True,2022HU1080831,18
1,87900.0,58100.0,1.512908777969019,75,81,78.0,146000.0,True,2022HU1081219,18
1,49000.0,60000.0,1.2244897959183674,69,67,68.0,109000.0,True,2022HU1081344,9
1,72000.0,32000.0,2.25,74,52,63.0,104000.0,True,2022HU1081982,10
1,5400.0,26200.0,4.851851851851852,72,61,66.5,31600.0,True,2022HU1082015,17
1,29400.0,42200.0,1.435374149659864,79,78,78.5,71600.0,True,2022HU1082220,18
0,38000.0,21000.0,1.8095238095238095,59,59,59.0,59000.0,True,2022HU1082460,46
2,0.0,29400.0,0.0,34,32,33.0,29400.0,False,2022HU1082638,2
2,8300.0,74000.0,8.91566265060241,80,83,81.5,82300.0,True,2022HU1083006,23
0,32700.0,12000.0,2.725,73,74,73.5,44700.0,True,2022HU1083611,30
4,97000.0,3000.0,32.333333333333336,54,50,52.0,100000.0,True,2022HU1083723,9
2,153600.0,110000.0,1.3963636363636365,74,80,77.0,263600.0,True,2022HU1085700,9
0,30000.0,25000.0,1.2,60,58,59.0,55000.0,True,2022HU1086175,36
0,1400.0,3300.0,2.357142857142857,71,72,71.5,4700.0,True,2022HU1086213,11
1,66930.0,89600.0,1.3387120872553413,62,66,64.0,156530.0,True,2022HU1086622,9
0,30000.0,72000.0,2.4,64,61,62.5,102000.0,True,2022HU1086993,14
0,30050.0,35000.0,1.1647254575707155,39,38,38.5,65050.0,True,2022HU1087690,5
0,69300.0,0.0,0.0,73,74,73.5,69300.0,True,2022HU1087921,12
2,235100.0,96100.0,2.446409989594173,76,75,75.5,331200.0,True,2022HU1088018,22
3,158100.0,12000.0,13.175,75,72,73.5,170100.0,True,2022HU1088072,3
2,95000.0,24000.0,3.9583333333333335,40,62,51.0,119000.0,True,2022HU1088084,31
0,27700.0,14000.0,1.9785714285714286,82,74,78.0,41700.0,True,2022HU1088327,9
6,8900.0,120700.0,13.561797752808989,67,67,67.0,129600.0,True,2022HU1088369,107
1,18100.0,30800.0,1.701657458563536,80,81,80.5,48900.0,True,2022HU1088680,13
0,0.0,96000.0,0.0,39,42,40.5,96000.0,True,2022HU1090088,30
2,20500.0,160480.0,7.828292682926829,45,37,41.0,180980.0,True,2022HU1091034,41
1,67100.0,64000.0,1.0484375,67,82,74.5,131100.0,True,2022HU1092060,37
1,52000.0,87000.0,1.6730769230769231,45,52,48.5,139000.0,True,2022HU1093678,3
2,20000.0,98000.0,4.9,29,39,34.0,118000.0,False,2022HU1093893,40
0,60000.0,0.0,0.0,46,48,47.0,60000.0,True,2022HU1095746,20
2,40000.0,135400.0,3.385,63,72,67.5,175400.0,False,2022HU1095916,9
0,60000.0,0.0,0.0,52,58,55.0,60000.0,True,2022HU1097324,22
0,12700.0,25000.0,1.968503937007874,59,57,58.0,37700.0,True,2022HU1097352,15
0,100200.0,35000.0,2.862857142857143,66,62,64.0,135200.0,True,2022HU1097948,11
1,91050.0,0.0,0.0,34,40,37.0,91050.0,False,2022HU1098725,16
1,48700.0,62000.0,1.273100616016427,51,64,57.5,110700.0,False,2022HU1099121,19
3,253000.0,80000.0,3.1625,61,62,61.5,333000.0,True,2022HU1100120,15
1,24000.0,88500.0,3.6875,67,67,67.0,112500.0,True,2022HU1100261,14
0,37400.0,75000.0,2.0053475935828877,37,36,36.5,112400.0,True,2022HU1100263,15
2,241000.0,300000.0,1.2448132780082988,49,54,51.5,541000.0,True,2022HU1100313,22
0,75700.0,42500.0,1.7811764705882354,73,72,72.5,118200.0,True,2022HU1100445,9
2,94800.0,11800.0,8.033898305084746,64,65,64.5,106600.0,True,2022HU1103001,43
0,63000.0,42000.0,1.5,52,47,49.5,105000.0,True,2022HU1103912,9
2,12000.0,0.0,0.0,25,24,24.5,12000.0,True,2022HU1104068,11
3,0.0,140000.0,0.0,34,35,34.5,140000.0,True,2022HU1105886,20
2,123500.0,95300.0,1.2959076600209865,45,48,46.5,218800.0,True,2022HU1105903,9
3,50000.0,10900.0,4.587155963302752,68,65,66.5,60900.0,False,2022HU1106946,12
1,21600.0,5600.0,3.857142857142857,78,80,79.0,27200.0,True,2022HU1107429,11
0,37000.0,51400.0,1.3891891891891892,61,70,65.5,88400.0,True,2022HU1107523,15
4,210000.0,0.0,0.0,39,35,37.0,210000.0,True,2022HU1107863,27
1,49210.0,59600.0,1.2111359479780532,37,37,37.0,108810.0,True,2022HU1108212,18
0,10000.0,27600.0,2.76,75,81,78.0,37600.0,True,2022HU1108490,7
4,0.0,124000.0,0.0,26,30,28.0,124000.0,True,2022HU1108500,15
1,60700.0,72000.0,1.186161449752883,63,60,61.5,132700.0,True,2022HU1109025,46
2,150000.0,75000.0,2.0,71,63,67.0,225000.0,True,2022HU1109192,13
7,6000.0,125000.0,20.833333333333332,61,59,60.0,131000.0,True,2022HU1110610,15
7,165000.0,7500.0,22.0,87,81,84.0,172500.0,True,2022HU1111467,24
0,92000.0,45000.0,2.0444444444444443,60,50,55.0,137000.0,True,2022HU1111576,25
0,33630.0,35800.0,1.0645257210823669,68,69,68.5,69430.0,True,2022HU1111795,16
2,35700.0,0.0,0.0,25,23,24.0,35700.0,True,2022HU1112089,13
2,12000.0,100000.0,8.333333333333334,51,51,51.0,112000.0,True,2022HU1112819,23
4,256230.0,13100.0,19.559541984732824,62,59,60.5,269330.0,True,2022HU1113071,9
1,34000.0,46000.0,1.3529411764705883,41,59,50.0,80000.0,True,2022HU1113134,103
2,100400.0,150000.0,1.4940239043824701,54,55,54.5,250400.0,True,2022HU1113323,7
3,140000.0,74400.0,1.881720430107527,64,83,73.5,214400.0,True,2022HU1113554,7
2,80000.0,150000.0,1.875,40,43,41.5,230000.0,True,2022HU1114144,102
1,12000.0,58000.0,4.833333333333333,54,54,54.0,70000.0,True,2022HU1114200,10
0,24000.0,43700.0,1.8208333333333333,67,66,66.5,67700.0,True,2022HU1114390,16
0,48000.0,48000.0,1.0,52,55,53.5,96000.0,True,2022HU1114639,3
3,102000.0,0.0,0.0,41,41,41.0,102000.0,True,2022HU1115329,15
4,80000.0,1700.0,47.05882352941177,34,40,37.0,81700.0,True,2022HU1115511,2
4,80000.0,2000.0,40.0,41,40,40.5,82000.0,True,2022HU1117131,78
4,540000.0,47000.0,11.48936170212766,74,59,66.5,587000.0,True,2022HU1117280,8
2,15000.0,125000.0,8.333333333333334,46,55,50.5,140000.0,True,2022HU1117329,8
1,67400.0,53700.0,1.25512104283054,71,66,68.5,121100.0,True,2022HU1117331,24
1,0.0,720.0,0.0,39,47,43.0,720.0,False,2022HU1117986,7
2,40000.0,128000.0,3.2,57,55,56.0,168000.0,True,2022HU1118200,11
4,23000.0,2400.0,9.583333333333334,23,22,22.5,25400.0,True,2022HU1118261,45
4,1100.0,65000.0,59.09090909090909,60,73,66.5,66100.0,True,2022HU1118576,8
0,18000.0,16000.0,1.125,46,43,44.5,34000.0,True,2022HU1118687,14
0,16000.0,10700.0,1.4953271028037383,78,74,76.0,26700.0,True,2022HU1119060,4
1,120000.0,30000.0,4.0,43,41,42.0,150000.0,True,2022HU1119152,9
1,43000.0,40000.0,1.075,35,33,34.0,83000.0,False,2022HU1119183,13
1,82000.0,49000.0,1.6734693877551021,60,56,58.0,131000.0,True,2022HU1119347,15
0,35000.0,14200.0,2.464788732394366,70,65,67.5,49200.0,True,2022HU1119585,19
0,74000.0,48000.0,1.5416666666666667,37,37,37.0,122000.0,True,2022HU1119841,12
0,0.0,40000.0,0.0,53,55,54.0,40000.0,True,2022HU1119989,17
3,214000.0,53000.0,4.037735849056604,56,55,55.5,267000.0,True,2022HU1120149,8
1,12000.0,33000.0,2.75,43,43,43.0,45000.0,False,2022HU1120265,66
0,80000.0,31000.0,2.5806451612903225,79,75,77.0,111000.0,True,2022HU1122061,21
2,90000.0,75000.0,1.2,47,47,47.0,165000.0,False,2022HU1123089,14
0,42300.0,18300.0,2.3114754098360657,76,76,76.0,60600.0,True,2022HU1123109,36
2,193000.0,42000.0,4.595238095238095,61,57,59.0,235000.0,True,2022HU1123110,6
4,560.0,15000.0,26.785714285714285,39,38,38.5,15560.0,True,2022HU1123237,19
0,0.0,0.0,0.0,65,71,68.0,0.0,True,2022HU1123300,9
2,50000.0,26000.0,1.9230769230769231,26,20,23.0,76000.0,True,2022HU1124070,62
2,27000.0,0.0,0.0,21,18,19.5,27000.0,True,2022HU1125818,19
7,107800.0,3200.0,33.6875,40,41,40.5,111000.0,True,2022HU1127078,11
1,80000.0,65000.0,1.2307692307692308,41,40,40.5,145000.0,True,2022HU1128220,12
0,35000.0,15000.0,2.3333333333333335,62,60,61.0,50000.0,True,2022HU1128678,16
0,50000.0,0.0,0.0,51,46,48.5,50000.0,True,2022HU1128725,10
2,218000.0,298500.0,1.3692660550458715,70,70,70.0,516500.0,True,2022HU1129037,15
0,0.0,65700.0,0.0,54,60,57.0,65700.0,True,2022HU1129472,40
0,26000.0,48000.0,1.8461538461538463,69,73,71.0,74000.0,True,2022HU1131842,8
0,25000.0,45100.0,1.804,33,32,32.5,70100.0,True,2022HU1132435,4
0,21000.0,21000.0,1.0,33,35,34.0,42000.0,True,2022HU1132897,23
3,13000.0,150000.0,11.538461538461538,61,58,59.5,163000.0,True,2022HU1133364,27
1,62000.0,62000.0,1.0,43,40,41.5,124000.0,True,2022HU1133380,57
3,150000.0,0.0,0.0,40,41,40.5,150000.0,True,2022HU1133486,21
2,167200.0,36600.0,4.5683060109289615,59,55,57.0,203800.0,True,2022HU1133979,8
4,212000.0,0.0,0.0,34,35,34.5,212000.0,True,2022HU1134040,30
1,130000.0,41000.0,3.1707317073170733,48,53,50.5,171000.0,True,2022HU1134324,18
1,60000.0,75000.0,1.25,66,67,66.5,135000.0,True,2022HU1134379,15
0,0.0,60000.0,0.0,32,31,31.5,60000.0,True,2022HU1134768,18
1,96000.0,63000.0,1.5238095238095237,61,61,61.0,159000.0,True,2022HU1135407,12
0,0.0,70300.0,0.0,60,61,60.5,70300.0,True,2022HU1136175,3
1,125000.0,75000.0,1.6666666666666667,59,55,57.0,200000.0,True,2022HU1136524,13
0,100000.0,40000.0,2.5,47,43,45.0,140000.0,True,2022HU1136977,44
2,165100.0,60000.0,2.7516666666666665,67,58,62.5,225100.0,True,2022HU1137484,9
1,56200.0,130700.0,2.3256227758007118,54,48,51.0,186900.0,True,2022HU1137516,15
2,0.0,32000.0,0.0,67,62,64.5,32000.0,False,2022HU1137589,14
3,20700.0,104000.0,5.024154589371981,87,62,74.5,124700.0,True,2022HU1137680,9
1,0.0,68000.0,0.0,25,26,25.5,68000.0,True,2022HU1138882,74
1,17000.0,70000.0,4.117647058823529,30,33,31.5,87000.0,True,2022HU1140695,28
3,175000.0,0.0,0.0,49,47,48.0,175000.0,True,2022HU1140944,28
4,696000.0,90000.0,7.733333333333333,50,46,48.0,786000.0,True,2022HU1141300,18
0,24000.0,63000.0,2.625,35,38,36.5,87000.0,True,2022HU1142413,7
0,33400.0,46000.0,1.377245508982036,66,69,67.5,79400.0,True,2022HU1143474,26
1,22000.0,45000.0,2.0454545454545454,71,63,67.0,67000.0,True,2022HU1143884,75
3,175300.0,0.0,0.0,63,63,63.0,175300.0,True,2022HU1144290,10
4,40000.0,285000.0,7.125,68,59,63.5,325000.0,True,2022HU1144545,19
2,109800.0,26400.0,4.159090909090909,74,91,82.5,136200.0,True,2022HU1144630,16
2,50000.0,40000.0,1.25,30,27,28.5,90000.0,False,2022HU1145741,16
1,120000.0,25000.0,4.8,64,62,63.0,145000.0,True,2022HU1145759,45
0,38000.0,0.0,0.0,62,62,62.0,38000.0,True,2022HU1146182,6
3,110000.0,503000.0,4.572727272727272,33,34,33.5,613000.0,True,2022HU1146675,51
1,30000.0,12000.0,2.5,48,44,46.0,42000.0,True,2022HU1147406,8
3,126000.0,0.0,0.0,42,42,42.0,126000.0,True,2022HU1147415,12
1,45020.0,65000.0,1.4438027543314083,35,26,30.5,110020.0,True,2022HU1147428,21
0,16400.0,10800.0,1.5185185185185186,73,73,73.0,27200.0,True,2022HU1148572,9
6,716000.0,12200.0,58.68852459016394,84,64,74.0,728200.0,True,2022HU1148800,1
4,6000.0,45000.0,7.5,23,25,24.0,51000.0,True,2022HU1149021,13
3,95000.0,120000.0,1.263157894736842,46,47,46.5,215000.0,False,2022HU1149106,7
0,72000.0,30000.0,2.4,45,45,45.0,102000.0,True,2022HU1149230,19
0,80000.0,47000.0,1.702127659574468,60,50,55.0,127000.0,True,2022HU1150274,10
1,92200.0,86200.0,1.0696055684454757,54,54,54.0,178400.0,True,2022HU1150472,11
0,33800.0,26300.0,1.285171102661597,69,55,62.0,60100.0,True,2022HU1151571,42
1,56000.0,73100.0,1.3053571428571429,53,55,54.0,129100.0,True,2022HU1151623,11
0,23900.0,35000.0,1.4644351464435146,73,71,72.0,58900.0,True,2022HU1151724,19
1,77000.0,55100.0,1.397459165154265,46,43,44.5,132100.0,True,2022HU1151786,10
2,178000.0,20000.0,8.9,41,35,38.0,198000.0,True,2022HU1152503,16
1,80100.0,55000.0,1.4563636363636363,44,46,45.0,135100.0,True,2022HU1153157,34
0,39800.0,49300.0,1.2386934673366834,74,88,81.0,89100.0,True,2022HU1153782,16
1,83600.0,60000.0,1.3933333333333333,49,55,52.0,143600.0,True,2022HU1154421,12
0,27000.0,19000.0,1.4210526315789473,42,48,45.0,46000.0,True,2022HU1155132,21
1,85000.0,100000.0,1.1764705882352942,55,57,56.0,185000.0,True,2022HU1157471,8
3,100000.0,446000.0,4.46,34,36,35.0,546000.0,True,2022HU1157624,40
3,109000.0,0.0,0.0,55,56,55.5,109000.0,True,2022HU1157921,15
4,503000.0,0.0,0.0,42,46,44.0,503000.0,True,2022HU1157949,17
3,170000.0,12000.0,14.166666666666666,50,49,49.5,182000.0,True,2022HU1158037,15
3,236800.0,46000.0,5.147826086956521,85,76,80.5,282800.0,True,2022HU1158825,7
1,40000.0,42700.0,1.0675,25,38,31.5,82700.0,True,2022HU1159040,26
0,72000.0,40000.0,1.8,47,55,51.0,112000.0,True,2022HU1159588,13
0,31600.0,0.0,0.0,73,74,73.5,31600.0,True,2022HU1159893,7
0,100000.0,50000.0,2.0,38,36,37.0,150000.0,True,2022HU1160586,11
4,0.0,503000.0,0.0,45,47,46.0,503000.0,True,2022HU1161152,20
1,11900.0,9200.0,1.2934782608695652,71,67,69.0,21100.0,True,2022HU1161723,11
1,70000.0,100000.0,1.4285714285714286,44,54,49.0,170000.0,True,2022HU1161813,16
1,56000.0,92000.0,1.6428571428571428,41,40,40.5,148000.0,True,2022HU1162253,12
0,45000.0,100000.0,2.2222222222222223,53,63,58.0,145000.0,True,2022HU1162376,6
0,34000.0,98000.0,2.8823529411764706,36,36,36.0,132000.0,True,2022HU1162387,3
1,55000.0,55000.0,1.0,34,28,31.0,110000.0,True,2022HU1162560,7
6,33000.0,1300.0,25.384615384615383,25,24,24.5,34300.0,True,2022HU1164118,6
1,39100.0,30000.0,1.3033333333333332,73,71,72.0,69100.0,True,2022HU1164682,4
1,121500.0,77300.0,1.571798188874515,62,65,63.5,198800.0,True,2022HU1165683,14
3,257100.0,39000.0,6.592307692307692,73,77,75.0,296100.0,True,2022HU1166219,16
3,100000.0,5400.0,18.51851851851852,50,43,46.5,105400.0,True,2022HU1166969,11
0,21000.0,61300.0,2.919047619047619,64,71,67.5,82300.0,True,2022HU1167446,27
2,135000.0,187000.0,1.385185185185185,33,33,33.0,322000.0,True,2022HU1168337,13
0,0.0,40000.0,0.0,34,38,36.0,40000.0,True,2022HU1168920,86
1,80000.0,60400.0,1.3245033112582782,56,63,59.5,140400.0,True,2022HU1169419,2
1,20900.0,84100.0,4.023923444976076,70,70,70.0,105000.0,True,2022HU1169850,6
2,70000.0,7900.0,8.860759493670885,55,59,57.0,77900.0,True,2022HU1170324,16
1,140000.0,48000.0,2.9166666666666665,40,44,42.0,188000.0,False,2022HU1170747,11
2,215800.0,194200.0,1.1112255406797116,80,80,80.0,410000.0,True,2022HU1170914,5
1,136000.0,60000.0,2.2666666666666666,48,47,47.5,196000.0,True,2022HU1170963,12
1,65000.0,77000.0,1.1846153846153846,53,49,51.0,142000.0,True,2022HU1171355,13
1,106000.0,73000.0,1.452054794520548,40,39,39.5,179000.0,True,2022HU1171572,52
2,89030.0,150400.0,1.6893182073458384,55,51,53.0,239430.0,True,2022HU1172572,51
0,58000.0,0.0,0.0,51,49,50.0,58000.0,True,2022HU1172690,13
1,88000.0,45000.0,1.9555555555555555,28,26,27.0,133000.0,True,2022HU1173528,28
0,36000.0,20000.0,1.8,47,50,48.5,56000.0,True,2022HU1173737,17
1,103000.0,90000.0,1.1444444444444444,59,58,58.5,193000.0,True,2022HU1174808,6
2,76000.0,8800.0,8.636363636363637,61,76,68.5,84800.0,True,2022HU1174945,6
0,56400.0,33900.0,1.663716814159292,76,82,79.0,90300.0,True,2022HU1175629,11
0,75000.0,46300.0,1.6198704103671706,42,43,42.5,121300.0,True,2022HU1176365,22
2,87000.0,120000.0,1.3793103448275863,38,33,35.5,207000.0,True,2022HU1176885,21
2,503000.0,549300.0,1.0920477137176938,43,37,40.0,1052300.0,True,2022HU1177247,15
0,48000.0,79000.0,1.6458333333333333,40,43,41.5,127000.0,True,2022HU1178495,18
0,0.0,100000.0,0.0,34,38,36.0,100000.0,True,2022HU1178819,10
0,20000.0,28000.0,1.4,74,80,77.0,48000.0,True,2022HU1179488,9
2,110000.0,154000.0,1.4,54,59,56.5,264000.0,True,2022HU1180744,26
1,13400.0,59500.0,4.440298507462686,64,67,65.5,72900.0,True,2022HU1181080,12
0,0.0,1600.0,0.0,63,61,62.0,1600.0,True,2022HU1181292,35
1,85200.0,64300.0,1.3250388802488335,69,69,69.0,149500.0,True,2022HU1182141,15
2,86000.0,23600.0,3.6440677966101696,26,25,25.5,109600.0,True,2022HU1182383,10
3,313800.0,38400.0,8.171875,72,68,70.0,352200.0,True,2022HU1182821,20
2,110000.0,110000.0,1.0,61,52,56.5,220000.0,True,2022HU1182865,12
1,79700.0,73200.0,1.0887978142076502,85,81,83.0,152900.0,True,2022HU1183158,14
1,70000.0,78000.0,1.1142857142857143,62,61,61.5,148000.0,True,2022HU1184597,10
1,124000.0,40000.0,3.1,52,51,51.5,164000.0,True,2022HU1184634,85
1,70000.0,73000.0,1.042857142857143,60,58,59.0,143000.0,True,2022HU1184939,7
1,130000.0,35000.0,3.7142857142857144,62,57,59.5,165000.0,True,2022HU1185073,11
2,7300.0,40600.0,5.561643835616438,41,44,42.5,47900.0,True,2022HU1185873,16
0,11900.0,13400.0,1.1260504201680672,78,72,75.0,25300.0,True,2022HU1187032,22
3,14000.0,150000.0,10.714285714285714,70,68,69.0,164000.0,True,2022HU1187317,21
0,40000.0,15000.0,2.6666666666666665,43,44,43.5,55000.0,True,2022HU1188758,26
0,60000.0,0.0,0.0,32,32,32.0,60000.0,True,2022HU1189281,14
4,134000.0,0.0,0.0,58,57,57.5,134000.0,True,2022HU1189536,10
0,100000.0,48000.0,2.0833333333333335,45,48,46.5,148000.0,True,2022HU1191110,4
1,88100.0,51000.0,1.727450980392157,77,67,72.0,139100.0,True,2022HU1191313,9
0,0.0,33100.0,0.0,65,61,63.0,33100.0,True,2022HU1191973,50
5,567500.0,21400.0,26.518691588785046,71,62,66.5,588900.0,True,2022HU1192490,15
2,33800.0,46100.0,1.363905325443787,46,44,45.0,79900.0,False,2022HU1192521,24
2,200000.0,503000.0,2.515,53,62,57.5,703000.0,True,2022HU1192969,17
2,84000.0,105000.0,1.25,29,28,28.5,189000.0,True,2022HU1193440,20
0,115000.0,50000.0,2.3,51,51,51.0,165000.0,True,2022HU1195012,26
0,92000.0,48000.0,1.9166666666666667,54,47,50.5,140000.0,True,2022HU1195032,17
3,173000.0,72000.0,2.4027777777777777,65,64,64.5,245000.0,True,2022HU1195306,9
4,72000.0,1000.0,72.0,32,47,39.5,73000.0,True,2022HU1195690,18
0,46700.0,33500.0,1.3940298507462687,77,72,74.5,80200.0,True,2022HU1196042,5
4,9600.0,90000.0,9.375,22,26,24.0,99600.0,True,2022HU1196491,21
1,43400.0,0.0,0.0,73,64,68.5,43400.0,False,2022HU1196634,61
1,96000.0,71000.0,1.352112676056338,53,53,53.0,167000.0,True,2022HU1197488,20
2,21700.0,56000.0,2.5806451612903225,70,52,61.0,77700.0,True,2022HU1197703,19
2,100000.0,126000.0,1.26,45,41,43.0,226000.0,True,2022HU1197969,38
0,105500.0,48000.0,2.1979166666666665,75,64,69.5,153500.0,True,2022HU1198279,17
0,63000.0,0.0,0.0,53,50,51.5,63000.0,True,2022HU1198932,3
2,133900.0,89400.0,1.4977628635346756,70,70,70.0,223300.0,True,2022HU1199870,8
2,126000.0,107000.0,1.1775700934579438,37,36,36.5,233000.0,True,2022HU1199988,15
2,106700.0,10800.0,9.87962962962963,49,49,49.0,117500.0,True,2022HU1203195,11
7,189100.0,7800.0,24.243589743589745,80,76,78.0,196900.0,True,2022HU1203395,9
0,30000.0,37800.0,1.26,71,71,71.0,67800.0,True,2022HU1203602,8
2,99700.0,15200.0,6.559210526315789,66,64,65.0,114900.0,True,2022HU1203834,8
0,22800.0,17000.0,1.3411764705882352,78,82,80.0,39800.0,True,2022HU1204079,13
1,85000.0,65000.0,1.3076923076923077,44,34,39.0,150000.0,True,2022HU1204544,30
0,60000.0,43000.0,1.3953488372093024,66,66,66.0,103000.0,True,2022HU1205368,9
4,337000.0,0.0,0.0,65,52,58.5,337000.0,True,2022HU1205491,46
3,34800.0,217600.0,6.252873563218391,68,71,69.5,252400.0,True,2022HU1206081,13
2,115000.0,310800.0,2.7026086956521738,83,84,83.5,425800.0,True,2022HU1207659,9
2,2000.0,15700.0,7.85,73,76,74.5,17700.0,True,2022HU1207762,8
0,4300.0,8400.0,1.9534883720930232,78,74,76.0,12700.0,True,2022HU1207892,24
3,12000.0,60000.0,5.0,63,49,56.0,72000.0,False,2022HU1208029,21
2,200000.0,90000.0,2.2222222222222223,48,46,47.0,290000.0,True,2022HU1208233,32
0,30000.0,20000.0,1.5,89,97,93.0,50000.0,True,2022HU1208530,12
1,55000.0,38000.0,1.4473684210526316,37,48,42.5,93000.0,True,2022HU1208662,16
1,30000.0,110000.0,3.6666666666666665,67,70,68.5,140000.0,True,2022HU1208803,8
2,9300.0,52000.0,5.591397849462366,49,56,52.5,61300.0,True,2022HU1209307,12
1,9600.0,39400.0,4.104166666666667,70,71,70.5,49000.0,True,2022HU1209575,15
1,100100.0,32000.0,3.128125,65,65,65.0,132100.0,True,2022HU1210469,9
1,75000.0,88000.0,1.1733333333333333,59,62,60.5,163000.0,True,2022HU1211576,10
8,523000.0,90.0,5811.111111111111,43,47,45.0,523090.0,True,2022HU1212338,9
1,52000.0,58000.0,1.1153846153846154,77,79,78.0,110000.0,True,2022HU1213501,10
0,40800.0,33000.0,1.2363636363636363,34,33,33.5,73800.0,True,2022HU1213766,18
0,36200.0,50400.0,1.3922651933701657,70,69,69.5,86600.0,True,2022HU1213827,18
3,166000.0,16000.0,10.375,77,77,77.0,182000.0,True,2022HU1214001,10
0,10200.0,20000.0,1.9607843137254901,80,82,81.0,30200.0,True,2022HU1214855,12
3,155000.0,155000.0,1.0,52,51,51.5,310000.0,False,2022HU1214863,31
6,137800.0,8600.0,16.023255813953487,92,90,91.0,146400.0,True,2022HU1215668,9
2,114000.0,115000.0,1.0087719298245614,39,39,39.0,229000.0,True,2022HU1215711,34
3,200000.0,0.0,0.0,67,66,66.5,200000.0,True,2022HU1217020,8
0,48500.0,69000.0,1.422680412371134,69,67,68.0,117500.0,True,2022HU1217302,18
2,49700.0,152900.0,3.0764587525150904,67,67,67.0,202600.0,True,2022HU1217512,13
1,66000.0,79000.0,1.196969696969697,65,64,64.5,145000.0,True,2022HU1219242,10
1,9600.0,14400.0,1.5,73,79,76.0,24000.0,True,2022HU1219534,12
0,28800.0,12000.0,2.4,42,48,45.0,40800.0,True,2022HU1220016,14
0,18000.0,12700.0,1.4173228346456692,82,81,81.5,30700.0,True,2022HU1220147,7
2,145000.0,230000.0,1.5862068965517242,46,46,46.0,375000.0,True,2022HU1220356,20
3,110000.0,0.0,0.0,30,37,33.5,110000.0,True,2022HU1220928,15
0,18000.0,50000.0,2.7777777777777777,30,32,31.0,68000.0,True,2022HU1222088,17
8,1500.0,507500.0,338.3333333333333,69,71,70.0,509000.0,True,2022HU1222642,10
0,88000.0,49000.0,1.7959183673469388,33,31,32.0,137000.0,True,2022HU1223177,28
4,225000.0,55000.0,4.090909090909091,76,68,72.0,280000.0,True,2022HU1223902,8
2,135050.0,158000.0,1.1699370603480193,59,62,60.5,293050.0,True,2022HU1224030,10
1,113300.0,36400.0,3.1126373626373627,65,67,66.0,149700.0,True,2022HU1224127,18
3,36000.0,200000.0,5.555555555555555,42,41,41.5,236000.0,True,2022HU1226368,20
0,13900.0,36600.0,2.633093525179856,75,81,78.0,50500.0,True,2022HU1226639,9
2,8000.0,77000.0,9.625,53,54,53.5,85000.0,True,2022HU1226658,9
2,11000.0,60000.0,5.454545454545454,51,46,48.5,71000.0,True,2022HU1227901,14
0,60000.0,36000.0,1.6666666666666667,38,38,38.0,96000.0,True,2022HU1228114,3
0,0.0,45000.0,0.0,53,44,48.5,45000.0,True,2022HU1228792,11
1,103000.0,59000.0,1.7457627118644068,39,39,39.0,162000.0,True,2022HU1228817,10
1,87600.0,93800.0,1.0707762557077625,71,75,73.0,181400.0,True,2022HU1229112,14
1,72000.0,52000.0,1.3846153846153846,51,51,51.0,124000.0,True,2022HU1229146,8
1,12000.0,60000.0,5.0,56,58,57.0,72000.0,True,2022HU1229414,7
0,60000.0,30000.0,2.0,48,48,48.0,90000.0,True,2022HU1229435,7
1,80200.0,93200.0,1.1620947630922693,40,50,45.0,173400.0,True,2022HU1229641,60
3,6000.0,90000.0,15.0,29,31,30.0,96000.0,True,2022HU1229778,11
1,90000.0,28000.0,3.2142857142857144,62,60,61.0,118000.0,True,2022HU1230213,15
0,32500.0,26000.0,1.25,65,63,64.0,58500.0,True,2022HU1230465,11
1,12000.0,60000.0,5.0,71,73,72.0,72000.0,True,2022HU1231554,15
2,96110.0,12030.0,7.989193682460515,75,74,74.5,108140.0,True,2022HU1232074,16
0,44200.0,39400.0,1.1218274111675126,70,75,72.5,83600.0,True,2022HU1232113,11
0,39800.0,32700.0,1.217125382262997,77,81,79.0,72500.0,True,2022HU1233720,18
0,53900.0,29800.0,1.808724832214765,67,57,62.0,83700.0,True,2022HU1233774,12
4,50000.0,650.0,76.92307692307692,45,45,45.0,50650.0,True,2022HU1233913,13
0,12800.0,19800.0,1.546875,67,63,65.0,32600.0,True,2022HU1235086,6
0,37500.0,50000.0,1.3333333333333333,63,64,63.5,87500.0,True,2022HU1235145,6
0,50500.0,38000.0,1.3289473684210527,35,34,34.5,88500.0,True,2022HU1235197,12
3,226600.0,30000.0,7.553333333333334,57,53,55.0,256600.0,True,2022HU1235543,8
0,15600.0,12300.0,1.2682926829268293,73,69,71.0,27900.0,True,2022HU1235592,17
1,65010.0,80000.0,1.2305799107829565,32,32,32.0,145010.0,True,2022HU1235750,10
0,50000.0,0.0,0.0,46,48,47.0,50000.0,True,2022HU1236905,29
1,35000.0,35000.0,1.0,30,24,27.0,70000.0,True,2022HU1236936,44
0,0.0,55000.0,0.0,49,48,48.5,55000.0,True,2022HU1237449,24
1,9300.0,35000.0,3.763440860215054,66,66,66.0,44300.0,True,2022HU1237598,15
6,30400.0,619000.0,20.361842105263158,66,87,76.5,649400.0,True,2022HU1237688,10
2,106000.0,117000.0,1.1037735849056605,78,78,78.0,223000.0,True,2022HU1238534,5
3,2800.0,33000.0,11.785714285714286,64,60,62.0,35800.0,True,2022HU1238567,4
0,38400.0,48000.0,1.25,43,44,43.5,86400.0,True,2022HU1238673,19
2,153000.0,300000.0,1.9607843137254901,57,52,54.5,453000.0,True,2022HU1238920,19
2,76000.0,176100.0,2.317105263157895,54,54,54.0,252100.0,True,2022HU1239303,18
1,63100.0,81500.0,1.2916006339144215,76,77,76.5,144600.0,True,2022HU1239432,22
3,7100.0,96300.0,13.56338028169014,63,68,65.5,103400.0,True,2022HU1240097,14
0,50000.0,50800.0,1.016,62,63,62.5,100800.0,True,2022HU1241690,13
2,39500.0,30000.0,1.3166666666666667,40,33,36.5,69500.0,False,2022HU1242304,22
1,77800.0,75000.0,1.0373333333333334,40,35,37.5,152800.0,True,2022HU1243336,6
3,124000.0,17700.0,7.005649717514125,44,43,43.5,141700.0,True,2022HU1243343,11
4,30000.0,2000.0,15.0,25,25,25.0,32000.0,True,2022HU1244544,10
1,24300.0,13200.0,1.8409090909090908,65,68,66.5,37500.0,True,2022HU1247207,9
2,122100.0,20050.0,6.089775561097257,59,53,56.0,142150.0,True,2022HU1247376,14
2,24000.0,8000.0,3.0,60,70,65.0,32000.0,False,2022HU1247827,15
3,90000.0,16200.0,5.555555555555555,61,65,63.0,106200.0,True,2022HU1247960,2
2,70000.0,15200.0,4.605263157894737,64,62,63.0,85200.0,True,2022HU1248065,6
0,0.0,0.0,0.0,60,58,59.0,0.0,True,2022HU1249218,27
2,150000.0,140000.0,1.0714285714285714,50,62,56.0,290000.0,True,2022HU1249464,3
0,70100.0,34300.0,2.043731778425656,73,71,72.0,104400.0,True,2022HU1249658,16
5,390000.0,0.0,0.0,45,47,46.0,390000.0,True,2022HU1250698,13
2,52000.0,7200.0,7.222222222222222,61,65,63.0,59200.0,True,2022HU1250794,39
2,66000.0,0.0,0.0,25,24,24.5,66000.0,True,2022HU1251079,31
2,102100.0,13900.0,7.345323741007194,74,74,74.0,116000.0,True,2022HU1251337,18
1,73000.0,110000.0,1.5068493150684932,64,60,62.0,183000.0,True,2022HU1252450,10
1,22900.0,44000.0,1.9213973799126638,64,57,60.5,66900.0,False,2022HU1252508,34
0,12000.0,6000.0,2.0,64,59,61.5,18000.0,True,2022HU1252751,8
1,14700.0,3600.0,4.083333333333333,71,71,71.0,18300.0,True,2022HU1252795,11
0,77000.0,0.0,0.0,72,65,68.5,77000.0,True,2022HU1253247,16
4,0.0,113000.0,0.0,39,48,43.5,113000.0,True,2022HU1253384,8
4,0.0,240000.0,0.0,37,41,39.0,240000.0,True,2022HU1254549,23
1,9000.0,0.0,0.0,55,50,52.5,9000.0,True,2022HU1254840,6
3,123500.0,80000.0,1.54375,47,48,47.5,203500.0,False,2022HU1255245,12
0,0.0,100000.0,0.0,57,61,59.0,100000.0,True,2022HU1255264,25
0,84000.0,0.0,0.0,39,38,38.5,84000.0,True,2022HU1255522,9
2,24050.0,175000.0,7.276507276507276,61,61,61.0,199050.0,True,2022HU1255879,32
0,85000.0,0.0,0.0,50,48,49.0,85000.0,True,2022HU1256509,12
0,18000.0,30500.0,1.6944444444444444,86,86,86.0,48500.0,True,2022HU1257453,31
4,54000.0,1800.0,30.0,58,57,57.5,55800.0,True,2022HU1257514,10
2,40000.0,0.0,0.0,73,53,63.0,40000.0,False,2022HU1258106,13
1,28800.0,60000.0,2.0833333333333335,39,40,39.5,88800.0,True,2022HU1258230,23
4,503000.0,65000.0,7.7384615384615385,50,46,48.0,568000.0,True,2022HU1258376,19
1,65000.0,63000.0,1.0317460317460319,43,52,47.5,128000.0,True,2022HU1258417,81
1,10000.0,49400.0,4.94,38,40,39.0,59400.0,True,2022HU1260845,21
0,4400.0,5300.0,1.2045454545454546,74,78,76.0,9700.0,True,2022HU1261087,33
2,50000.0,25000.0,2.0,61,45,53.0,75000.0,True,2022HU1261191,15
3,140000.0,115000.0,1.2173913043478262,62,66,64.0,255000.0,True,2022HU1261411,14
2,140000.0,82000.0,1.7073170731707317,36,35,35.5,222000.0,True,2022HU1262082,7
4,16600.0,192900.0,11.620481927710843,67,73,70.0,209500.0,True,2022HU1262152,3
2,184600.0,49100.0,3.759674134419552,73,76,74.5,233700.0,True,2022HU1262435,8
3,100000.0,5000.0,20.0,57,57,57.0,105000.0,True,2022HU1262709,9
2,242400.0,48600.0,4.987654320987654,51,50,50.5,291000.0,True,2022HU1262896,100
0,12000.0,12000.0,1.0,35,38,36.5,24000.0,True,2022HU1263586,29
4,96100.0,392800.0,4.087408949011446,72,75,73.5,488900.0,True,2022HU1264448,16
4,45000.0,531000.0,11.8,51,63,57.0,576000.0,True,2022HU1264485,50
0,51020.0,0.0,0.0,60,54,57.0,51020.0,True,2022HU1265192,10
0,22100.0,34700.0,1.5701357466063348,73,81,77.0,56800.0,True,2022HU1265549,11
3,0.0,198000.0,0.0,42,43,42.5,198000.0,True,2022HU1266080,25
1,20300.0,92300.0,4.54679802955665,66,68,67.0,112600.0,True,2022HU1266234,15
2,143600.0,120000.0,1.1966666666666668,51,45,48.0,263600.0,True,2022HU1266995,12
1,48000.0,0.0,0.0,64,58,61.0,48000.0,False,2022HU1267075,3
4,42740.0,9600.0,4.452083333333333,37,75,56.0,52340.0,False,2022HU1267515,11
0,10900.0,4900.0,2.2244897959183674,68,68,68.0,15800.0,True,2022HU1267902,17
2,59000.0,55000.0,1.0727272727272728,28,28,28.0,114000.0,True,2022HU1268864,22
0,10400.0,11200.0,1.0769230769230769,73,67,70.0,21600.0,True,2022HU1270943,14
1,32500.0,26200.0,1.2404580152671756,85,67,76.0,58700.0,True,2022HU1271955,19
1,60000.0,86000.0,1.4333333333333333,50,50,50.0,146000.0,True,2022HU1272869,19
0,26500.0,52000.0,1.9622641509433962,65,65,65.0,78500.0,True,2022HU1273085,4
0,12000.0,25900.0,2.158333333333333,71,58,64.5,37900.0,True,2022HU1273773,10
3,0.0,190000.0,0.0,53,49,51.0,190000.0,True,2022HU1274995,17
0,62000.0,50000.0,1.24,36,37,36.5,112000.0,True,2022HU1275091,17
3,200000.0,220000.0,1.1,45,45,45.0,420000.0,False,2022HU1275899,4
1,140100.0,30300.0,4.623762376237623,63,69,66.0,170400.0,True,2022HU1275993,16
0,20000.0,28800.0,1.44,53,57,55.0,48800.0,True,2022HU1276297,26
0,38600.0,38400.0,1.0052083333333333,46,46,46.0,77000.0,True,2022HU1277336,11
1,12000.0,8400.0,1.4285714285714286,90,72,81.0,20400.0,True,2022HU1277378,17
4,0.0,803000.0,0.0,51,54,52.5,803000.0,True,2022HU1278151,16
3,27000.0,42000.0,1.5555555555555556,24,23,23.5,69000.0,False,2022HU1279295,33
1,36800.0,12100.0,3.041322314049587,68,67,67.5,48900.0,True,2022HU1279449,11
0,0.0,90000.0,0.0,39,39,39.0,90000.0,True,2022HU1279451,5
3,80000.0,90000.0,1.125,28,27,27.5,170000.0,True,2022HU1281161,48
7,700.0,127000.0,181.42857142857142,49,53,51.0,127700.0,True,2022HU1281242,10
0,7800.0,22000.0,2.8205128205128207,71,66,68.5,29800.0,True,2022HU1282166,43
1,0.0,27400.0,0.0,80,80,80.0,27400.0,True,2022HU1283123,18
0,30500.0,78250.0,2.5655737704918034,68,81,74.5,108750.0,True,2022HU1283475,16
2,60000.0,55000.0,1.0909090909090908,36,35,35.5,115000.0,False,2022HU1283786,21
3,45500.0,4400.0,10.340909090909092,66,68,67.0,49900.0,True,2022HU1284458,8
1,109000.0,54000.0,2.0185185185185186,34,33,33.5,163000.0,True,2022HU1285101,18
1,24400.0,45000.0,1.8442622950819672,58,59,58.5,69400.0,False,2022HU1285103,10
1,0.0,0.0,0.0,81,80,80.5,0.0,False,2022HU1285335,11
0,11900.0,11500.0,1.0347826086956522,87,84,85.5,23400.0,True,2022HU1285638,26
1,60000.0,80000.0,1.3333333333333333,61,55,58.0,140000.0,True,2022HU1286141,15
1,23900.0,110000.0,4.602510460251046,47,51,49.0,133900.0,True,2022HU1286816,13
2,105500.0,10800.0,9.768518518518519,79,76,77.5,116300.0,True,2022HU1289348,20
3,150000.0,175000.0,1.1666666666666667,49,49,49.0,325000.0,False,2022HU1289412,19
1,25000.0,12000.0,2.0833333333333335,63,63,63.0,37000.0,False,2022HU1291426,10
0,46600.0,33000.0,1.412121212121212,64,63,63.5,79600.0,True,2022HU1292742,19
0,50200.0,17000.0,2.9529411764705884,73,73,73.0,67200.0,True,2022HU1293886,10
3,523000.0,105700.0,4.9479659413434245,64,74,69.0,628700.0,True,2022HU1294050,15
0,0.0,18000.0,0.0,68,57,62.5,18000.0,True,2022HU1294503,10
2,110000.0,120000.0,1.0909090909090908,45,46,45.5,230000.0,True,2022HU1294623,19
0,50000.0,50000.0,1.0,42,42,42.0,100000.0,True,2022HU1294839,16
1,74000.0,105000.0,1.4189189189189189,43,42,42.5,179000.0,True,2022HU1295081,25
3,239300.0,72000.0,3.323611111111111,73,75,74.0,311300.0,True,2022HU1295555,11
2,38000.0,7000.0,5.428571428571429,68,66,67.0,45000.0,True,2022HU1295796,16
0,22200.0,24400.0,1.0990990990990992,78,68,73.0,46600.0,True,2022HU1296889,4
0,23100.0,39500.0,1.70995670995671,80,73,76.5,62600.0,True,2022HU1297202,9
1,90000.0,89000.0,1.0112359550561798,42,44,43.0,179000.0,True,2022HU1298002,11
1,36000.0,150000.0,4.166666666666667,51,50,50.5,186000.0,True,2022HU1298069,16
2,12600.0,55000.0,4.365079365079365,60,60,60.0,67600.0,True,2022HU1298140,59
2,114100.0,84100.0,1.356718192627824,79,83,81.0,198200.0,False,2022HU1298175,13
1,52200.0,74300.0,1.4233716475095786,57,56,56.5,126500.0,True,2022HU1299779,3
1,45000.0,70000.0,1.5555555555555556,44,44,44.0,115000.0,True,2022HU1301164,4
4,32400.0,103000.0,3.1790123456790123,75,39,57.0,135400.0,False,2022HU1301539,54
3,166000.0,0.0,0.0,37,37,37.0,166000.0,True,2022HU1301550,12
1,56000.0,28000.0,2.0,67,28,47.5,84000.0,True,2022HU1301780,16
1,24400.0,0.0,0.0,67,48,57.5,24400.0,True,2022HU1302556,22
0,89100.0,41400.0,2.152173913043478,59,61,60.0,130500.0,True,2022HU1302642,15
1,82000.0,80000.0,1.025,39,49,44.0,162000.0,True,2022HU1303685,8
1,33000.0,125000.0,3.787878787878788,39,42,40.5,158000.0,True,2022HU1304231,11
2,85000.0,27000.0,3.1481481481481484,56,65,60.5,112000.0,True,2022HU1304530,7
0,30300.0,10150.0,2.9852216748768474,60,56,58.0,40450.0,True,2022HU1304543,17
1,51000.0,80000.0,1.5686274509803921,61,59,60.0,131000.0,True,2022HU1304609,6
0,56000.0,0.0,0.0,38,31,34.5,56000.0,True,2022HU1305004,26
1,81000.0,81000.0,1.0,47,47,47.0,162000.0,True,2022HU1305528,12
0,35000.0,12000.0,2.9166666666666665,67,66,66.5,47000.0,True,2022HU1305548,37
0,26800.0,10900.0,2.458715596330275,79,68,73.5,37700.0,True,2022HU1306039,10
1,54000.0,62000.0,1.1481481481481481,48,46,47.0,116000.0,True,2022HU1307184,9
3,114000.0,0.0,0.0,39,42,40.5,114000.0,True,2022HU1307932,61
0,45000.0,90000.0,2.0,33,32,32.5,135000.0,True,2022HU1308228,52
8,300000.0,620.0,483.8709677419355,48,45,46.5,300620.0,True,2022HU1309191,22
3,95400.0,5400.0,17.666666666666668,79,80,79.5,100800.0,True,2022HU1310857,16
0,47000.0,46800.0,1.0042735042735043,62,62,62.0,93800.0,True,2022HU1312197,8
2,151000.0,168000.0,1.1125827814569536,46,43,44.5,319000.0,True,2022HU1312903,8
0,62000.0,0.0,0.0,48,49,48.5,62000.0,True,2022HU1313291,20
2,152000.0,100000.0,1.52,55,52,53.5,252000.0,True,2022HU1313654,16
4,0.0,280000.0,0.0,35,46,40.5,280000.0,True,2022HU1313849,20
2,150000.0,114000.0,1.3157894736842106,40,38,39.0,264000.0,True,2022HU1314129,39
0,0.0,84000.0,0.0,45,46,45.5,84000.0,True,2022HU1314447,16
0,0.0,50000.0,0.0,57,57,57.0,50000.0,True,2022HU1314671,6
1,75000.0,120000.0,1.6,44,42,43.0,195000.0,True,2022HU1314758,14
1,9900.0,48000.0,4.848484848484849,63,62,62.5,57900.0,True,2022HU1314788,14
1,83000.0,24000.0,3.4583333333333335,45,58,51.5,107000.0,True,2022HU1315527,27
2,35000.0,160000.0,4.571428571428571,30,32,31.0,195000.0,False,2022HU1316302,11
1,59120.0,60100.0,1.0165764546684708,65,66,65.5,119220.0,True,2022HU1316891,16
2,103000.0,10800.0,9.537037037037036,64,63,63.5,113800.0,True,2022HU1316908,14
1,90000.0,60000.0,1.5,39,39,39.0,150000.0,True,2022HU1317080,11
1,3000.0,3000.0,1.0,55,58,56.5,6000.0,True,2022HU1317915,3
0,95000.0,0.0,0.0,33,27,30.0,95000.0,True,2022HU1318303,20
1,83000.0,60000.0,1.3833333333333333,67,61,64.0,143000.0,True,2022HU1319101,10
6,115000.0,8000.0,14.375,40,46,43.0,123000.0,True,2022HU1319517,24
1,115000.0,60000.0,1.9166666666666667,40,44,42.0,175000.0,True,2022HU1319904,3
2,12000.0,80000.0,6.666666666666667,51,49,50.0,92000.0,True,2022HU1320364,30
0,26400.0,40800.0,1.5454545454545454,69,70,69.5,67200.0,True,2022HU1320416,29
1,12000.0,60000.0,5.0,34,37,35.5,72000.0,True,2022HU1320568,14
1,98000.0,100000.0,1.0204081632653061,37,36,36.5,198000.0,True,2022HU1320750,12
2,94000.0,114000.0,1.2127659574468086,53,53,53.0,208000.0,True,2022HU1321000,18
0,26900.0,0.0,0.0,72,70,71.0,26900.0,True,2022HU1321041,13
2,52750.0,68000.0,1.2890995260663507,51,42,46.5,120750.0,True,2022HU1321374,12
1,54000.0,112000.0,2.074074074074074,67,70,68.5,166000.0,True,2022HU1322045,20
1,25000.0,0.0,0.0,59,61,60.0,25000.0,True,2022HU1322241,12
0,50000.0,35000.0,1.4285714285714286,37,37,37.0,85000.0,True,2022HU1322695,33
0,62500.0,32000.0,1.953125,69,69,69.0,94500.0,True,2022HU1323597,13
2,48300.0,34000.0,1.4205882352941177,21,21,21.0,82300.0,True,2022HU1323696,8
4,101500.0,520500.0,5.12807881773399,55,55,55.0,622000.0,True,2022HU1324295,10
1,79000.0,85000.0,1.0759493670886076,59,58,58.5,164000.0,True,2022HU1324317,7
1,44000.0,14100.0,3.120567375886525,35,31,33.0,58100.0,True,2022HU1324356,64
0,33900.0,62800.0,1.8525073746312684,69,72,70.5,96700.0,True,2022HU1326665,8
1,42000.0,103000.0,2.4523809523809526,31,35,33.0,145000.0,True,2022HU1327112,5
0,47000.0,32000.0,1.46875,67,65,66.0,79000.0,True,2022HU1328412,15
0,100000.0,0.0,0.0,45,44,44.5,100000.0,True,2022HU1328473,31
3,64800.0,12000.0,5.4,59,39,49.0,76800.0,True,2022HU1329137,46
0,70000.0,0.0,0.0,46,35,40.5,70000.0,True,2022HU1329302,6
1,30600.0,119000.0,3.888888888888889,60,64,62.0,149600.0,True,2022HU1329395,9
2,72000.0,12000.0,6.0,73,69,71.0,84000.0,True,2022HU1329416,13
1,116000.0,58000.0,2.0,53,54,53.5,174000.0,True,2022HU1329632,15
1,130000.0,55000.0,2.3636363636363638,56,44,50.0,185000.0,True,2022HU1329771,38
0,0.0,8700.0,0.0,66,70,68.0,8700.0,True,2022HU1331107,12
0,15400.0,23800.0,1.5454545454545454,55,58,56.5,39200.0,True,2022HU1331229,15
2,0.0,31720.0,0.0,62,59,60.5,31720.0,False,2022HU1331581,20
0,33510.0,33800.0,1.0086541330945986,83,77,80.0,67310.0,True,2022HU1331769,15
0,90000.0,48600.0,1.8518518518518519,68,72,70.0,138600.0,True,2022HU1332101,10
0,33100.0,28240.0,1.1720963172804533,71,70,70.5,61340.0,True,2022HU1332169,14
1,65000.0,72600.0,1.116923076923077,64,72,68.0,137600.0,True,2022HU1332195,11
0,39500.0,27600.0,1.431159420289855,70,58,64.0,67100.0,True,2022HU1333074,17
2,140000.0,15000.0,9.333333333333334,61,63,62.0,155000.0,True,2022HU1333353,11
2,170000.0,115000.0,1.4782608695652173,58,57,57.5,285000.0,True,2022HU1333789,5
1,92800.0,81800.0,1.1344743276283618,61,59,60.0,174600.0,True,2022HU1333858,24
1,65000.0,105900.0,1.6292307692307693,59,60,59.5,170900.0,True,2022HU1335674,17
1,57000.0,75200.0,1.3192982456140352,33,32,32.5,132200.0,True,2022HU1337504,103
2,122300.0,135000.0,1.1038430089942763,37,45,41.0,257300.0,True,2022HU1337782,11
1,50000.0,70000.0,1.4,66,71,68.5,120000.0,False,2022HU1338046,4
1,70000.0,55000.0,1.2727272727272727,36,33,34.5,125000.0,True,2022HU1338241,11
0,25200.0,0.0,0.0,47,39,43.0,25200.0,True,2022HU1338924,15
1,97800.0,56900.0,1.718804920913884,88,87,87.5,154700.0,True,2022HU1339098,32
0,31600.0,11200.0,2.8214285714285716,74,71,72.5,42800.0,True,2022HU1339670,4
0,0.0,92000.0,0.0,39,46,42.5,92000.0,True,2022HU1339898,5
4,100000.0,2500.0,40.0,41,46,43.5,102500.0,True,2022HU1340576,13
0,0.0,100000.0,0.0,31,32,31.5,100000.0,True,2022HU1340675,17
2,81600.0,11300.0,7.221238938053097,90,83,86.5,92900.0,True,2022HU1340827,16
3,163000.0,65000.0,2.5076923076923077,56,55,55.5,228000.0,True,2022HU1341421,27
2,57700.0,56000.0,1.0303571428571427,64,65,64.5,113700.0,True,2022HU1341994,4
5,52750.0,3000.0,17.583333333333332,54,38,46.0,55750.0,False,2022HU1342017,19
1,40300.0,8200.0,4.914634146341464,77,76,76.5,48500.0,True,2022HU1342689,15
3,300000.0,50000.0,6.0,63,60,61.5,350000.0,True,2022HU1342798,18
2,113000.0,203000.0,1.7964601769911503,55,55,55.0,316000.0,True,2022HU1343477,41
0,45000.0,39100.0,1.1508951406649617,62,66,64.0,84100.0,True,2022HU1343892,5
2,120000.0,207500.0,1.7291666666666667,68,73,70.5,327500.0,True,2022HU1343936,9
2,74000.0,12000.0,6.166666666666667,61,55,58.0,86000.0,True,2022HU1343959,26
1,69000.0,18800.0,3.6702127659574466,53,53,53.0,87800.0,True,2022HU1344182,16
0,50000.0,0.0,0.0,59,52,55.5,50000.0,True,2022HU1344661,5
1,85000.0,18000.0,4.722222222222222,43,39,41.0,103000.0,True,2022HU1345691,71
2,130000.0,193000.0,1.4846153846153847,64,60,62.0,323000.0,True,2022HU1345695,8
1,58000.0,83000.0,1.4310344827586208,42,48,45.0,141000.0,True,2022HU1346052,11
0,110000.0,45000.0,2.4444444444444446,42,42,42.0,155000.0,True,2022HU1346126,13
1,45000.0,69000.0,1.5333333333333334,61,64,62.5,114000.0,True,2022HU1347036,10
4,200700.0,0.0,0.0,52,53,52.5,200700.0,True,2022HU1347099,14
2,80000.0,55000.0,1.4545454545454546,31,30,30.5,135000.0,True,2022HU1347129,27
1,85000.0,19000.0,4.473684210526316,68,65,66.5,104000.0,True,2022HU1347413,12
4,140000.0,503000.0,3.592857142857143,49,59,54.0,643000.0,True,2022HU1347811,46
1,70000.0,70000.0,1.0,47,47,47.0,140000.0,True,2022HU1348585,123
1,51800.0,60000.0,1.1583011583011582,38,30,34.0,111800.0,True,2022HU1348902,39
2,115000.0,130600.0,1.1356521739130434,46,50,48.0,245600.0,True,2022HU1349392,64
1,49200.0,12000.0,4.1,67,69,68.0,61200.0,True,2022HU1349415,41
0,54000.0,25000.0,2.16,52,57,54.5,79000.0,True,2022HU1349485,11
4,598000.0,0.0,0.0,72,61,66.5,598000.0,True,2022HU1350098,15
7,4000.0,140000.0,35.0,46,47,46.5,144000.0,True,2022HU1350256,10
1,101350.0,55100.0,1.839382940108893,75,73,74.0,156450.0,True,2022HU1350521,10
0,42000.0,31900.0,1.316614420062696,71,69,70.0,73900.0,True,2022HU1350696,17
1,82000.0,115000.0,1.4024390243902438,53,52,52.5,197000.0,True,2022HU1351073,8
2,11000.0,2300.0,4.782608695652174,64,66,65.0,13300.0,True,2022HU1351534,12
0,0.0,25000.0,0.0,56,54,55.0,25000.0,True,2022HU1352021,20
2,70400.0,20020.0,3.5164835164835164,76,75,75.5,90420.0,True,2022HU1352030,16
1,30000.0,45000.0,1.5,51,46,48.5,75000.0,True,2022HU1352581,13
2,250000.0,90000.0,2.7777777777777777,40,41,40.5,340000.0,True,2022HU1354804,20
4,324100.0,0.0,0.0,83,74,78.5,324100.0,True,2022HU1355307,13
1,92000.0,96000.0,1.0434782608695652,66,66,66.0,188000.0,True,2022HU1356906,15
3,88600.0,316100.0,3.5677200902934536,54,55,54.5,404700.0,True,2022HU1357341,25
0,14400.0,18000.0,1.25,80,82,81.0,32400.0,True,2022HU1357787,10
1,58000.0,112800.0,1.9448275862068964,59,60,59.5,170800.0,True,2022HU1358410,14
1,118000.0,55000.0,2.1454545454545455,50,51,50.5,173000.0,True,2022HU1359004,3
3,137000.0,0.0,0.0,48,48,48.0,137000.0,True,2022HU1359016,16
1,26400.0,15800.0,1.6708860759493671,25,27,26.0,42200.0,True,2022HU1359023,56
5,396000.0,0.0,0.0,60,58,59.0,396000.0,True,2022HU1359223,10
1,60000.0,98000.0,1.6333333333333333,37,42,39.5,158000.0,True,2022HU1359629,27
2,98050.0,218650.0,2.229984701682815,70,79,74.5,316700.0,True,2022HU1360079,29
2,2520.0,25000.0,9.920634920634921,70,74,72.0,27520.0,True,2022HU1360194,59
2,41000.0,5500.0,7.454545454545454,72,63,67.5,46500.0,True,2022HU1360491,14
1,80200.0,100000.0,1.2468827930174564,52,58,55.0,180200.0,True,2022HU1360658,8
2,122600.0,135000.0,1.101141924959217,49,52,50.5,257600.0,True,2022HU1360726,21
1,94000.0,60000.0,1.5666666666666667,63,67,65.0,154000.0,True,2022HU1361629,13
0,34200.0,32100.0,1.0654205607476634,71,66,68.5,66300.0,True,2022HU1362249,11
0,38900.0,40000.0,1.0282776349614395,66,57,61.5,78900.0,True,2022HU1362638,14
0,27200.0,49300.0,1.8125,72,71,71.5,76500.0,True,2022HU1362711,22
2,112400.0,16000.0,7.025,70,68,69.0,128400.0,True,2022HU1362986,54
0,50000.0,144000.0,2.88,41,44,42.5,194000.0,True,2022HU1364084,19
2,83700.0,206200.0,2.4635603345280765,79,75,77.0,289900.0,True,2022HU1364398,13
2,190000.0,115000.0,1.6521739130434783,66,64,65.0,305000.0,True,2022HU1365264,8
0,78000.0,45000.0,1.7333333333333334,57,53,55.0,123000.0,True,2022HU1365708,13
0,85000.0,0.0,0.0,44,47,45.5,85000.0,True,2022HU1366625,11
1,40800.0,14400.0,2.8333333333333335,83,97,90.0,55200.0,True,2022HU1367618,9
2,58000.0,15000.0,3.8666666666666667,49,59,54.0,73000.0,True,2022HU1367914,31
2,64300.0,43100.0,1.4918793503480279,60,56,58.0,107400.0,False,2022HU1369559,5
1,56200.0,45000.0,1.248888888888889,30,27,28.5,101200.0,True,2022HU1370667,15
3,117700.0,0.0,0.0,50,45,47.5,117700.0,True,2022HU1371261,13
0,45000.0,27600.0,1.6304347826086956,87,80,83.5,72600.0,True,2022HU1371606,63
1,34000.0,134000.0,3.9411764705882355,43,45,44.0,168000.0,True,2022HU1372341,10
1,95000.0,70000.0,1.3571428571428572,49,45,47.0,165000.0,True,2022HU1372484,18
0,36000.0,36000.0,1.0,58,61,59.5,72000.0,True,2022HU1372938,7
1,100000.0,60000.0,1.6666666666666667,44,47,45.5,160000.0,True,2022HU1373522,13
1,45000.0,76000.0,1.6888888888888889,38,39,38.5,121000.0,True,2022HU1373890,42
2,18000.0,100000.0,5.555555555555555,63,66,64.5,118000.0,True,2022HU1374261,14
0,32800.0,55700.0,1.6981707317073171,76,77,76.5,88500.0,True,2022HU1374665,13
1,19000.0,19100.0,1.0052631578947369,77,79,78.0,38100.0,True,2022HU1374783,78
4,535000.0,28000.0,19.107142857142858,47,47,47.0,563000.0,True,2022HU1374804,27
1,79000.0,83000.0,1.0506329113924051,42,42,42.0,162000.0,True,2022HU1376180,20
2,160000.0,75000.0,2.1333333333333333,57,45,51.0,235000.0,True,2022HU1376523,13
3,44900.0,8400.0,5.345238095238095,66,66,66.0,53300.0,True,2022HU1377613,44
2,25700.0,0.0,0.0,23,25,24.0,25700.0,True,2022HU1377822,15
0,0.0,100000.0,0.0,52,47,49.5,100000.0,True,2022HU1377842,15
2,20000.0,115700.0,5.785,61,62,61.5,135700.0,True,2022HU1378133,17
0,18500.0,37000.0,2.0,77,77,77.0,55500.0,True,2022HU1378469,23
1,62000.0,120100.0,1.9370967741935483,41,46,43.5,182100.0,True,2022HU1378739,19
0,36300.0,27400.0,1.3248175182481752,79,80,79.5,63700.0,True,2022HU1379538,10
1,122110.0,66000.0,1.850151515151515,76,75,75.5,188110.0,True,2022HU1380566,21
1,79300.0,78700.0,1.0076238881829733,78,77,77.5,158000.0,True,2022HU1380974,11
1,58000.0,115000.0,1.9827586206896552,47,51,49.0,173000.0,True,2022HU1381279,8
3,6700.0,72000.0,10.746268656716419,56,56,56.0,78700.0,True,2022HU1382394,7
2,6500.0,25700.0,3.953846153846154,81,97,89.0,32200.0,True,2022HU1382714,8
1,75000.0,80000.0,1.0666666666666667,54,55,54.5,155000.0,True,2022HU1384317,52
0,36200.0,45000.0,1.2430939226519337,60,66,63.0,81200.0,True,2022HU1384643,17
0,43500.0,58500.0,1.3448275862068966,73,77,75.0,102000.0,True,2022HU1384855,2
1,58200.0,63000.0,1.0824742268041236,63,71,67.0,121200.0,True,2022HU1386900,18
0,50000.0,21400.0,2.336448598130841,66,63,64.5,71400.0,True,2022HU1387157,12
3,160000.0,53000.0,3.018867924528302,59,55,57.0,213000.0,True,2022HU1387339,22
1,40000.0,134000.0,3.35,49,47,48.0,174000.0,True,2022HU1387477,13
1,55000.0,58000.0,1.0545454545454545,63,58,60.5,113000.0,True,2022HU1388063,15
0,48000.0,100000.0,2.0833333333333335,48,49,48.5,148000.0,True,2022HU1388105,12
4,0.0,300000.0,0.0,54,57,55.5,300000.0,True,2022HU1388400,25
1,70000.0,110000.0,1.5714285714285714,57,54,55.5,180000.0,True,2022HU1388616,29
3,31000.0,3600.0,8.61111111111111,24,28,26.0,34600.0,True,2022HU1389297,12
4,3600.0,92000.0,25.555555555555557,68,56,62.0,95600.0,True,2022HU1389369,35
0,0.0,6800.0,0.0,58,58,58.0,6800.0,True,2022HU1389977,5
8,110400.0,3600.0,30.666666666666668,76,71,73.5,114000.0,True,2022HU1390997,8
0,36000.0,0.0,0.0,49,45,47.0,36000.0,True,2022HU1391243,34
1,55100.0,86200.0,1.5644283121597096,74,73,73.5,141300.0,True,2022HU1391713,9
0,40000.0,50000.0,1.25,42,39,40.5,90000.0,True,2022HU1391844,25
0,22800.0,30800.0,1.3508771929824561,78,81,79.5,53600.0,True,2022HU1392467,56
2,83200.0,19200.0,4.333333333333333,67,68,67.5,102400.0,True,2022HU1392558,4
1,87900.0,104000.0,1.1831626848691694,70,69,69.5,191900.0,True,2022HU1392594,8
0,60000.0,44000.0,1.3636363636363635,48,48,48.0,104000.0,True,2022HU1392791,15
2,175000.0,45000.0,3.888888888888889,63,54,58.5,220000.0,True,2022HU1393429,9
1,40000.0,125000.0,3.125,43,46,44.5,165000.0,True,2022HU1393659,21
1,80400.0,64200.0,1.2523364485981308,67,70,68.5,144600.0,True,2022HU1394137,13
2,53000.0,130000.0,2.452830188679245,63,66,64.5,183000.0,False,2022HU1394867,36
2,10800.0,76000.0,7.037037037037037,64,66,65.0,86800.0,True,2022HU1394938,26
0,90000.0,45000.0,2.0,57,57,57.0,135000.0,True,2022HU1394964,8
0,39000.0,28900.0,1.3494809688581315,55,49,52.0,67900.0,True,2022HU1395470,28
4,96000.0,3000.0,32.0,65,62,63.5,99000.0,True,2022HU1396076,12
0,42000.0,104500.0,2.488095238095238,64,66,65.0,146500.0,True,2022HU1396125,17
2,28100.0,57600.0,2.0498220640569396,20,21,20.5,85700.0,True,2022HU1396418,13
0,32000.0,0.0,0.0,62,63,62.5,32000.0,True,2022HU1397046,52
0,100000.0,0.0,0.0,52,53,52.5,100000.0,True,2022HU1398267,27
2,119200.0,93600.0,1.2735042735042734,71,72,71.5,212800.0,True,2022HU1398540,35
0,25000.0,14200.0,1.7605633802816902,46,43,44.5,39200.0,True,2022HU1398864,20
1,106000.0,32300.0,3.281733746130031,80,66,73.0,138300.0,True,2022HU1399041,25
0,61900.0,49700.0,1.2454728370221329,71,74,72.5,111600.0,True,2022HU1399946,13
1,32600.0,28000.0,1.1642857142857144,72,74,73.0,60600.0,True,2022HU1400873,2
2,5000.0,25000.0,5.0,27,32,29.5,30000.0,True,2022HU1401222,20
2,124000.0,88800.0,1.3963963963963963,64,65,64.5,212800.0,True,2022HU1402115,29
3,164600.0,0.0,0.0,48,49,48.5,164600.0,True,2022HU1402463,10
0,87000.0,0.0,0.0,41,44,42.5,87000.0,True,2022HU1402507,17
0,0.0,50000.0,0.0,38,43,40.5,50000.0,True,2022HU1403305,12
0,21650.0,33650.0,1.5542725173210161,82,76,79.0,55300.0,True,2022HU1403506,2
2,235100.0,133300.0,1.7636909227306827,75,79,77.0,368400.0,True,2022HU1404410,15
0,46000.0,19600.0,2.3469387755102042,58,73,65.5,65600.0,True,2022HU1405092,8
1,61100.0,58000.0,1.053448275862069,64,63,63.5,119100.0,True,2022HU1405517,12
0,42000.0,71000.0,1.6904761904761905,61,75,68.0,113000.0,True,2022HU1405767,34
2,115000.0,40000.0,2.875,28,27,27.5,155000.0,False,2022HU1405819,10
3,231050.0,45000.0,5.134444444444444,65,63,64.0,276050.0,True,2022HU1406423,5
1,20000.0,0.0,0.0,60,52,56.0,20000.0,False,2022HU1406529,27
0,18000.0,12000.0,1.5,69,69,69.0,30000.0,True,2022HU1407330,2
1,42200.0,12700.0,3.322834645669291,77,76,76.5,54900.0,True,2022HU1407850,9
1,112000.0,53000.0,2.1132075471698113,49,46,47.5,165000.0,True,2022HU1408266,10
0,0.0,67490.0,0.0,57,62,59.5,67490.0,True,2022HU1408456,90
2,10000.0,45000.0,4.5,27,25,26.0,55000.0,True,2022HU1408641,7
4,259000.0,0.0,0.0,48,45,46.5,259000.0,True,2022HU1409173,10
1,72000.0,97000.0,1.3472222222222223,44,48,46.0,169000.0,True,2022HU1409233,24
4,72000.0,550000.0,7.638888888888889,48,48,48.0,622000.0,True,2022HU1409375,2
1,21000.0,18000.0,1.1666666666666667,78,75,76.5,39000.0,True,2022HU1410072,17
4,15600.0,228100.0,14.621794871794872,69,67,68.0,243700.0,True,2022HU1411966,47
0,50000.0,48000.0,1.0416666666666667,55,59,57.0,98000.0,True,2022HU1412023,13
1,23600.0,6100.0,3.8688524590163933,69,69,69.0,29700.0,True,2022HU1412954,7
2,69400.0,173100.0,2.494236311239193,77,73,75.0,242500.0,True,2022HU1413034,15
0,20000.0,0.0,0.0,51,44,47.5,20000.0,True,2022HU1413791,57
1,90000.0,25000.0,3.6,60,57,58.5,115000.0,True,2022HU1414288,19
1,38000.0,0.0,0.0,26,27,26.5,38000.0,True,2022HU1414547,10
2,70000.0,190000.0,2.7142857142857144,66,68,67.0,260000.0,True,2022HU1414559,2
3,200000.0,60000.0,3.3333333333333335,46,40,43.0,260000.0,True,2022HU1415388,10
0,29000.0,13600.0,2.1323529411764706,78,80,79.0,42600.0,True,2022HU1416825,14
1,80000.0,120000.0,1.5,40,41,40.5,200000.0,True,2022HU1418517,40
1,13500.0,41700.0,3.088888888888889,72,79,75.5,55200.0,True,2022HU1418625,37
1,22700.0,71400.0,3.145374449339207,65,64,64.5,94100.0,True,2022HU1418867,8
2,100200.0,11700.0,8.564102564102564,67,72,69.5,111900.0,True,2022HU1418892,2
0,30700.0,61100.0,1.990228013029316,34,35,34.5,91800.0,True,2022HU1419349,14
2,100000.0,130000.0,1.3,62,62,62.0,230000.0,True,2022HU1419793,13
2,181700.0,323100.0,1.7782058337919648,72,75,73.5,504800.0,True,2022HU1421614,9
1,54800.0,107800.0,1.967153284671533,78,82,80.0,162600.0,True,2022HU1422021,13
1,25000.0,84000.0,3.36,65,71,68.0,109000.0,True,2022HU1422617,14
1,20000.0,100000.0,5.0,46,48,47.0,120000.0,True,2022HU1422854,5
2,8000.0,51200.0,6.4,51,52,51.5,59200.0,True,2022HU1423053,9
3,85000.0,8000.0,10.625,51,46,48.5,93000.0,True,2022HU1423525,15
0,36800.0,51900.0,1.4103260869565217,73,67,70.0,88700.0,True,2022HU1423838,9
2,78100.0,13200.0,5.916666666666667,72,66,69.0,91300.0,True,2022HU1423927,11
1,135000.0,42800.0,3.1542056074766354,77,76,76.5,177800.0,True,2022HU1424504,4
3,121000.0,130000.0,1.0743801652892562,35,42,38.5,251000.0,False,2022HU1425079,21
2,24000.0,136400.0,5.683333333333334,55,68,61.5,160400.0,True,2022HU1425320,37
1,57000.0,87000.0,1.5263157894736843,49,51,50.0,144000.0,True,2022HU1425650,17
1,33400.0,33300.0,1.003003003003003,59,50,54.5,66700.0,True,2022HU1426376,8
0,22200.0,25000.0,1.1261261261261262,70,62,66.0,47200.0,True,2022HU1426496,18
1,16500.0,81000.0,4.909090909090909,43,45,44.0,97500.0,True,2022HU1426869,11
4,0.0,799000.0,0.0,49,57,53.0,799000.0,True,2022HU1426873,12
0,26500.0,28100.0,1.060377358490566,68,74,71.0,54600.0,True,2022HU1427142,2
2,110150.0,115000.0,1.0440308669995462,44,40,42.0,225150.0,True,2022HU1427967,19
0,37100.0,12500.0,2.968,87,78,82.5,49600.0,True,2022HU1428116,34
3,250000.0,80000.0,3.125,57,54,55.5,330000.0,True,2022HU1428326,13
0,0.0,19500.0,0.0,75,62,68.5,19500.0,True,2022HU1428884,28
1,68500.0,15900.0,4.3081761006289305,80,72,76.0,84400.0,True,2022HU1429735,16
0,80000.0,30000.0,2.6666666666666665,32,33,32.5,110000.0,True,2022HU1430027,38
2,22800.0,100000.0,4.385964912280702,60,60,60.0,122800.0,True,2022HU1430342,17
3,25700.0,7100.0,3.619718309859155,24,23,23.5,32800.0,True,2022HU1430364,26
1,114400.0,24000.0,4.766666666666667,40,34,37.0,138400.0,True,2022HU1430677,55
3,90000.0,4500.0,20.0,53,53,53.0,94500.0,True,2022HU1430773,11
0,30000.0,10000.0,3.0,79,78,78.5,40000.0,True,2022HU1431160,18
1,15000.0,75000.0,5.0,59,62,60.5,90000.0,True,2022HU1431271,13
3,194000.0,350000.0,1.8041237113402062,79,55,67.0,544000.0,True,2022HU1432278,6
4,339000.0,0.0,0.0,70,62,66.0,339000.0,True,2022HU1432396,10
1,15000.0,68000.0,4.533333333333333,61,48,54.5,83000.0,True,2022HU1432584,23
1,87000.0,60000.0,1.45,39,47,43.0,147000.0,True,2022HU1432987,16
0,65000.0,0.0,0.0,43,31,37.0,65000.0,True,2022HU1433351,21
1,20000.0,81800.0,4.09,40,31,35.5,101800.0,True,2022HU1434979,5
0,35000.0,40000.0,1.1428571428571428,52,56,54.0,75000.0,True,2022HU1435646,11
7,5400.0,185000.0,34.25925925925926,45,48,46.5,190400.0,True,2022HU1436896,10
3,3500.0,69100.0,19.742857142857144,41,45,43.0,72600.0,True,2022HU1438383,19
0,0.0,28000.0,0.0,31,31,31.0,28000.0,True,2022HU1439301,10
0,45000.0,42000.0,1.0714285714285714,62,63,62.5,87000.0,True,2022HU1439595,8
1,28000.0,28100.0,1.0035714285714286,28,23,25.5,56100.0,True,2022HU1439615,9
1,48020.0,12000.0,4.001666666666667,87,89,88.0,60020.0,True,2022HU1439916,3
0,52800.0,38000.0,1.3894736842105264,55,62,58.5,90800.0,True,2022HU1440082,15
0,57000.0,26000.0,2.1923076923076925,44,43,43.5,83000.0,True,2022HU1441090,9
0,40020.0,36600.0,1.0934426229508196,62,59,60.5,76620.0,True,2022HU1441371,28
4,54000.0,1400.0,38.57142857142857,65,69,67.0,55400.0,True,2022HU1444157,8
1,35000.0,100000.0,2.857142857142857,55,58,56.5,135000.0,True,2022HU1444164,11
0,53000.0,30000.0,1.7666666666666666,87,80,83.5,83000.0,True,2022HU1444316,25
0,7500.0,16200.0,2.16,72,68,70.0,23700.0,True,2022HU1444786,13
2,141120.0,70000.0,2.016,43,39,41.0,211120.0,True,2022HU1445414,10
8,4400.0,503000.0,114.31818181818181,63,67,65.0,507400.0,True,2022HU1445464,10
0,24000.0,46000.0,1.9166666666666667,43,43,43.0,70000.0,True,2022HU1446224,55
0,57000.0,26400.0,2.159090909090909,67,65,66.0,83400.0,True,2022HU1446301,8
